{"type": "FeatureCollection", "features": [{"type": "Feature", "geometry": {"type": "LineString", "coordinates": [[-6.156837, 53.389454], [-6.155063, 53.389966], [-6.153599, 53.390157], [-6.1522, 53.390202], [-6.135462, 53.389589], [-6.116842, 53.39018], [-6.091697, 53.389513], [-6.084134, 53.38899], [-6.073695, 53.38753]]}, "properties": {"route": "6", "routes": ["6", "H3", "L81"], "category": "radial", "colour": "#9467bd", "route_colour": "#2ca02c", "pdf_colour": "#7a4e9f", "stroke": "#2ca02c", "stroke-width": 2, "source": "pdf-future", "phase": "future"}}, {"type": "Feature", "geometry": {"type": "LineString", "coordinates": [[-6.165465, 53.446898], [-6.165447, 53.444988], [-6.165149, 53.442401], [-6.164931, 53.441309], [-6.164461, 53.439675], [-6.161568, 53.432333], [-6.159033, 53.425374], [-6.156753, 53.417604], [-6.155801, 53.414638], [-6.152387, 53.404978], [-6.151744, 53.40285], [-6.151594, 53.401484], [-6.15161, 53.400702], [-6.152326, 53.396417], [-6.152633, 53.395212], [-6.152892, 53.394555], [-6.153171, 53.393976], [-6.154078, 53.392544], [-6.154842, 53.391649], [-6.155497, 53.390979], [-6.157144, 53.38963]]}, "properties": {"route": "D1", "routes": ["D1", "N6", "X77"], "category": "spine", "colour": "#d62728", "route_colour": "#f58231", "pdf_colour": "#7a4e9f", "stroke": "#f58231", "stroke-width": 2, "source": "pdf-future", "phase": "future"}}, {"type": "Feature", "geometry": {"type": "LineString", "coordinates": [[-6.248681, 53.351503], [-6.246156, 53.352393], [-6.241059, 53.354721], [-6.240645, 53.355151], [-6.24043, 53.355565], [-6.240333, 53.356494], [-6.240584, 53.357349], [-6.241293, 53.358148], [-6.242291, 53.358889], [-6.242837, 53.359174], [-6.243995, 53.359605], [-6.245017, 53.359869], [-6.250225, 53.360442], [-6.255419, 53.360833], [-6.258035, 53.361385], [-6.264497, 53.363034], [-6.265825, 53.363257], [-6.268089, 53.363432], [-6.273294, 53.363527], [-6.275937, 53.363989], [-6.281262, 53.365358], [-6.283598, 53.366263], [-6.288881, 53.368819], [-6.290148, 53.36926], [-6.291105, 53.369471], [-6.292641, 53.36961], [-6.295298, 53.369676], [-6.30961, 53.372381], [-6.314077, 53.372954], [-6.319159, 53.373492], [-6.321603, 53.373599], [-6.33509, 53.373608], [-6.340649, 53.373343], [-6.342974, 53.373509], [-6.344268, 53.373698], [-6.346719, 53.374309], [-6.354418, 53.377389], [-6.356259, 53.378079], [-6.358293, 53.378676], [-6.362689, 53.37971], [-6.364504, 53.380061], [-6.366757, 53.380296], [-6.368253, 53.380314], [-6.370125, 53.380205], [-6.380676, 53.379111], [-6.384817, 53.378456], [-6.396515, 53.375655], [-6.398073, 53.375465], [-6.40028, 53.375499], [-6.403051, 53.375853], [-6.43006, 53.380624], [-6.430578, 53.380613], [-6.433032, 53.381135], [-6.440411, 53.382475], [-6.44252, 53.382533], [-6.445587, 53.382056], [-6.447102, 53.381667], [-6.448905, 53.380847], [-6.450244, 53.380028], [-6.452171, 53.378634], [-6.461093, 53.370621], [-6.461767, 53.370177], [-6.463701, 53.369469], [-6.465813, 53.369085], [-6.468475, 53.369021], [-6.470388, 53.369243], [-6.475559, 53.370537], [-6.479137, 53.371162], [-6.493249, 53.372274], [-6.506123, 53.373519], [-6.50732, 53.373463], [-6.508478, 53.373286], [-6.510268, 53.372716], [-6.511597, 53.371758], [-6.512979, 53.369705], [-6.513759, 53.368828], [-6.514265, 53.368391], [-6.515434, 53.367753], [-6.516092, 53.3675], [-6.51796, 53.367139], [-6.51922, 53.367084], [-6.520131, 53.367112], [-6.521314, 53.367265], [-6.526535, 53.368004], [-6.529705, 53.368545], [-6.531713, 53.369186], [-6.53522, 53.370895], [-6.538143, 53.371816], [-6.540193, 53.372222], [-6.545897, 53.373234], [-6.55207, 53.374185], [-6.558572, 53.374863], [-6.56685, 53.37586], [-6.58465, 53.377754], [-6.587375, 53.377924], [-6.589165, 53.377909], [-6.591058, 53.377709], [-6.598601, 53.376555], [-6.601448, 53.376006]]}, "properties": {"route": "35", "routes": ["35", "36", "57", "58", "86", "87", "C3", "L52", "L54", "L58", "L59", "L62"], "category": "radial", "colour": "#9467bd", "route_colour": "#bcbd22", "pdf_colour": "#009bdf", "stroke": "#bcbd22", "stroke-width": 2, "source": "pdf-future", "phase": "future"}}, {"type": "Feature", "geometry": {"type": "LineString", "coordinates": [[-6.157144, 53.38963], [-6.163353, 53.384927], [-6.16428, 53.384338], [-6.165697, 53.383546], [-6.169185, 53.381987], [-6.171482, 53.381206], [-6.175107, 53.380249], [-6.187965, 53.378105], [-6.189377, 53.377826], [-6.192142, 53.377119], [-6.194378, 53.37632], [-6.203869, 53.371894], [-6.206961, 53.370818], [-6.212311, 53.369238], [-6.213896, 53.368613], [-6.216155, 53.367527], [-6.234928, 53.357752], [-6.2415, 53.35424], [-6.246025, 53.352172], [-6.249372, 53.350994], [-6.252406, 53.349378], [-6.252915, 53.348976], [-6.253366, 53.348425], [-6.253538, 53.347777], [-6.253484, 53.346966], [-6.253049, 53.346327], [-6.251601, 53.345137], [-6.249621, 53.343654], [-6.248755, 53.343209], [-6.247981, 53.342974], [-6.244126, 53.342156], [-6.242538, 53.341737], [-6.23922, 53.340699], [-6.233393, 53.338302], [-6.230442, 53.336808], [-6.209139, 53.322819], [-6.206046, 53.320888], [-6.193713, 53.313679], [-6.188347, 53.310653], [-6.18607, 53.309514], [-6.183696, 53.308504], [-6.171626, 53.304096], [-6.168843, 53.303195], [-6.166153, 53.302468], [-6.159627, 53.301027], [-6.15598, 53.300098], [-6.15322, 53.299284], [-6.147477, 53.297348], [-6.145702, 53.29691], [-6.143828, 53.296611], [-6.140968, 53.296508], [-6.138579, 53.296697], [-6.132587, 53.297357], [-6.130204, 53.297442], [-6.127939, 53.297216], [-6.126669, 53.296966], [-6.125424, 53.296604], [-6.123118, 53.295691], [-6.120279, 53.294441], [-6.117734, 53.292821], [-6.115905, 53.291505], [-6.115719, 53.291268], [-6.1156, 53.290945], [-6.115546, 53.290449], [-6.11562, 53.289824], [-6.115875, 53.289115], [-6.115768, 53.287514], [-6.11554, 53.286191], [-6.115236, 53.28544], [-6.114936, 53.284949], [-6.114257, 53.284342], [-6.113574, 53.283873], [-6.109484, 53.2826], [-6.10653, 53.28187], [-6.098277, 53.279393], [-6.090226, 53.277735], [-6.088682, 53.277482], [-6.087033, 53.27708], [-6.084652, 53.276192], [-6.08304, 53.275113], [-6.082477, 53.274385], [-6.082125, 53.273425], [-6.082102, 53.272747], [-6.082592, 53.271901], [-6.091326, 53.269031], [-6.092892, 53.268137], [-6.093022, 53.268025], [-6.093786, 53.266374], [-6.095599, 53.264292], [-6.09645, 53.261721], [-6.097139, 53.253725], [-6.097678, 53.251115], [-6.098153, 53.249878], [-6.099413, 53.247833], [-6.100037, 53.24592], [-6.099879, 53.242494], [-6.099369, 53.240072], [-6.098408, 53.238792], [-6.096499, 53.235241], [-6.092729, 53.228958], [-6.090324, 53.223749], [-6.087784, 53.219919]]}, "properties": {"route": "6", "routes": ["6", "8", "81", "97", "98", "B3", "B4", "L13", "L21", "L26", "N2", "N6", "S6", "S8"], "category": "radial", "colour": "#9467bd", "route_colour": "#2ca02c", "pdf_colour": "#8dc63f", "stroke": "#2ca02c", "stroke-width": 2, "source": "pdf-future", "phase": "future"}}, {"type": "Feature", "geometry": {"type": "LineString", "coordinates": [[-6.371802, 53.299738], [-6.373608, 53.298518], [-6.374952, 53.29795], [-6.386105, 53.295332], [-6.407971, 53.290703], [-6.413982, 53.289263], [-6.41523, 53.28879], [-6.415816, 53.288445], [-6.416369, 53.287947], [-6.417356, 53.286848], [-6.417797, 53.286498], [-6.419221, 53.285673], [-6.420258, 53.28533], [-6.423105, 53.285083], [-6.424321, 53.28512], [-6.425742, 53.284959], [-6.427972, 53.284942], [-6.428739, 53.285036], [-6.429548, 53.285447], [-6.431024, 53.285456], [-6.434309, 53.285723]]}, "properties": {"route": null, "routes": [], "category": null, "colour": null, "route_colour": null, "pdf_colour": "#ef3b2c", "stroke": "#ef3b2c", "stroke-width": 2, "source": "pdf-future", "phase": "future"}}, {"type": "Feature", "geometry": {"type": "LineString", "coordinates": [[-6.475847, 53.278851], [-6.475062, 53.279306], [-6.474545, 53.279759], [-6.474325, 53.280199], [-6.474267, 53.280951], [-6.474166, 53.281145], [-6.472276, 53.281982], [-6.467161, 53.2821], [-6.464286, 53.282351], [-6.461322, 53.282931], [-6.458686, 53.284035], [-6.457785, 53.284279], [-6.457089, 53.284322], [-6.45465, 53.284173], [-6.45323, 53.284329], [-6.452603, 53.284579], [-6.451877, 53.285198], [-6.451373, 53.285037], [-6.450515, 53.284447], [-6.449532, 53.283635], [-6.448796, 53.2828], [-6.448484, 53.282636], [-6.447863, 53.282569], [-6.446165, 53.282735], [-6.445125, 53.28264], [-6.442529, 53.282044], [-6.442112, 53.281865], [-6.441648, 53.281448], [-6.441078, 53.281277], [-6.440458, 53.281294], [-6.439683, 53.281549], [-6.438945, 53.281924], [-6.438391, 53.282395], [-6.437934, 53.28298], [-6.437143, 53.284285], [-6.436693, 53.285554], [-6.43658, 53.287027], [-6.436254, 53.288154], [-6.436204, 53.289288], [-6.435878, 53.289798], [-6.434821, 53.29089], [-6.434583, 53.290979], [-6.429592, 53.291593], [-6.425145, 53.29191], [-6.425067, 53.292006], [-6.425067, 53.292659], [-6.425168, 53.292915], [-6.425639, 53.293202], [-6.426198, 53.293076], [-6.426805, 53.293183], [-6.427119, 53.293419], [-6.427121, 53.293735], [-6.426675, 53.294142], [-6.426415, 53.294523], [-6.425489, 53.295195], [-6.424316, 53.296307], [-6.42103, 53.299915], [-6.420297, 53.300629], [-6.418292, 53.301899], [-6.416553, 53.302687], [-6.414481, 53.303497], [-6.406827, 53.306182]]}, "properties": {"route": "58", "routes": ["58", "D2", "N7", "W6", "X58"], "category": "radial", "colour": "#9467bd", "route_colour": "#2ca02c", "pdf_colour": "#faa619", "stroke": "#2ca02c", "stroke-width": 2, "source": "pdf-future", "phase": "future"}}, {"type": "Feature", "geometry": {"type": "LineString", "coordinates": [[-6.226186, 53.420303], [-6.228281, 53.415954], [-6.230997, 53.409781], [-6.232228, 53.407361], [-6.234057, 53.404794], [-6.236816, 53.401817]]}, "properties": {"route": "N8", "routes": ["N8", "X76", "X77", "X79", "X83", "X84", "X85"], "category": "orbital", "colour": "#1f77b4", "route_colour": "#c49c94", "pdf_colour": "#faa619", "stroke": "#c49c94", "stroke-width": 2, "source": "pdf-future", "phase": "future"}}, {"type": "Feature", "geometry": {"type": "LineString", "coordinates": [[-6.370719, 53.382399], [-6.375385, 53.38404], [-6.387416, 53.389684], [-6.387378, 53.389814], [-6.384352, 53.391577], [-6.383017, 53.392528], [-6.383005, 53.392631], [-6.383322, 53.39286], [-6.383185, 53.393067], [-6.381264, 53.393904], [-6.37958, 53.395114], [-6.379007, 53.395612], [-6.378907, 53.395805], [-6.379022, 53.396062], [-6.37931, 53.396348], [-6.379692, 53.396551], [-6.382988, 53.397449], [-6.383703, 53.397719], [-6.38412, 53.397763], [-6.389765, 53.396145], [-6.390457, 53.396038], [-6.390987, 53.396093], [-6.391506, 53.396327], [-6.392336, 53.397286], [-6.392956, 53.397706], [-6.39407, 53.398303], [-6.395592, 53.398792], [-6.39647, 53.399226], [-6.39679, 53.399448], [-6.397448, 53.400146], [-6.398034, 53.400535], [-6.40271, 53.402822], [-6.405298, 53.403727], [-6.410325, 53.404917], [-6.418861, 53.406152], [-6.422613, 53.407068], [-6.429997, 53.408105], [-6.43488, 53.40913], [-6.434892, 53.409223], [-6.433715, 53.410105], [-6.432349, 53.411597], [-6.431266, 53.412649], [-6.430907, 53.412865], [-6.429475, 53.413343], [-6.429088, 53.41362], [-6.428798, 53.414049], [-6.42869, 53.414843], [-6.428828, 53.416834], [-6.428924, 53.417024], [-6.429158, 53.417168], [-6.429493, 53.41724], [-6.431876, 53.417265]]}, "properties": {"route": "35", "routes": ["35", "L61", "L63", "X61"], "category": "radial", "colour": "#9467bd", "route_colour": "#bcbd22", "pdf_colour": "#faa619", "stroke": "#bcbd22", "stroke-width": 2, "source": "pdf-future", "phase": "future"}}, {"type": "Feature", "geometry": {"type": "LineString", "coordinates": [[-6.356304, 53.32228], [-6.364257, 53.319465], [-6.364355, 53.319326], [-6.364433, 53.318699], [-6.364691, 53.318264], [-6.365128, 53.317848], [-6.365642, 53.317606], [-6.366605, 53.317501], [-6.368244, 53.317483], [-6.371976, 53.316901], [-6.373283, 53.316789], [-6.388582, 53.313096], [-6.388901, 53.31317], [-6.390364, 53.314038], [-6.39148, 53.314498], [-6.392458, 53.314751], [-6.395019, 53.316026], [-6.395762, 53.316118], [-6.397688, 53.31674], [-6.401989, 53.317481], [-6.403792, 53.318129], [-6.404397, 53.318443], [-6.405956, 53.320046], [-6.406421, 53.32073], [-6.406625, 53.321456], [-6.408905, 53.320885], [-6.411173, 53.320434], [-6.415033, 53.31924], [-6.416632, 53.318832], [-6.417514, 53.318719], [-6.418742, 53.318807], [-6.420334, 53.318565], [-6.421339, 53.318628], [-6.421709, 53.318858], [-6.422321, 53.319894], [-6.423806, 53.321804], [-6.424415, 53.322237], [-6.426659, 53.323295], [-6.427036, 53.323704], [-6.427205, 53.324221], [-6.427075, 53.324968], [-6.425649, 53.328259], [-6.425202, 53.329158], [-6.424753, 53.329357], [-6.422435, 53.329215], [-6.41669, 53.328315], [-6.413313, 53.328354], [-6.412191, 53.328315], [-6.41172, 53.328206], [-6.411518, 53.328041], [-6.411491, 53.32788], [-6.412493, 53.325806], [-6.412589, 53.325342], [-6.412526, 53.324886], [-6.412194, 53.324373], [-6.411635, 53.323901], [-6.409428, 53.322768], [-6.408132, 53.323101], [-6.407077, 53.323151], [-6.406323, 53.323404], [-6.405361, 53.324402], [-6.406077, 53.326076], [-6.405149, 53.326364], [-6.404256, 53.326531]]}, "properties": {"route": "57", "routes": ["57", "58", "D3", "N7", "X55"], "category": "radial", "colour": "#9467bd", "route_colour": "#c5b0d5", "pdf_colour": "#faa619", "stroke": "#c5b0d5", "stroke-width": 2, "source": "pdf-future", "phase": "future"}}, {"type": "Feature", "geometry": {"type": "LineString", "coordinates": [[-6.344348, 53.305683], [-6.345577, 53.304926], [-6.346608, 53.303944], [-6.346847, 53.303493], [-6.347035, 53.302602], [-6.3473, 53.301953], [-6.347159, 53.301864], [-6.344557, 53.301243], [-6.342575, 53.300556], [-6.337162, 53.298552], [-6.336351, 53.298157], [-6.335823, 53.297729], [-6.3355, 53.297139], [-6.335524, 53.296569], [-6.335758, 53.296157], [-6.336604, 53.295284], [-6.336915, 53.294796], [-6.337615, 53.292777], [-6.337649, 53.291923], [-6.337246, 53.290751], [-6.337087, 53.290583], [-6.334056, 53.290812], [-6.333886, 53.290749], [-6.333074, 53.289406], [-6.333145, 53.289266], [-6.33334, 53.289158], [-6.334951, 53.288789], [-6.334231, 53.287454], [-6.334241, 53.287132], [-6.335176, 53.28641], [-6.336055, 53.28589], [-6.339196, 53.284643], [-6.341037, 53.283727], [-6.342362, 53.282957], [-6.343052, 53.282662], [-6.344032, 53.282424], [-6.348484, 53.281706], [-6.352057, 53.281316], [-6.351958, 53.280937], [-6.351149, 53.279398], [-6.350599, 53.278686], [-6.350018, 53.278287], [-6.350445, 53.277822], [-6.351133, 53.277551], [-6.352106, 53.277435], [-6.360702, 53.277738], [-6.36747, 53.277879], [-6.367511, 53.277804], [-6.367395, 53.27738], [-6.366559, 53.276116], [-6.366263, 53.2755], [-6.366175, 53.27503], [-6.366138, 53.273865], [-6.365977, 53.273361], [-6.365301, 53.272719], [-6.364917, 53.272479], [-6.362894, 53.271539], [-6.362453, 53.271452]]}, "properties": {"route": "85", "routes": ["85", "D4", "S6", "S8", "X47"], "category": "radial", "colour": "#9467bd", "route_colour": "#2ca02c", "pdf_colour": "#faa619", "stroke": "#2ca02c", "stroke-width": 2, "source": "pdf-future", "phase": "future"}}, {"type": "Feature", "geometry": {"type": "LineString", "coordinates": [[-6.467473, 53.217812], [-6.466536, 53.218012], [-6.465262, 53.218478], [-6.464501, 53.218934], [-6.463994, 53.219359], [-6.46136, 53.221955], [-6.459569, 53.223389], [-6.45839, 53.225307], [-6.45754, 53.22641], [-6.452581, 53.231515], [-6.452014, 53.232038], [-6.449878, 53.233589], [-6.448218, 53.234363], [-6.446848, 53.235954], [-6.445847, 53.238064], [-6.445556, 53.238926], [-6.445821, 53.239352], [-6.447118, 53.240937], [-6.447377, 53.24144], [-6.447363, 53.242564], [-6.447608, 53.243459], [-6.44762, 53.244735], [-6.448447, 53.246523], [-6.448727, 53.248639], [-6.448762, 53.249258], [-6.4487, 53.249541], [-6.448225, 53.250502], [-6.445624, 53.253825], [-6.444383, 53.254496], [-6.444237, 53.254776], [-6.444074, 53.255551], [-6.443499, 53.255975], [-6.442904, 53.256736], [-6.442134, 53.257001], [-6.441848, 53.257229], [-6.44154, 53.258108], [-6.441568, 53.259056], [-6.441482, 53.259525], [-6.440467, 53.260588], [-6.439813, 53.262499], [-6.439265, 53.263007], [-6.438764, 53.263694], [-6.4378, 53.26422], [-6.437061, 53.264915], [-6.436829, 53.265207], [-6.436558, 53.265888], [-6.436364, 53.266169], [-6.435227, 53.266921], [-6.433873, 53.268156], [-6.431744, 53.269435], [-6.429806, 53.271104], [-6.42808, 53.272356], [-6.426179, 53.273972], [-6.425313, 53.274494], [-6.419715, 53.275233], [-6.418318, 53.275628], [-6.416981, 53.276366], [-6.416312, 53.276598], [-6.411932, 53.27633], [-6.407221, 53.275796], [-6.399719, 53.275288], [-6.398494, 53.275332], [-6.397272, 53.275519], [-6.396361, 53.275809], [-6.395139, 53.276376]]}, "properties": {"route": "L44", "routes": ["L44"], "category": "local", "colour": "#2ca02c", "route_colour": "#ffbb78", "pdf_colour": "#faa619", "stroke": "#ffbb78", "stroke-width": 2, "source": "pdf-future", "phase": "future"}}, {"type": "Feature", "geometry": {"type": "LineString", "coordinates": [[-6.452946, 53.349867], [-6.457217, 53.350591], [-6.459344, 53.351112], [-6.460699, 53.351545], [-6.462961, 53.352422], [-6.46562, 53.35365], [-6.466042, 53.353925], [-6.466858, 53.35466], [-6.470564, 53.356169], [-6.471873, 53.356582], [-6.474071, 53.357154], [-6.47976, 53.358331], [-6.49171, 53.361212], [-6.491974, 53.361409], [-6.491914, 53.362643], [-6.492064, 53.362858], [-6.492412, 53.36304], [-6.492954, 53.363128], [-6.494486, 53.36314], [-6.495955, 53.362898], [-6.498709, 53.362265], [-6.498964, 53.362541], [-6.499057, 53.362762], [-6.498949, 53.363622], [-6.498988, 53.364048], [-6.499113, 53.364302], [-6.49939, 53.36459], [-6.500037, 53.364979], [-6.500787, 53.365246], [-6.50174, 53.365444], [-6.502884, 53.365527], [-6.503246, 53.36544], [-6.503548, 53.365196], [-6.503763, 53.364878], [-6.503806, 53.364604], [-6.503588, 53.36435], [-6.502608, 53.363656], [-6.502453, 53.363471], [-6.506355, 53.3614], [-6.508978, 53.360234], [-6.509685, 53.359765], [-6.51002, 53.359359], [-6.510625, 53.358236], [-6.51175, 53.357323], [-6.512117, 53.356918], [-6.512895, 53.355008], [-6.513427, 53.354165], [-6.513947, 53.353667], [-6.515413, 53.352629], [-6.515946, 53.352083], [-6.516182, 53.351591], [-6.516516, 53.350149], [-6.51675, 53.349555], [-6.517069, 53.349124], [-6.518076, 53.348309]]}, "properties": {"route": "52", "routes": ["52", "C3", "C4", "L54", "L58", "X25", "X26", "X31", "X32"], "category": "radial", "colour": "#9467bd", "route_colour": "#c5b0d5", "pdf_colour": "#faa619", "stroke": "#c5b0d5", "stroke-width": 2, "source": "pdf-future", "phase": "future"}}, {"type": "Feature", "geometry": {"type": "LineString", "coordinates": [[-6.473041, 53.356908], [-6.474954, 53.357204], [-6.479183, 53.357277], [-6.479964, 53.357368], [-6.480723, 53.357329], [-6.480868, 53.357169], [-6.480756, 53.356024], [-6.480836, 53.355329], [-6.48118, 53.354877], [-6.481756, 53.354444], [-6.482884, 53.353799], [-6.496468, 53.347145], [-6.498383, 53.346417], [-6.534777, 53.339066], [-6.543093, 53.337318], [-6.543308, 53.337347], [-6.544672, 53.337952], [-6.544871, 53.338189], [-6.543346, 53.34021], [-6.543359, 53.340332], [-6.544857, 53.341194], [-6.547977, 53.342671], [-6.548548, 53.343048], [-6.548795, 53.343379], [-6.548882, 53.343758], [-6.548424, 53.345338], [-6.54847, 53.345877], [-6.548719, 53.346376], [-6.549379, 53.347263], [-6.54981, 53.347681], [-6.551819, 53.349095], [-6.553223, 53.349827]]}, "properties": {"route": "C3", "routes": ["C3", "C4", "L58", "W6", "X27", "X28"], "category": "spine", "colour": "#d62728", "route_colour": "#4363d8", "pdf_colour": "#faa619", "stroke": "#4363d8", "stroke-width": 2, "source": "pdf-future", "phase": "future"}}, {"type": "Feature", "geometry": {"type": "LineString", "coordinates": [[-6.470177, 53.335704], [-6.470107, 53.335794], [-6.470149, 53.336585], [-6.469998, 53.336748], [-6.469722, 53.336841], [-6.467866, 53.336902], [-6.465575, 53.337284], [-6.462817, 53.337445], [-6.461876, 53.337308], [-6.461533, 53.337514], [-6.461165, 53.337614], [-6.45895, 53.33784], [-6.457715, 53.337896], [-6.456754, 53.33785], [-6.456462, 53.339119], [-6.456077, 53.342067], [-6.455256, 53.347269], [-6.454902, 53.348173], [-6.45435, 53.34902], [-6.454365, 53.349597], [-6.454137, 53.3498], [-6.453649, 53.349904], [-6.450544, 53.349724], [-6.448186, 53.349764], [-6.444143, 53.350367], [-6.441061, 53.351052], [-6.440036, 53.351386], [-6.438244, 53.352127], [-6.431384, 53.355313], [-6.429991, 53.356067], [-6.429585, 53.356683], [-6.42932, 53.356868], [-6.427717, 53.357436], [-6.425943, 53.357824]]}, "properties": {"route": "52", "routes": ["52", "C1", "L51", "L53", "N4", "X25", "X26", "X27", "X28"], "category": "radial", "colour": "#9467bd", "route_colour": "#c5b0d5", "pdf_colour": "#faa619", "stroke": "#c5b0d5", "stroke-width": 2, "source": "pdf-future", "phase": "future"}}, {"type": "Feature", "geometry": {"type": "LineString", "coordinates": [[-6.277374, 53.303089], [-6.277188, 53.30161], [-6.276904, 53.300559], [-6.276881, 53.300065], [-6.276994, 53.29965], [-6.277559, 53.298669], [-6.277806, 53.297569], [-6.278736, 53.296694], [-6.279887, 53.296116], [-6.280201, 53.295841], [-6.280348, 53.295525], [-6.280698, 53.294092], [-6.280948, 53.293766], [-6.281735, 53.293137], [-6.282094, 53.29266], [-6.282698, 53.291401], [-6.283615, 53.289133], [-6.283951, 53.288554], [-6.284362, 53.288156], [-6.285445, 53.287526], [-6.287202, 53.28618], [-6.287543, 53.285781], [-6.288159, 53.284713], [-6.28936, 53.283415], [-6.289679, 53.283014], [-6.289713, 53.282854], [-6.289651, 53.282733], [-6.289445, 53.282656], [-6.286141, 53.28224], [-6.276018, 53.282387], [-6.275611, 53.282297], [-6.275467, 53.282135]]}, "properties": {"route": "74", "routes": ["74"], "category": "radial", "colour": "#9467bd", "route_colour": "#ff9896", "pdf_colour": "#faa619", "stroke": "#ff9896", "stroke-width": 2, "source": "pdf-future", "phase": "future"}}, {"type": "Feature", "geometry": {"type": "LineString", "coordinates": [[-6.196585, 53.279097], [-6.195864, 53.278885], [-6.195737, 53.278689], [-6.19721, 53.277006], [-6.197868, 53.276703], [-6.198622, 53.276159], [-6.199749, 53.275867], [-6.200574, 53.275862], [-6.201627, 53.276041], [-6.207813, 53.277952], [-6.209394, 53.278365], [-6.21187, 53.277764], [-6.219605, 53.277168], [-6.219997, 53.277363], [-6.220231, 53.277875], [-6.220461, 53.278142], [-6.22145, 53.278868], [-6.221843, 53.279256], [-6.223329, 53.281969], [-6.224513, 53.283025], [-6.225573, 53.284384], [-6.225962, 53.284622], [-6.227185, 53.284869], [-6.228025, 53.28515], [-6.229636, 53.286255], [-6.229826, 53.286313], [-6.230322, 53.286127], [-6.232449, 53.284905], [-6.233895, 53.283873], [-6.234225, 53.283537], [-6.234623, 53.282886], [-6.234838, 53.282102], [-6.235107, 53.280132], [-6.23506, 53.27988], [-6.235134, 53.27977], [-6.236948, 53.279131], [-6.243418, 53.276025], [-6.244838, 53.275587], [-6.245686, 53.275533], [-6.245985, 53.275641], [-6.24613, 53.275807], [-6.24623, 53.27676], [-6.245939, 53.277491], [-6.245922, 53.277756], [-6.24625, 53.279984], [-6.246478, 53.280543], [-6.246938, 53.2811], [-6.24745, 53.281463], [-6.247981, 53.281678], [-6.248749, 53.281814], [-6.253712, 53.28181], [-6.253965, 53.280227], [-6.254318, 53.279525], [-6.254645, 53.27918], [-6.255296, 53.278701], [-6.256309, 53.278138], [-6.256793, 53.278], [-6.25712, 53.278066], [-6.258169, 53.278665], [-6.259624, 53.279279], [-6.26312, 53.280373], [-6.268747, 53.281935], [-6.270249, 53.282201], [-6.271824, 53.28231], [-6.27499, 53.282362], [-6.275405, 53.282272], [-6.275468, 53.282177], [-6.275404, 53.281621], [-6.275135, 53.28064], [-6.275111, 53.280047], [-6.275241, 53.279404], [-6.275625, 53.279116], [-6.276089, 53.279029], [-6.277408, 53.279073], [-6.279457, 53.278794], [-6.281046, 53.278816]]}, "properties": {"route": "74", "routes": ["74", "80", "87", "A2", "L33", "L35", "S8"], "category": "radial", "colour": "#9467bd", "route_colour": "#ff9896", "pdf_colour": "#faa619", "stroke": "#ff9896", "stroke-width": 2, "source": "pdf-future", "phase": "future"}}, {"type": "Feature", "geometry": {"type": "LineString", "coordinates": [[-6.194572, 53.295273], [-6.193001, 53.294141], [-6.187571, 53.291278], [-6.186791, 53.290818], [-6.18671, 53.290682], [-6.186823, 53.290564], [-6.187136, 53.290493], [-6.189097, 53.290248], [-6.191665, 53.289675], [-6.192769, 53.289537], [-6.193429, 53.289559], [-6.194092, 53.289687], [-6.195756, 53.290315], [-6.19672, 53.290537], [-6.198245, 53.290507], [-6.198534, 53.290421], [-6.198721, 53.29027], [-6.200012, 53.286279], [-6.200041, 53.285629], [-6.199876, 53.284172], [-6.19998, 53.28339], [-6.200822, 53.28191], [-6.201518, 53.281062], [-6.201584, 53.280787], [-6.201379, 53.280465], [-6.200938, 53.280241], [-6.198337, 53.279601], [-6.19462, 53.278512], [-6.194203, 53.278236], [-6.193822, 53.27785], [-6.193553, 53.27739], [-6.193482, 53.277021], [-6.193635, 53.276508], [-6.193822, 53.276439], [-6.19659, 53.277258], [-6.196871, 53.277259], [-6.197082, 53.277136]]}, "properties": {"route": "86", "routes": ["86", "L13", "L25"], "category": "radial", "colour": "#9467bd", "route_colour": "#7f7f7f", "pdf_colour": "#faa619", "stroke": "#7f7f7f", "stroke-width": 2, "source": "pdf-future", "phase": "future"}}, {"type": "Feature", "geometry": {"type": "LineString", "coordinates": [[-6.439442, 53.388688], [-6.435979, 53.388183], [-6.417977, 53.38506], [-6.417632, 53.385102], [-6.417249, 53.385765], [-6.416901, 53.386693], [-6.416722, 53.387891], [-6.416816, 53.388512], [-6.41898, 53.38822], [-6.420008, 53.388168], [-6.424722, 53.388622], [-6.425747, 53.388897], [-6.426625, 53.389362], [-6.427107, 53.389865], [-6.427317, 53.390591], [-6.427229, 53.391596], [-6.426895, 53.392416], [-6.42579, 53.393946], [-6.424493, 53.395489], [-6.422821, 53.397676], [-6.422059, 53.39829], [-6.420904, 53.398865], [-6.420536, 53.399191], [-6.419744, 53.399377], [-6.418699, 53.399453], [-6.417544, 53.399384], [-6.41612, 53.399074], [-6.413601, 53.398153], [-6.408891, 53.396961], [-6.40777, 53.396443], [-6.407363, 53.396119], [-6.407068, 53.395761], [-6.406848, 53.395172], [-6.406915, 53.394541], [-6.40747, 53.393302], [-6.407401, 53.392824], [-6.407201, 53.392463], [-6.406902, 53.392151], [-6.406027, 53.39169], [-6.405624, 53.391666], [-6.404236, 53.39267], [-6.402968, 53.39343], [-6.400921, 53.39454], [-6.399828, 53.395274], [-6.399521, 53.395319], [-6.396625, 53.394026], [-6.386838, 53.389371]]}, "properties": {"route": "B1", "routes": ["B1", "B2", "L61", "L64", "N8", "X61"], "category": "spine", "colour": "#d62728", "route_colour": "#3cb44b", "pdf_colour": "#faa619", "stroke": "#3cb44b", "stroke-width": 2, "source": "pdf-future", "phase": "future"}}, {"type": "Feature", "geometry": {"type": "LineString", "coordinates": [[-6.373279, 53.38308], [-6.373886, 53.383228], [-6.3746, 53.383197], [-6.375005, 53.383057], [-6.375886, 53.382513], [-6.376607, 53.382451], [-6.377752, 53.382641], [-6.379529, 53.383202], [-6.381784, 53.383577], [-6.383269, 53.384057], [-6.385629, 53.385105], [-6.386407, 53.385602], [-6.387329, 53.386424], [-6.387555, 53.386481], [-6.388424, 53.386214], [-6.39062, 53.384378], [-6.391824, 53.38365], [-6.395544, 53.382067], [-6.399103, 53.381], [-6.400485, 53.380731], [-6.401847, 53.380778], [-6.404764, 53.380483], [-6.40741, 53.380676], [-6.409579, 53.380495], [-6.409743, 53.380359], [-6.409682, 53.380145], [-6.408736, 53.378919], [-6.408385, 53.378197], [-6.408274, 53.37747], [-6.408425, 53.376708], [-6.409002, 53.375828], [-6.409789, 53.375151], [-6.411696, 53.37397], [-6.412583, 53.373712], [-6.412996, 53.373401], [-6.413457, 53.372563], [-6.413379, 53.371576], [-6.413509, 53.370951]]}, "properties": {"route": "37", "routes": ["37", "L61", "N4", "W4"], "category": "radial", "colour": "#9467bd", "route_colour": "#8c564b", "pdf_colour": "#faa619", "stroke": "#8c564b", "stroke-width": 2, "source": "pdf-future", "phase": "future"}}, {"type": "Feature", "geometry": {"type": "LineString", "coordinates": [[-6.502894, 53.365533], [-6.504168, 53.365633], [-6.506113, 53.366097], [-6.506573, 53.366102], [-6.506959, 53.36594], [-6.507558, 53.365221], [-6.508096, 53.364989], [-6.51357, 53.363747], [-6.515756, 53.363704], [-6.517957, 53.363161], [-6.518733, 53.363223], [-6.520348, 53.36366], [-6.521377, 53.363753], [-6.522377, 53.363645], [-6.524143, 53.3632], [-6.524964, 53.363161], [-6.52575, 53.363304], [-6.527525, 53.363911], [-6.528578, 53.364046], [-6.529955, 53.364004], [-6.533015, 53.363736], [-6.534364, 53.363786], [-6.534505, 53.363846], [-6.534465, 53.363948], [-6.533674, 53.364603], [-6.532869, 53.364992], [-6.530938, 53.365719], [-6.529839, 53.366483], [-6.526805, 53.3702], [-6.526784, 53.370352], [-6.526913, 53.370571], [-6.527403, 53.370872], [-6.529348, 53.371328], [-6.534145, 53.372088], [-6.537133, 53.372718], [-6.54174, 53.373175], [-6.546706, 53.374062], [-6.551931, 53.37487], [-6.567453, 53.376535], [-6.572702, 53.377615], [-6.576584, 53.378117], [-6.579861, 53.378443], [-6.582504, 53.379138], [-6.584121, 53.379423], [-6.585516, 53.379532], [-6.588567, 53.379521], [-6.593646, 53.380074], [-6.598897, 53.380055], [-6.600264, 53.380208], [-6.601387, 53.379919], [-6.601744, 53.379655], [-6.601783, 53.379375], [-6.601629, 53.379151], [-6.599895, 53.378004], [-6.599246, 53.377463], [-6.598711, 53.37689], [-6.598132, 53.375985], [-6.597835, 53.375053], [-6.597833, 53.37412], [-6.598001, 53.373513], [-6.600113, 53.368981]]}, "properties": {"route": "52", "routes": ["52", "C3", "L59", "X25", "X26"], "category": "radial", "colour": "#9467bd", "route_colour": "#c5b0d5", "pdf_colour": "#faa619", "stroke": "#c5b0d5", "stroke-width": 2, "source": "pdf-future", "phase": "future"}}, {"type": "Feature", "geometry": {"type": "LineString", "coordinates": [[-6.217206, 53.4739], [-6.217037, 53.474026], [-6.216733, 53.474046], [-6.213565, 53.473341], [-6.211999, 53.473098], [-6.210941, 53.473049], [-6.210095, 53.473141], [-6.209035, 53.47347], [-6.200415, 53.477392], [-6.198401, 53.477596], [-6.196563, 53.477576], [-6.19238, 53.477182], [-6.190712, 53.47689], [-6.187252, 53.476085], [-6.184334, 53.475683], [-6.181223, 53.47507], [-6.178825, 53.475053], [-6.174273, 53.475319], [-6.173374, 53.475515], [-6.172076, 53.475941], [-6.166976, 53.478029], [-6.166641, 53.478307], [-6.166422, 53.478641], [-6.166204, 53.479632], [-6.166019, 53.479856], [-6.164248, 53.480205], [-6.162574, 53.480131], [-6.161853, 53.480396], [-6.161439, 53.480755], [-6.161065, 53.48131], [-6.16084, 53.481886], [-6.160611, 53.483103], [-6.160481, 53.483215], [-6.159832, 53.483378], [-6.157241, 53.483735], [-6.155532, 53.484169], [-6.152181, 53.486089], [-6.15115, 53.486828], [-6.150407, 53.487091], [-6.149216, 53.487219], [-6.144694, 53.48726], [-6.135711, 53.488215], [-6.130478, 53.488459], [-6.129817, 53.488412], [-6.128564, 53.488034], [-6.127796, 53.48792], [-6.123556, 53.488171], [-6.121769, 53.488118], [-6.120939, 53.48802], [-6.120541, 53.487724], [-6.120077, 53.487604], [-6.118794, 53.487646], [-6.118513, 53.487787], [-6.118534, 53.487935], [-6.11871, 53.488044], [-6.119959, 53.488047], [-6.120303, 53.488302], [-6.120657, 53.48842], [-6.121723, 53.488546], [-6.124334, 53.488649], [-6.124459, 53.48879], [-6.124356, 53.489149], [-6.124501, 53.489349], [-6.12611, 53.489942], [-6.128055, 53.491389], [-6.128277, 53.491808], [-6.128535, 53.49286], [-6.128734, 53.493193], [-6.130989, 53.494255], [-6.131893, 53.49447]]}, "properties": {"route": null, "routes": [], "category": null, "colour": null, "route_colour": null, "pdf_colour": "#faa619", "stroke": "#faa619", "stroke-width": 2, "source": "pdf-future", "phase": "future"}}, {"type": "Feature", "geometry": {"type": "LineString", "coordinates": [[-6.275714, 53.450478], [-6.276461, 53.450504], [-6.276666, 53.450582], [-6.277388, 53.452045], [-6.277769, 53.45236], [-6.278941, 53.452919], [-6.279407, 53.453549], [-6.279741, 53.454141], [-6.279717, 53.454247], [-6.279193, 53.454325], [-6.27765, 53.454036], [-6.27398, 53.453897], [-6.272952, 53.453963], [-6.270168, 53.454367], [-6.268362, 53.454255], [-6.267034, 53.454082], [-6.266247, 53.454082], [-6.264134, 53.454276], [-6.264305, 53.454759], [-6.264329, 53.455108], [-6.264182, 53.455344], [-6.263882, 53.455448], [-6.262447, 53.455468], [-6.260027, 53.455864], [-6.258999, 53.455933], [-6.257566, 53.45586], [-6.254118, 53.455471], [-6.253959, 53.45556], [-6.252248, 53.457865], [-6.251877, 53.458541], [-6.251819, 53.458915], [-6.251869, 53.459394], [-6.252382, 53.461102], [-6.252393, 53.461484], [-6.252276, 53.461859], [-6.251987, 53.46222], [-6.251534, 53.462558], [-6.251122, 53.462708], [-6.250551, 53.462705], [-6.250246, 53.46259], [-6.248714, 53.461497], [-6.246396, 53.460416], [-6.243902, 53.458708], [-6.24264, 53.458132], [-6.235781, 53.456303], [-6.233419, 53.455451], [-6.229693, 53.455286], [-6.22965, 53.455208], [-6.229787, 53.455006], [-6.230259, 53.454718], [-6.231409, 53.451821], [-6.229707, 53.451206], [-6.228985, 53.45044], [-6.22832, 53.450131], [-6.225711, 53.450016], [-6.224727, 53.449947], [-6.224602, 53.449879], [-6.224629, 53.449797], [-6.225576, 53.449155], [-6.226532, 53.448704], [-6.228588, 53.447988], [-6.234034, 53.446318], [-6.235852, 53.445233], [-6.236534, 53.444653], [-6.237061, 53.443749], [-6.23727, 53.442779], [-6.237299, 53.441526], [-6.237224, 53.441349], [-6.236895, 53.441272], [-6.23539, 53.441828], [-6.233774, 53.442247], [-6.232669, 53.442393], [-6.232161, 53.442636], [-6.231551, 53.442752], [-6.230456, 53.443461], [-6.230223, 53.443502], [-6.230052, 53.443449], [-6.227166, 53.441448], [-6.226048, 53.440928], [-6.224692, 53.440451], [-6.223682, 53.440199], [-6.22208, 53.439938], [-6.218023, 53.439599], [-6.215258, 53.439236], [-6.216189, 53.436875], [-6.217129, 53.435078]]}, "properties": {"route": "197", "routes": ["197", "21", "A4", "L81", "L82", "X77", "X79", "X84"], "category": "radial", "colour": "#9467bd", "route_colour": "#ff9896", "pdf_colour": "#faa619", "stroke": "#ff9896", "stroke-width": 2, "source": "pdf-future", "phase": "future"}}, {"type": "Feature", "geometry": {"type": "LineString", "coordinates": [[-6.230908, 53.410146], [-6.22597, 53.420752], [-6.223713, 53.426053], [-6.222669, 53.428042], [-6.22199, 53.428984], [-6.219144, 53.431944], [-6.217069, 53.435174], [-6.21621, 53.436771], [-6.213958, 53.438217], [-6.213702, 53.438522], [-6.21373, 53.438719], [-6.21388, 53.438901], [-6.214486, 53.439134], [-6.218023, 53.439599], [-6.221598, 53.439883], [-6.223371, 53.440144], [-6.223549, 53.440257], [-6.223571, 53.440385], [-6.22303, 53.441283], [-6.222642, 53.441375], [-6.219372, 53.440838], [-6.219102, 53.440854], [-6.218916, 53.44101], [-6.218489, 53.443222], [-6.218402, 53.443335], [-6.218153, 53.443401], [-6.215855, 53.443461], [-6.214762, 53.443766], [-6.214903, 53.443915], [-6.214912, 53.444112], [-6.214376, 53.444809], [-6.214104, 53.445923], [-6.214058, 53.446966], [-6.214323, 53.448048], [-6.214398, 53.448972], [-6.214051, 53.449155], [-6.212291, 53.449082], [-6.203514, 53.44827], [-6.200642, 53.447712], [-6.19503, 53.446121], [-6.194402, 53.446179], [-6.194049, 53.446495]]}, "properties": {"route": "L81", "routes": ["L81", "N8", "X77", "X79", "X83", "X84", "X85"], "category": "local", "colour": "#2ca02c", "route_colour": "#c7c7c7", "pdf_colour": "#faa619", "stroke": "#c7c7c7", "stroke-width": 2, "source": "pdf-future", "phase": "future"}}, {"type": "Feature", "geometry": {"type": "LineString", "coordinates": [[-6.141735, 53.431501], [-6.137101, 53.431848], [-6.136611, 53.431691], [-6.136253, 53.431222], [-6.13585, 53.431049], [-6.132856, 53.430729], [-6.130673, 53.430592], [-6.13041, 53.430649], [-6.129649, 53.431766], [-6.129191, 53.432849], [-6.12868, 53.433533], [-6.128789, 53.433779], [-6.129396, 53.434443], [-6.129669, 53.434973], [-6.129788, 53.436057], [-6.130224, 53.438039], [-6.131779, 53.439585], [-6.132632, 53.440049], [-6.136807, 53.441516], [-6.138773, 53.442081], [-6.139362, 53.442194], [-6.140607, 53.442259], [-6.141369, 53.442433], [-6.142078, 53.442816], [-6.143044, 53.443765], [-6.143852, 53.44413], [-6.147411, 53.445089], [-6.150758, 53.446174], [-6.154252, 53.446871], [-6.156002, 53.44697], [-6.157994, 53.446676], [-6.159708, 53.446735], [-6.160669, 53.446682], [-6.171835, 53.445017], [-6.172328, 53.445006], [-6.184955, 53.448945], [-6.185584, 53.449201], [-6.186414, 53.449721], [-6.186739, 53.450006], [-6.187059, 53.450504], [-6.189805, 53.451131], [-6.1901, 53.451021], [-6.191997, 53.448817], [-6.192463, 53.448099], [-6.193387, 53.447348], [-6.194349, 53.446103], [-6.194314, 53.44596], [-6.194161, 53.445865], [-6.181959, 53.442182]]}, "properties": {"route": "20", "routes": ["20", "H2", "L81", "X77", "X78"], "category": "radial", "colour": "#9467bd", "route_colour": "#98df8a", "pdf_colour": "#faa619", "stroke": "#98df8a", "stroke-width": 2, "source": "pdf-future", "phase": "future"}}, {"type": "Feature", "geometry": {"type": "LineString", "coordinates": [[-6.141735, 53.431501], [-6.137101, 53.431848], [-6.136611, 53.431691], [-6.136253, 53.431222], [-6.13585, 53.431049], [-6.132856, 53.430729], [-6.130673, 53.430592], [-6.13041, 53.430649], [-6.129649, 53.431766], [-6.129191, 53.432849], [-6.12868, 53.433533], [-6.128789, 53.433779], [-6.129396, 53.434443], [-6.129669, 53.434973], [-6.129788, 53.436057], [-6.130224, 53.438039], [-6.131779, 53.439585], [-6.132632, 53.440049], [-6.136807, 53.441516], [-6.138773, 53.442081], [-6.139362, 53.442194], [-6.140607, 53.442259], [-6.141369, 53.442433], [-6.142078, 53.442816], [-6.143044, 53.443765], [-6.143852, 53.44413], [-6.147411, 53.445089], [-6.150758, 53.446174], [-6.154252, 53.446871], [-6.156002, 53.44697], [-6.157994, 53.446676], [-6.159708, 53.446735], [-6.160669, 53.446682], [-6.171835, 53.445017], [-6.172328, 53.445006], [-6.184955, 53.448945], [-6.185584, 53.449201], [-6.186414, 53.449721], [-6.186739, 53.450006], [-6.187059, 53.450504], [-6.189805, 53.451131], [-6.1901, 53.451021], [-6.191997, 53.448817], [-6.192463, 53.448099], [-6.193387, 53.447348], [-6.194349, 53.446103], [-6.194314, 53.44596], [-6.194161, 53.445865], [-6.181959, 53.442182]]}, "properties": {"route": "20", "routes": ["20", "H2", "L81", "X77", "X78"], "category": "radial", "colour": "#9467bd", "route_colour": "#98df8a", "pdf_colour": "#faa619", "stroke": "#98df8a", "stroke-width": 2, "source": "pdf-future", "phase": "future"}}, {"type": "Feature", "geometry": {"type": "LineString", "coordinates": [[-6.130271, 53.430813], [-6.130489, 53.4304], [-6.130709, 53.429447], [-6.131094, 53.428789], [-6.133629, 53.426022], [-6.139369, 53.420247], [-6.140381, 53.419532], [-6.147169, 53.415351], [-6.147238, 53.415209], [-6.147109, 53.415013], [-6.14667, 53.414796], [-6.144767, 53.414278], [-6.143994, 53.413932], [-6.143101, 53.41332], [-6.141659, 53.412018], [-6.141091, 53.411374], [-6.14047, 53.410417], [-6.140221, 53.409777], [-6.140056, 53.40853], [-6.139861, 53.407956], [-6.137951, 53.40496], [-6.133838, 53.401212], [-6.132808, 53.40001], [-6.13207, 53.39946], [-6.131213, 53.398676], [-6.129575, 53.397541], [-6.128725, 53.3967], [-6.128179, 53.395925], [-6.127652, 53.394989], [-6.125736, 53.391326], [-6.125127, 53.389885], [-6.124147, 53.388365], [-6.124095, 53.387799], [-6.124415, 53.38696], [-6.124767, 53.386575], [-6.125107, 53.386457], [-6.129411, 53.385937], [-6.13143, 53.385616], [-6.140368, 53.383697], [-6.14391, 53.382695], [-6.148809, 53.380833], [-6.150788, 53.380159], [-6.156996, 53.377482], [-6.158382, 53.376821], [-6.159549, 53.376157], [-6.162199, 53.37427]]}, "properties": {"route": "6", "routes": ["6", "H2", "H3", "L81", "X77", "X78"], "category": "radial", "colour": "#9467bd", "route_colour": "#2ca02c", "pdf_colour": "#faa619", "stroke": "#2ca02c", "stroke-width": 2, "source": "pdf-future", "phase": "future"}}, {"type": "Feature", "geometry": {"type": "LineString", "coordinates": [[-6.416937, 53.402132], [-6.419856, 53.402719], [-6.428676, 53.403971], [-6.438105, 53.405959], [-6.438308, 53.405943], [-6.438529, 53.405744], [-6.43875, 53.405715], [-6.441071, 53.406372], [-6.444813, 53.406895], [-6.447745, 53.407454], [-6.454046, 53.407741], [-6.45459, 53.407931], [-6.455224, 53.408322], [-6.45651, 53.408912], [-6.457945, 53.409382], [-6.459775, 53.410756], [-6.461585, 53.411806], [-6.465101, 53.412076], [-6.470856, 53.41288], [-6.474726, 53.41298], [-6.477629, 53.413226], [-6.484204, 53.414986], [-6.48535, 53.415455], [-6.488525, 53.416399], [-6.489319, 53.416782], [-6.491887, 53.418566], [-6.493028, 53.419102], [-6.500512, 53.421095]]}, "properties": {"route": "L64", "routes": ["L64", "N3", "X62"], "category": "local", "colour": "#2ca02c", "route_colour": "#d62728", "pdf_colour": "#faa619", "stroke": "#d62728", "stroke-width": 2, "source": "pdf-future", "phase": "future"}}, {"type": "Feature", "geometry": {"type": "LineString", "coordinates": [[-6.415056, 53.35776], [-6.418055, 53.358035], [-6.423155, 53.358072], [-6.424964, 53.357973], [-6.427363, 53.357633], [-6.427923, 53.357722], [-6.430014, 53.358422], [-6.430968, 53.35859], [-6.433115, 53.358676], [-6.436701, 53.358632], [-6.440994, 53.358999], [-6.442806, 53.358998], [-6.443889, 53.358845], [-6.445221, 53.358387], [-6.445747, 53.35809], [-6.447166, 53.357007], [-6.447965, 53.356531], [-6.449136, 53.35596], [-6.450095, 53.355688], [-6.451135, 53.355577], [-6.453559, 53.355546], [-6.455496, 53.355423], [-6.457775, 53.355124], [-6.460853, 53.354489], [-6.46223, 53.354312], [-6.46346, 53.354321], [-6.46541, 53.35461], [-6.466259, 53.354652], [-6.467558, 53.35415], [-6.468596, 53.353897], [-6.468824, 53.353743], [-6.468887, 53.353541], [-6.468201, 53.352204], [-6.468088, 53.35161], [-6.468135, 53.351059], [-6.468456, 53.350411], [-6.469244, 53.349585], [-6.469481, 53.349235], [-6.470054, 53.347022], [-6.470571, 53.346017], [-6.470787, 53.345925], [-6.474258, 53.345477], [-6.477384, 53.345156], [-6.477633, 53.344978], [-6.477392, 53.341829], [-6.477324, 53.339273], [-6.473017, 53.339059], [-6.472747, 53.338982], [-6.472561, 53.338781], [-6.472535, 53.337585], [-6.471709, 53.337473], [-6.470261, 53.336885], [-6.470179, 53.33677], [-6.470102, 53.335786]]}, "properties": {"route": "52", "routes": ["52", "C2", "C3", "L51", "L54", "N4", "X25", "X30", "X31", "X32"], "category": "radial", "colour": "#9467bd", "route_colour": "#c5b0d5", "pdf_colour": "#faa619", "stroke": "#c5b0d5", "stroke-width": 2, "source": "pdf-future", "phase": "future"}}, {"type": "Feature", "geometry": {"type": "LineString", "coordinates": [[-6.2477, 53.46575], [-6.245175, 53.465435], [-6.241973, 53.464532], [-6.240203, 53.464216], [-6.234213, 53.463812], [-6.232129, 53.463906], [-6.231717, 53.46386], [-6.23136, 53.463668], [-6.231153, 53.463292], [-6.230457, 53.460771], [-6.23012, 53.460672], [-6.228057, 53.460798], [-6.227656, 53.460684], [-6.227421, 53.460463], [-6.22729, 53.45988], [-6.227436, 53.459561], [-6.227858, 53.459265], [-6.228954, 53.458785], [-6.229211, 53.458529], [-6.229612, 53.456086], [-6.229876, 53.455403], [-6.23008, 53.455074], [-6.230589, 53.454961], [-6.230768, 53.45484], [-6.231759, 53.45249], [-6.232502, 53.451238], [-6.23337, 53.450426], [-6.234915, 53.450098], [-6.235281, 53.449945], [-6.236238, 53.448988], [-6.2368, 53.448662], [-6.238046, 53.448232], [-6.239119, 53.447703], [-6.240739, 53.447604], [-6.245358, 53.447916], [-6.248878, 53.448742], [-6.251127, 53.449027], [-6.252679, 53.449494], [-6.253379, 53.449628], [-6.253919, 53.449601], [-6.25428, 53.449467], [-6.254564, 53.449224], [-6.254776, 53.448867], [-6.255118, 53.447381], [-6.255384, 53.446684], [-6.255301, 53.446516], [-6.254625, 53.446307], [-6.25149, 53.445741], [-6.249889, 53.445176], [-6.248217, 53.444267], [-6.246709, 53.44297], [-6.244964, 53.441816], [-6.244092, 53.441354], [-6.243089, 53.441021], [-6.241969, 53.440901], [-6.240648, 53.440988], [-6.238776, 53.44124], [-6.237428, 53.441199], [-6.236779, 53.441302]]}, "properties": {"route": "21", "routes": ["21", "22", "L81", "X79"], "category": "radial", "colour": "#9467bd", "route_colour": "#1f77b4", "pdf_colour": "#faa619", "stroke": "#1f77b4", "stroke-width": 2, "source": "pdf-future", "phase": "future"}}, {"type": "Feature", "geometry": {"type": "LineString", "coordinates": [[-6.275569, 53.450772], [-6.276016, 53.450667], [-6.276444, 53.450668], [-6.277194, 53.45217], [-6.277649, 53.452507], [-6.278713, 53.453002], [-6.279465, 53.454161], [-6.277625, 53.453876], [-6.274037, 53.453741], [-6.272984, 53.453796], [-6.270131, 53.45421], [-6.268388, 53.4541], [-6.267062, 53.453928], [-6.266306, 53.453921], [-6.264655, 53.45402], [-6.263914, 53.454185], [-6.263843, 53.454298], [-6.264094, 53.454883], [-6.264093, 53.455023], [-6.264015, 53.455062], [-6.262303, 53.455035], [-6.259802, 53.455439], [-6.258912, 53.455498], [-6.257444, 53.455409], [-6.254354, 53.455021], [-6.253939, 53.455035], [-6.253499, 53.455167], [-6.253256, 53.455352], [-6.251573, 53.457618], [-6.251137, 53.458369], [-6.251049, 53.458782], [-6.25108, 53.459313], [-6.251627, 53.461292], [-6.251483, 53.461789], [-6.251078, 53.462166], [-6.24968, 53.461159], [-6.247385, 53.460092], [-6.244946, 53.45842], [-6.243464, 53.457688], [-6.241895, 53.457186], [-6.23618, 53.455711], [-6.233969, 53.454897], [-6.232336, 53.45471], [-6.233477, 53.452192], [-6.233918, 53.451537], [-6.234697, 53.450776], [-6.234779, 53.450069], [-6.236401, 53.447514], [-6.236513, 53.446887], [-6.236275, 53.446173], [-6.237236, 53.445565], [-6.237904, 53.444911], [-6.238376, 53.444154], [-6.238649, 53.4433], [-6.238733, 53.442271], [-6.238655, 53.440511], [-6.238511, 53.439979], [-6.237989, 53.438833], [-6.237728, 53.438026], [-6.236874, 53.433548], [-6.236891, 53.432487], [-6.237051, 53.431917], [-6.237358, 53.431322], [-6.237353, 53.431101], [-6.237031, 53.430796], [-6.23538, 53.430211], [-6.233942, 53.429745], [-6.23204, 53.429304], [-6.22962, 53.428949], [-6.225623, 53.428708], [-6.223132, 53.428325], [-6.221877, 53.42787], [-6.22086, 53.427181], [-6.220531, 53.4268], [-6.220361, 53.426407], [-6.220378, 53.424777], [-6.219302, 53.420477], [-6.219368, 53.419572], [-6.219758, 53.418537], [-6.219942, 53.417688], [-6.219959, 53.416021], [-6.219779, 53.415606], [-6.219021, 53.415185], [-6.218698, 53.413617], [-6.218761, 53.413042], [-6.219409, 53.411615], [-6.219751, 53.410141], [-6.220659, 53.409111], [-6.222033, 53.408724], [-6.222177, 53.408643], [-6.222215, 53.408496], [-6.222132, 53.408254], [-6.221951, 53.408106], [-6.219695, 53.407616], [-6.21948, 53.407474], [-6.219353, 53.40723], [-6.219489, 53.405951], [-6.219601, 53.405644], [-6.220084, 53.404911], [-6.220862, 53.404147], [-6.220969, 53.403847], [-6.220785, 53.403547], [-6.219568, 53.402816], [-6.219047, 53.401887], [-6.218945, 53.401228], [-6.21917, 53.40088], [-6.220417, 53.399975], [-6.220751, 53.399486], [-6.22021, 53.398345], [-6.218627, 53.396357], [-6.218446, 53.395924], [-6.218472, 53.3956], [-6.219719, 53.393719], [-6.219594, 53.393518], [-6.217991, 53.39292], [-6.217856, 53.392802], [-6.218243, 53.392238], [-6.218321, 53.391902], [-6.218379, 53.389512], [-6.218473, 53.389386], [-6.218651, 53.389355], [-6.22392, 53.390386], [-6.224177, 53.390332], [-6.224851, 53.389765], [-6.225378, 53.389635], [-6.226128, 53.389567], [-6.228222, 53.389631], [-6.227467, 53.389383], [-6.227067, 53.389148], [-6.226805, 53.388826], [-6.226727, 53.38839]]}, "properties": {"route": "197", "routes": ["197", "22", "A4", "L82", "L85", "X84"], "category": "radial", "colour": "#9467bd", "route_colour": "#ff9896", "pdf_colour": "#66ae3e", "stroke": "#ff9896", "stroke-width": 2, "source": "pdf-future", "phase": "future"}}, {"type": "Feature", "geometry": {"type": "LineString", "coordinates": [[-6.302529, 53.371736], [-6.302795, 53.374044], [-6.302779, 53.3742], [-6.302678, 53.374263], [-6.300763, 53.374206], [-6.294321, 53.374599], [-6.293724, 53.374528], [-6.292113, 53.374068], [-6.290775, 53.374038], [-6.290584, 53.374078], [-6.290519, 53.374178], [-6.291773, 53.375573], [-6.291776, 53.375811], [-6.291434, 53.376051], [-6.291785, 53.377222], [-6.292094, 53.377736], [-6.292974, 53.378577], [-6.295254, 53.379743], [-6.296738, 53.380632], [-6.305188, 53.386292], [-6.306138, 53.387012], [-6.306018, 53.387174], [-6.305313, 53.387386], [-6.305357, 53.38786], [-6.305153, 53.388035], [-6.304182, 53.388093], [-6.302772, 53.388032], [-6.30261, 53.388117], [-6.302608, 53.38834], [-6.302693, 53.388797], [-6.302899, 53.389094], [-6.303321, 53.389362], [-6.304333, 53.389777], [-6.304679, 53.390124], [-6.306123, 53.392524], [-6.30672, 53.393317], [-6.307263, 53.393747], [-6.308695, 53.394537], [-6.309261, 53.395137], [-6.309321, 53.395762], [-6.3087, 53.396909], [-6.308427, 53.397981], [-6.308409, 53.399816], [-6.308516, 53.400245], [-6.308764, 53.400634], [-6.30875, 53.400753], [-6.307956, 53.402391], [-6.307474, 53.402998], [-6.307056, 53.403344], [-6.307041, 53.403493], [-6.308063, 53.404764], [-6.308815, 53.405362], [-6.309665, 53.40575], [-6.313753, 53.407252], [-6.314433, 53.407648], [-6.314835, 53.408088], [-6.315061, 53.408549], [-6.315362, 53.409529], [-6.315396, 53.409931], [-6.315236, 53.410824], [-6.315236, 53.411243], [-6.315748, 53.412656], [-6.315862, 53.413276], [-6.315869, 53.41405], [-6.315726, 53.415609], [-6.315881, 53.417342], [-6.315604, 53.418777], [-6.314483, 53.421225], [-6.314132, 53.422485], [-6.313876, 53.423071], [-6.313342, 53.423775], [-6.312662, 53.424398], [-6.310566, 53.425694], [-6.310566, 53.425855], [-6.310911, 53.426169], [-6.310594, 53.426782], [-6.310631, 53.427825], [-6.310568, 53.428151], [-6.310358, 53.428339], [-6.309399, 53.428711], [-6.308991, 53.428993], [-6.308903, 53.429197], [-6.308983, 53.430351], [-6.308872, 53.430686], [-6.307913, 53.431469], [-6.307428, 53.432327], [-6.306569, 53.432787], [-6.306315, 53.433115], [-6.306407, 53.433478], [-6.306797, 53.434011], [-6.309711, 53.436737], [-6.30975, 53.436856], [-6.303832, 53.436592], [-6.303814, 53.436996], [-6.303917, 53.437405], [-6.304586, 53.438501], [-6.304334, 53.439129], [-6.304441, 53.439698], [-6.304376, 53.440315], [-6.304429, 53.440961], [-6.304326, 53.442003], [-6.304448, 53.442228], [-6.30543, 53.44329], [-6.305616, 53.443613], [-6.305793, 53.445993], [-6.306453, 53.448731], [-6.306307, 53.448798], [-6.302783, 53.448917], [-6.301041, 53.449231], [-6.300645, 53.449096]]}, "properties": {"route": "24", "routes": ["24", "F1", "F3", "L89", "N2", "N6"], "category": "radial", "colour": "#9467bd", "route_colour": "#ffbb78", "pdf_colour": "#66ae3e", "stroke": "#ffbb78", "stroke-width": 2, "source": "pdf-future", "phase": "future"}}, {"type": "Feature", "geometry": {"type": "LineString", "coordinates": [[-6.382875, 53.356606], [-6.380936, 53.356542], [-6.378497, 53.356212], [-6.375856, 53.355631], [-6.374537, 53.355252], [-6.373635, 53.35493], [-6.373425, 53.354676], [-6.37356, 53.354432], [-6.374687, 53.353845], [-6.37629, 53.352825], [-6.37956, 53.351573], [-6.379996, 53.351342], [-6.380286, 53.351067], [-6.380354, 53.350651], [-6.379687, 53.348811], [-6.379653, 53.348062], [-6.37993, 53.347339], [-6.381038, 53.346058], [-6.381324, 53.345494], [-6.381221, 53.345045], [-6.38033, 53.344454], [-6.379219, 53.344133], [-6.376968, 53.343726], [-6.371998, 53.34317], [-6.363841, 53.342551], [-6.362872, 53.342587], [-6.354246, 53.341943], [-6.352291, 53.341903], [-6.350159, 53.342008], [-6.350053, 53.342157], [-6.350401, 53.342738], [-6.350761, 53.343092], [-6.352407, 53.344194], [-6.352834, 53.344729], [-6.353151, 53.345426], [-6.354967, 53.347659], [-6.355066, 53.34787], [-6.355028, 53.348267], [-6.35458, 53.349804], [-6.358179, 53.350796]]}, "properties": {"route": "60", "routes": ["60", "80", "G2", "L55", "S4"], "category": "radial", "colour": "#9467bd", "route_colour": "#7f7f7f", "pdf_colour": "#66ae3e", "stroke": "#7f7f7f", "stroke-width": 2, "source": "pdf-future", "phase": "future"}}, {"type": "Feature", "geometry": {"type": "LineString", "coordinates": [[-6.229356, 53.340698], [-6.228347, 53.340694], [-6.224377, 53.34109], [-6.224113, 53.34106], [-6.223035, 53.340332], [-6.221444, 53.339574], [-6.220973, 53.339269], [-6.220703, 53.338846], [-6.22048, 53.33827], [-6.219748, 53.337444], [-6.219214, 53.335884], [-6.219003, 53.335607], [-6.21863, 53.335461], [-6.217223, 53.335243], [-6.216458, 53.334933], [-6.213392, 53.333095], [-6.212052, 53.332206], [-6.212005, 53.332084], [-6.212138, 53.331688], [-6.212161, 53.331202], [-6.211841, 53.33011], [-6.211358, 53.329462], [-6.210396, 53.328844], [-6.21015, 53.328591], [-6.21045, 53.328209], [-6.210586, 53.327662], [-6.21051, 53.32706], [-6.210269, 53.326542], [-6.209824, 53.326133], [-6.20832, 53.325121], [-6.207726, 53.324273], [-6.207242, 53.323972], [-6.206593, 53.323197], [-6.205819, 53.322434], [-6.205406, 53.322154], [-6.205364, 53.322024], [-6.206733, 53.320823], [-6.208998, 53.320671], [-6.209151, 53.320599], [-6.209091, 53.320486], [-6.207526, 53.319707], [-6.207014, 53.319371], [-6.206842, 53.318963], [-6.207068, 53.318603], [-6.207643, 53.318334], [-6.208526, 53.318103], [-6.209524, 53.317619], [-6.215192, 53.314489], [-6.215291, 53.314387], [-6.215277, 53.31427], [-6.214222, 53.313396], [-6.212585, 53.311627], [-6.212041, 53.311242], [-6.210642, 53.310517], [-6.209906, 53.309711], [-6.207342, 53.30848], [-6.204857, 53.307139], [-6.200701, 53.304678], [-6.198974, 53.303493], [-6.19836, 53.302972], [-6.197787, 53.302344], [-6.195877, 53.299679], [-6.195129, 53.298382], [-6.194462, 53.296632], [-6.193569, 53.295586], [-6.192186, 53.294564], [-6.186802, 53.291729], [-6.1855, 53.290887], [-6.185503, 53.290764], [-6.185629, 53.290666], [-6.186803, 53.290326], [-6.188992, 53.290037], [-6.191735, 53.289432], [-6.192794, 53.289321], [-6.193514, 53.289351], [-6.194246, 53.289496], [-6.196534, 53.290287], [-6.197537, 53.290346], [-6.197991, 53.290229], [-6.199272, 53.286157], [-6.199287, 53.285597], [-6.199123, 53.284178], [-6.199231, 53.283312], [-6.199743, 53.282313], [-6.200831, 53.280782], [-6.20061, 53.280608], [-6.198194, 53.280022], [-6.194602, 53.279004], [-6.193977, 53.278741], [-6.193454, 53.278355], [-6.192929, 53.277714], [-6.192726, 53.277133], [-6.192827, 53.276494], [-6.19354, 53.275434], [-6.193454, 53.274677], [-6.193088, 53.273818], [-6.193331, 53.273684], [-6.1953, 53.273437], [-6.198832, 53.272829], [-6.19949, 53.272439], [-6.199803, 53.272131], [-6.20011, 53.271624], [-6.200375, 53.271495], [-6.202061, 53.271767], [-6.203185, 53.271817], [-6.204622, 53.271724], [-6.205987, 53.271477], [-6.207044, 53.271155], [-6.20794, 53.270701], [-6.208328, 53.270328], [-6.208669, 53.269803], [-6.208047, 53.269271], [-6.20744, 53.268974], [-6.203748, 53.267749], [-6.202468, 53.267127], [-6.201251, 53.266276], [-6.200136, 53.265368], [-6.1996, 53.264648], [-6.198209, 53.263141], [-6.198133, 53.262821], [-6.198195, 53.262569], [-6.198909, 53.261728], [-6.200026, 53.26089], [-6.200555, 53.260188], [-6.202133, 53.259251], [-6.202353, 53.259008], [-6.202548, 53.258611], [-6.202575, 53.258194], [-6.202426, 53.257779], [-6.201126, 53.256293], [-6.200949, 53.255993], [-6.200834, 53.25551], [-6.199483, 53.254988], [-6.198397, 53.254219], [-6.196737, 53.25332], [-6.191593, 53.251585], [-6.189398, 53.250408], [-6.188534, 53.249763], [-6.185762, 53.248699], [-6.184935, 53.248277], [-6.183946, 53.247252], [-6.183868, 53.2469], [-6.183988, 53.246372], [-6.183586, 53.245775], [-6.183424, 53.245236], [-6.183214, 53.244899], [-6.182777, 53.244467], [-6.181995, 53.244086], [-6.181398, 53.243618], [-6.180724, 53.24277], [-6.180501, 53.24206], [-6.17974, 53.240924], [-6.17869, 53.239938], [-6.178012, 53.239444]]}, "properties": {"route": "82", "routes": ["82", "86", "B2", "C1", "C3", "C4", "L13", "L25", "S2", "S6"], "category": "radial", "colour": "#9467bd", "route_colour": "#ffbb78", "pdf_colour": "#66ae3e", "stroke": "#ffbb78", "stroke-width": 2, "source": "pdf-future", "phase": "future"}}, {"type": "Feature", "geometry": {"type": "LineString", "coordinates": [[-6.454807, 53.355295], [-6.454761, 53.355787], [-6.455115, 53.356621], [-6.454955, 53.356918], [-6.454118, 53.357157], [-6.451324, 53.357538], [-6.451091, 53.35765], [-6.451067, 53.357771], [-6.451284, 53.35837], [-6.451669, 53.359092], [-6.452149, 53.359421], [-6.452929, 53.359582], [-6.455505, 53.359155], [-6.457223, 53.359261], [-6.4587, 53.359531], [-6.460451, 53.360257], [-6.461066, 53.360631], [-6.461335, 53.360911], [-6.461387, 53.361275], [-6.461234, 53.362275], [-6.461444, 53.363152], [-6.461635, 53.363468], [-6.462646, 53.36453], [-6.462875, 53.364891], [-6.462846, 53.365716], [-6.46305, 53.367053], [-6.462938, 53.367849], [-6.463263, 53.368808], [-6.461368, 53.370017], [-6.460176, 53.370934], [-6.45981, 53.371014], [-6.45669, 53.370722], [-6.451475, 53.37106], [-6.449505, 53.371325], [-6.448494, 53.371963], [-6.448153, 53.372078], [-6.44722, 53.372185], [-6.445664, 53.372217], [-6.4456, 53.372355], [-6.446248, 53.373496], [-6.446623, 53.374336], [-6.446734, 53.375688], [-6.446632, 53.376779], [-6.446234, 53.378382], [-6.445749, 53.379614], [-6.445427, 53.37983], [-6.443888, 53.379726], [-6.442545, 53.37938], [-6.440894, 53.379237], [-6.43875, 53.378545], [-6.43758, 53.378008], [-6.436932, 53.377875], [-6.435632, 53.377762], [-6.432963, 53.377902], [-6.429453, 53.377433], [-6.429142, 53.377513], [-6.429046, 53.377673], [-6.430034, 53.380888], [-6.429889, 53.381022], [-6.42903, 53.381229], [-6.428266, 53.381263], [-6.420584, 53.380961], [-6.416966, 53.380679], [-6.416148, 53.380792], [-6.415185, 53.380692], [-6.413336, 53.380681], [-6.409906, 53.380498], [-6.409752, 53.380629], [-6.409125, 53.38281], [-6.407983, 53.383894], [-6.406414, 53.388578], [-6.406115, 53.389239], [-6.405791, 53.389722], [-6.405467, 53.389846], [-6.400706, 53.389626], [-6.400241, 53.389669], [-6.398047, 53.39106], [-6.398083, 53.391527]]}, "properties": {"route": "B1", "routes": ["B1", "B2", "B4", "L52", "L54", "N4"], "category": "spine", "colour": "#d62728", "route_colour": "#3cb44b", "pdf_colour": "#66ae3e", "stroke": "#3cb44b", "stroke-width": 2, "source": "pdf-future", "phase": "future"}}, {"type": "Feature", "geometry": {"type": "LineString", "coordinates": [[-6.396259, 53.354162], [-6.398732, 53.352863], [-6.399253, 53.352426], [-6.3995, 53.352366], [-6.407959, 53.352563], [-6.41022, 53.352509], [-6.412968, 53.352949], [-6.413991, 53.352875], [-6.415905, 53.35251], [-6.417623, 53.352496], [-6.418943, 53.352612], [-6.421643, 53.353119], [-6.424232, 53.353368], [-6.425698, 53.353354], [-6.429225, 53.353065], [-6.430107, 53.352818], [-6.43074, 53.35245], [-6.43111, 53.352034], [-6.43148, 53.350985], [-6.431677, 53.350851], [-6.43525, 53.351213], [-6.435646, 53.351194], [-6.437861, 53.350676], [-6.439929, 53.350041], [-6.441712, 53.350001], [-6.443753, 53.349131], [-6.443906, 53.349022], [-6.443888, 53.348924], [-6.442979, 53.348609], [-6.442906, 53.34848], [-6.443656, 53.348145], [-6.446701, 53.34639], [-6.447124, 53.345944], [-6.44816, 53.34443], [-6.448609, 53.344023], [-6.450145, 53.343932], [-6.454199, 53.343947], [-6.455044, 53.343984], [-6.45525, 53.344076], [-6.455316, 53.344198], [-6.454874, 53.347237], [-6.454565, 53.348041], [-6.45395, 53.349084], [-6.45425, 53.350063], [-6.454758, 53.351075], [-6.454708, 53.351395], [-6.454369, 53.351961], [-6.454313, 53.352206], [-6.45451, 53.353056], [-6.454417, 53.353863], [-6.454606, 53.354426]]}, "properties": {"route": "C2", "routes": ["C2", "G2", "L51", "L53", "L54", "N4", "X25"], "category": "spine", "colour": "#d62728", "route_colour": "#4363d8", "pdf_colour": "#66ae3e", "stroke": "#4363d8", "stroke-width": 2, "source": "pdf-future", "phase": "future"}}, {"type": "Feature", "geometry": {"type": "LineString", "coordinates": [[-6.152704, 53.399819], [-6.158949, 53.400301], [-6.163585, 53.400229], [-6.16653, 53.400045], [-6.168042, 53.400044], [-6.173517, 53.400678], [-6.1794, 53.400865], [-6.180112, 53.400985], [-6.181679, 53.40143], [-6.182157, 53.400785], [-6.183157, 53.39983], [-6.184121, 53.399082], [-6.18691, 53.397319], [-6.187862, 53.396467], [-6.188862, 53.395224], [-6.189205, 53.395113], [-6.191514, 53.395731], [-6.196267, 53.396058], [-6.198058, 53.396342], [-6.199188, 53.396665], [-6.20265, 53.397968], [-6.205172, 53.398793], [-6.207282, 53.399327], [-6.208964, 53.399587], [-6.209215, 53.399496], [-6.209306, 53.39936], [-6.209212, 53.397693], [-6.20989, 53.395404], [-6.210309, 53.395273], [-6.211455, 53.395463], [-6.213765, 53.394576], [-6.214456, 53.394113], [-6.215761, 53.392538], [-6.217166, 53.393014], [-6.217744, 53.393063], [-6.22257, 53.394721], [-6.224296, 53.395101], [-6.22709, 53.395466], [-6.227527, 53.394133], [-6.228394, 53.392649], [-6.225298, 53.391736], [-6.224838, 53.391408], [-6.22468, 53.391008], [-6.225062, 53.390282], [-6.225637, 53.390006], [-6.226152, 53.389951], [-6.22878, 53.390073], [-6.229075, 53.39002], [-6.229263, 53.389886], [-6.229311, 53.389596], [-6.229122, 53.38939], [-6.227928, 53.389186], [-6.227482, 53.388855], [-6.227453, 53.387837], [-6.227523, 53.387315], [-6.227645, 53.387102], [-6.228004, 53.386887], [-6.229474, 53.386303], [-6.229869, 53.386054], [-6.231111, 53.384323], [-6.231339, 53.383845], [-6.231462, 53.383757], [-6.233993, 53.383681], [-6.235395, 53.383527], [-6.23821, 53.382906], [-6.238983, 53.382606], [-6.239604, 53.382101], [-6.240486, 53.380626], [-6.241794, 53.379023], [-6.242025, 53.378917], [-6.244772, 53.379436], [-6.247191, 53.380053], [-6.247706, 53.380246], [-6.248277, 53.380701], [-6.258495, 53.384125], [-6.258617, 53.384111], [-6.259167, 53.383682], [-6.26165, 53.384541], [-6.262276, 53.384687], [-6.26353, 53.384718], [-6.264276, 53.384328]]}, "properties": {"route": "8", "routes": ["8", "A1", "D1", "D2", "D3", "D4", "L80", "L82", "N4", "N8"], "category": "radial", "colour": "#9467bd", "route_colour": "#ff7f0e", "pdf_colour": "#66ae3e", "stroke": "#ff7f0e", "stroke-width": 2, "source": "pdf-future", "phase": "future"}}, {"type": "Feature", "geometry": {"type": "LineString", "coordinates": [[-6.224318, 53.227052], [-6.222197, 53.226177], [-6.220541, 53.22559], [-6.215035, 53.223979], [-6.213021, 53.223576], [-6.211832, 53.223505], [-6.211062, 53.223565], [-6.210045, 53.223828], [-6.208105, 53.224517], [-6.207075, 53.224725], [-6.205651, 53.224808], [-6.202718, 53.224784], [-6.203983, 53.227754], [-6.20461, 53.229837], [-6.205182, 53.231037], [-6.20524, 53.231518], [-6.205204, 53.233278], [-6.20529, 53.233991], [-6.205534, 53.234698], [-6.206163, 53.235613], [-6.206259, 53.2359], [-6.206195, 53.236219], [-6.205852, 53.236668], [-6.205865, 53.237102], [-6.206719, 53.23875], [-6.207821, 53.242253], [-6.20758, 53.243709], [-6.207826, 53.244313], [-6.207979, 53.245112], [-6.207879, 53.24534], [-6.207343, 53.245766], [-6.207169, 53.246053], [-6.207176, 53.246262], [-6.207438, 53.246816], [-6.207437, 53.247214], [-6.207198, 53.247396], [-6.206026, 53.247515], [-6.205606, 53.247675], [-6.204828, 53.248276], [-6.204786, 53.24852], [-6.204919, 53.248916], [-6.20522, 53.249256], [-6.206483, 53.25026], [-6.208461, 53.252025], [-6.211314, 53.254369], [-6.211936, 53.254613], [-6.21262, 53.254749], [-6.214757, 53.254774], [-6.215439, 53.254885], [-6.216784, 53.255531], [-6.217841, 53.256251], [-6.219071, 53.257534], [-6.219302, 53.25808], [-6.219983, 53.259073], [-6.219959, 53.25974], [-6.220223, 53.260293], [-6.22013, 53.26062], [-6.219767, 53.261276], [-6.2198, 53.261695], [-6.221436, 53.263187], [-6.222026, 53.263477], [-6.224339, 53.264101], [-6.226273, 53.26493], [-6.228387, 53.265607], [-6.229045, 53.265971], [-6.229434, 53.266443], [-6.229495, 53.266674], [-6.229306, 53.26682], [-6.22756, 53.26692], [-6.226052, 53.267373], [-6.225224, 53.267504], [-6.223625, 53.267511], [-6.218918, 53.267327], [-6.218317, 53.26739], [-6.218223, 53.267533], [-6.218324, 53.268966], [-6.218555, 53.270466], [-6.218184, 53.272223], [-6.218111, 53.273074], [-6.218307, 53.274114], [-6.21914, 53.275802], [-6.219859, 53.277781], [-6.22022, 53.278216], [-6.221222, 53.278955], [-6.221639, 53.279383], [-6.223125, 53.282094], [-6.224267, 53.283095], [-6.225102, 53.284212], [-6.225518, 53.284607], [-6.225917, 53.284784], [-6.22735, 53.285087], [-6.227991, 53.285337], [-6.229379, 53.286319], [-6.229889, 53.286865]]}, "properties": {"route": "86", "routes": ["86", "87", "L33", "L35"], "category": "radial", "colour": "#9467bd", "route_colour": "#7f7f7f", "pdf_colour": "#66ae3e", "stroke": "#7f7f7f", "stroke-width": 2, "source": "pdf-future", "phase": "future"}}, {"type": "Feature", "geometry": {"type": "LineString", "coordinates": [[-6.237982, 53.293814], [-6.240309, 53.294442], [-6.249524, 53.295945], [-6.249642, 53.295903], [-6.250099, 53.295369], [-6.250807, 53.29499], [-6.257784, 53.292611], [-6.259127, 53.292401], [-6.260291, 53.292414], [-6.26153, 53.292538], [-6.261862, 53.292435], [-6.261916, 53.292306], [-6.261759, 53.291698], [-6.261726, 53.29063], [-6.261451, 53.29006], [-6.261062, 53.289763], [-6.260649, 53.289588], [-6.258995, 53.2893], [-6.258583, 53.288967], [-6.258534, 53.288718], [-6.258729, 53.287695], [-6.258728, 53.287043], [-6.258483, 53.286277], [-6.258118, 53.285638], [-6.257749, 53.285288], [-6.257112, 53.284885], [-6.254441, 53.283637], [-6.253884, 53.283099], [-6.253535, 53.282559], [-6.253457, 53.282161], [-6.25361, 53.280555], [-6.253864, 53.279748], [-6.254135, 53.279357], [-6.254616, 53.278917], [-6.256167, 53.27799], [-6.25661, 53.278001], [-6.258007, 53.278787], [-6.259475, 53.279409], [-6.262544, 53.280381], [-6.26867, 53.282085], [-6.270211, 53.282357], [-6.271621, 53.282461], [-6.275339, 53.282529], [-6.275698, 53.282451], [-6.27577, 53.282317], [-6.275683, 53.281593], [-6.275434, 53.280713], [-6.275387, 53.280206], [-6.275492, 53.279503], [-6.27579, 53.279251], [-6.276166, 53.279187], [-6.277454, 53.279231], [-6.279492, 53.278954], [-6.281051, 53.278975]]}, "properties": {"route": "74", "routes": ["74", "80", "A2", "A4", "L35", "S6", "S8"], "category": "radial", "colour": "#9467bd", "route_colour": "#ff9896", "pdf_colour": "#66ae3e", "stroke": "#ff9896", "stroke-width": 2, "source": "pdf-future", "phase": "future"}}, {"type": "Feature", "geometry": {"type": "LineString", "coordinates": [[-6.27575, 53.282132], [-6.275815, 53.282421], [-6.276126, 53.282536], [-6.279229, 53.282454], [-6.282016, 53.282496], [-6.285503, 53.282382], [-6.286851, 53.282456], [-6.289325, 53.282789], [-6.289574, 53.282765], [-6.289727, 53.282662], [-6.289587, 53.28187], [-6.289532, 53.280547], [-6.288991, 53.279898], [-6.288821, 53.279474], [-6.288799, 53.279007], [-6.288954, 53.278214], [-6.288877, 53.277561], [-6.289108, 53.276883], [-6.289996, 53.276242], [-6.290349, 53.275839], [-6.290603, 53.275032], [-6.290633, 53.274527], [-6.290331, 53.273652], [-6.290114, 53.272665], [-6.290073, 53.271926], [-6.289789, 53.271089], [-6.289515, 53.27056], [-6.289542, 53.270149], [-6.289245, 53.269678], [-6.288712, 53.268202], [-6.287967, 53.267299], [-6.287812, 53.266553], [-6.287291, 53.26555], [-6.287314, 53.264987], [-6.287773, 53.263737]]}, "properties": {"route": "L35", "routes": ["L35"], "category": "local", "colour": "#2ca02c", "route_colour": "#e377c2", "pdf_colour": "#66ae3e", "stroke": "#e377c2", "stroke-width": 2, "source": "pdf-future", "phase": "future"}}, {"type": "Feature", "geometry": {"type": "LineString", "coordinates": [[-6.400656, 53.391511], [-6.401353, 53.39103], [-6.4017, 53.390931], [-6.405954, 53.39116], [-6.406044, 53.391452], [-6.407148, 53.392063], [-6.407413, 53.392308], [-6.407622, 53.392653], [-6.407739, 53.393133], [-6.407729, 53.393445], [-6.407291, 53.394595], [-6.40723, 53.395164], [-6.407428, 53.395695], [-6.407865, 53.396169], [-6.408521, 53.396565], [-6.409071, 53.396778], [-6.413769, 53.397966], [-6.416412, 53.398921], [-6.418114, 53.399223], [-6.420232, 53.399144], [-6.42231, 53.400395], [-6.424115, 53.400821], [-6.425521, 53.401053], [-6.426627, 53.401106], [-6.429563, 53.401044], [-6.432113, 53.400713], [-6.433552, 53.400673], [-6.43454, 53.400746], [-6.435575, 53.400939], [-6.437266, 53.401407], [-6.438257, 53.401857], [-6.438956, 53.402309], [-6.439615, 53.402894], [-6.44012, 53.403517], [-6.440085, 53.4037], [-6.438961, 53.404463], [-6.438425, 53.405275], [-6.438551, 53.405402], [-6.440164, 53.405918], [-6.441443, 53.406218], [-6.444666, 53.406651], [-6.448071, 53.40728], [-6.453585, 53.407475], [-6.454234, 53.407558], [-6.45482, 53.407769], [-6.455419, 53.408141], [-6.456795, 53.408771], [-6.458168, 53.409214], [-6.460062, 53.410625], [-6.46183, 53.411638], [-6.462773, 53.411638], [-6.464992, 53.411847], [-6.470751, 53.412655], [-6.474696, 53.412764], [-6.477746, 53.413025], [-6.484424, 53.414815], [-6.485743, 53.415348], [-6.488847, 53.416285], [-6.48966, 53.416701], [-6.492134, 53.418424], [-6.493275, 53.418959], [-6.498816, 53.420466], [-6.500999, 53.420924]]}, "properties": {"route": "B2", "routes": ["B2", "L61", "L64", "X61"], "category": "spine", "colour": "#d62728", "route_colour": "#3cb44b", "pdf_colour": "#66ae3e", "stroke": "#3cb44b", "stroke-width": 2, "source": "pdf-future", "phase": "future"}}, {"type": "Feature", "geometry": {"type": "LineString", "coordinates": [[-6.400397, 53.391983], [-6.401416, 53.391251], [-6.401808, 53.391105], [-6.405176, 53.391281], [-6.405489, 53.391417], [-6.405172, 53.39176], [-6.404169, 53.392458], [-6.400762, 53.39437], [-6.399141, 53.395396], [-6.399055, 53.395515], [-6.399966, 53.396551], [-6.401515, 53.397606], [-6.402862, 53.39835], [-6.405758, 53.399659], [-6.405231, 53.400808], [-6.404238, 53.401839], [-6.403397, 53.402528], [-6.403398, 53.402748], [-6.403601, 53.40291], [-6.406453, 53.403814], [-6.409913, 53.404618], [-6.41904, 53.405962], [-6.422631, 53.406848], [-6.430304, 53.407936], [-6.43358, 53.408599], [-6.435189, 53.409014], [-6.435294, 53.409159], [-6.435252, 53.409312], [-6.434049, 53.410221], [-6.431614, 53.412755], [-6.431116, 53.413054], [-6.429745, 53.413506], [-6.429417, 53.413742], [-6.429167, 53.414119], [-6.429069, 53.414746], [-6.429255, 53.416928], [-6.429516, 53.417027], [-6.431033, 53.41705], [-6.431848, 53.41705], [-6.431984, 53.416945]]}, "properties": {"route": "L63", "routes": ["L63", "L64", "N3", "N8"], "category": "local", "colour": "#2ca02c", "route_colour": "#2ca02c", "pdf_colour": "#66ae3e", "stroke": "#2ca02c", "stroke-width": 2, "source": "pdf-future", "phase": "future"}}, {"type": "Feature", "geometry": {"type": "LineString", "coordinates": [[-6.132186, 53.296019], [-6.131472, 53.295925], [-6.130336, 53.295578], [-6.125402, 53.293703], [-6.124922, 53.293815], [-6.123686, 53.295233], [-6.123834, 53.295464], [-6.124694, 53.295827], [-6.126933, 53.296571], [-6.1295, 53.29698], [-6.130896, 53.29702], [-6.132191, 53.296936], [-6.132427, 53.296767], [-6.132388, 53.296162], [-6.132689, 53.295822], [-6.132501, 53.293823], [-6.132541, 53.293529], [-6.134839, 53.290042], [-6.13518, 53.290011], [-6.136578, 53.290421], [-6.137544, 53.29059], [-6.140222, 53.290661], [-6.149048, 53.287883], [-6.151494, 53.287247], [-6.155412, 53.287796], [-6.157184, 53.287698], [-6.157871, 53.287797], [-6.159726, 53.288507], [-6.16169, 53.289479], [-6.163584, 53.290135], [-6.164918, 53.290468], [-6.166724, 53.290592], [-6.169815, 53.29028], [-6.173383, 53.290333], [-6.175293, 53.29066], [-6.178535, 53.291716], [-6.180114, 53.291891], [-6.18099, 53.291803], [-6.182956, 53.291374], [-6.184406, 53.290953], [-6.185019, 53.290561], [-6.186597, 53.290143], [-6.188956, 53.289821], [-6.192256, 53.289144], [-6.19316, 53.289116], [-6.19395, 53.289205], [-6.194663, 53.289393], [-6.196389, 53.290036], [-6.196931, 53.290128], [-6.197491, 53.290121], [-6.19768, 53.289991], [-6.198858, 53.286265], [-6.199018, 53.286098], [-6.199359, 53.285996], [-6.201165, 53.285846], [-6.202952, 53.285497], [-6.205087, 53.28551], [-6.206598, 53.285617], [-6.208972, 53.285991], [-6.20985, 53.286175], [-6.212705, 53.287023], [-6.214415, 53.287226], [-6.21567, 53.287755], [-6.218732, 53.288314], [-6.224611, 53.290172], [-6.226951, 53.290548], [-6.227651, 53.290417], [-6.228119, 53.290154]]}, "properties": {"route": "86", "routes": ["86", "L25", "L26"], "category": "radial", "colour": "#9467bd", "route_colour": "#7f7f7f", "pdf_colour": "#66ae3e", "stroke": "#7f7f7f", "stroke-width": 2, "source": "pdf-future", "phase": "future"}}, {"type": "Feature", "geometry": {"type": "LineString", "coordinates": [[-6.303168, 53.370747], [-6.303295, 53.3726], [-6.303431, 53.373642], [-6.303538, 53.373751], [-6.303768, 53.373804], [-6.306313, 53.373743], [-6.307437, 53.373817], [-6.308792, 53.374033], [-6.311166, 53.374602], [-6.312541, 53.374777], [-6.313091, 53.375162], [-6.314719, 53.375935], [-6.317544, 53.376655], [-6.318436, 53.377036], [-6.319144, 53.377593], [-6.32064, 53.379234], [-6.322028, 53.380327], [-6.322079, 53.380449], [-6.322023, 53.380548], [-6.320188, 53.381858], [-6.317796, 53.381446], [-6.317215, 53.381424], [-6.317062, 53.38149], [-6.31757, 53.382187], [-6.317756, 53.382653], [-6.317881, 53.384243], [-6.317934, 53.386535], [-6.318025, 53.386672], [-6.320055, 53.387151], [-6.323688, 53.387819], [-6.325206, 53.388219], [-6.325454, 53.388461], [-6.325284, 53.388895], [-6.325382, 53.38905], [-6.327557, 53.389862], [-6.328976, 53.3905], [-6.33037, 53.391525], [-6.331162, 53.391781], [-6.333778, 53.392361], [-6.334924, 53.39272], [-6.336449, 53.393439], [-6.338634, 53.394625], [-6.338962, 53.394876], [-6.339417, 53.395585], [-6.339374, 53.39608], [-6.340943, 53.397358], [-6.348005, 53.401552], [-6.349165, 53.402088], [-6.35065, 53.402534], [-6.350887, 53.402668], [-6.352374, 53.404662], [-6.35369, 53.405708], [-6.353988, 53.406069], [-6.354108, 53.40643], [-6.354066, 53.406911], [-6.353459, 53.408275], [-6.353661, 53.408837], [-6.354018, 53.409225], [-6.355737, 53.409519], [-6.35855, 53.410229], [-6.36273, 53.411129], [-6.365454, 53.411476], [-6.366954, 53.412007], [-6.368651, 53.412025], [-6.369197, 53.412181], [-6.369805, 53.412475], [-6.371177, 53.413356], [-6.3714, 53.413647], [-6.371505, 53.416282], [-6.371694, 53.417687], [-6.372648, 53.419697], [-6.372231, 53.420272], [-6.372208, 53.420497], [-6.372334, 53.420683], [-6.372815, 53.420918], [-6.374036, 53.420906], [-6.374907, 53.421064], [-6.377101, 53.421914], [-6.381173, 53.423327], [-6.381573, 53.423298], [-6.382138, 53.422652], [-6.382458, 53.422422], [-6.38305, 53.422292], [-6.383902, 53.422256], [-6.38444, 53.421889], [-6.384923, 53.421729], [-6.385455, 53.421672], [-6.387897, 53.421808], [-6.388343, 53.421695], [-6.389302, 53.420162], [-6.389456, 53.4196], [-6.389366, 53.419179], [-6.389477, 53.418726], [-6.390111, 53.417585], [-6.390928, 53.41659], [-6.391818, 53.415798], [-6.392069, 53.415681], [-6.394005, 53.415736], [-6.394572, 53.415833], [-6.395059, 53.416075], [-6.395472, 53.416468], [-6.395561, 53.416693], [-6.395575, 53.417115], [-6.395693, 53.417235], [-6.39725, 53.417659], [-6.398101, 53.417616], [-6.398624, 53.41769], [-6.401099, 53.418621], [-6.4015, 53.418538], [-6.402405, 53.417899], [-6.403563, 53.417368], [-6.403834, 53.417133], [-6.403869, 53.41696], [-6.403787, 53.416825], [-6.403315, 53.416657], [-6.400394, 53.416667], [-6.399587, 53.416512], [-6.399308, 53.416325], [-6.398929, 53.415735], [-6.398749, 53.415581], [-6.396511, 53.414829], [-6.396108, 53.414508], [-6.395552, 53.413608], [-6.394025, 53.412949], [-6.393912, 53.412757], [-6.39397, 53.412558], [-6.394941, 53.411603], [-6.396335, 53.410614], [-6.396416, 53.410457], [-6.396258, 53.410305], [-6.394733, 53.409889], [-6.39058, 53.409199], [-6.387193, 53.408423], [-6.38082, 53.406693], [-6.378208, 53.405731], [-6.378037, 53.405568], [-6.378115, 53.405416], [-6.379486, 53.404644], [-6.380081, 53.404086], [-6.380687, 53.403154], [-6.381479, 53.401245], [-6.381788, 53.400722], [-6.382504, 53.400024], [-6.383584, 53.399377], [-6.384698, 53.398872], [-6.385464, 53.398624], [-6.391791, 53.397243], [-6.392372, 53.39691], [-6.395645, 53.396205], [-6.397474, 53.395641], [-6.398308, 53.395259], [-6.400247, 53.394049], [-6.402622, 53.392745], [-6.40419, 53.391724], [-6.404076, 53.391657], [-6.402098, 53.391544], [-6.400924, 53.392376], [-6.400077, 53.392384]]}, "properties": {"route": "B3", "routes": ["B3", "F3", "L61", "L62", "N4", "N8"], "category": "spine", "colour": "#d62728", "route_colour": "#3cb44b", "pdf_colour": "#66ae3e", "stroke": "#3cb44b", "stroke-width": 2, "source": "pdf-future", "phase": "future"}}, {"type": "Feature", "geometry": {"type": "LineString", "coordinates": [[-6.529496, 53.323148], [-6.528777, 53.323229], [-6.527874, 53.322681], [-6.527537, 53.322623], [-6.526244, 53.323374], [-6.526154, 53.323514], [-6.526318, 53.323696], [-6.526654, 53.323747], [-6.529827, 53.323102], [-6.530235, 53.323196], [-6.530873, 53.323636], [-6.531463, 53.324164], [-6.532011, 53.324884], [-6.534795, 53.329886], [-6.535112, 53.330697], [-6.53541, 53.332657], [-6.535817, 53.333286], [-6.53625, 53.333629], [-6.536881, 53.333947], [-6.544899, 53.33727], [-6.54534, 53.337273], [-6.546239, 53.336743], [-6.548429, 53.335687], [-6.550824, 53.334216], [-6.551757, 53.333905], [-6.552882, 53.333759], [-6.553733, 53.333793], [-6.555423, 53.33409], [-6.561252, 53.335301], [-6.564221, 53.335968], [-6.564438, 53.33608], [-6.564434, 53.336282], [-6.558741, 53.341896], [-6.55817, 53.342271], [-6.557577, 53.34254], [-6.55672, 53.342793], [-6.555869, 53.342919], [-6.555681, 53.343044], [-6.557292, 53.346818], [-6.557369, 53.347462], [-6.557136, 53.348059], [-6.556599, 53.348499], [-6.55572, 53.348904], [-6.554926, 53.349129], [-6.553166, 53.349463], [-6.552848, 53.349564], [-6.552727, 53.34968], [-6.552778, 53.349835], [-6.553992, 53.350875], [-6.554451, 53.351496], [-6.554649, 53.352102], [-6.554652, 53.353631], [-6.554788, 53.354237], [-6.555254, 53.354968], [-6.556382, 53.355927], [-6.556401, 53.356083], [-6.553168, 53.358], [-6.552143, 53.358377], [-6.551195, 53.358555], [-6.550192, 53.358607], [-6.548883, 53.358509], [-6.54452, 53.357674], [-6.543394, 53.357524], [-6.542178, 53.357507], [-6.540326, 53.35771], [-6.540174, 53.357839], [-6.539492, 53.359864], [-6.539096, 53.360431], [-6.538428, 53.360996], [-6.536638, 53.362085], [-6.53549, 53.363143], [-6.535241, 53.363517], [-6.535043, 53.363601], [-6.533093, 53.363519], [-6.528607, 53.363832], [-6.527659, 53.363714], [-6.525945, 53.363126], [-6.525098, 53.362957], [-6.524015, 53.362993], [-6.522228, 53.363442], [-6.521312, 53.363538], [-6.5204, 53.363447], [-6.518723, 53.362998], [-6.517898, 53.362947], [-6.517262, 53.363047], [-6.515639, 53.363495], [-6.513414, 53.363544], [-6.507903, 53.364796], [-6.507265, 53.365071], [-6.506653, 53.365797], [-6.506423, 53.365898], [-6.504295, 53.365426], [-6.502955, 53.365317]]}, "properties": {"route": "L59", "routes": ["L59", "W6", "X25", "X27"], "category": "local", "colour": "#2ca02c", "route_colour": "#e377c2", "pdf_colour": "#66ae3e", "stroke": "#e377c2", "stroke-width": 2, "source": "pdf-future", "phase": "future"}}, {"type": "Feature", "geometry": {"type": "LineString", "coordinates": [[-6.536352, 53.33369], [-6.536513, 53.3338], [-6.536519, 53.333929], [-6.535842, 53.334331], [-6.53561, 53.334571], [-6.535556, 53.334797], [-6.535773, 53.335887], [-6.535702, 53.337335], [-6.535901, 53.337795], [-6.536579, 53.338722], [-6.53649, 53.338885], [-6.512854, 53.343745], [-6.512806, 53.343898], [-6.5131, 53.344398], [-6.513487, 53.345481], [-6.514081, 53.346174], [-6.515262, 53.34693], [-6.517685, 53.34786], [-6.517831, 53.347972], [-6.517854, 53.348114], [-6.516661, 53.349082], [-6.516437, 53.349389], [-6.516157, 53.350039], [-6.515801, 53.351553], [-6.515559, 53.352034], [-6.514961, 53.352603], [-6.51348, 53.353657], [-6.513049, 53.3541], [-6.512536, 53.354917], [-6.511737, 53.35686], [-6.511414, 53.357207], [-6.51031, 53.358097], [-6.509414, 53.359589], [-6.508766, 53.360042], [-6.50618, 53.361191], [-6.502097, 53.363381], [-6.502077, 53.363528], [-6.502212, 53.363699], [-6.503444, 53.364654], [-6.503318, 53.364999], [-6.502955, 53.365317]]}, "properties": {"route": "C4", "routes": ["C4", "L58", "X32"], "category": "spine", "colour": "#d62728", "route_colour": "#4363d8", "pdf_colour": "#66ae3e", "stroke": "#4363d8", "stroke-width": 2, "source": "pdf-future", "phase": "future"}}, {"type": "Feature", "geometry": {"type": "LineString", "coordinates": [[-6.347449, 53.485874], [-6.34669, 53.485949], [-6.34572, 53.485916], [-6.339306, 53.485227], [-6.33806, 53.485026], [-6.334884, 53.484266], [-6.333482, 53.484012], [-6.330813, 53.483678], [-6.32869, 53.48354], [-6.324261, 53.483053], [-6.322071, 53.482686], [-6.320044, 53.482633], [-6.318073, 53.482159], [-6.317061, 53.482102], [-6.310929, 53.48213], [-6.31002, 53.482034], [-6.306918, 53.48096], [-6.305996, 53.480444], [-6.305748, 53.480164], [-6.305667, 53.479909], [-6.305946, 53.479083], [-6.305935, 53.478662], [-6.305688, 53.478277], [-6.305288, 53.478031], [-6.300413, 53.477036], [-6.297792, 53.475957], [-6.296071, 53.475339], [-6.294274, 53.474802], [-6.291815, 53.474208], [-6.289807, 53.47356], [-6.287985, 53.472707], [-6.282976, 53.470847], [-6.28166, 53.470539], [-6.263413, 53.467128], [-6.261122, 53.466478], [-6.254327, 53.464173], [-6.253023, 53.463654], [-6.251629, 53.462883], [-6.250629, 53.462506], [-6.249104, 53.461426], [-6.246886, 53.460403], [-6.244438, 53.458729], [-6.242913, 53.457986], [-6.241631, 53.457583], [-6.235865, 53.456094], [-6.233621, 53.455273], [-6.232969, 53.45518], [-6.230495, 53.455114], [-6.2304, 53.454953], [-6.231716, 53.451929], [-6.231672, 53.451737], [-6.22997, 53.451135], [-6.229152, 53.450296], [-6.228549, 53.449996], [-6.225091, 53.449782], [-6.225741, 53.449337], [-6.227087, 53.448682], [-6.23403, 53.446508]]}, "properties": {"route": "197", "routes": ["197", "21", "A4", "L82", "X84"], "category": "radial", "colour": "#9467bd", "route_colour": "#ff9896", "pdf_colour": "#66ae3e", "stroke": "#ff9896", "stroke-width": 2, "source": "pdf-future", "phase": "future"}}, {"type": "Feature", "geometry": {"type": "LineString", "coordinates": [[-6.118228, 53.487884], [-6.120023, 53.487826], [-6.120291, 53.487903], [-6.120545, 53.488128], [-6.120772, 53.488215], [-6.122498, 53.488361], [-6.1242, 53.488371], [-6.12778, 53.488134], [-6.128439, 53.488232], [-6.129708, 53.488614], [-6.130458, 53.488675], [-6.135706, 53.488434], [-6.144644, 53.487482], [-6.148947, 53.487444], [-6.150731, 53.487253], [-6.15142, 53.486991], [-6.152474, 53.486238], [-6.155767, 53.484347], [-6.157378, 53.483941], [-6.159937, 53.483587], [-6.16079, 53.483363], [-6.160983, 53.483188], [-6.161209, 53.481964], [-6.161397, 53.481453], [-6.161811, 53.48083], [-6.162283, 53.480466], [-6.162903, 53.480328], [-6.163873, 53.480429], [-6.164543, 53.4804], [-6.166299, 53.480014], [-6.166565, 53.479721], [-6.166811, 53.478667], [-6.167258, 53.478184], [-6.172087, 53.476202], [-6.173399, 53.475756], [-6.174295, 53.475542], [-6.178465, 53.475282], [-6.181157, 53.475279], [-6.184316, 53.4759], [-6.187243, 53.476307], [-6.190329, 53.477033], [-6.192387, 53.477402], [-6.196525, 53.477788], [-6.198406, 53.477811], [-6.199799, 53.477725], [-6.200583, 53.477594], [-6.209136, 53.473709], [-6.210141, 53.473366], [-6.211291, 53.473263], [-6.212679, 53.473404], [-6.216988, 53.474329], [-6.217324, 53.474265], [-6.217555, 53.473999]]}, "properties": {"route": null, "routes": [], "category": null, "colour": null, "route_colour": null, "pdf_colour": "#66ae3e", "stroke": "#66ae3e", "stroke-width": 2, "source": "pdf-future", "phase": "future"}}, {"type": "Feature", "geometry": {"type": "LineString", "coordinates": [[-6.237951, 53.425466], [-6.237921, 53.425177], [-6.238017, 53.424813], [-6.238348, 53.424677], [-6.249077, 53.425781], [-6.249634, 53.425655], [-6.250051, 53.425318], [-6.250144, 53.425122], [-6.249996, 53.424858], [-6.248677, 53.423997], [-6.244015, 53.422716], [-6.242849, 53.421937], [-6.238733, 53.420824], [-6.238226, 53.420824], [-6.237817, 53.421042], [-6.237705, 53.421435], [-6.237631, 53.422657], [-6.238016, 53.424543], [-6.237926, 53.425372], [-6.238496, 53.427675], [-6.23852, 53.428385], [-6.238258, 53.429366], [-6.236755, 53.431801], [-6.236562, 53.432456], [-6.236516, 53.433071], [-6.236636, 53.434166], [-6.237362, 53.437883], [-6.237635, 53.438781], [-6.238206, 53.440056], [-6.238336, 53.440578], [-6.23839, 53.442692], [-6.238321, 53.443266], [-6.238126, 53.443934], [-6.237808, 53.444542], [-6.23737, 53.445086], [-6.23673, 53.445624], [-6.235961, 53.446098], [-6.236182, 53.446883], [-6.236053, 53.447514], [-6.234064, 53.450584], [-6.233343, 53.451271], [-6.232938, 53.451815], [-6.231476, 53.454863], [-6.231166, 53.455138], [-6.230404, 53.455348], [-6.230163, 53.455527], [-6.229807, 53.457085], [-6.229657, 53.45838], [-6.229525, 53.458692], [-6.229205, 53.458958], [-6.228135, 53.459422], [-6.227786, 53.45966], [-6.227671, 53.459906], [-6.227784, 53.460412], [-6.227716, 53.460527], [-6.226401, 53.460815], [-6.226393, 53.461757], [-6.226168, 53.462575], [-6.223469, 53.466808], [-6.221747, 53.469124], [-6.21857, 53.472735], [-6.217357, 53.474245]]}, "properties": {"route": "21", "routes": ["21", "22", "A4", "L82", "L83", "L85", "N8", "X79"], "category": "radial", "colour": "#9467bd", "route_colour": "#1f77b4", "pdf_colour": "#66ae3e", "stroke": "#1f77b4", "stroke-width": 2, "source": "pdf-future", "phase": "future"}}, {"type": "Feature", "geometry": {"type": "LineString", "coordinates": [[-6.154693, 53.415435], [-6.152866, 53.415319], [-6.149206, 53.415263], [-6.148346, 53.415183], [-6.147449, 53.414947], [-6.146991, 53.414906], [-6.146685, 53.414992], [-6.143849, 53.416701], [-6.139195, 53.41965], [-6.139072, 53.420107], [-6.133295, 53.425919], [-6.130691, 53.428767], [-6.130319, 53.429464], [-6.130061, 53.430627], [-6.130361, 53.430785], [-6.132915, 53.430949], [-6.135745, 53.431251], [-6.135961, 53.431351], [-6.136148, 53.431669], [-6.136401, 53.431869], [-6.136854, 53.43203], [-6.137279, 53.432069], [-6.14617, 53.431409], [-6.14946, 53.430943], [-6.15129, 53.430959], [-6.15356, 53.430827], [-6.155798, 53.430831], [-6.159213, 53.430693], [-6.159402, 53.430831], [-6.15986, 53.432002], [-6.159751, 53.432272], [-6.159222, 53.432982], [-6.158979, 53.433734], [-6.158683, 53.437816], [-6.15872, 53.438793], [-6.159048, 53.439469], [-6.160195, 53.440833], [-6.160527, 53.44139], [-6.160925, 53.443408], [-6.162169, 53.446795], [-6.162577, 53.446874], [-6.172264, 53.445438], [-6.184633, 53.449325], [-6.18516, 53.449549], [-6.185824, 53.449973], [-6.186055, 53.450172], [-6.186361, 53.450668], [-6.186621, 53.450838], [-6.189596, 53.451549], [-6.190294, 53.451505], [-6.190739, 53.451282], [-6.192687, 53.449026], [-6.193194, 53.448264], [-6.194065, 53.44757], [-6.194886, 53.44652], [-6.195189, 53.446422], [-6.200925, 53.448011], [-6.202512, 53.448338], [-6.204132, 53.448563], [-6.21231, 53.4493], [-6.219258, 53.449827], [-6.228024, 53.450263], [-6.228628, 53.450497], [-6.2292, 53.4511], [-6.229662, 53.451392], [-6.231495, 53.452053], [-6.2335, 53.452441], [-6.233689, 53.452386], [-6.234194, 53.451618], [-6.234956, 53.450883], [-6.235059, 53.450546], [-6.235974, 53.450173], [-6.236802, 53.449312], [-6.237109, 53.449096], [-6.238514, 53.448589], [-6.239514, 53.448094], [-6.240864, 53.448037], [-6.245065, 53.448311], [-6.248691, 53.449152], [-6.250905, 53.449431], [-6.252384, 53.449882], [-6.253185, 53.450043], [-6.254222, 53.450007], [-6.254955, 53.449703], [-6.25536, 53.449292], [-6.255615, 53.448731], [-6.255875, 53.447471], [-6.256153, 53.446703], [-6.255987, 53.446334], [-6.255656, 53.446125], [-6.255184, 53.44598], [-6.252183, 53.445444], [-6.250903, 53.445084], [-6.248942, 53.444102], [-6.248255, 53.443581], [-6.248041, 53.443265], [-6.248182, 53.443134], [-6.25051, 53.442255], [-6.252995, 53.440877], [-6.25422, 53.439935], [-6.260157, 53.435797], [-6.260313, 53.435496], [-6.260088, 53.434811], [-6.259738, 53.434524], [-6.257561, 53.433414], [-6.257011, 53.43287], [-6.256769, 53.432773], [-6.255834, 53.432907], [-6.253902, 53.433483], [-6.252913, 53.433665], [-6.25161, 53.43374], [-6.249099, 53.433681], [-6.247297, 53.433381], [-6.245218, 53.432624], [-6.244328, 53.432389], [-6.24301, 53.432207], [-6.240596, 53.432082], [-6.23912, 53.431649], [-6.238029, 53.431063], [-6.23785, 53.430812], [-6.238669, 53.429344], [-6.238848, 53.428763], [-6.238919, 53.428141], [-6.238843, 53.427508], [-6.238307, 53.42537], [-6.238395, 53.424531], [-6.238012, 53.422651], [-6.238094, 53.421405], [-6.238223, 53.421077], [-6.238661, 53.421033], [-6.242667, 53.422119], [-6.243456, 53.422714], [-6.243823, 53.422895], [-6.248418, 53.424148], [-6.249668, 53.424959], [-6.249761, 53.425089], [-6.249364, 53.425492], [-6.249042, 53.425565], [-6.238747, 53.424502], [-6.238439, 53.424608], [-6.238344, 53.425027]]}, "properties": {"route": "20", "routes": ["20", "21", "22", "A4", "L81", "N8", "X77", "X78", "X79", "X83"], "category": "radial", "colour": "#9467bd", "route_colour": "#98df8a", "pdf_colour": "#66ae3e", "stroke": "#98df8a", "stroke-width": 2, "source": "pdf-future", "phase": "future"}}, {"type": "Feature", "geometry": {"type": "LineString", "coordinates": [[-6.147801, 53.415039], [-6.147606, 53.414657], [-6.147384, 53.414474], [-6.14625, 53.414095], [-6.145097, 53.413843], [-6.144465, 53.413484], [-6.143734, 53.412984], [-6.142448, 53.411776], [-6.141648, 53.410789], [-6.141206, 53.409929], [-6.141052, 53.409366], [-6.140998, 53.408448], [-6.140787, 53.407856], [-6.138934, 53.404875], [-6.134571, 53.400961], [-6.133805, 53.400078], [-6.133124, 53.399081], [-6.132777, 53.398777], [-6.130223, 53.396875], [-6.128599, 53.395817], [-6.127755, 53.395117], [-6.127221, 53.394459], [-6.126659, 53.393928], [-6.124782, 53.39266], [-6.122166, 53.391475], [-6.119282, 53.390406], [-6.117898, 53.389922], [-6.117536, 53.389899], [-6.117326, 53.389972]]}, "properties": {"route": "H2", "routes": ["H2", "L81", "X78"], "category": "spine", "colour": "#d62728", "route_colour": "#f032e6", "pdf_colour": "#66ae3e", "stroke": "#f032e6", "stroke-width": 2, "source": "pdf-future", "phase": "future"}}, {"type": "Feature", "geometry": {"type": "LineString", "coordinates": [[-6.495176, 53.363122], [-6.494736, 53.362917], [-6.493337, 53.362978], [-6.492539, 53.362834], [-6.492275, 53.362587], [-6.492401, 53.361358], [-6.492337, 53.361229], [-6.490234, 53.360569], [-6.472501, 53.356537], [-6.470893, 53.355989], [-6.467063, 53.354494], [-6.465623, 53.354457], [-6.463309, 53.354111], [-6.460916, 53.35426], [-6.458191, 53.354827], [-6.455309, 53.355235], [-6.450812, 53.355402], [-6.449645, 53.355585], [-6.448751, 53.355878], [-6.447834, 53.356354], [-6.446623, 53.357093], [-6.445112, 53.35816], [-6.444137, 53.358525], [-6.442799, 53.358799], [-6.441185, 53.358837], [-6.436317, 53.358426], [-6.431956, 53.358456], [-6.430511, 53.358283], [-6.430187, 53.358076], [-6.429695, 53.357137], [-6.428361, 53.356122], [-6.426333, 53.354746], [-6.425737, 53.354176], [-6.425064, 53.353286], [-6.424954, 53.352518], [-6.425084, 53.351644], [-6.42538, 53.350791], [-6.430782, 53.339726], [-6.43075, 53.339593], [-6.428089, 53.339205], [-6.4254, 53.338683], [-6.419862, 53.338392], [-6.419359, 53.338434], [-6.418503, 53.33866], [-6.417391, 53.339141], [-6.417108, 53.339533], [-6.416569, 53.340869], [-6.416452, 53.340948], [-6.416122, 53.340935], [-6.413836, 53.340417], [-6.410805, 53.34015], [-6.410581, 53.339959], [-6.410357, 53.33813], [-6.410173, 53.337272], [-6.408743, 53.334462], [-6.407949, 53.332391], [-6.407559, 53.330967], [-6.407272, 53.329364], [-6.406873, 53.328075], [-6.406287, 53.326733], [-6.40559, 53.325628], [-6.405047, 53.324519], [-6.40477, 53.324462], [-6.404014, 53.324609], [-6.399317, 53.326737], [-6.396856, 53.327507], [-6.396603, 53.327513], [-6.396, 53.327067], [-6.395597, 53.326219], [-6.395546, 53.325601], [-6.395769, 53.323816], [-6.395708, 53.323432], [-6.395557, 53.32314], [-6.395291, 53.322967], [-6.39413, 53.323017], [-6.393442, 53.322864], [-6.39306, 53.322605], [-6.392571, 53.321849], [-6.392207, 53.321752], [-6.391822, 53.321878], [-6.391327, 53.322363], [-6.391161, 53.3227], [-6.391234, 53.323243], [-6.391183, 53.323538], [-6.390622, 53.323976], [-6.3899, 53.324309], [-6.388317, 53.324748], [-6.387228, 53.325143], [-6.383517, 53.326707], [-6.382638, 53.325863], [-6.381565, 53.325111], [-6.378236, 53.323246], [-6.375834, 53.321759], [-6.375845, 53.321621], [-6.376862, 53.320751], [-6.37757, 53.319603], [-6.377517, 53.319379], [-6.376888, 53.318989], [-6.376297, 53.318782], [-6.372276, 53.318001], [-6.372073, 53.317881], [-6.371566, 53.317112], [-6.371266, 53.316887], [-6.37, 53.317028], [-6.368651, 53.31686]]}, "properties": {"route": "57", "routes": ["57", "60", "9", "C1", "C3", "C4", "D3", "G1", "L53", "L54", "W4", "X25", "X26", "X30", "X31", "X32"], "category": "radial", "colour": "#9467bd", "route_colour": "#c5b0d5", "pdf_colour": "#66ae3e", "stroke": "#c5b0d5", "stroke-width": 2, "source": "pdf-future", "phase": "future"}}, {"type": "Feature", "geometry": {"type": "LineString", "coordinates": [[-6.469875, 53.33584], [-6.469844, 53.33644], [-6.469684, 53.336596], [-6.469422, 53.336668], [-6.467911, 53.336692], [-6.465643, 53.337052], [-6.462532, 53.337232], [-6.461811, 53.337117], [-6.460802, 53.337473], [-6.459183, 53.33763], [-6.457649, 53.337676], [-6.456374, 53.33762], [-6.455948, 53.337689], [-6.455654, 53.33903], [-6.455088, 53.34307], [-6.454961, 53.343215], [-6.454685, 53.34328], [-6.449868, 53.343282], [-6.449106, 53.34334], [-6.44947, 53.342848], [-6.450064, 53.342385], [-6.450291, 53.341885], [-6.450184, 53.341353], [-6.449397, 53.340777], [-6.44819, 53.340093], [-6.445677, 53.339164], [-6.443054, 53.338562], [-6.441298, 53.33828], [-6.439601, 53.338239], [-6.438125, 53.338325], [-6.436383, 53.338663], [-6.434322, 53.339239], [-6.432417, 53.339122], [-6.428169, 53.338551], [-6.42642, 53.338591], [-6.420698, 53.338243], [-6.419391, 53.338247], [-6.41808, 53.338574], [-6.417212, 53.338976], [-6.416858, 53.339367], [-6.416349, 53.340575], [-6.416141, 53.340707], [-6.413674, 53.34022], [-6.410878, 53.340064], [-6.410634, 53.3403], [-6.410038, 53.342939], [-6.408091, 53.349977], [-6.40783, 53.352643], [-6.407535, 53.35274], [-6.399661, 53.35258], [-6.399422, 53.352652], [-6.39883, 53.353078], [-6.396977, 53.354034]]}, "properties": {"route": "C1", "routes": ["C1", "C2", "D1", "G2", "L51", "L53", "L54"], "category": "spine", "colour": "#d62728", "route_colour": "#4363d8", "pdf_colour": "#66ae3e", "stroke": "#4363d8", "stroke-width": 2, "source": "pdf-future", "phase": "future"}}, {"type": "Feature", "geometry": {"type": "LineString", "coordinates": [[-6.254213, 53.349859], [-6.253658, 53.349978], [-6.252629, 53.350458], [-6.251902, 53.350612], [-6.251434, 53.350629], [-6.250313, 53.350417], [-6.250022, 53.350492], [-6.249653, 53.350347], [-6.250093, 53.349508], [-6.250903, 53.348568], [-6.251128, 53.348484], [-6.252848, 53.348396], [-6.253428, 53.348888], [-6.256002, 53.35188], [-6.25621, 53.351924], [-6.257463, 53.351704], [-6.25824, 53.352625], [-6.255877, 53.353299], [-6.253483, 53.354089], [-6.250888, 53.355055], [-6.249577, 53.355725], [-6.249067, 53.355863], [-6.248682, 53.355757], [-6.240279, 53.350082], [-6.239677, 53.349825], [-6.239059, 53.34972], [-6.225535, 53.348919], [-6.2249, 53.348817], [-6.224791, 53.348734], [-6.224745, 53.347086], [-6.225069, 53.346031], [-6.225406, 53.345851], [-6.225812, 53.345809], [-6.230264, 53.346122], [-6.230424, 53.346274], [-6.230475, 53.346447], [-6.230299, 53.349186]]}, "properties": {"route": "10", "routes": ["10", "21", "6", "60", "72", "73", "78", "8", "97", "L91"], "category": "radial", "colour": "#9467bd", "route_colour": "#ffbb78", "pdf_colour": "#66ae3e", "stroke": "#ffbb78", "stroke-width": 2, "source": "pdf-future", "phase": "future"}}, {"type": "Feature", "geometry": {"type": "LineString", "coordinates": [[-6.46795, 53.217914], [-6.467013, 53.218115], [-6.465738, 53.218581], [-6.464978, 53.219036], [-6.464471, 53.219462], [-6.461836, 53.222057], [-6.460045, 53.223491], [-6.458867, 53.225409], [-6.458016, 53.226512], [-6.453058, 53.231617], [-6.45249, 53.232141], [-6.450354, 53.233691], [-6.448695, 53.234466], [-6.447324, 53.236056], [-6.446323, 53.238166], [-6.446032, 53.239028], [-6.446297, 53.239454], [-6.44747, 53.240866], [-6.447766, 53.241465], [-6.447744, 53.24256], [-6.447986, 53.243432], [-6.448006, 53.244757], [-6.448774, 53.246312], [-6.449067, 53.248219], [-6.449135, 53.249384], [-6.448726, 53.25036], [-6.445949, 53.25395], [-6.445753, 53.254115], [-6.444717, 53.254612], [-6.444384, 53.255694], [-6.443834, 53.256091], [-6.443208, 53.256878], [-6.44238, 53.257175], [-6.4422, 53.257324], [-6.441922, 53.258136], [-6.441951, 53.259074], [-6.441855, 53.259585], [-6.440869, 53.260602], [-6.440201, 53.262536], [-6.439607, 53.263115], [-6.439107, 53.263802], [-6.438103, 53.264362], [-6.437546, 53.264872], [-6.437232, 53.26522], [-6.436902, 53.266008], [-6.436681, 53.266301], [-6.435554, 53.267044], [-6.434179, 53.268295], [-6.432507, 53.269251], [-6.431959, 53.269644], [-6.430132, 53.271228], [-6.42839, 53.272493], [-6.426244, 53.274292], [-6.425715, 53.274614], [-6.425256, 53.27474], [-6.421012, 53.275237], [-6.419518, 53.275522], [-6.41855, 53.275808], [-6.417153, 53.276574], [-6.416321, 53.276813], [-6.411958, 53.276548], [-6.40799, 53.276078], [-6.400665, 53.275533], [-6.398802, 53.275529], [-6.397433, 53.27572], [-6.396312, 53.276104], [-6.394776, 53.276855], [-6.394223, 53.277244], [-6.393699, 53.277871], [-6.392929, 53.27826], [-6.38457, 53.281202], [-6.381057, 53.283419], [-6.380149, 53.283878], [-6.379059, 53.28426], [-6.377753, 53.284586], [-6.374742, 53.284994], [-6.374449, 53.285182], [-6.374379, 53.285448], [-6.372633, 53.286138], [-6.371759, 53.286386], [-6.370533, 53.286518], [-6.370438, 53.286627], [-6.370509, 53.286924]]}, "properties": {"route": "D2", "routes": ["D2", "L44"], "category": "spine", "colour": "#d62728", "route_colour": "#f58231", "pdf_colour": "#66ae3e", "stroke": "#f58231", "stroke-width": 2, "source": "pdf-future", "phase": "future"}}, {"type": "Feature", "geometry": {"type": "LineString", "coordinates": [[-6.377431, 53.385512], [-6.378589, 53.386107], [-6.378702, 53.386273], [-6.377223, 53.387442], [-6.376617, 53.388131], [-6.376651, 53.388278], [-6.377213, 53.388734], [-6.377301, 53.389236], [-6.378478, 53.389241], [-6.381799, 53.389023], [-6.383273, 53.38906], [-6.384064, 53.389185], [-6.384818, 53.389412], [-6.385554, 53.389789], [-6.385657, 53.389947], [-6.385626, 53.39011], [-6.383156, 53.391687], [-6.379894, 53.394249], [-6.377782, 53.39559], [-6.375021, 53.396947], [-6.369719, 53.399018], [-6.36817, 53.399877], [-6.366926, 53.400717], [-6.366662, 53.401354], [-6.36379, 53.403638], [-6.363907, 53.403793], [-6.366002, 53.404645], [-6.367681, 53.407202], [-6.36883, 53.408809], [-6.36926, 53.409292], [-6.369765, 53.409601], [-6.370848, 53.410066], [-6.371989, 53.410831], [-6.372687, 53.411093], [-6.373002, 53.411125], [-6.373262, 53.411038], [-6.373952, 53.410284], [-6.37479, 53.409527], [-6.376283, 53.408606], [-6.377187, 53.407702], [-6.377416, 53.407291], [-6.377577, 53.405818], [-6.377802, 53.405371], [-6.378019, 53.405163], [-6.379186, 53.404497], [-6.379749, 53.403963], [-6.380326, 53.403067], [-6.381304, 53.400813], [-6.381806, 53.400215], [-6.3824, 53.399739], [-6.383165, 53.399311], [-6.383499, 53.399305], [-6.384361, 53.400072], [-6.385364, 53.400655], [-6.385591, 53.400664], [-6.38567, 53.400595], [-6.385637, 53.400517], [-6.384379, 53.39973], [-6.383852, 53.399152], [-6.383874, 53.398965], [-6.384607, 53.398639], [-6.385435, 53.398389], [-6.3917, 53.397058], [-6.392211, 53.396758], [-6.395566, 53.396034], [-6.397266, 53.395518], [-6.398902, 53.394666], [-6.403616, 53.391849], [-6.40227, 53.391728], [-6.401099, 53.392535], [-6.400019, 53.392539]]}, "properties": {"route": "35", "routes": ["35", "L61", "L62", "N4", "X61"], "category": "radial", "colour": "#9467bd", "route_colour": "#bcbd22", "pdf_colour": "#66ae3e", "stroke": "#bcbd22", "stroke-width": 2, "source": "pdf-future", "phase": "future"}}, {"type": "Feature", "geometry": {"type": "LineString", "coordinates": [[-6.375929, 53.382711], [-6.376419, 53.3826], [-6.377607, 53.382791], [-6.379383, 53.383362], [-6.381418, 53.383717], [-6.382624, 53.384061], [-6.385548, 53.38534], [-6.386348, 53.385915], [-6.387113, 53.386608], [-6.387513, 53.386705], [-6.388252, 53.386561], [-6.388659, 53.386389], [-6.390998, 53.384453], [-6.392228, 53.383741], [-6.395844, 53.382215], [-6.399807, 53.381064], [-6.400821, 53.380931], [-6.402195, 53.380944], [-6.404747, 53.38069], [-6.407374, 53.380847], [-6.410252, 53.380707], [-6.413398, 53.380897], [-6.415526, 53.380916], [-6.415754, 53.381001], [-6.415874, 53.381143], [-6.41612, 53.382225], [-6.416894, 53.383786], [-6.417046, 53.384347], [-6.416927, 53.384792], [-6.416349, 53.385701], [-6.416077, 53.386536], [-6.415906, 53.388], [-6.415965, 53.388547], [-6.416071, 53.388785], [-6.416461, 53.38896], [-6.416902, 53.389011], [-6.419196, 53.38868], [-6.420227, 53.388654], [-6.424364, 53.389058], [-6.425292, 53.389283], [-6.425916, 53.389608], [-6.426332, 53.390087], [-6.426463, 53.390641], [-6.426347, 53.391648], [-6.425932, 53.392541], [-6.421981, 53.397548], [-6.421349, 53.398012], [-6.420559, 53.398407], [-6.419548, 53.39868], [-6.418642, 53.398791], [-6.4177, 53.39873], [-6.416959, 53.398577], [-6.413991, 53.397524], [-6.40936, 53.396358], [-6.408626, 53.395983], [-6.408234, 53.395595], [-6.408033, 53.395059], [-6.408094, 53.394735], [-6.4086, 53.393505], [-6.408603, 53.393002], [-6.408474, 53.392619], [-6.40791, 53.391947], [-6.406861, 53.391211], [-6.406586, 53.390782], [-6.406081, 53.39046], [-6.405909, 53.390208], [-6.405671, 53.390067], [-6.400567, 53.389831], [-6.400163, 53.389965], [-6.39852, 53.391047], [-6.398509, 53.391379]]}, "properties": {"route": "37", "routes": ["37", "B2", "L61", "L64", "N4", "W4", "X61"], "category": "radial", "colour": "#9467bd", "route_colour": "#8c564b", "pdf_colour": "#66ae3e", "stroke": "#8c564b", "stroke-width": 2, "source": "pdf-future", "phase": "future"}}, {"type": "Feature", "geometry": {"type": "LineString", "coordinates": [[-6.468697, 53.297733], [-6.469291, 53.297097], [-6.469747, 53.29628], [-6.469809, 53.29601], [-6.469713, 53.295157], [-6.469883, 53.294793], [-6.470831, 53.293567], [-6.471135, 53.293443], [-6.471469, 53.293435], [-6.472444, 53.293602], [-6.474013, 53.294083], [-6.47523, 53.294336], [-6.476364, 53.294463], [-6.478187, 53.294522], [-6.481926, 53.295077], [-6.485922, 53.295384], [-6.487123, 53.295607], [-6.489686, 53.296258], [-6.490642, 53.296389], [-6.492338, 53.29745], [-6.492583, 53.297746], [-6.493017, 53.298547], [-6.493436, 53.298995], [-6.494125, 53.299432], [-6.495049, 53.299863], [-6.496019, 53.30015], [-6.496949, 53.300307], [-6.500721, 53.300458], [-6.501057, 53.300537], [-6.501248, 53.300741], [-6.501225, 53.301878], [-6.501029, 53.302382], [-6.500294, 53.303635], [-6.499333, 53.305028], [-6.497722, 53.307048], [-6.496333, 53.308403], [-6.494638, 53.309911], [-6.491987, 53.31121], [-6.488949, 53.313595], [-6.487872, 53.314343], [-6.487187, 53.314717], [-6.486355, 53.314989], [-6.482378, 53.315391], [-6.481758, 53.315526], [-6.480251, 53.316072], [-6.477489, 53.316057], [-6.477012, 53.316219], [-6.475568, 53.317023], [-6.474936, 53.317267], [-6.47391, 53.317385], [-6.470302, 53.317542], [-6.467598, 53.318364], [-6.464066, 53.318835], [-6.462081, 53.319653], [-6.45938, 53.318994], [-6.457257, 53.318726], [-6.456544, 53.318839], [-6.455507, 53.319516], [-6.455133, 53.319642], [-6.453266, 53.319881], [-6.452314, 53.319887], [-6.451556, 53.319724], [-6.449282, 53.318597], [-6.448537, 53.318386], [-6.447375, 53.318277], [-6.444268, 53.318206], [-6.441114, 53.317777], [-6.439781, 53.317682], [-6.437353, 53.317745], [-6.433302, 53.318108], [-6.431877, 53.318362], [-6.429593, 53.31906], [-6.427956, 53.319465], [-6.426368, 53.319693], [-6.422245, 53.320101], [-6.421995, 53.320013], [-6.421357, 53.31893], [-6.421142, 53.318807], [-6.420283, 53.318788], [-6.418705, 53.319026], [-6.417269, 53.318956], [-6.415668, 53.319306], [-6.411215, 53.320666], [-6.409011, 53.321098], [-6.407085, 53.32159], [-6.406958, 53.321717], [-6.406831, 53.322741], [-6.405788, 53.323034], [-6.404806, 53.324001], [-6.403531, 53.324214], [-6.399074, 53.32621], [-6.396377, 53.32709], [-6.396024, 53.326548], [-6.395846, 53.325928], [-6.395851, 53.3254], [-6.39605, 53.324021], [-6.396021, 53.323484], [-6.395802, 53.323057], [-6.395463, 53.322922]]}, "properties": {"route": "57", "routes": ["57", "60", "D3", "L54", "W6", "X55"], "category": "radial", "colour": "#9467bd", "route_colour": "#c5b0d5", "pdf_colour": "#662484", "stroke": "#c5b0d5", "stroke-width": 2, "source": "pdf-future", "phase": "future"}}, {"type": "Feature", "geometry": {"type": "LineString", "coordinates": [[-6.234266, 53.273645], [-6.23553, 53.273716], [-6.240195, 53.273532], [-6.242313, 53.273538], [-6.244358, 53.273707], [-6.246281, 53.274039], [-6.248716, 53.27473], [-6.251592, 53.275858], [-6.253326, 53.276767], [-6.255296, 53.278123], [-6.255256, 53.27824], [-6.254748, 53.278506], [-6.254101, 53.278992], [-6.253521, 53.279718], [-6.253317, 53.280287], [-6.253157, 53.281339], [-6.253075, 53.28214], [-6.253124, 53.282489], [-6.25348, 53.283108], [-6.254111, 53.283739], [-6.256857, 53.285036], [-6.257699, 53.285635], [-6.257958, 53.285989], [-6.258292, 53.286797], [-6.258368, 53.287288], [-6.258308, 53.287862], [-6.258123, 53.288188], [-6.257877, 53.288265], [-6.255476, 53.288153], [-6.252969, 53.288427], [-6.248671, 53.288657], [-6.24841, 53.288742], [-6.248352, 53.288874], [-6.248543, 53.290322], [-6.249763, 53.292233], [-6.25012, 53.29334], [-6.24999, 53.294616], [-6.249542, 53.295485], [-6.249559, 53.295809], [-6.249883, 53.296214], [-6.251668, 53.296574], [-6.252202, 53.2968], [-6.25258, 53.29708], [-6.252834, 53.2974], [-6.252969, 53.297747], [-6.252955, 53.298744], [-6.253024, 53.299115], [-6.253273, 53.29952], [-6.253708, 53.299883], [-6.259318, 53.302471], [-6.260875, 53.303058], [-6.261069, 53.303197], [-6.261041, 53.303519], [-6.26049, 53.304232], [-6.260056, 53.30442], [-6.257919, 53.304937], [-6.257414, 53.305218], [-6.257383, 53.30534], [-6.257457, 53.305456], [-6.258016, 53.30561], [-6.259396, 53.305672], [-6.26001, 53.305781], [-6.261708, 53.306608], [-6.263571, 53.307174], [-6.26424, 53.307458], [-6.264739, 53.307836], [-6.266052, 53.309218], [-6.267713, 53.309884], [-6.268179, 53.310178], [-6.268427, 53.310512], [-6.269134, 53.312064], [-6.269034, 53.312221], [-6.26866, 53.312463], [-6.266604, 53.312884], [-6.259273, 53.313505], [-6.259066, 53.313572], [-6.258971, 53.313692], [-6.260482, 53.315917], [-6.260705, 53.316395], [-6.260683, 53.31709], [-6.260162, 53.318448], [-6.260159, 53.318748], [-6.260274, 53.319145], [-6.26069, 53.319827], [-6.262331, 53.321938], [-6.262443, 53.322211], [-6.261922, 53.329121], [-6.261932, 53.329819], [-6.263341, 53.333613], [-6.263454, 53.334107], [-6.263522, 53.335152], [-6.264125, 53.33663], [-6.264035, 53.336774], [-6.263677, 53.336995], [-6.263822, 53.337378], [-6.263768, 53.337798], [-6.263817, 53.338204], [-6.263591, 53.339819], [-6.26365, 53.340309], [-6.263602, 53.340723], [-6.263462, 53.340983], [-6.26288, 53.341597], [-6.262711, 53.342145], [-6.262807, 53.343252], [-6.262879, 53.343478], [-6.263047, 53.343615], [-6.263481, 53.343699], [-6.266315, 53.343546], [-6.268598, 53.343153], [-6.269447, 53.342683], [-6.269847, 53.3426], [-6.27286, 53.343147], [-6.273683, 53.343183], [-6.274517, 53.343109], [-6.274857, 53.343351], [-6.275013, 53.343608], [-6.274443, 53.34489], [-6.274502, 53.34503], [-6.274741, 53.345125], [-6.280649, 53.346048], [-6.283741, 53.346243], [-6.289005, 53.346417], [-6.289961, 53.346537], [-6.291177, 53.346934], [-6.293387, 53.34688], [-6.294416, 53.346939], [-6.295362, 53.347261], [-6.303762, 53.347372], [-6.309362, 53.347285], [-6.312822, 53.346922], [-6.317932, 53.34608], [-6.320563, 53.345729], [-6.327396, 53.345365], [-6.329915, 53.345401], [-6.339045, 53.345931], [-6.341112, 53.346289], [-6.343335, 53.347135], [-6.343912, 53.347277], [-6.344943, 53.34724], [-6.347459, 53.346887], [-6.349635, 53.34832], [-6.351441, 53.349177], [-6.352606, 53.349529], [-6.35592, 53.350301], [-6.360265, 53.351609], [-6.362707, 53.352189], [-6.366064, 53.352393], [-6.368805, 53.352746], [-6.374648, 53.354051], [-6.37496, 53.353981], [-6.376583, 53.352953], [-6.379776, 53.351739], [-6.38028, 53.351472], [-6.380557, 53.351232], [-6.380706, 53.350947], [-6.380716, 53.350701], [-6.380037, 53.348795], [-6.379984, 53.348323], [-6.380061, 53.34786], [-6.380416, 53.347196], [-6.381504, 53.345942], [-6.381649, 53.345628], [-6.381706, 53.345186], [-6.381913, 53.345084], [-6.382378, 53.345064], [-6.383373, 53.345273], [-6.385492, 53.346185], [-6.386661, 53.346538], [-6.387839, 53.34672], [-6.391254, 53.347016], [-6.391411, 53.347166], [-6.391572, 53.348157], [-6.391982, 53.348615], [-6.397359, 53.35112], [-6.397743, 53.351391], [-6.397855, 53.351795], [-6.397636, 53.352139], [-6.394755, 53.353679], [-6.394596, 53.353835], [-6.394545, 53.354013]]}, "properties": {"route": "23", "routes": ["23", "52", "71", "72", "73", "74", "80", "82", "A4", "L35", "L55", "N2", "N4", "S2", "S4", "W2"], "category": "radial", "colour": "#9467bd", "route_colour": "#c49c94", "pdf_colour": "#662484", "stroke": "#c49c94", "stroke-width": 2, "source": "pdf-future", "phase": "future"}}, {"type": "Feature", "geometry": {"type": "LineString", "coordinates": [[-6.322657, 53.329606], [-6.322346, 53.329292], [-6.315153, 53.326083], [-6.315164, 53.325871], [-6.315802, 53.32553], [-6.316882, 53.325257], [-6.318708, 53.325155], [-6.319025, 53.325229], [-6.322346, 53.329292], [-6.322769, 53.32972], [-6.322792, 53.329874], [-6.319918, 53.331927], [-6.319536, 53.332336], [-6.318725, 53.333485], [-6.318397, 53.333764], [-6.318035, 53.333943], [-6.31677, 53.334225], [-6.31059, 53.334851], [-6.309865, 53.334859], [-6.308761, 53.334707], [-6.306708, 53.334074], [-6.304152, 53.333941], [-6.304008, 53.333797], [-6.30396, 53.333214], [-6.3043, 53.332783], [-6.304269, 53.332015], [-6.304039, 53.331815], [-6.301812, 53.331698], [-6.297551, 53.330999], [-6.295965, 53.330826], [-6.295745, 53.330854], [-6.295589, 53.330968], [-6.29561, 53.331587], [-6.295853, 53.332145], [-6.296519, 53.333076], [-6.29662, 53.333907], [-6.297227, 53.335165], [-6.29713, 53.335282], [-6.292316, 53.334256], [-6.289569, 53.332645], [-6.288448, 53.332104], [-6.287595, 53.331803], [-6.286763, 53.331664], [-6.285218, 53.33165], [-6.282212, 53.330997], [-6.278944, 53.330462], [-6.277934, 53.330501], [-6.275474, 53.331133], [-6.273018, 53.331582], [-6.270299, 53.331546], [-6.263597, 53.331955], [-6.263526, 53.332079], [-6.263899, 53.333086], [-6.26371, 53.333489], [-6.264306, 53.336164], [-6.264539, 53.336636], [-6.264463, 53.336843], [-6.264213, 53.337008], [-6.264209, 53.337335], [-6.26447, 53.337697], [-6.264581, 53.338222], [-6.264355, 53.339869], [-6.264371, 53.34076], [-6.26421, 53.341121], [-6.263691, 53.341642], [-6.263548, 53.341885], [-6.263463, 53.342292], [-6.263489, 53.343263], [-6.266152, 53.34315], [-6.267961, 53.34288], [-6.268411, 53.342782], [-6.269011, 53.342382], [-6.269594, 53.342243], [-6.270102, 53.342242], [-6.270634, 53.342361]]}, "properties": {"route": "23", "routes": ["23", "71", "72", "80", "S2"], "category": "radial", "colour": "#9467bd", "route_colour": "#c49c94", "pdf_colour": "#662484", "stroke": "#c49c94", "stroke-width": 2, "source": "pdf-future", "phase": "future"}}, {"type": "Feature", "geometry": {"type": "LineString", "coordinates": [[-6.335551, 53.370045], [-6.335938, 53.370049], [-6.336385, 53.369837], [-6.336937, 53.369387], [-6.337337, 53.369265], [-6.338091, 53.369277], [-6.34006, 53.369591], [-6.34078, 53.369624], [-6.352322, 53.368129], [-6.352917, 53.368213], [-6.357267, 53.369316], [-6.360124, 53.369537], [-6.362878, 53.370151], [-6.364573, 53.370407], [-6.366957, 53.371192], [-6.367351, 53.371409], [-6.367926, 53.372044], [-6.368487, 53.373296], [-6.369094, 53.373999], [-6.370017, 53.374762], [-6.37149, 53.375695], [-6.372279, 53.376776], [-6.3729, 53.377342], [-6.374587, 53.378335], [-6.374866, 53.378404], [-6.375136, 53.378341], [-6.377288, 53.376987], [-6.377838, 53.376798], [-6.379578, 53.376436], [-6.380639, 53.376096], [-6.381657, 53.37562], [-6.382574, 53.374953], [-6.382864, 53.374825], [-6.383307, 53.374801], [-6.383917, 53.374973], [-6.385681, 53.376001], [-6.385893, 53.376004], [-6.386478, 53.37581], [-6.387252, 53.375382], [-6.387911, 53.374771], [-6.388178, 53.374265], [-6.388214, 53.373484], [-6.388393, 53.373372], [-6.396084, 53.373643], [-6.396308, 53.373589], [-6.396331, 53.373415], [-6.393773, 53.370945], [-6.393185, 53.370174], [-6.392933, 53.369586], [-6.392739, 53.368557], [-6.392729, 53.368255], [-6.392936, 53.368108], [-6.395001, 53.368093], [-6.397243, 53.368378], [-6.398408, 53.36866], [-6.403325, 53.370165], [-6.404595, 53.370708], [-6.407167, 53.372247], [-6.40888, 53.373022], [-6.411286, 53.37388], [-6.411647, 53.374054], [-6.411725, 53.374211], [-6.411632, 53.374339], [-6.410422, 53.375058], [-6.40961, 53.37566], [-6.409015, 53.376331], [-6.408743, 53.376888], [-6.408646, 53.377586], [-6.408787, 53.378277], [-6.409144, 53.378946], [-6.409986, 53.380006], [-6.410113, 53.380287], [-6.410124, 53.380653], [-6.409233, 53.383788], [-6.40763, 53.388437], [-6.407294, 53.389275], [-6.406899, 53.389973], [-6.406302, 53.390742], [-6.406004, 53.390917], [-6.401511, 53.390723], [-6.401174, 53.390814], [-6.400462, 53.391329]]}, "properties": {"route": "34", "routes": ["34", "37", "B1", "L52"], "category": "radial", "colour": "#9467bd", "route_colour": "#7f7f7f", "pdf_colour": "#662484", "stroke": "#7f7f7f", "stroke-width": 2, "source": "pdf-future", "phase": "future"}}, {"type": "Feature", "geometry": {"type": "LineString", "coordinates": [[-6.330531, 53.3068], [-6.330023, 53.306494], [-6.329636, 53.306103], [-6.32944, 53.305605], [-6.329496, 53.305002], [-6.329188, 53.304832], [-6.328032, 53.304809], [-6.325533, 53.304929], [-6.321673, 53.304842], [-6.317585, 53.305262], [-6.31737, 53.305371], [-6.31717, 53.305861], [-6.316672, 53.30647], [-6.313992, 53.307927], [-6.311163, 53.308997], [-6.305711, 53.310666], [-6.30333, 53.311505], [-6.301031, 53.312579], [-6.300801, 53.312781], [-6.300476, 53.313334], [-6.300235, 53.313402], [-6.29759, 53.313141], [-6.294797, 53.312607], [-6.280261, 53.310425], [-6.277305, 53.311309], [-6.272717, 53.312297], [-6.270062, 53.312757], [-6.269697, 53.312889], [-6.26411, 53.321657], [-6.2639, 53.321879], [-6.263619, 53.322014]]}, "properties": {"route": "74", "routes": ["74", "81", "F2", "S4"], "category": "radial", "colour": "#9467bd", "route_colour": "#ff9896", "pdf_colour": "#662484", "stroke": "#ff9896", "stroke-width": 2, "source": "pdf-future", "phase": "future"}}, {"type": "Feature", "geometry": {"type": "LineString", "coordinates": [[-6.371051, 53.287672], [-6.37131, 53.288566], [-6.371973, 53.289862], [-6.37194, 53.29013], [-6.371718, 53.290362], [-6.371293, 53.290531], [-6.36911, 53.290877], [-6.366131, 53.291654], [-6.364606, 53.291924], [-6.363689, 53.291976], [-6.36335, 53.291875], [-6.362574, 53.290397], [-6.361009, 53.290704], [-6.360164, 53.290734], [-6.359668, 53.290667], [-6.358964, 53.290389], [-6.356645, 53.288899], [-6.353121, 53.289236], [-6.349956, 53.28913], [-6.347782, 53.289466], [-6.344711, 53.289627], [-6.333805, 53.290657], [-6.333428, 53.290539], [-6.332697, 53.289498], [-6.33247, 53.289424], [-6.32966, 53.290199], [-6.327205, 53.291083], [-6.326733, 53.291399], [-6.326733, 53.291867], [-6.326609, 53.292088], [-6.326, 53.292387], [-6.325495, 53.292457], [-6.324131, 53.292313], [-6.323116, 53.292372], [-6.314768, 53.294249], [-6.314674, 53.294313], [-6.314674, 53.294441], [-6.315056, 53.294796], [-6.318981, 53.296429], [-6.320639, 53.297315], [-6.320968, 53.297638], [-6.321171, 53.298005], [-6.321231, 53.299044], [-6.320989, 53.299645], [-6.320448, 53.300271], [-6.320664, 53.300648], [-6.320598, 53.300947], [-6.320284, 53.301155], [-6.31945, 53.301318], [-6.318164, 53.303516], [-6.317838, 53.304432], [-6.318086, 53.304979], [-6.318127, 53.305256], [-6.318042, 53.305732], [-6.317862, 53.306081], [-6.317519, 53.306519], [-6.317175, 53.306799], [-6.31544, 53.307821], [-6.315469, 53.307948], [-6.316049, 53.30852], [-6.316587, 53.309218], [-6.317557, 53.310823], [-6.317745, 53.31161], [-6.317515, 53.312401], [-6.317022, 53.313171], [-6.316315, 53.313973], [-6.315421, 53.314702], [-6.31404, 53.315536], [-6.313571, 53.316038], [-6.313168, 53.316877], [-6.3126, 53.317164], [-6.312237, 53.317457], [-6.312033, 53.317765], [-6.311767, 53.318445], [-6.311728, 53.318781], [-6.311806, 53.31903], [-6.311732, 53.319143], [-6.311517, 53.319216], [-6.30674, 53.319674], [-6.302557, 53.320536], [-6.302236, 53.32043], [-6.301051, 53.319411], [-6.300235, 53.318593], [-6.299828, 53.3185], [-6.294199, 53.320965], [-6.291119, 53.322193], [-6.290776, 53.322108], [-6.289729, 53.321304], [-6.288483, 53.320525], [-6.285378, 53.318868], [-6.283898, 53.318289], [-6.282896, 53.317984], [-6.282355, 53.317903], [-6.280904, 53.317943], [-6.279376, 53.318185], [-6.279025, 53.318356], [-6.277835, 53.319218], [-6.277501, 53.319327], [-6.277107, 53.319323], [-6.276167, 53.319046], [-6.275153, 53.318888], [-6.268115, 53.320626], [-6.267703, 53.320608], [-6.267132, 53.320358], [-6.266547, 53.320485], [-6.264888, 53.32111], [-6.264541, 53.321599], [-6.264189, 53.321834], [-6.263001, 53.322151], [-6.262831, 53.322296], [-6.2623, 53.32967], [-6.262393, 53.330124], [-6.263457, 53.332939], [-6.26342, 53.333088], [-6.263142, 53.333188], [-6.260494, 53.333323], [-6.259964, 53.333534], [-6.255941, 53.333365], [-6.255676, 53.333413], [-6.254849, 53.334948], [-6.254047, 53.335039], [-6.25382, 53.335137], [-6.252473, 53.337195], [-6.25232, 53.337255], [-6.251889, 53.337188], [-6.251674, 53.337244], [-6.249834, 53.339325]]}, "properties": {"route": "72", "routes": ["72", "80", "81", "82", "85", "D2", "S2", "S4"], "category": "radial", "colour": "#9467bd", "route_colour": "#aec7e8", "pdf_colour": "#662484", "stroke": "#aec7e8", "stroke-width": 2, "source": "pdf-future", "phase": "future"}}, {"type": "Feature", "geometry": {"type": "LineString", "coordinates": [[-6.310816, 53.40016], [-6.309466, 53.400137], [-6.3087, 53.401851], [-6.308297, 53.402541], [-6.307707, 53.403212], [-6.306905, 53.403818], [-6.307732, 53.40486], [-6.308549, 53.405507], [-6.309467, 53.405927], [-6.313584, 53.407442], [-6.314127, 53.407765], [-6.314527, 53.40823], [-6.31501, 53.409726], [-6.314852, 53.410824], [-6.314865, 53.411311], [-6.315374, 53.41269], [-6.315485, 53.413337], [-6.315343, 53.415567], [-6.3155, 53.417319], [-6.315292, 53.418447], [-6.314898, 53.418571], [-6.312375, 53.418206], [-6.310595, 53.418036], [-6.299246, 53.417425]]}, "properties": {"route": "24", "routes": ["24", "L89"], "category": "radial", "colour": "#9467bd", "route_colour": "#ffbb78", "pdf_colour": "#662484", "stroke": "#ffbb78", "stroke-width": 2, "source": "pdf-future", "phase": "future"}}, {"type": "Feature", "geometry": {"type": "LineString", "coordinates": [[-6.272206, 53.41433], [-6.270335, 53.415229], [-6.26928, 53.415583], [-6.267547, 53.415853], [-6.266013, 53.415913], [-6.263415, 53.415774], [-6.25485, 53.414875], [-6.248654, 53.414693], [-6.243924, 53.414427], [-6.242504, 53.41534], [-6.240103, 53.41664], [-6.239015, 53.417387], [-6.237949, 53.418281], [-6.237439, 53.41881], [-6.236887, 53.419498], [-6.236534, 53.420138], [-6.236226, 53.421004], [-6.236104, 53.422628], [-6.236486, 53.424484], [-6.23663, 53.424684], [-6.236945, 53.424883], [-6.237467, 53.425014], [-6.248878, 53.426198], [-6.24951, 53.426189], [-6.249975, 53.426073], [-6.250339, 53.425869], [-6.250778, 53.425486], [-6.250905, 53.425087], [-6.250796, 53.424816], [-6.250614, 53.424626], [-6.249365, 53.423783], [-6.248649, 53.423494], [-6.2444, 53.422358], [-6.243621, 53.421768], [-6.243168, 53.421557], [-6.236992, 53.419882], [-6.236791, 53.419699], [-6.23695, 53.419409]]}, "properties": {"route": "19", "routes": ["19", "22", "24", "A2", "N8"], "category": "radial", "colour": "#9467bd", "route_colour": "#ffbb78", "pdf_colour": "#662484", "stroke": "#ffbb78", "stroke-width": 2, "source": "pdf-future", "phase": "future"}}, {"type": "Feature", "geometry": {"type": "LineString", "coordinates": [[-6.310816, 53.40016], [-6.309123, 53.399994], [-6.304703, 53.399186], [-6.303718, 53.398852], [-6.302267, 53.39805], [-6.301538, 53.397737], [-6.298557, 53.39701], [-6.297547, 53.39665], [-6.296887, 53.396281], [-6.296759, 53.396068], [-6.29677, 53.395882], [-6.297377, 53.395181], [-6.298889, 53.394046], [-6.298881, 53.393874], [-6.291348, 53.390914], [-6.290229, 53.390695], [-6.28451, 53.390633], [-6.284174, 53.390533], [-6.284097, 53.390409], [-6.284, 53.387946], [-6.283907, 53.387469], [-6.283893, 53.386051], [-6.283772, 53.385409], [-6.28353, 53.384979], [-6.282624, 53.383965], [-6.28198, 53.382889], [-6.281551, 53.382531], [-6.280465, 53.381873], [-6.280135, 53.381521], [-6.279809, 53.380969], [-6.279748, 53.380217], [-6.279435, 53.379243], [-6.279348, 53.378719], [-6.279617, 53.375991], [-6.279526, 53.375854], [-6.279315, 53.375764]]}, "properties": {"route": "24", "routes": ["24", "F1", "N6"], "category": "radial", "colour": "#9467bd", "route_colour": "#ffbb78", "pdf_colour": "#662484", "stroke": "#ffbb78", "stroke-width": 2, "source": "pdf-future", "phase": "future"}}, {"type": "Feature", "geometry": {"type": "LineString", "coordinates": [[-6.250768, 53.424411], [-6.249684, 53.423686], [-6.248813, 53.423311], [-6.244694, 53.422214], [-6.243936, 53.421654], [-6.243448, 53.421412], [-6.23867, 53.420099], [-6.239556, 53.419074], [-6.240251, 53.418447], [-6.242856, 53.41688], [-6.244344, 53.416155], [-6.245557, 53.415228], [-6.245939, 53.4151], [-6.254861, 53.415388], [-6.261767, 53.416105], [-6.26515, 53.416373], [-6.266467, 53.416402], [-6.268099, 53.416342], [-6.269108, 53.416194], [-6.27075, 53.41566], [-6.271903, 53.415192], [-6.273068, 53.414542], [-6.273327, 53.414277], [-6.273448, 53.41399], [-6.273416, 53.413634], [-6.272795, 53.412431], [-6.272552, 53.411779], [-6.272368, 53.408597], [-6.272537, 53.407676], [-6.273052, 53.407059], [-6.273261, 53.406485], [-6.273179, 53.406144], [-6.272987, 53.405831], [-6.272087, 53.404987], [-6.271364, 53.402724], [-6.271498, 53.402564], [-6.274721, 53.402456], [-6.274902, 53.402588], [-6.275163, 53.403617], [-6.275495, 53.403756], [-6.283473, 53.403426], [-6.284786, 53.403142], [-6.286631, 53.403017], [-6.288827, 53.402939], [-6.290143, 53.402985], [-6.289902, 53.402421], [-6.289632, 53.402139], [-6.288756, 53.401558], [-6.287926, 53.401139], [-6.287723, 53.401159], [-6.287002, 53.401614], [-6.285182, 53.402163], [-6.284233, 53.402252], [-6.283234, 53.402159], [-6.281798, 53.401713], [-6.279214, 53.400171], [-6.278333, 53.39985], [-6.271697, 53.398461], [-6.271142, 53.398401], [-6.270557, 53.398454], [-6.270209, 53.398336], [-6.269694, 53.397745], [-6.269467, 53.397131], [-6.269473, 53.395241], [-6.269368, 53.393599], [-6.26861, 53.389349], [-6.268696, 53.38846], [-6.269113, 53.387302], [-6.269273, 53.387032], [-6.269667, 53.386961], [-6.272399, 53.387344], [-6.274728, 53.38751], [-6.274985, 53.387472], [-6.275873, 53.386496], [-6.275973, 53.38627], [-6.276127, 53.385561], [-6.27614, 53.384506], [-6.275706, 53.384175], [-6.269478, 53.383925], [-6.269135, 53.383763], [-6.269072, 53.383209], [-6.269377, 53.380139], [-6.269309, 53.37849], [-6.269157, 53.377895], [-6.268496, 53.376647], [-6.267799, 53.37466], [-6.267694, 53.374551], [-6.253316, 53.371743], [-6.253046, 53.371594], [-6.25303, 53.371487], [-6.253214, 53.371131], [-6.255388, 53.367145], [-6.255687, 53.366248], [-6.255636, 53.365363], [-6.255698, 53.364984], [-6.25595, 53.364387], [-6.256419, 53.363657], [-6.257809, 53.361812], [-6.259966, 53.35917], [-6.261724, 53.3573], [-6.262714, 53.356726], [-6.264833, 53.354518]]}, "properties": {"route": "19", "routes": ["19", "22", "E2", "N8"], "category": "radial", "colour": "#9467bd", "route_colour": "#ffbb78", "pdf_colour": "#662484", "stroke": "#ffbb78", "stroke-width": 2, "source": "pdf-future", "phase": "future"}}, {"type": "Feature", "geometry": {"type": "LineString", "coordinates": [[-6.261964, 53.4678], [-6.259683, 53.467852], [-6.258295, 53.467708], [-6.257271, 53.467464], [-6.255035, 53.466686], [-6.252079, 53.466463], [-6.250903, 53.466233], [-6.24894, 53.465701], [-6.245418, 53.46526], [-6.242255, 53.464372], [-6.240707, 53.464063], [-6.238485, 53.463842], [-6.234223, 53.463598], [-6.231898, 53.463678], [-6.231678, 53.463559], [-6.23146, 53.463094], [-6.230909, 53.460866], [-6.230808, 53.460693], [-6.230539, 53.460532], [-6.230169, 53.460458], [-6.228379, 53.460537], [-6.228177, 53.46041], [-6.228055, 53.459983], [-6.228218, 53.459693], [-6.229434, 53.459142], [-6.229882, 53.458782], [-6.230045, 53.458376], [-6.230161, 53.45727], [-6.230514, 53.45563], [-6.230659, 53.455518], [-6.231419, 53.455307], [-6.231788, 53.455017], [-6.232921, 53.452586], [-6.233552, 53.451535], [-6.234568, 53.45051], [-6.235671, 53.450031], [-6.236496, 53.449169], [-6.236962, 53.448873], [-6.238278, 53.448411], [-6.239271, 53.44791], [-6.240965, 53.447826], [-6.245126, 53.448101], [-6.248923, 53.448972], [-6.251023, 53.449231], [-6.252934, 53.449783], [-6.253928, 53.449828], [-6.254608, 53.449593], [-6.255048, 53.44913], [-6.255265, 53.448589], [-6.255506, 53.447393], [-6.255762, 53.446729], [-6.255662, 53.446446], [-6.255287, 53.446243], [-6.251687, 53.44556], [-6.25083, 53.445307], [-6.249981, 53.444948], [-6.248449, 53.444098], [-6.247207, 53.442993], [-6.245515, 53.44185], [-6.24457, 53.441305], [-6.243704, 53.440955], [-6.242802, 53.440745], [-6.242, 53.440686], [-6.240728, 53.440758], [-6.238667, 53.441029], [-6.237955, 53.441012], [-6.237698, 53.440933], [-6.237604, 53.440819], [-6.237438, 53.440062], [-6.236889, 53.438849], [-6.236626, 53.438], [-6.235872, 53.434169], [-6.235751, 53.433032], [-6.235802, 53.432384], [-6.236012, 53.431673], [-6.237517, 53.429233], [-6.237764, 53.42825], [-6.237661, 53.427352], [-6.236858, 53.424454], [-6.236503, 53.422784], [-6.236529, 53.421679], [-6.236671, 53.420753], [-6.236916, 53.420183], [-6.237439, 53.419306], [-6.238031, 53.41862], [-6.238896, 53.417863], [-6.239668, 53.417293], [-6.243322, 53.415305], [-6.244479, 53.414369], [-6.245375, 53.413479], [-6.245387, 53.412783], [-6.244791, 53.411088], [-6.244399, 53.408236], [-6.24393, 53.40713], [-6.242947, 53.405591], [-6.242778, 53.405061], [-6.242774, 53.404574], [-6.242953, 53.404057], [-6.243253, 53.403557], [-6.245049, 53.40135], [-6.246131, 53.399623], [-6.246592, 53.399196], [-6.247732, 53.398393], [-6.248274, 53.39781], [-6.248398, 53.397414], [-6.24818, 53.396271], [-6.248333, 53.395995], [-6.248874, 53.395422], [-6.249263, 53.394452], [-6.249256, 53.393093], [-6.249581, 53.390514], [-6.249454, 53.388108], [-6.248941, 53.387034], [-6.248323, 53.386373], [-6.247482, 53.385922], [-6.245948, 53.385602], [-6.245487, 53.385263], [-6.245423, 53.385017], [-6.245603, 53.383014], [-6.245836, 53.382102], [-6.246707, 53.380175], [-6.247721, 53.378511], [-6.249672, 53.376003], [-6.251863, 53.373978], [-6.252687, 53.372879], [-6.255738, 53.367258], [-6.256061, 53.366325], [-6.256018, 53.365378], [-6.256079, 53.36502], [-6.25652, 53.364127], [-6.257619, 53.362604], [-6.259735, 53.359954], [-6.262231, 53.357185], [-6.262126, 53.35699], [-6.261124, 53.356461], [-6.259766, 53.355068], [-6.257264, 53.352829], [-6.253762, 53.348777]]}, "properties": {"route": "19", "routes": ["19", "21", "22", "24", "A2", "A4", "D4", "L81", "L85", "X79"], "category": "radial", "colour": "#9467bd", "route_colour": "#ffbb78", "pdf_colour": "#662484", "stroke": "#ffbb78", "stroke-width": 2, "source": "pdf-future", "phase": "future"}}, {"type": "Feature", "geometry": {"type": "LineString", "coordinates": [[-6.248898, 53.352602], [-6.250078, 53.351485], [-6.256544, 53.350523], [-6.257103, 53.350243], [-6.257222, 53.350009], [-6.257198, 53.349816], [-6.256868, 53.34925], [-6.25668, 53.349081], [-6.25622, 53.348889], [-6.255663, 53.348835], [-6.254447, 53.349028], [-6.253739, 53.349289], [-6.252978, 53.349444], [-6.252097, 53.349918], [-6.250902, 53.350214], [-6.250697, 53.35038], [-6.250247, 53.351162], [-6.249754, 53.351779], [-6.247049, 53.354358], [-6.245779, 53.355385], [-6.242151, 53.357943], [-6.238207, 53.361585], [-6.237677, 53.361849], [-6.235731, 53.362537], [-6.233454, 53.36315], [-6.231502, 53.363326], [-6.228875, 53.363244], [-6.22715, 53.362817], [-6.225654, 53.362644], [-6.222044, 53.362003], [-6.218605, 53.361549], [-6.216393, 53.360963], [-6.212992, 53.359815], [-6.211185, 53.359412], [-6.20815, 53.359164], [-6.203377, 53.359238], [-6.201972, 53.359155], [-6.196249, 53.358356], [-6.19535, 53.358134], [-6.193164, 53.357377], [-6.192094, 53.357215], [-6.191152, 53.357202], [-6.188121, 53.357693], [-6.186051, 53.358345], [-6.183197, 53.358977], [-6.181427, 53.359569], [-6.17922, 53.360472], [-6.178198, 53.360992], [-6.177034, 53.36176], [-6.171978, 53.365619], [-6.171879, 53.365798], [-6.172112, 53.366047], [-6.17445, 53.366813], [-6.178108, 53.367781], [-6.179572, 53.368281], [-6.180875, 53.368461], [-6.181205, 53.3683], [-6.18238, 53.365179], [-6.18262, 53.364922], [-6.183295, 53.364773], [-6.186609, 53.365104], [-6.18704, 53.364986], [-6.187116, 53.36485], [-6.187186, 53.362613], [-6.187429, 53.36241], [-6.188829, 53.362451], [-6.191129, 53.362686], [-6.194268, 53.362875], [-6.194492, 53.362964], [-6.194576, 53.363089], [-6.194544, 53.364408], [-6.19488, 53.364669], [-6.201035, 53.365163], [-6.20373, 53.365539], [-6.203967, 53.365486], [-6.204072, 53.365373], [-6.20468, 53.363487], [-6.204872, 53.362144]]}, "properties": {"route": "10", "routes": ["10", "6", "8", "N2"], "category": "radial", "colour": "#9467bd", "route_colour": "#ffbb78", "pdf_colour": "#662484", "stroke": "#ffbb78", "stroke-width": 2, "source": "pdf-future", "phase": "future"}}, {"type": "Feature", "geometry": {"type": "LineString", "coordinates": [[-6.336979, 53.374697], [-6.335304, 53.374751], [-6.335131, 53.374881], [-6.335074, 53.375249], [-6.334814, 53.375362], [-6.330199, 53.37534], [-6.328336, 53.375554], [-6.327854, 53.375338], [-6.32721, 53.37472], [-6.325915, 53.374494], [-6.32484, 53.373976], [-6.319814, 53.37393], [-6.317463, 53.374026], [-6.316334, 53.374932], [-6.314547, 53.374606], [-6.313992, 53.37465], [-6.313423, 53.374915], [-6.313136, 53.37491], [-6.312679, 53.374659], [-6.311157, 53.373521], [-6.310159, 53.372525], [-6.309347, 53.371513], [-6.308846, 53.369889], [-6.309121, 53.368983], [-6.308791, 53.368087], [-6.308615, 53.367865], [-6.307914, 53.367287], [-6.306171, 53.366589], [-6.305041, 53.365948], [-6.304608, 53.36585], [-6.297989, 53.365638], [-6.294473, 53.365252], [-6.292992, 53.36495], [-6.292218, 53.364705], [-6.290264, 53.363496], [-6.284404, 53.362515], [-6.284149, 53.362389], [-6.284056, 53.362208], [-6.284475, 53.359792], [-6.28432, 53.359594], [-6.277563, 53.35932], [-6.275589, 53.358791], [-6.273104, 53.358756], [-6.27102, 53.358601], [-6.270788, 53.358445], [-6.27077, 53.357973], [-6.270615, 53.357615], [-6.268738, 53.355864], [-6.268613, 53.355689], [-6.268632, 53.355392]]}, "properties": {"route": "36", "routes": ["36", "L62"], "category": "radial", "colour": "#9467bd", "route_colour": "#8c564b", "pdf_colour": "#662484", "stroke": "#8c564b", "stroke-width": 2, "source": "pdf-future", "phase": "future"}}, {"type": "Feature", "geometry": {"type": "LineString", "coordinates": [[-6.251504, 53.348489], [-6.255472, 53.353134], [-6.255616, 53.35334], [-6.255608, 53.353469], [-6.255457, 53.353612], [-6.254799, 53.353873], [-6.251223, 53.355167], [-6.248143, 53.356636], [-6.244794, 53.358658], [-6.243634, 53.359472], [-6.242997, 53.360068], [-6.242593, 53.360849], [-6.242359, 53.361107], [-6.241839, 53.361298], [-6.24043, 53.361516], [-6.240245, 53.361603], [-6.240203, 53.361726], [-6.240426, 53.364391], [-6.240684, 53.365566], [-6.240703, 53.366011], [-6.240578, 53.366608], [-6.239406, 53.370333], [-6.239009, 53.370387], [-6.229265, 53.367163]]}, "properties": {"route": "6", "routes": ["6", "73"], "category": "radial", "colour": "#9467bd", "route_colour": "#2ca02c", "pdf_colour": "#662484", "stroke": "#2ca02c", "stroke-width": 2, "source": "pdf-future", "phase": "future"}}, {"type": "Feature", "geometry": {"type": "LineString", "coordinates": [[-6.270728, 53.342362], [-6.271352, 53.342279], [-6.273497, 53.342567], [-6.275728, 53.34237], [-6.277278, 53.342355], [-6.28086, 53.342885], [-6.28501, 53.343142], [-6.286476, 53.343136], [-6.288551, 53.342998], [-6.289567, 53.342792], [-6.290172, 53.342325], [-6.292172, 53.341905], [-6.294342, 53.341681], [-6.294496, 53.341562], [-6.294502, 53.341432], [-6.293846, 53.340555], [-6.293897, 53.340402], [-6.296222, 53.339855], [-6.297776, 53.339669], [-6.298555, 53.339482], [-6.299421, 53.338938], [-6.299652, 53.338624], [-6.299704, 53.338266], [-6.299887, 53.338162], [-6.306719, 53.338698], [-6.306871, 53.338573], [-6.307078, 53.337884], [-6.307065, 53.337601], [-6.306606, 53.337029], [-6.30538, 53.3361], [-6.304833, 53.335399], [-6.304577, 53.334848], [-6.304432, 53.33428], [-6.304338, 53.333273], [-6.304472, 53.333073], [-6.304915, 53.332948], [-6.308219, 53.333037], [-6.310516, 53.332978], [-6.313071, 53.332539], [-6.314548, 53.332215], [-6.31576, 53.331799], [-6.318549, 53.330501], [-6.319354, 53.330205], [-6.322595, 53.329465], [-6.322723, 53.329343], [-6.322692, 53.329214], [-6.319399, 53.325157], [-6.319405, 53.324968], [-6.31963, 53.324869], [-6.325117, 53.324368], [-6.325715, 53.324229], [-6.326239, 53.32393], [-6.329036, 53.321349], [-6.329265, 53.321347], [-6.330285, 53.321631], [-6.330315, 53.321912], [-6.330454, 53.322135], [-6.331319, 53.32239], [-6.331649, 53.322383], [-6.333188, 53.322013], [-6.333367, 53.321867], [-6.333063, 53.321418], [-6.332785, 53.321188], [-6.331919, 53.32081], [-6.331163, 53.320652], [-6.330833, 53.320752], [-6.330285, 53.321631]]}, "properties": {"route": "72", "routes": ["72", "73", "D2", "S2", "S4"], "category": "radial", "colour": "#9467bd", "route_colour": "#aec7e8", "pdf_colour": "#662484", "stroke": "#aec7e8", "stroke-width": 2, "source": "pdf-future", "phase": "future"}}, {"type": "Feature", "geometry": {"type": "LineString", "coordinates": [[-6.253799, 53.338932], [-6.253347, 53.338797], [-6.252914, 53.3385], [-6.252707, 53.338148], [-6.252788, 53.337847], [-6.254225, 53.335715], [-6.255096, 53.335447], [-6.255766, 53.335373], [-6.256613, 53.335415], [-6.260693, 53.336434], [-6.263345, 53.336399], [-6.264963, 53.336743], [-6.266407, 53.336881], [-6.268033, 53.337421], [-6.270301, 53.337867], [-6.270165, 53.337069], [-6.270347, 53.336351], [-6.271039, 53.334993], [-6.272, 53.333787], [-6.272274, 53.333066], [-6.272358, 53.332429], [-6.272151, 53.331379], [-6.272113, 53.330719], [-6.272171, 53.329834], [-6.272291, 53.329302], [-6.272729, 53.32849], [-6.273965, 53.32696], [-6.275132, 53.325305], [-6.275406, 53.32398], [-6.275863, 53.322638], [-6.275936, 53.322184], [-6.275863, 53.32174], [-6.275252, 53.32055], [-6.275053, 53.319921], [-6.275037, 53.319503], [-6.27516, 53.318884], [-6.275432, 53.318281], [-6.275818, 53.317701], [-6.27776, 53.315454], [-6.278122, 53.314934], [-6.278224, 53.314477], [-6.27785, 53.313626], [-6.277902, 53.313023], [-6.278391, 53.311249], [-6.27906, 53.310921], [-6.279377, 53.309601], [-6.279467, 53.308809], [-6.279391, 53.308077], [-6.278697, 53.306156], [-6.278567, 53.305546], [-6.278586, 53.304929], [-6.278873, 53.304044], [-6.278926, 53.303617], [-6.278717, 53.301626], [-6.278407, 53.30041], [-6.278476, 53.299915], [-6.279043, 53.298982], [-6.279308, 53.298803], [-6.280735, 53.298825], [-6.281595, 53.298743], [-6.284305, 53.297999], [-6.289061, 53.297515], [-6.290447, 53.297205], [-6.290855, 53.296961], [-6.290937, 53.296707], [-6.290696, 53.295854], [-6.291347, 53.293111], [-6.291351, 53.29111], [-6.291484, 53.29054], [-6.291882, 53.289583], [-6.291697, 53.28944], [-6.290207, 53.289013], [-6.286758, 53.287662], [-6.286598, 53.287457], [-6.28805, 53.286225], [-6.288863, 53.284906], [-6.290327, 53.283239], [-6.290628, 53.283189], [-6.294838, 53.283626], [-6.296187, 53.283607], [-6.297107, 53.283476], [-6.298017, 53.283199], [-6.298795, 53.28279], [-6.299311, 53.282372], [-6.300469, 53.281138], [-6.300503, 53.281013], [-6.300396, 53.28087], [-6.299885, 53.280705], [-6.296702, 53.280513], [-6.295516, 53.280631], [-6.293575, 53.281023], [-6.293326, 53.280997], [-6.293179, 53.280881], [-6.293738, 53.27915], [-6.294296, 53.276935], [-6.294466, 53.276561], [-6.294954, 53.276131], [-6.297351, 53.274705], [-6.297863, 53.27453], [-6.298456, 53.274447], [-6.300606, 53.274458], [-6.303301, 53.274317], [-6.304746, 53.27439], [-6.307344, 53.274785], [-6.308443, 53.274773], [-6.31014, 53.274358], [-6.31136, 53.273633], [-6.311977, 53.273429], [-6.314099, 53.27336], [-6.316789, 53.272902], [-6.327089, 53.270406], [-6.328488, 53.270243], [-6.329571, 53.270308], [-6.330757, 53.270623], [-6.332217, 53.271316], [-6.336053, 53.271882], [-6.337989, 53.272615], [-6.343021, 53.27351], [-6.343917, 53.274], [-6.344892, 53.274911], [-6.344884, 53.275006], [-6.344698, 53.275094], [-6.343574, 53.275273], [-6.343564, 53.275431], [-6.343935, 53.275907], [-6.345257, 53.276044], [-6.345791, 53.276216], [-6.34652, 53.276196], [-6.347168, 53.276321], [-6.349732, 53.277242], [-6.350747, 53.277814], [-6.351614, 53.277629], [-6.352182, 53.277609], [-6.366979, 53.278048], [-6.36734, 53.278125], [-6.367567, 53.2783], [-6.367882, 53.279082], [-6.369984, 53.284911], [-6.370021, 53.285144], [-6.369921, 53.285563], [-6.370015, 53.286473]]}, "properties": {"route": "74", "routes": ["74", "85", "A1", "A2", "A3", "A4", "F1", "S6", "S8", "X47"], "category": "radial", "colour": "#9467bd", "route_colour": "#ff9896", "pdf_colour": "#662484", "stroke": "#ff9896", "stroke-width": 2, "source": "pdf-future", "phase": "future"}}, {"type": "Feature", "geometry": {"type": "LineString", "coordinates": [[-6.26825, 53.355386], [-6.268233, 53.355705], [-6.268342, 53.355883], [-6.270191, 53.357596], [-6.270383, 53.357945], [-6.270434, 53.358521], [-6.270631, 53.358699], [-6.270949, 53.358812], [-6.273101, 53.358971], [-6.275544, 53.359003], [-6.27757, 53.359536], [-6.301176, 53.360305], [-6.316191, 53.36482], [-6.318049, 53.3653], [-6.323951, 53.366593], [-6.33561, 53.370063]]}, "properties": {"route": "34", "routes": ["34", "35", "37", "48"], "category": "radial", "colour": "#9467bd", "route_colour": "#7f7f7f", "pdf_colour": "#662484", "stroke": "#7f7f7f", "stroke-width": 2, "source": "pdf-future", "phase": "future"}}, {"type": "Feature", "geometry": {"type": "LineString", "coordinates": [[-6.476229, 53.27896], [-6.475177, 53.279585], [-6.474818, 53.279908], [-6.474667, 53.280299], [-6.474643, 53.281008], [-6.474494, 53.281267], [-6.472473, 53.282177], [-6.467292, 53.282311], [-6.464346, 53.282568], [-6.461525, 53.28312], [-6.458902, 53.284221], [-6.457873, 53.284493], [-6.457003, 53.284534], [-6.454763, 53.284388], [-6.453394, 53.284529], [-6.452951, 53.284694], [-6.452269, 53.285313], [-6.451944, 53.285412], [-6.451327, 53.285289], [-6.450531, 53.284801], [-6.449407, 53.283921], [-6.448344, 53.282831], [-6.447897, 53.282785], [-6.446106, 53.28295], [-6.444975, 53.282834], [-6.442278, 53.282203], [-6.441821, 53.281993], [-6.441424, 53.281616], [-6.440983, 53.281482], [-6.440492, 53.281526], [-6.439521, 53.281907], [-6.439048, 53.28221], [-6.438571, 53.282688], [-6.437461, 53.284456], [-6.437062, 53.28565], [-6.436957, 53.287079], [-6.436636, 53.288182], [-6.436643, 53.289023], [-6.436564, 53.289382], [-6.436194, 53.289936], [-6.435042, 53.291117], [-6.429436, 53.291831], [-6.424873, 53.292107], [-6.424682, 53.292256], [-6.424722, 53.292854], [-6.425432, 53.293464], [-6.424685, 53.293882], [-6.424134, 53.294028], [-6.423161, 53.29414], [-6.420068, 53.294098], [-6.419067, 53.294228], [-6.417527, 53.294766], [-6.415101, 53.296114], [-6.415132, 53.29622], [-6.416504, 53.29704], [-6.417174, 53.297775], [-6.417653, 53.298089], [-6.417708, 53.298229], [-6.417168, 53.298877], [-6.416872, 53.299392], [-6.416629, 53.300051], [-6.416444, 53.300986], [-6.416224, 53.301355], [-6.415636, 53.301626], [-6.414549, 53.30178], [-6.413744, 53.302142], [-6.413681, 53.302294], [-6.41382, 53.302409], [-6.414589, 53.30259], [-6.416657, 53.303485], [-6.418322, 53.30406], [-6.418354, 53.304129], [-6.41747, 53.304274], [-6.415815, 53.303706], [-6.415022, 53.303732], [-6.411358, 53.304967], [-6.407676, 53.306318], [-6.40511, 53.307404], [-6.404268, 53.30826], [-6.403505, 53.308884], [-6.402774, 53.309877], [-6.401473, 53.31065], [-6.401488, 53.310782], [-6.40177, 53.311054], [-6.402715, 53.311881], [-6.403045, 53.312067], [-6.403611, 53.312163], [-6.40562, 53.312112], [-6.406139, 53.312273], [-6.406621, 53.312573], [-6.408082, 53.314272], [-6.408313, 53.314763], [-6.408253, 53.315039], [-6.408023, 53.315259], [-6.406887, 53.315651]]}, "properties": {"route": "58", "routes": ["58", "S8", "W4", "W6", "X58"], "category": "radial", "colour": "#9467bd", "route_colour": "#2ca02c", "pdf_colour": "#662484", "stroke": "#2ca02c", "stroke-width": 2, "source": "pdf-future", "phase": "future"}}, {"type": "Feature", "geometry": {"type": "LineString", "coordinates": [[-6.267868, 53.35538], [-6.267856, 53.355726], [-6.268023, 53.355996], [-6.269909, 53.357754], [-6.270111, 53.358634], [-6.27045, 53.358888], [-6.270848, 53.359016], [-6.273099, 53.359186], [-6.275498, 53.359215], [-6.277037, 53.359669], [-6.277554, 53.359751], [-6.29481, 53.360364], [-6.295705, 53.361575], [-6.295878, 53.362106], [-6.295875, 53.362519], [-6.295116, 53.364228], [-6.294525, 53.364624], [-6.294185, 53.364958], [-6.293646, 53.3659], [-6.293246, 53.366827], [-6.293305, 53.367163], [-6.293636, 53.36757], [-6.294047, 53.367821], [-6.294577, 53.368002], [-6.303481, 53.369589], [-6.307405, 53.369689], [-6.307596, 53.369508], [-6.307324, 53.368612], [-6.307078, 53.36809], [-6.306691, 53.367705], [-6.307352, 53.367027], [-6.307375, 53.366883], [-6.307232, 53.366757], [-6.305949, 53.366188], [-6.305656, 53.366009], [-6.305634, 53.365898], [-6.30832, 53.365008], [-6.310598, 53.363882], [-6.316408, 53.36558], [-6.32041, 53.366466], [-6.320594, 53.366563], [-6.320633, 53.36672], [-6.319862, 53.368252], [-6.31806, 53.371229], [-6.317841, 53.371745], [-6.317615, 53.371833], [-6.316538, 53.371885], [-6.315106, 53.371839]]}, "properties": {"route": "34", "routes": ["34", "35", "36", "48"], "category": "radial", "colour": "#9467bd", "route_colour": "#7f7f7f", "pdf_colour": "#662484", "stroke": "#7f7f7f", "stroke-width": 2, "source": "pdf-future", "phase": "future"}}, {"type": "Feature", "geometry": {"type": "LineString", "coordinates": [[-6.250912, 53.351414], [-6.251213, 53.350933], [-6.25138, 53.350837], [-6.256234, 53.350118], [-6.256402, 53.350043], [-6.256458, 53.349905], [-6.256133, 53.349364], [-6.255733, 53.349268], [-6.254816, 53.349422], [-6.254111, 53.349677], [-6.253372, 53.349828], [-6.252561, 53.350277], [-6.251448, 53.350539], [-6.250912, 53.351414], [-6.250445, 53.351989], [-6.247706, 53.3546], [-6.246408, 53.355652], [-6.242789, 53.358202], [-6.238826, 53.36186], [-6.238389, 53.362109], [-6.237175, 53.362562], [-6.234472, 53.363407], [-6.233435, 53.36361], [-6.232238, 53.363734], [-6.229286, 53.363706], [-6.227178, 53.363042], [-6.225571, 53.362851], [-6.222005, 53.362216], [-6.218616, 53.361777], [-6.216383, 53.361198], [-6.212285, 53.359856], [-6.210765, 53.359571], [-6.209038, 53.359418], [-6.208729, 53.359545], [-6.207444, 53.362073], [-6.207177, 53.362158], [-6.205525, 53.362154], [-6.20527, 53.362262], [-6.205054, 53.363548], [-6.204454, 53.365408], [-6.204344, 53.365575], [-6.20413, 53.365693], [-6.203606, 53.365747], [-6.201092, 53.365385], [-6.194956, 53.364915], [-6.194573, 53.365046], [-6.194382, 53.367684], [-6.194596, 53.367875], [-6.20277, 53.368898], [-6.203032, 53.369036], [-6.203071, 53.369385], [-6.203302, 53.369484], [-6.206211, 53.369294], [-6.207562, 53.370179], [-6.208195, 53.370724], [-6.20872, 53.371052], [-6.210254, 53.371705], [-6.211588, 53.372152], [-6.213227, 53.372546], [-6.21819, 53.373482], [-6.221024, 53.374544], [-6.22661, 53.375917], [-6.23415, 53.377372], [-6.238679, 53.378781], [-6.240715, 53.379272], [-6.240921, 53.379406], [-6.240908, 53.379558], [-6.239885, 53.380879], [-6.239304, 53.381931], [-6.238892, 53.382334], [-6.238023, 53.382712], [-6.234914, 53.383371], [-6.233404, 53.383491], [-6.230728, 53.383472], [-6.228837, 53.383287], [-6.223418, 53.382455], [-6.21925, 53.382187], [-6.218882, 53.382241], [-6.218591, 53.382426], [-6.218461, 53.383693], [-6.217609, 53.384992], [-6.217384, 53.385775], [-6.217452, 53.386452], [-6.217984, 53.38795], [-6.218025, 53.389295], [-6.218115, 53.389424], [-6.224136, 53.390619], [-6.224447, 53.390539], [-6.224922, 53.39002], [-6.225577, 53.389783], [-6.226111, 53.389735], [-6.228742, 53.389857], [-6.228906, 53.389794], [-6.228933, 53.389605], [-6.228857, 53.389531], [-6.227933, 53.389351], [-6.227343, 53.389018], [-6.227094, 53.388665], [-6.227024, 53.3881], [-6.226436, 53.388035]]}, "properties": {"route": "10", "routes": ["10", "6", "8", "A1", "D4", "L80", "L82", "N2", "N4"], "category": "radial", "colour": "#9467bd", "route_colour": "#ffbb78", "pdf_colour": "#662484", "stroke": "#ffbb78", "stroke-width": 2, "source": "pdf-future", "phase": "future"}}, {"type": "Feature", "geometry": {"type": "LineString", "coordinates": [[-6.290898, 53.346038], [-6.290658, 53.34519], [-6.290711, 53.345067], [-6.290888, 53.344982], [-6.291861, 53.344779], [-6.297842, 53.344325], [-6.301856, 53.343635], [-6.305773, 53.342368], [-6.307191, 53.34213], [-6.307293, 53.342017], [-6.30716, 53.341425], [-6.307374, 53.341287], [-6.31207, 53.34159], [-6.31293, 53.341576], [-6.318472, 53.340916], [-6.320638, 53.340487], [-6.32256, 53.340393], [-6.323832, 53.340478], [-6.325828, 53.340909], [-6.328982, 53.341076], [-6.32923, 53.341018], [-6.329451, 53.340833], [-6.329791, 53.340806], [-6.332657, 53.341258], [-6.333235, 53.340914], [-6.333714, 53.340763], [-6.340054, 53.339672], [-6.342422, 53.339127], [-6.346701, 53.338303], [-6.346872, 53.338128], [-6.346536, 53.337281], [-6.346677, 53.337155], [-6.347055, 53.33708], [-6.347411, 53.337167], [-6.347564, 53.337418], [-6.348291, 53.339136], [-6.349206, 53.341706], [-6.349725, 53.342044], [-6.350062, 53.34268], [-6.350444, 53.343115], [-6.351789, 53.343988], [-6.352485, 53.344646], [-6.352672, 53.344738], [-6.352986, 53.34474], [-6.353549, 53.344493], [-6.355668, 53.343124], [-6.35672, 53.342199], [-6.357022, 53.341802], [-6.357132, 53.341444], [-6.357324, 53.341341], [-6.362049, 53.341679], [-6.366593, 53.342122], [-6.366712, 53.342048], [-6.367314, 53.340911], [-6.367093, 53.340661], [-6.36767, 53.339521], [-6.367845, 53.339496], [-6.373097, 53.340317], [-6.373247, 53.340185], [-6.373277, 53.339526], [-6.373571, 53.338832], [-6.375074, 53.337338], [-6.375507, 53.337292], [-6.3771, 53.337532], [-6.378601, 53.33764], [-6.379613, 53.337579], [-6.380216, 53.337382], [-6.380323, 53.337208], [-6.380293, 53.336468], [-6.379938, 53.335593], [-6.380059, 53.335459], [-6.380875, 53.335057], [-6.381485, 53.335168], [-6.383869, 53.336844], [-6.384237, 53.337028], [-6.385197, 53.337301], [-6.386061, 53.337326], [-6.386669, 53.337159], [-6.386511, 53.336693], [-6.386654, 53.336472], [-6.386883, 53.336335], [-6.387704, 53.336155], [-6.390517, 53.33587], [-6.391913, 53.335613], [-6.393326, 53.335078], [-6.394604, 53.334126], [-6.395031, 53.333411], [-6.395989, 53.331302], [-6.397272, 53.330246], [-6.398357, 53.329777], [-6.397514, 53.329089], [-6.39725, 53.328545], [-6.395756, 53.3277], [-6.395196, 53.327148], [-6.394867, 53.326506], [-6.394751, 53.326002], [-6.394965, 53.323789], [-6.394892, 53.323419], [-6.394559, 53.322971], [-6.393772, 53.322852], [-6.393307, 53.322573], [-6.392994, 53.322133], [-6.392872, 53.321554]]}, "properties": {"route": "52", "routes": ["52", "60", "D1", "G2", "L54"], "category": "radial", "colour": "#9467bd", "route_colour": "#c5b0d5", "pdf_colour": "#662484", "stroke": "#c5b0d5", "stroke-width": 2, "source": "pdf-future", "phase": "future"}}, {"type": "Feature", "geometry": {"type": "LineString", "coordinates": [[-6.244137, 53.338983], [-6.23812, 53.337163], [-6.235478, 53.335888], [-6.234892, 53.335407], [-6.231698, 53.331749], [-6.229951, 53.330412], [-6.228284, 53.329305], [-6.226966, 53.328776], [-6.223165, 53.327606], [-6.221334, 53.32696], [-6.22085, 53.326638], [-6.219781, 53.325716], [-6.219107, 53.325277], [-6.214847, 53.323078], [-6.211236, 53.320788], [-6.207744, 53.318966], [-6.205578, 53.318113], [-6.200747, 53.316788], [-6.199801, 53.316425], [-6.198692, 53.31588], [-6.197428, 53.314971], [-6.195476, 53.312818], [-6.19454, 53.311902], [-6.194, 53.311477], [-6.193195, 53.311013], [-6.187263, 53.308193], [-6.186354, 53.307908], [-6.184189, 53.307449], [-6.183042, 53.30705], [-6.180114, 53.305398], [-6.177514, 53.304383], [-6.175052, 53.303058], [-6.173512, 53.302525], [-6.171844, 53.301392], [-6.169958, 53.300599], [-6.168079, 53.299962], [-6.16587, 53.299653], [-6.164735, 53.29933], [-6.162482, 53.298325], [-6.161807, 53.297903], [-6.161287, 53.297403], [-6.160514, 53.297121], [-6.156656, 53.296355], [-6.150819, 53.295612], [-6.144719, 53.294732], [-6.143975, 53.294695], [-6.142765, 53.294838], [-6.140152, 53.294758], [-6.138853, 53.294999], [-6.13592, 53.295924], [-6.132425, 53.295925]]}, "properties": {"route": "24", "routes": ["24", "36", "98", "B2", "B3", "S8"], "category": "radial", "colour": "#9467bd", "route_colour": "#ffbb78", "pdf_colour": "#662484", "stroke": "#ffbb78", "stroke-width": 2, "source": "pdf-future", "phase": "future"}}, {"type": "Feature", "geometry": {"type": "LineString", "coordinates": [[-6.230701, 53.270819], [-6.228832, 53.271209], [-6.227552, 53.271288], [-6.226788, 53.271128], [-6.226524, 53.270933], [-6.226403, 53.270708], [-6.226469, 53.270425], [-6.226788, 53.270196], [-6.229359, 53.269759], [-6.230002, 53.269521], [-6.230432, 53.269183], [-6.230675, 53.268717], [-6.230963, 53.267254], [-6.23066, 53.267044], [-6.229688, 53.26671], [-6.228808, 53.266612], [-6.227708, 53.266672], [-6.227084, 53.26679], [-6.225771, 53.2672], [-6.224916, 53.267304], [-6.21892, 53.267112], [-6.217648, 53.267156], [-6.217429, 53.267339], [-6.217581, 53.269175], [-6.217788, 53.270495], [-6.217453, 53.27199], [-6.217348, 53.27284], [-6.217158, 53.272992], [-6.216385, 53.272988], [-6.215741, 53.272788], [-6.21448, 53.271958], [-6.213034, 53.27131], [-6.210008, 53.269616], [-6.209664, 53.269594], [-6.208966, 53.269851], [-6.208961, 53.26997], [-6.209376, 53.270616], [-6.20949, 53.271083], [-6.209294, 53.272635], [-6.208919, 53.274225], [-6.209375, 53.275335], [-6.211551, 53.277839], [-6.211593, 53.27807], [-6.211423, 53.278268], [-6.209797, 53.278789], [-6.20929, 53.278803], [-6.207602, 53.278363], [-6.201498, 53.276469], [-6.200669, 53.276303], [-6.20005, 53.276283], [-6.199278, 53.276437], [-6.198686, 53.276791], [-6.19663, 53.279222], [-6.196858, 53.279416], [-6.200793, 53.280436], [-6.201084, 53.280593], [-6.201203, 53.280792], [-6.201139, 53.281004], [-6.200477, 53.281803], [-6.200054, 53.282456], [-6.199582, 53.28341], [-6.199494, 53.284156], [-6.199651, 53.286124], [-6.198532, 53.289686], [-6.198494, 53.289856], [-6.198625, 53.290176], [-6.198886, 53.290259], [-6.201282, 53.290364], [-6.207761, 53.289965], [-6.215585, 53.290235], [-6.21767, 53.290065], [-6.217879, 53.290181], [-6.220667, 53.293287], [-6.222712, 53.294835], [-6.223906, 53.295955], [-6.225555, 53.297343], [-6.226166, 53.298049], [-6.226439, 53.298708], [-6.226415, 53.299212], [-6.226021, 53.300177], [-6.22595, 53.300664], [-6.226507, 53.303404], [-6.226929, 53.303893], [-6.228201, 53.304727], [-6.229999, 53.306061], [-6.230406, 53.306463], [-6.230582, 53.306948], [-6.230571, 53.308056], [-6.230678, 53.308483], [-6.232182, 53.310649], [-6.23307, 53.31269], [-6.2332, 53.313273], [-6.23315, 53.313792], [-6.232821, 53.315113], [-6.232435, 53.315908], [-6.232466, 53.316212], [-6.23301, 53.316633], [-6.235677, 53.317721], [-6.237669, 53.318943]]}, "properties": {"route": "86", "routes": ["86", "87", "88", "L13", "L25", "S8"], "category": "radial", "colour": "#9467bd", "route_colour": "#7f7f7f", "pdf_colour": "#662484", "stroke": "#7f7f7f", "stroke-width": 2, "source": "pdf-future", "phase": "future"}}, {"type": "Feature", "geometry": {"type": "LineString", "coordinates": [[-6.215698, 53.264861], [-6.214204, 53.264644], [-6.21315, 53.264673], [-6.212594, 53.264827], [-6.211574, 53.265359], [-6.210308, 53.265583], [-6.209147, 53.265499], [-6.208181, 53.265127], [-6.207609, 53.264569], [-6.207033, 53.263501], [-6.207327, 53.263338], [-6.208748, 53.263326], [-6.209103, 53.263186], [-6.209125, 53.262931], [-6.208688, 53.262356], [-6.20862, 53.262127], [-6.208702, 53.261945], [-6.209123, 53.261596], [-6.209159, 53.261451], [-6.208954, 53.261207], [-6.208178, 53.260848], [-6.20781, 53.260581], [-6.207556, 53.260265], [-6.207557, 53.260017], [-6.207787, 53.259803], [-6.208285, 53.259552], [-6.208649, 53.259503], [-6.208959, 53.259583], [-6.209536, 53.259936], [-6.21182, 53.261684], [-6.214362, 53.262885], [-6.215055, 53.263492], [-6.215708, 53.264788], [-6.217317, 53.266036], [-6.21765, 53.266711], [-6.217809, 53.267294], [-6.217968, 53.269217], [-6.218173, 53.270351], [-6.217765, 53.272452], [-6.217778, 53.273581], [-6.218066, 53.274474], [-6.218774, 53.275852], [-6.219476, 53.277793], [-6.219901, 53.278324], [-6.220915, 53.279072], [-6.221252, 53.279409], [-6.22272, 53.282098], [-6.223927, 53.283181], [-6.225032, 53.284583], [-6.225673, 53.284948], [-6.226945, 53.285209], [-6.227653, 53.285447], [-6.229133, 53.286481], [-6.229777, 53.286843]]}, "properties": {"route": "87", "routes": ["87", "88", "L33", "L35"], "category": "radial", "colour": "#9467bd", "route_colour": "#9edae5", "pdf_colour": "#662484", "stroke": "#9edae5", "stroke-width": 2, "source": "pdf-future", "phase": "future"}}, {"type": "Feature", "geometry": {"type": "LineString", "coordinates": [[-6.237632, 53.318925], [-6.237468, 53.318746], [-6.237835, 53.318457], [-6.23926, 53.317786], [-6.239671, 53.317468], [-6.239862, 53.316828], [-6.240306, 53.315944], [-6.242154, 53.312737], [-6.242582, 53.311168], [-6.242463, 53.31102], [-6.241305, 53.310551], [-6.240859, 53.310076], [-6.240408, 53.308124], [-6.238611, 53.303636], [-6.238519, 53.303157], [-6.238544, 53.302758], [-6.239061, 53.301596], [-6.239315, 53.300789], [-6.239462, 53.299798], [-6.239454, 53.298969], [-6.239316, 53.29827], [-6.238789, 53.296709], [-6.238447, 53.295251], [-6.237733, 53.294056]]}, "properties": {"route": "87", "routes": ["87", "88"], "category": "radial", "colour": "#9467bd", "route_colour": "#9edae5", "pdf_colour": "#662484", "stroke": "#9edae5", "stroke-width": 2, "source": "pdf-future", "phase": "future"}}, {"type": "Feature", "geometry": {"type": "LineString", "coordinates": [[-6.271142, 53.344865], [-6.271136, 53.344447], [-6.270707, 53.343236], [-6.27057, 53.342424], [-6.271119, 53.342109], [-6.271378, 53.341523], [-6.27133, 53.339563], [-6.271447, 53.339162], [-6.271658, 53.339124], [-6.272773, 53.339277], [-6.273394, 53.339282], [-6.273844, 53.339173], [-6.274317, 53.338868], [-6.277823, 53.33869], [-6.278052, 53.338642], [-6.278985, 53.338156], [-6.282829, 53.337616], [-6.284956, 53.337048], [-6.286625, 53.336344], [-6.287758, 53.335683], [-6.288343, 53.335095], [-6.288862, 53.334099], [-6.291651, 53.332016], [-6.295601, 53.330388], [-6.295724, 53.330193], [-6.295754, 53.329798], [-6.295674, 53.328345], [-6.295571, 53.327931], [-6.295055, 53.327087], [-6.292884, 53.324359], [-6.293503, 53.324053], [-6.293593, 53.323626], [-6.295484, 53.323011], [-6.295933, 53.323095]]}, "properties": {"route": "74", "routes": ["74", "S2"], "category": "radial", "colour": "#9467bd", "route_colour": "#ff9896", "pdf_colour": "#662484", "stroke": "#ff9896", "stroke-width": 2, "source": "pdf-future", "phase": "future"}}, {"type": "Feature", "geometry": {"type": "LineString", "coordinates": [[-6.294106, 53.32593], [-6.293844, 53.325547], [-6.29399, 53.325373], [-6.29746, 53.324644], [-6.298848, 53.324479], [-6.299027, 53.324369], [-6.298995, 53.324248], [-6.298138, 53.323435], [-6.29679, 53.323422], [-6.296257, 53.323272], [-6.295919, 53.323085], [-6.295652, 53.322792], [-6.295567, 53.322466], [-6.295671, 53.322115], [-6.295918, 53.321879], [-6.296553, 53.321652], [-6.297301, 53.321616], [-6.297895, 53.321738], [-6.298655, 53.322043], [-6.299912, 53.321667], [-6.302006, 53.321657], [-6.302191, 53.321559], [-6.301818, 53.321082], [-6.302283, 53.320851], [-6.300429, 53.319136], [-6.297866, 53.316401], [-6.297415, 53.31569], [-6.297219, 53.314845], [-6.296825, 53.314729], [-6.294362, 53.314439], [-6.293025, 53.313939], [-6.293036, 53.313773], [-6.29496, 53.312429], [-6.294964, 53.312262], [-6.294748, 53.312165], [-6.281105, 53.310075], [-6.280073, 53.309944], [-6.278744, 53.309934], [-6.278526, 53.309818], [-6.278679, 53.30895], [-6.278606, 53.308271], [-6.278455, 53.307829], [-6.278145, 53.307633], [-6.277726, 53.306661], [-6.277502, 53.305991], [-6.277411, 53.305351], [-6.277447, 53.304812], [-6.277734, 53.303929], [-6.277777, 53.303481], [-6.277574, 53.30164], [-6.277284, 53.300554], [-6.277261, 53.300096], [-6.277365, 53.299717], [-6.277941, 53.298706], [-6.278143, 53.2977], [-6.279012, 53.296856], [-6.280165, 53.296274], [-6.280559, 53.29593], [-6.280726, 53.295569], [-6.281062, 53.294172], [-6.281301, 53.293865], [-6.282069, 53.293253], [-6.282457, 53.29274], [-6.283085, 53.29143], [-6.284003, 53.28916], [-6.284345, 53.288598], [-6.284732, 53.288251], [-6.285755, 53.287663], [-6.287523, 53.286309], [-6.2879, 53.28587], [-6.288496, 53.284829], [-6.289697, 53.28353], [-6.289812, 53.28327], [-6.289742, 53.28313], [-6.289539, 53.28304], [-6.286107, 53.282613], [-6.276703, 53.282753], [-6.276428, 53.282693], [-6.276262, 53.282526], [-6.275778, 53.280491], [-6.275796, 53.279912], [-6.275929, 53.279482], [-6.276202, 53.279404], [-6.277606, 53.279438], [-6.279542, 53.279169], [-6.281058, 53.27919]]}, "properties": {"route": "74", "routes": ["74", "81", "85", "A2", "A4", "L35", "S4"], "category": "radial", "colour": "#9467bd", "route_colour": "#ff9896", "pdf_colour": "#662484", "stroke": "#ff9896", "stroke-width": 2, "source": "pdf-future", "phase": "future"}}, {"type": "Feature", "geometry": {"type": "LineString", "coordinates": [[-6.231449, 53.286073], [-6.23172, 53.285672], [-6.232923, 53.284932], [-6.234505, 53.283721], [-6.234998, 53.282942], [-6.235288, 53.281804], [-6.235472, 53.279909], [-6.23511, 53.279352], [-6.234966, 53.278358], [-6.234774, 53.277778], [-6.233728, 53.276118], [-6.233431, 53.275378], [-6.233392, 53.273354], [-6.233471, 53.273238], [-6.233688, 53.273168], [-6.235422, 53.273285], [-6.240126, 53.273102], [-6.242317, 53.273108], [-6.244482, 53.273287], [-6.24652, 53.273639], [-6.249074, 53.274363], [-6.252042, 53.275527], [-6.253862, 53.27648], [-6.256315, 53.278123], [-6.257688, 53.278906], [-6.259272, 53.279583], [-6.261438, 53.280293], [-6.267531, 53.282032], [-6.269623, 53.282494], [-6.271614, 53.282676], [-6.276044, 53.282757], [-6.276261, 53.282692], [-6.27627, 53.282549]]}, "properties": {"route": "74", "routes": ["74", "80", "A2", "L35", "S8"], "category": "radial", "colour": "#9467bd", "route_colour": "#ff9896", "pdf_colour": "#662484", "stroke": "#ff9896", "stroke-width": 2, "source": "pdf-future", "phase": "future"}}, {"type": "Feature", "geometry": {"type": "LineString", "coordinates": [[-6.31251, 53.318839], [-6.312539, 53.318486], [-6.312883, 53.317722], [-6.313171, 53.31747], [-6.313782, 53.317159], [-6.31404, 53.316716], [-6.314215, 53.316637], [-6.324785, 53.317298], [-6.330662, 53.317381], [-6.332741, 53.317045], [-6.334343, 53.317202], [-6.341451, 53.316374], [-6.342383, 53.31638], [-6.344117, 53.316543], [-6.345386, 53.316463], [-6.348301, 53.315705], [-6.350746, 53.314946], [-6.352953, 53.314462], [-6.356202, 53.313289], [-6.356325, 53.313204], [-6.356341, 53.313095], [-6.356095, 53.312917], [-6.353069, 53.311535], [-6.350607, 53.310583], [-6.350472, 53.310469], [-6.350489, 53.310339], [-6.35122, 53.309905], [-6.352091, 53.309215], [-6.353242, 53.307877], [-6.353947, 53.307276], [-6.3554, 53.306578], [-6.356012, 53.306134], [-6.35722, 53.305581], [-6.359984, 53.304419], [-6.361691, 53.303851], [-6.362075, 53.303919], [-6.362618, 53.30447], [-6.362614, 53.305], [-6.362728, 53.305392], [-6.363018, 53.305847], [-6.363463, 53.306264], [-6.364456, 53.306813], [-6.366632, 53.307702], [-6.366951, 53.307704], [-6.367483, 53.30739], [-6.368337, 53.307169], [-6.37042, 53.307275], [-6.37097, 53.307218], [-6.371545, 53.307044], [-6.372151, 53.306706], [-6.372533, 53.306379], [-6.372767, 53.305526], [-6.373048, 53.305178], [-6.374715, 53.304045], [-6.374694, 53.30385], [-6.374214, 53.303533], [-6.374274, 53.303335], [-6.376298, 53.302297], [-6.378937, 53.300801], [-6.380888, 53.300204], [-6.381775, 53.299803], [-6.383972, 53.29824], [-6.384543, 53.29771], [-6.384725, 53.297377], [-6.38476, 53.297104], [-6.384694, 53.29683], [-6.384402, 53.296435], [-6.384399, 53.296308], [-6.38456, 53.296197], [-6.385533, 53.295909], [-6.385671, 53.295724], [-6.384494, 53.294338], [-6.383381, 53.29269], [-6.38335, 53.292398], [-6.38364, 53.291405], [-6.38339, 53.290569], [-6.383404, 53.290259], [-6.383825, 53.289083], [-6.384084, 53.288828], [-6.384709, 53.288473], [-6.384878, 53.288224], [-6.384949, 53.287908], [-6.384764, 53.287119], [-6.384814, 53.28703], [-6.385574, 53.286865], [-6.386131, 53.286854], [-6.386607, 53.287006], [-6.387259, 53.287367]]}, "properties": {"route": "71", "routes": ["71", "F3", "S4"], "category": "radial", "colour": "#9467bd", "route_colour": "#e377c2", "pdf_colour": "#662484", "stroke": "#e377c2", "stroke-width": 2, "source": "pdf-future", "phase": "future"}}, {"type": "Feature", "geometry": {"type": "LineString", "coordinates": [[-6.314006, 53.316819], [-6.313778, 53.317163], [-6.313171, 53.31747], [-6.312883, 53.317722], [-6.312551, 53.318454], [-6.312492, 53.3188], [-6.312897, 53.319463], [-6.313873, 53.320296], [-6.316801, 53.321714], [-6.317895, 53.322507], [-6.317965, 53.322688], [-6.317888, 53.322861], [-6.317123, 53.323306], [-6.316397, 53.323948], [-6.31572, 53.324108], [-6.315149, 53.324441], [-6.314413, 53.324691], [-6.313248, 53.324652], [-6.308915, 53.325011], [-6.305914, 53.32503], [-6.300035, 53.324707], [-6.298473, 53.324717], [-6.292178, 53.325948], [-6.286595, 53.326916], [-6.28557, 53.32719], [-6.284648, 53.327582], [-6.283415, 53.328301], [-6.282151, 53.329165], [-6.281819, 53.32969], [-6.281335, 53.331319], [-6.281393, 53.331624]]}, "properties": {"route": "71", "routes": ["71", "S4"], "category": "radial", "colour": "#9467bd", "route_colour": "#e377c2", "pdf_colour": "#662484", "stroke": "#e377c2", "stroke-width": 2, "source": "pdf-future", "phase": "future"}}, {"type": "Feature", "geometry": {"type": "LineString", "coordinates": [[-6.24972, 53.339253], [-6.249891, 53.338839], [-6.251448, 53.337005], [-6.251648, 53.336936], [-6.252195, 53.336954], [-6.252911, 53.335864], [-6.253095, 53.335771], [-6.25335, 53.335767], [-6.260299, 53.33744], [-6.263457, 53.337411], [-6.263979, 53.337599], [-6.26412, 53.337785], [-6.264199, 53.338214], [-6.263973, 53.339844], [-6.264005, 53.340639], [-6.263873, 53.341003], [-6.263339, 53.341545], [-6.263161, 53.341868], [-6.263081, 53.342287], [-6.263129, 53.343243], [-6.263164, 53.34341], [-6.263277, 53.343488], [-6.266036, 53.343384], [-6.267055, 53.343233], [-6.268452, 53.342983], [-6.26923, 53.342529], [-6.269829, 53.342415], [-6.272894, 53.342966], [-6.273697, 53.342999], [-6.274699, 53.342913], [-6.275285, 53.343362], [-6.275391, 53.343575], [-6.275363, 53.343823], [-6.274586, 53.345527], [-6.274232, 53.346836], [-6.274186, 53.347329], [-6.274311, 53.348491], [-6.274269, 53.349014], [-6.273363, 53.350858], [-6.273041, 53.352088], [-6.273051, 53.353996], [-6.273382, 53.356251], [-6.273263, 53.357181], [-6.27286, 53.358209], [-6.272786, 53.358598], [-6.272804, 53.359121], [-6.273068, 53.360721], [-6.273049, 53.361259], [-6.272411, 53.362956], [-6.272436, 53.363873], [-6.272376, 53.36418], [-6.271875, 53.365027], [-6.271064, 53.366685], [-6.270018, 53.368449], [-6.270624, 53.369168], [-6.271205, 53.369642], [-6.271403, 53.369901], [-6.271342, 53.370212], [-6.27074, 53.370921], [-6.27064, 53.371166], [-6.270956, 53.372009], [-6.271026, 53.372913], [-6.271331, 53.373337], [-6.271921, 53.373671], [-6.273536, 53.374367], [-6.275091, 53.374685], [-6.276795, 53.375182], [-6.279315, 53.375764]]}, "properties": {"route": "23", "routes": ["23", "24", "71", "72", "73", "80"], "category": "radial", "colour": "#9467bd", "route_colour": "#c49c94", "pdf_colour": "#662484", "stroke": "#c49c94", "stroke-width": 2, "source": "pdf-future", "phase": "future"}}, {"type": "Feature", "geometry": {"type": "LineString", "coordinates": [[-6.144629, 53.444536], [-6.151066, 53.446482], [-6.153754, 53.447019], [-6.155596, 53.447187], [-6.156529, 53.447152], [-6.158064, 53.44689], [-6.159801, 53.44695], [-6.160983, 53.44687], [-6.171956, 53.445226], [-6.172338, 53.445225], [-6.184974, 53.4492], [-6.186108, 53.449838], [-6.186414, 53.45011], [-6.186698, 53.450578], [-6.186986, 53.450723], [-6.189649, 53.451338], [-6.190114, 53.451308], [-6.190411, 53.45116], [-6.192342, 53.448922], [-6.192838, 53.44817], [-6.193838, 53.447332], [-6.194539, 53.446413], [-6.194496, 53.446231], [-6.181601, 53.44231], [-6.181388, 53.442135], [-6.181611, 53.441474], [-6.181613, 53.440368], [-6.181952, 53.439522], [-6.182597, 53.438507], [-6.18373, 53.437574], [-6.184138, 53.437105], [-6.184576, 53.436348], [-6.184664, 53.435785], [-6.184332, 53.433293], [-6.184283, 53.431985], [-6.183779, 53.429769], [-6.18387, 53.429153], [-6.184431, 53.427353], [-6.184556, 53.425381], [-6.184252, 53.424641], [-6.183142, 53.423277], [-6.182714, 53.422526], [-6.182435, 53.421698], [-6.182042, 53.41952], [-6.182159, 53.418198], [-6.182602, 53.416881], [-6.183027, 53.414258], [-6.183136, 53.412366], [-6.18399, 53.410304], [-6.184081, 53.409327], [-6.183828, 53.408695], [-6.182778, 53.407522], [-6.182395, 53.406745], [-6.181796, 53.404998], [-6.181625, 53.404122], [-6.18156, 53.403598], [-6.181823, 53.402853], [-6.18238, 53.402342], [-6.183294, 53.401017], [-6.183926, 53.400358], [-6.187688, 53.397863], [-6.188467, 53.397239], [-6.18983, 53.395763], [-6.191426, 53.393599], [-6.19275, 53.392246], [-6.193914, 53.391521], [-6.196512, 53.390277], [-6.198357, 53.389228], [-6.202002, 53.386129], [-6.20401, 53.384608], [-6.204582, 53.383889], [-6.205377, 53.382486], [-6.205843, 53.381995], [-6.206312, 53.381723], [-6.209378, 53.380634], [-6.211754, 53.378788], [-6.212803, 53.378092], [-6.214209, 53.37734], [-6.216502, 53.376357], [-6.218085, 53.375352], [-6.219757, 53.374507], [-6.220423, 53.374073], [-6.222038, 53.372487], [-6.223531, 53.371189], [-6.226392, 53.368057], [-6.227121, 53.367434], [-6.228746, 53.366263], [-6.229616, 53.364994], [-6.230173, 53.3636], [-6.230425, 53.36353], [-6.232477, 53.363498], [-6.234077, 53.36326], [-6.23594, 53.362724], [-6.238266, 53.361877], [-6.239907, 53.360486], [-6.24247, 53.358073], [-6.246094, 53.355518], [-6.247378, 53.354479], [-6.2501, 53.351884], [-6.25115, 53.350392], [-6.252339, 53.350094], [-6.25318, 53.349635], [-6.253925, 53.349483], [-6.254628, 53.349226], [-6.25564, 53.349056], [-6.256017, 53.349071], [-6.256395, 53.349214], [-6.256838, 53.349893], [-6.256725, 53.350169], [-6.256389, 53.35032], [-6.250777, 53.351152], [-6.250615, 53.351239], [-6.250364, 53.351579]]}, "properties": {"route": "20", "routes": ["20", "21", "6", "73", "78", "D1", "D2", "H2", "L80", "L81", "X77", "X78"], "category": "radial", "colour": "#9467bd", "route_colour": "#98df8a", "pdf_colour": "#662484", "stroke": "#98df8a", "stroke-width": 2, "source": "pdf-future", "phase": "future"}}, {"type": "Feature", "geometry": {"type": "LineString", "coordinates": [[-6.335347, 53.36998], [-6.346371, 53.373335], [-6.356568, 53.376279], [-6.359687, 53.37725], [-6.363129, 53.378498], [-6.363408, 53.378432], [-6.363635, 53.378164], [-6.363801, 53.377503], [-6.362861, 53.370361], [-6.363223, 53.370221], [-6.364782, 53.370461], [-6.367237, 53.371321], [-6.367881, 53.371994], [-6.36839, 53.373158], [-6.368889, 53.373797], [-6.369951, 53.374709], [-6.371482, 53.375682], [-6.372233, 53.376725], [-6.372842, 53.377291], [-6.374898, 53.37852], [-6.376013, 53.379712], [-6.377761, 53.381999], [-6.377536, 53.382114], [-6.376128, 53.381964], [-6.375289, 53.382148], [-6.374164, 53.382905], [-6.373605, 53.383776], [-6.373736, 53.384071], [-6.374673, 53.384708], [-6.377702, 53.386247], [-6.377681, 53.386363], [-6.376561, 53.387216], [-6.375817, 53.388027], [-6.375812, 53.38822], [-6.375909, 53.38841], [-6.376486, 53.38887], [-6.376574, 53.389329], [-6.376861, 53.389451], [-6.378014, 53.389472], [-6.381721, 53.38924], [-6.383231, 53.38927], [-6.384583, 53.38957], [-6.385902, 53.390249], [-6.385865, 53.390367], [-6.384319, 53.391258], [-6.382774, 53.392327], [-6.382818, 53.392427], [-6.383552, 53.392716], [-6.383676, 53.392958], [-6.383589, 53.393131], [-6.383139, 53.393405], [-6.381473, 53.394104], [-6.379325, 53.395743], [-6.379296, 53.395853], [-6.379459, 53.396088], [-6.379962, 53.396407], [-6.384027, 53.397549], [-6.390067, 53.395852], [-6.390549, 53.395822], [-6.391128, 53.395899], [-6.391621, 53.396112], [-6.392116, 53.396476], [-6.392428, 53.396522], [-6.395197, 53.395914], [-6.397302, 53.395277], [-6.4031, 53.391957], [-6.402443, 53.391905], [-6.401219, 53.392707], [-6.400139, 53.392698], [-6.399964, 53.392583]]}, "properties": {"route": "35", "routes": ["35", "37", "L61", "N4", "X61"], "category": "radial", "colour": "#9467bd", "route_colour": "#bcbd22", "pdf_colour": "#662484", "stroke": "#bcbd22", "stroke-width": 2, "source": "pdf-future", "phase": "future"}}, {"type": "Feature", "geometry": {"type": "LineString", "coordinates": [[-6.39254, 53.321225], [-6.390424, 53.320935], [-6.384916, 53.319909], [-6.379438, 53.319198], [-6.378476, 53.319135], [-6.377938, 53.318986], [-6.377193, 53.318559], [-6.375837, 53.318235], [-6.373932, 53.317918], [-6.37273, 53.317804], [-6.370976, 53.317844], [-6.369975, 53.317718], [-6.3693, 53.317782], [-6.369026, 53.317894], [-6.368396, 53.318595], [-6.367749, 53.318885], [-6.366566, 53.319123], [-6.363917, 53.31931], [-6.345086, 53.325957], [-6.342883, 53.326586], [-6.335781, 53.328284], [-6.333223, 53.329081], [-6.331565, 53.329881], [-6.33074, 53.330417], [-6.329638, 53.331491], [-6.328577, 53.332995], [-6.328082, 53.333511], [-6.324389, 53.336343], [-6.321166, 53.338384], [-6.320882, 53.338407], [-6.319927, 53.3382], [-6.319163, 53.338201], [-6.316962, 53.338714], [-6.31489, 53.339058], [-6.313881, 53.338892], [-6.307265, 53.338841], [-6.307132, 53.339087], [-6.307065, 53.339836], [-6.30745, 53.341256], [-6.308575, 53.346715], [-6.308524, 53.346903], [-6.308273, 53.347066], [-6.303714, 53.347157], [-6.295645, 53.347051], [-6.294487, 53.34673], [-6.29332, 53.346664], [-6.291395, 53.346739], [-6.290691, 53.346559]]}, "properties": {"route": "57", "routes": ["57", "58", "60", "80", "L54", "S2", "X55"], "category": "radial", "colour": "#9467bd", "route_colour": "#c5b0d5", "pdf_colour": "#662484", "stroke": "#c5b0d5", "stroke-width": 2, "source": "pdf-future", "phase": "future"}}, {"type": "Feature", "geometry": {"type": "LineString", "coordinates": [[-6.306948, 53.36206], [-6.306775, 53.361888], [-6.307004, 53.361734], [-6.311906, 53.360403], [-6.312069, 53.360322], [-6.312095, 53.360227], [-6.311682, 53.359798], [-6.311195, 53.359488], [-6.309319, 53.358515], [-6.307918, 53.357942], [-6.299215, 53.355685], [-6.296911, 53.355016], [-6.294558, 53.354677], [-6.293324, 53.354389], [-6.292379, 53.354075], [-6.289271, 53.352688], [-6.286266, 53.351906], [-6.284769, 53.350936], [-6.283375, 53.349806], [-6.282663, 53.349324], [-6.282684, 53.348469], [-6.283012, 53.345585]]}, "properties": {"route": "37", "routes": ["37", "N2"], "category": "radial", "colour": "#9467bd", "route_colour": "#8c564b", "pdf_colour": "#662484", "stroke": "#8c564b", "stroke-width": 2, "source": "pdf-future", "phase": "future"}}, {"type": "Feature", "geometry": {"type": "LineString", "coordinates": [[-6.255767, 53.349141], [-6.256765, 53.350965], [-6.256735, 53.351086], [-6.251309, 53.351934], [-6.250731, 53.352121], [-6.248894, 53.354009], [-6.24731, 53.355373], [-6.243766, 53.357871], [-6.242077, 53.359281], [-6.239225, 53.361908], [-6.238318, 53.362406], [-6.234826, 53.363521], [-6.23284, 53.363893], [-6.231171, 53.363974], [-6.229087, 53.363882], [-6.228596, 53.363788], [-6.228035, 53.363498], [-6.227712, 53.363502], [-6.22266, 53.365556], [-6.221617, 53.365701], [-6.219348, 53.365802], [-6.217924, 53.366142], [-6.21581, 53.366222], [-6.214156, 53.36655], [-6.212859, 53.366958], [-6.211036, 53.367785], [-6.209608, 53.368527], [-6.207619, 53.369784], [-6.20714, 53.369885], [-6.203609, 53.370183], [-6.20346, 53.370318], [-6.203088, 53.371257], [-6.202671, 53.371706], [-6.201924, 53.372124], [-6.19897, 53.373433], [-6.198101, 53.373665], [-6.193077, 53.374659], [-6.190697, 53.375501], [-6.189218, 53.375904], [-6.18579, 53.376439], [-6.18316, 53.377048], [-6.180574, 53.377856], [-6.179341, 53.378423], [-6.179052, 53.378382], [-6.17834, 53.377939], [-6.177814, 53.377733], [-6.175568, 53.377279], [-6.174061, 53.376604], [-6.169444, 53.374958], [-6.165114, 53.373015], [-6.164565, 53.372927], [-6.164235, 53.373072], [-6.161184, 53.375423], [-6.158407, 53.377117], [-6.152235, 53.379821], [-6.151764, 53.380155], [-6.151283, 53.380741], [-6.150994, 53.380902], [-6.144617, 53.383351], [-6.143093, 53.383486], [-6.140319, 53.384215], [-6.132071, 53.386011], [-6.129373, 53.38646], [-6.121355, 53.387297], [-6.116325, 53.387394], [-6.111178, 53.38785], [-6.110391, 53.387714], [-6.102868, 53.384917], [-6.101384, 53.3842], [-6.100213, 53.383421], [-6.099791, 53.38301], [-6.099731, 53.382849], [-6.100403, 53.381896], [-6.100997, 53.380668], [-6.101453, 53.379031], [-6.101474, 53.377749], [-6.101006, 53.376848], [-6.100778, 53.376631], [-6.100439, 53.376489], [-6.09867, 53.376268], [-6.098044, 53.376103], [-6.094768, 53.374762], [-6.092717, 53.374073], [-6.09259, 53.373945], [-6.092199, 53.372192], [-6.09245, 53.372085], [-6.093783, 53.372123], [-6.095274, 53.371748], [-6.095942, 53.371886], [-6.096321, 53.372432], [-6.096475, 53.373116], [-6.097394, 53.373553], [-6.09943, 53.37498], [-6.100352, 53.375948], [-6.100539, 53.37624], [-6.10057, 53.376524]]}, "properties": {"route": "6", "routes": ["6", "H2", "H3", "N4", "X78"], "category": "radial", "colour": "#9467bd", "route_colour": "#2ca02c", "pdf_colour": "#662484", "stroke": "#2ca02c", "stroke-width": 2, "source": "pdf-future", "phase": "future"}}, {"type": "Feature", "geometry": {"type": "LineString", "coordinates": [[-6.073476, 53.387293], [-6.073406, 53.387055], [-6.073174, 53.386929], [-6.070541, 53.386806], [-6.068354, 53.386218], [-6.067429, 53.386054], [-6.065952, 53.386017], [-6.06464, 53.386288], [-6.064468, 53.386259], [-6.064403, 53.386163], [-6.064641, 53.385825], [-6.064717, 53.385485], [-6.064604, 53.384967], [-6.064285, 53.384484], [-6.063269, 53.383478], [-6.062653, 53.382659], [-6.06228, 53.382396], [-6.061756, 53.382166], [-6.059171, 53.381562], [-6.05833, 53.381128], [-6.055922, 53.379236], [-6.054422, 53.376977], [-6.052855, 53.375563], [-6.052346, 53.375004], [-6.052112, 53.374601], [-6.051973, 53.374107], [-6.052017, 53.3737], [-6.052172, 53.37345], [-6.052731, 53.37311], [-6.054874, 53.372518], [-6.055606, 53.372165], [-6.055869, 53.371897], [-6.05582, 53.371555], [-6.057334, 53.369874], [-6.057433, 53.369629], [-6.057429, 53.369293], [-6.056932, 53.368221], [-6.056917, 53.367803], [-6.057912, 53.366281], [-6.058446, 53.365718], [-6.059061, 53.365474], [-6.059817, 53.365389], [-6.060926, 53.365437], [-6.063199, 53.365812], [-6.063857, 53.365751], [-6.065353, 53.365367], [-6.066077, 53.365265], [-6.071374, 53.365226], [-6.07282, 53.365339], [-6.074244, 53.365584], [-6.075416, 53.365873], [-6.076464, 53.366259], [-6.079268, 53.367748], [-6.082239, 53.36881], [-6.083652, 53.369459], [-6.084165, 53.369875], [-6.084628, 53.370394], [-6.086501, 53.3716], [-6.087311, 53.372429], [-6.087723, 53.373111], [-6.088155, 53.374603], [-6.088721, 53.375913], [-6.089338, 53.376851], [-6.090041, 53.377544], [-6.091187, 53.378243], [-6.097653, 53.381179], [-6.098801, 53.381962], [-6.100019, 53.38325]]}, "properties": {"route": "6", "routes": ["6", "H3"], "category": "radial", "colour": "#9467bd", "route_colour": "#2ca02c", "pdf_colour": "#662484", "stroke": "#2ca02c", "stroke-width": 2, "source": "pdf-future", "phase": "future"}}, {"type": "Feature", "geometry": {"type": "LineString", "coordinates": [[-6.307135, 53.404135], [-6.307875, 53.405001], [-6.308633, 53.405554], [-6.309466, 53.405926], [-6.313584, 53.407442], [-6.314127, 53.407765], [-6.314527, 53.40823], [-6.31501, 53.409726], [-6.314852, 53.410824], [-6.314865, 53.411311], [-6.315374, 53.41269], [-6.315485, 53.413337], [-6.315343, 53.415571], [-6.315498, 53.417376], [-6.315387, 53.418127], [-6.315211, 53.418517], [-6.314898, 53.418571], [-6.312079, 53.418172], [-6.309702, 53.417976], [-6.278614, 53.416319], [-6.277354, 53.416143], [-6.276104, 53.415818], [-6.2733, 53.414397], [-6.272721, 53.414266], [-6.272146, 53.41436], [-6.270378, 53.415188], [-6.269213, 53.415598], [-6.267547, 53.415853], [-6.266013, 53.415913], [-6.263415, 53.415774], [-6.255049, 53.414888], [-6.248654, 53.414693], [-6.244037, 53.414417], [-6.243781, 53.414477], [-6.242735, 53.415202], [-6.240103, 53.41664], [-6.239155, 53.417279], [-6.237515, 53.418727], [-6.236985, 53.419355], [-6.236534, 53.420138], [-6.236226, 53.421004], [-6.236096, 53.422525], [-6.236486, 53.424484], [-6.236871, 53.424848], [-6.237467, 53.425014], [-6.249199, 53.426212], [-6.249798, 53.42613], [-6.250208, 53.42596], [-6.250778, 53.425487], [-6.250908, 53.425156], [-6.250837, 53.424883], [-6.250684, 53.424688], [-6.249365, 53.423783], [-6.248649, 53.423494], [-6.2444, 53.422359], [-6.243622, 53.421768], [-6.243168, 53.421557], [-6.236992, 53.419882], [-6.236791, 53.419699], [-6.23695, 53.419409]]}, "properties": {"route": "19", "routes": ["19", "22", "24", "A2", "E2", "L89", "N8"], "category": "radial", "colour": "#9467bd", "route_colour": "#ffbb78", "pdf_colour": "#662484", "stroke": "#ffbb78", "stroke-width": 2, "source": "pdf-future", "phase": "future"}}, {"type": "Feature", "geometry": {"type": "LineString", "coordinates": [[-6.298872, 53.394059], [-6.299868, 53.393182], [-6.300506, 53.392376], [-6.300723, 53.391749], [-6.300955, 53.390309], [-6.301278, 53.389693], [-6.301225, 53.389531], [-6.300051, 53.389075], [-6.29912, 53.388448], [-6.298545, 53.387929], [-6.298009, 53.387], [-6.296163, 53.385437], [-6.291322, 53.38298], [-6.290374, 53.382637], [-6.289384, 53.382451], [-6.284909, 53.382139], [-6.284106, 53.381902], [-6.283245, 53.381442], [-6.28264, 53.381043], [-6.282594, 53.380945], [-6.28265, 53.380829], [-6.283388, 53.38067], [-6.286016, 53.380787], [-6.286735, 53.380661], [-6.286843, 53.3805], [-6.286658, 53.380198], [-6.286665, 53.379939], [-6.287493, 53.379097], [-6.287572, 53.378829], [-6.287272, 53.378675], [-6.284794, 53.37849], [-6.284542, 53.378391], [-6.284477, 53.378244], [-6.284824, 53.376516], [-6.284625, 53.376306], [-6.281147, 53.376068], [-6.279113, 53.37572]]}, "properties": {"route": "23", "routes": ["23", "24"], "category": "radial", "colour": "#9467bd", "route_colour": "#c49c94", "pdf_colour": "#662484", "stroke": "#c49c94", "stroke-width": 2, "source": "pdf-future", "phase": "future"}}, {"type": "Feature", "geometry": {"type": "LineString", "coordinates": [[-6.467393, 53.354132], [-6.471172, 53.355547], [-6.473383, 53.356205], [-6.490315, 53.360054], [-6.492627, 53.360678], [-6.493245, 53.360988], [-6.493251, 53.361341], [-6.493068, 53.362379], [-6.493177, 53.362478], [-6.494542, 53.362436], [-6.498374, 53.361607], [-6.499153, 53.361628], [-6.49967, 53.361902], [-6.500215, 53.362471], [-6.500296, 53.362869], [-6.500133, 53.363771], [-6.500328, 53.364195], [-6.500604, 53.364409], [-6.501692, 53.364773], [-6.504974, 53.365103], [-6.506238, 53.365437], [-6.506466, 53.365407], [-6.506976, 53.364984], [-6.507772, 53.364596], [-6.513395, 53.363367], [-6.515694, 53.363237], [-6.517721, 53.362755], [-6.518841, 53.362812], [-6.52037, 53.363268], [-6.521152, 53.363351], [-6.522127, 53.363265], [-6.524277, 53.362794], [-6.525151, 53.362761], [-6.526048, 53.362954], [-6.527518, 53.363485], [-6.528625, 53.363678], [-6.533635, 53.36332], [-6.534958, 53.363493], [-6.535061, 53.363673], [-6.535025, 53.363935], [-6.534043, 53.36471], [-6.533263, 53.365121], [-6.530922, 53.366041], [-6.530335, 53.366482], [-6.529696, 53.367154], [-6.527201, 53.370191], [-6.526949, 53.370589], [-6.526925, 53.370964], [-6.527121, 53.371216], [-6.528314, 53.371487]]}, "properties": {"route": "52", "routes": ["52", "C3", "C4", "L54", "L59", "X25", "X26", "X30", "X31", "X32"], "category": "radial", "colour": "#9467bd", "route_colour": "#c5b0d5", "pdf_colour": "#662484", "stroke": "#c5b0d5", "stroke-width": 2, "source": "pdf-future", "phase": "future"}}, {"type": "Feature", "geometry": {"type": "LineString", "coordinates": [[-6.291929, 53.345348], [-6.291862, 53.34508], [-6.292047, 53.344972], [-6.297443, 53.344546], [-6.302369, 53.343757], [-6.305748, 53.342636], [-6.306863, 53.342386], [-6.309591, 53.342326], [-6.318138, 53.34171], [-6.319086, 53.341707], [-6.321783, 53.34198], [-6.333012, 53.343927], [-6.335001, 53.343905], [-6.338413, 53.343424], [-6.339769, 53.343323], [-6.341774, 53.343314], [-6.344531, 53.343487], [-6.346328, 53.343791], [-6.347693, 53.344334], [-6.348873, 53.34518], [-6.350863, 53.347246], [-6.351867, 53.347888], [-6.352756, 53.348239], [-6.353565, 53.348442], [-6.357206, 53.348965], [-6.358246, 53.349206], [-6.359382, 53.349747], [-6.361135, 53.350958], [-6.362234, 53.351458], [-6.363332, 53.351641], [-6.365549, 53.351748], [-6.368919, 53.352127], [-6.381448, 53.35475], [-6.382566, 53.354843], [-6.384082, 53.354796], [-6.38747, 53.354361], [-6.391788, 53.354574], [-6.396147, 53.354139], [-6.398769, 53.353988], [-6.399751, 53.354004], [-6.402895, 53.354357], [-6.411804, 53.356312], [-6.414165, 53.356747], [-6.416349, 53.357036], [-6.418288, 53.357201], [-6.422674, 53.357223], [-6.424395, 53.357149], [-6.425907, 53.356908]]}, "properties": {"route": "52", "routes": ["52", "60", "80", "G2", "L51", "N4", "S4", "W2", "W4"], "category": "radial", "colour": "#9467bd", "route_colour": "#c5b0d5", "pdf_colour": "#662484", "stroke": "#c5b0d5", "stroke-width": 2, "source": "pdf-future", "phase": "future"}}, {"type": "Feature", "geometry": {"type": "LineString", "coordinates": [[-6.471366, 53.355614], [-6.467625, 53.354225], [-6.464879, 53.352953], [-6.462642, 53.352027], [-6.460252, 53.351145], [-6.458754, 53.35068], [-6.456549, 53.350209], [-6.453521, 53.349757], [-6.451029, 53.349545], [-6.448599, 53.349532], [-6.446362, 53.349747], [-6.44416, 53.350076], [-6.441963, 53.350548], [-6.440493, 53.350961], [-6.437512, 53.352082], [-6.432282, 53.354583], [-6.427807, 53.356403], [-6.425422, 53.357015], [-6.423274, 53.357213]]}, "properties": {"route": "52", "routes": ["52", "C4", "L54", "N4", "X25", "X26", "X27", "X28", "X30"], "category": "radial", "colour": "#9467bd", "route_colour": "#c5b0d5", "pdf_colour": "#662484", "stroke": "#c5b0d5", "stroke-width": 2, "source": "pdf-future", "phase": "future"}}, {"type": "Feature", "geometry": {"type": "LineString", "coordinates": [[-6.186004, 53.387955], [-6.191736, 53.387585], [-6.192029, 53.387423], [-6.191885, 53.386969], [-6.191545, 53.386562], [-6.191629, 53.386431], [-6.192078, 53.386178], [-6.192084, 53.385984], [-6.189258, 53.38428], [-6.188859, 53.384259], [-6.186891, 53.384957], [-6.185811, 53.385232], [-6.185578, 53.385143], [-6.18331, 53.383449], [-6.18331, 53.383328], [-6.183429, 53.38323], [-6.184598, 53.382953], [-6.185477, 53.382549], [-6.185512, 53.382382], [-6.185124, 53.38213], [-6.185124, 53.381946], [-6.186683, 53.380902], [-6.187096, 53.380452], [-6.187828, 53.379419], [-6.188121, 53.379151], [-6.188664, 53.378903], [-6.190695, 53.378228], [-6.191125, 53.378272], [-6.192847, 53.379671], [-6.192772, 53.379806], [-6.191911, 53.380148], [-6.191839, 53.380261], [-6.191876, 53.380364], [-6.193318, 53.381499], [-6.193426, 53.381877], [-6.193898, 53.382127], [-6.194276, 53.382539], [-6.194615, 53.382698], [-6.195069, 53.382773], [-6.195976, 53.382647], [-6.197395, 53.382039], [-6.19797, 53.381601], [-6.198802, 53.380721], [-6.199147, 53.380555], [-6.204698, 53.38067], [-6.206294, 53.380903], [-6.207383, 53.380602], [-6.208494, 53.38018], [-6.211079, 53.378243], [-6.212196, 53.377516], [-6.21369, 53.376736], [-6.215661, 53.375905], [-6.217294, 53.37485], [-6.218989, 53.374011], [-6.219435, 53.373713], [-6.220939, 53.37225], [-6.221623, 53.371734], [-6.222293, 53.371096], [-6.225024, 53.368064], [-6.226168, 53.367096], [-6.226245, 53.366642], [-6.227365, 53.365843], [-6.228007, 53.364978], [-6.228378, 53.36421], [-6.228742, 53.363149], [-6.229097, 53.362737], [-6.229597, 53.362484], [-6.230257, 53.362309], [-6.232121, 53.362205], [-6.23325, 53.362014], [-6.236664, 53.360883], [-6.240371, 53.357446], [-6.243966, 53.354858], [-6.245534, 53.353555], [-6.248104, 53.350957], [-6.248503, 53.350365], [-6.249208, 53.349008], [-6.249896, 53.34813], [-6.25017, 53.348025], [-6.25044, 53.348029]]}, "properties": {"route": "78", "routes": ["78", "N4"], "category": "radial", "colour": "#9467bd", "route_colour": "#ff9896", "pdf_colour": "#662484", "stroke": "#ff9896", "stroke-width": 2, "source": "pdf-future", "phase": "future"}}, {"type": "Feature", "geometry": {"type": "LineString", "coordinates": [[-6.218094, 53.456676], [-6.223593, 53.456335], [-6.223924, 53.456375], [-6.224217, 53.456638], [-6.224306, 53.456982], [-6.226314, 53.460567], [-6.226442, 53.460608], [-6.227028, 53.460501], [-6.227075, 53.460446], [-6.226937, 53.459835], [-6.227106, 53.459502], [-6.227556, 53.459165], [-6.228724, 53.458656], [-6.228881, 53.458488], [-6.229147, 53.45658], [-6.229472, 53.455469], [-6.229263, 53.455238], [-6.22951, 53.454795], [-6.229941, 53.454703], [-6.230921, 53.452198], [-6.230788, 53.452063], [-6.22922, 53.451505], [-6.228732, 53.451181], [-6.228207, 53.450684], [-6.227684, 53.450485], [-6.219268, 53.450054], [-6.214165, 53.449618], [-6.214108, 53.449562], [-6.214237, 53.449384], [-6.2141, 53.449176], [-6.214134, 53.448492], [-6.213802, 53.44711], [-6.213781, 53.446316], [-6.213896, 53.445578], [-6.214131, 53.44481], [-6.214299, 53.444454], [-6.214662, 53.44411], [-6.214575, 53.443889], [-6.214163, 53.443751], [-6.212519, 53.44349], [-6.210721, 53.443007], [-6.205229, 53.440636], [-6.204234, 53.439979], [-6.203364, 53.439245], [-6.202652, 53.438517], [-6.20195, 53.437593], [-6.200367, 53.436048], [-6.198169, 53.43464], [-6.197396, 53.434441], [-6.195729, 53.434335], [-6.194803, 53.434025], [-6.193634, 53.433416], [-6.1924, 53.432341], [-6.191233, 53.431891], [-6.188291, 53.430403], [-6.187347, 53.43022], [-6.183783, 53.429859]]}, "properties": {"route": "21", "routes": ["21", "22", "L81", "X77", "X79"], "category": "radial", "colour": "#9467bd", "route_colour": "#1f77b4", "pdf_colour": "#662484", "stroke": "#1f77b4", "stroke-width": 2, "source": "pdf-future", "phase": "future"}}, {"type": "Feature", "geometry": {"type": "LineString", "coordinates": [[-6.21917, 53.353654], [-6.219733, 53.353736], [-6.220214, 53.353631], [-6.223514, 53.351453], [-6.223926, 53.351493], [-6.227541, 53.353352], [-6.227842, 53.353411], [-6.228105, 53.353326], [-6.230317, 53.351508], [-6.230588, 53.351491], [-6.231325, 53.351641], [-6.232295, 53.350956], [-6.232791, 53.350811], [-6.233984, 53.350875], [-6.234908, 53.351042], [-6.236016, 53.351457], [-6.236637, 53.351831], [-6.236607, 53.351972], [-6.235672, 53.352794], [-6.235699, 53.353006], [-6.238012, 53.353916], [-6.238166, 53.354081], [-6.237988, 53.354995], [-6.23749, 53.355762], [-6.236713, 53.356416], [-6.235167, 53.357252], [-6.23509, 53.357435], [-6.237983, 53.358959], [-6.238171, 53.358984], [-6.240047, 53.3573], [-6.242772, 53.355345], [-6.244928, 53.353601], [-6.244994, 53.353463], [-6.244889, 53.353176], [-6.244924, 53.35305], [-6.247349, 53.350675], [-6.248883, 53.348077], [-6.249141, 53.347992], [-6.250441, 53.348029]]}, "properties": {"route": "10", "routes": ["10", "71", "78", "8", "97", "L91"], "category": "radial", "colour": "#9467bd", "route_colour": "#ffbb78", "pdf_colour": "#662484", "stroke": "#ffbb78", "stroke-width": 2, "source": "pdf-future", "phase": "future"}}, {"type": "Feature", "geometry": {"type": "LineString", "coordinates": [[-6.192287, 53.345165], [-6.191043, 53.345206], [-6.190895, 53.345327], [-6.190838, 53.345657], [-6.190957, 53.346414], [-6.191728, 53.347172], [-6.19175, 53.348022], [-6.191951, 53.349296], [-6.192242, 53.349473], [-6.193442, 53.349477], [-6.193812, 53.349553], [-6.193923, 53.349676], [-6.194033, 53.350521], [-6.194277, 53.350676], [-6.200023, 53.350664], [-6.200253, 53.350513], [-6.200289, 53.349651], [-6.200566, 53.349508], [-6.206353, 53.349669], [-6.206676, 53.34983], [-6.206711, 53.350716], [-6.206968, 53.350897], [-6.212204, 53.35116], [-6.212339, 53.351305], [-6.212389, 53.352635], [-6.212617, 53.35281], [-6.215914, 53.352968], [-6.219445, 53.353711], [-6.22022, 53.353797], [-6.221915, 53.353639], [-6.223063, 53.353353], [-6.223109, 53.35325], [-6.222811, 53.352801], [-6.222728, 53.35243], [-6.223181, 53.351627]]}, "properties": {"route": "71", "routes": ["71", "72", "97"], "category": "radial", "colour": "#9467bd", "route_colour": "#e377c2", "pdf_colour": "#662484", "stroke": "#e377c2", "stroke-width": 2, "source": "pdf-future", "phase": "future"}}, {"type": "Feature", "geometry": {"type": "LineString", "coordinates": [[-6.153295, 53.400329], [-6.158621, 53.400777], [-6.163594, 53.400724], [-6.166787, 53.400567], [-6.168077, 53.400574], [-6.173511, 53.401204], [-6.179351, 53.401391], [-6.18146, 53.40189], [-6.182841, 53.40195], [-6.187173, 53.40256], [-6.187263, 53.402524], [-6.187378, 53.40178], [-6.187475, 53.401744], [-6.194193, 53.402456], [-6.198559, 53.403098], [-6.221615, 53.407747], [-6.222753, 53.408207], [-6.223113, 53.408176], [-6.224044, 53.407864], [-6.227783, 53.40733], [-6.229174, 53.407278], [-6.230017, 53.407404], [-6.230694, 53.407728], [-6.230804, 53.407948], [-6.230753, 53.408633], [-6.230392, 53.409703], [-6.225118, 53.421371], [-6.22411, 53.422502], [-6.222693, 53.423471], [-6.222612, 53.423929], [-6.222846, 53.424406], [-6.223242, 53.424659], [-6.2239, 53.424793], [-6.229137, 53.424789], [-6.235815, 53.425031], [-6.237385, 53.425463], [-6.23867, 53.425393], [-6.24822, 53.426386], [-6.249435, 53.426433], [-6.249976, 53.426346], [-6.250823, 53.425947], [-6.251079, 53.425574], [-6.251201, 53.425118], [-6.251485, 53.424728], [-6.251464, 53.424604], [-6.251294, 53.424443], [-6.250128, 53.423634], [-6.248956, 53.423065], [-6.244976, 53.421993], [-6.243562, 53.421182], [-6.238693, 53.419872], [-6.238539, 53.419767], [-6.238548, 53.419637], [-6.239305, 53.418835], [-6.240072, 53.418227], [-6.242593, 53.416719], [-6.244065, 53.416003], [-6.245294, 53.415065], [-6.245896, 53.414885], [-6.25479, 53.415171], [-6.257172, 53.415366], [-6.261857, 53.415901], [-6.265696, 53.416179], [-6.268396, 53.416093], [-6.269121, 53.415949], [-6.270516, 53.415485], [-6.271542, 53.415078], [-6.272631, 53.414494], [-6.27292, 53.414259], [-6.273048, 53.414043], [-6.273045, 53.413661], [-6.272428, 53.412468], [-6.27217, 53.411755], [-6.271992, 53.408337], [-6.272195, 53.407675], [-6.272903, 53.407225], [-6.273694, 53.406899], [-6.279597, 53.406369], [-6.298641, 53.405437], [-6.304001, 53.405079], [-6.310375, 53.404169], [-6.316039, 53.402836], [-6.326072, 53.399343], [-6.335122, 53.395944], [-6.360794, 53.386572], [-6.363257, 53.385463], [-6.364675, 53.384675], [-6.365575, 53.384048], [-6.368609, 53.381637], [-6.369242, 53.381689], [-6.371208, 53.382329], [-6.374833, 53.383579], [-6.376843, 53.384435], [-6.390592, 53.390844], [-6.400379, 53.395503], [-6.40054, 53.395654], [-6.400539, 53.395779], [-6.400374, 53.395901], [-6.39992, 53.395936], [-6.399607, 53.395773], [-6.399591, 53.395584], [-6.400153, 53.39534], [-6.401217, 53.394667], [-6.403042, 53.393676], [-6.405169, 53.392355], [-6.406419, 53.391331], [-6.407012, 53.390469], [-6.40692, 53.390339], [-6.406738, 53.390285], [-6.400848, 53.390008], [-6.400467, 53.390123], [-6.398651, 53.391303]]}, "properties": {"route": "19", "routes": ["19", "24", "A2", "B1", "B2", "D1", "D3", "E2", "F1", "F2", "F3", "L64", "L80", "N8", "W4", "X61", "X76", "X77", "X79", "X83", "X84", "X85"], "category": "radial", "colour": "#9467bd", "route_colour": "#ffbb78", "pdf_colour": "#009bdf", "stroke": "#ffbb78", "stroke-width": 2, "source": "pdf-future", "phase": "future"}}, {"type": "Feature", "geometry": {"type": "LineString", "coordinates": [[-6.369047, 53.287667], [-6.36926, 53.288511], [-6.369749, 53.289565], [-6.368076, 53.289863], [-6.365623, 53.29052], [-6.364327, 53.290783], [-6.363878, 53.289833], [-6.363576, 53.289596], [-6.3632, 53.289459], [-6.362486, 53.289417], [-6.361177, 53.289745], [-6.360176, 53.289844], [-6.358011, 53.288451], [-6.35742, 53.287715], [-6.356936, 53.286808], [-6.35667, 53.286476], [-6.35497, 53.284764], [-6.354593, 53.284164], [-6.353247, 53.281322], [-6.352696, 53.280842], [-6.351933, 53.279314], [-6.351616, 53.278841], [-6.351059, 53.278261], [-6.350882, 53.277599], [-6.350148, 53.277144], [-6.349566, 53.276901], [-6.347733, 53.27626], [-6.346471, 53.275969], [-6.345959, 53.276012], [-6.345329, 53.276282], [-6.343543, 53.276108], [-6.341521, 53.276202], [-6.336169, 53.27683], [-6.324208, 53.277916], [-6.323372, 53.278197], [-6.317905, 53.278746], [-6.31715, 53.278882], [-6.315756, 53.279283], [-6.312942, 53.280308], [-6.310342, 53.280901], [-6.305067, 53.280415], [-6.30389, 53.280379], [-6.302873, 53.28046], [-6.301818, 53.280731], [-6.300898, 53.281187], [-6.300392, 53.281609], [-6.299516, 53.282597], [-6.29846, 53.283277], [-6.297053, 53.283712], [-6.295426, 53.283846], [-6.293138, 53.283696], [-6.286012, 53.282823], [-6.275878, 53.28297], [-6.271249, 53.282873], [-6.268988, 53.282603], [-6.267103, 53.282148], [-6.262024, 53.280703], [-6.258576, 53.279568], [-6.256627, 53.27862], [-6.253862, 53.276789], [-6.252691, 53.276115], [-6.251152, 53.275407], [-6.249245, 53.274668], [-6.24748, 53.274107], [-6.246109, 53.273777], [-6.244405, 53.273495], [-6.24291, 53.273353], [-6.240561, 53.273309], [-6.235369, 53.273501], [-6.232719, 53.273377], [-6.228046, 53.273571], [-6.22136, 53.273615], [-6.215697, 53.273905], [-6.211923, 53.273962], [-6.208918, 53.274132], [-6.208687, 53.274207], [-6.208581, 53.27437], [-6.208894, 53.275204], [-6.211, 53.277638], [-6.211216, 53.277946], [-6.211131, 53.278119], [-6.20965, 53.278585], [-6.209355, 53.278593], [-6.207528, 53.278104], [-6.201744, 53.276304], [-6.200262, 53.276062], [-6.199462, 53.276136], [-6.198834, 53.27635], [-6.198156, 53.276856], [-6.197592, 53.27708], [-6.197006, 53.277722]]}, "properties": {"route": "74", "routes": ["74", "80", "86", "A1", "A2", "D4", "L33", "L35", "S6", "S8"], "category": "radial", "colour": "#9467bd", "route_colour": "#ff9896", "pdf_colour": "#009bdf", "stroke": "#ff9896", "stroke-width": 2, "source": "pdf-future", "phase": "future"}}, {"type": "Feature", "geometry": {"type": "LineString", "coordinates": [[-6.370667, 53.287671], [-6.370933, 53.288595], [-6.371585, 53.289855], [-6.371569, 53.290058], [-6.371394, 53.290231], [-6.36874, 53.290719], [-6.365738, 53.291502], [-6.363778, 53.29183], [-6.366403, 53.297764], [-6.366816, 53.298506], [-6.367522, 53.299322], [-6.368636, 53.30012], [-6.371923, 53.301884], [-6.38563, 53.309692], [-6.387207, 53.310882], [-6.389456, 53.313188], [-6.390257, 53.313686], [-6.39158, 53.314308], [-6.391582, 53.314423], [-6.391196, 53.314583], [-6.389643, 53.314716], [-6.389497, 53.314852], [-6.3901, 53.31622], [-6.391024, 53.317899], [-6.39243, 53.320164], [-6.392823, 53.320679], [-6.392843, 53.320768], [-6.392689, 53.320903], [-6.392744, 53.321034]]}, "properties": {"route": "82", "routes": ["82", "W2"], "category": "radial", "colour": "#9467bd", "route_colour": "#ffbb78", "pdf_colour": "#009bdf", "stroke": "#ffbb78", "stroke-width": 2, "source": "pdf-future", "phase": "future"}}, {"type": "Feature", "geometry": {"type": "LineString", "coordinates": [[-6.212367, 53.309434], [-6.212198, 53.309152], [-6.21044, 53.30787], [-6.210284, 53.307501], [-6.210622, 53.306852], [-6.210627, 53.306532], [-6.210237, 53.306155], [-6.209218, 53.305716], [-6.209207, 53.305554], [-6.2095, 53.305296], [-6.210019, 53.30505], [-6.210904, 53.304795], [-6.211331, 53.304536], [-6.21225, 53.304504], [-6.213207, 53.304613], [-6.214631, 53.305399], [-6.215978, 53.305828], [-6.217333, 53.306402], [-6.21813, 53.306573], [-6.219148, 53.30656], [-6.219601, 53.306696], [-6.219765, 53.306855], [-6.219831, 53.307058], [-6.219517, 53.30797], [-6.219652, 53.308139], [-6.221636, 53.308337], [-6.223653, 53.308367], [-6.223776, 53.308457], [-6.223876, 53.30915], [-6.225926, 53.309579], [-6.228495, 53.309533], [-6.229106, 53.309617], [-6.231654, 53.309446], [-6.23168, 53.309327], [-6.231249, 53.308753], [-6.230998, 53.308245], [-6.230947, 53.306848], [-6.230771, 53.30641], [-6.230387, 53.305995], [-6.230489, 53.305843], [-6.230997, 53.305765], [-6.239507, 53.3057], [-6.239864, 53.305862], [-6.240604, 53.307615], [-6.240969, 53.30872], [-6.241232, 53.310044], [-6.241432, 53.310302], [-6.241833, 53.31054], [-6.242298, 53.310709], [-6.242561, 53.310693], [-6.243262, 53.310038], [-6.244988, 53.30911], [-6.245656, 53.308875], [-6.247056, 53.308696], [-6.248372, 53.308644], [-6.251769, 53.309043], [-6.25404, 53.309107], [-6.254533, 53.309259], [-6.25504, 53.309562], [-6.25723, 53.31123], [-6.25742, 53.311541], [-6.258015, 53.313553], [-6.25832, 53.313713], [-6.259497, 53.313703], [-6.26673, 53.313085], [-6.268819, 53.312657], [-6.270226, 53.312512], [-6.272838, 53.31204], [-6.27715, 53.31111], [-6.280057, 53.310238], [-6.280426, 53.310196], [-6.294877, 53.312402], [-6.297536, 53.312916], [-6.30297, 53.313598], [-6.306513, 53.314277], [-6.30802, 53.314716], [-6.313595, 53.316598], [-6.313638, 53.31674], [-6.313505, 53.316991], [-6.312822, 53.317357], [-6.312474, 53.317705], [-6.312158, 53.318448], [-6.312114, 53.318821], [-6.312555, 53.319546], [-6.313575, 53.32042], [-6.316549, 53.321866], [-6.317564, 53.322606], [-6.317534, 53.322764], [-6.316626, 53.323308], [-6.315833, 53.324069], [-6.315799, 53.324244], [-6.316026, 53.324404], [-6.321362, 53.32407], [-6.325148, 53.323657], [-6.327743, 53.323469], [-6.338117, 53.323224], [-6.338642, 53.323283], [-6.339069, 53.32346], [-6.33933, 53.323726], [-6.339699, 53.324545], [-6.342051, 53.327105], [-6.34529, 53.330834], [-6.345812, 53.331541], [-6.345998, 53.332063], [-6.346026, 53.333332], [-6.346169, 53.333877], [-6.348031, 53.337588], [-6.348757, 53.339349], [-6.349529, 53.341579], [-6.34973, 53.341758], [-6.35004, 53.341813], [-6.352259, 53.341703], [-6.354423, 53.341755], [-6.36288, 53.342388], [-6.363869, 53.342354], [-6.372036, 53.342974], [-6.375389, 53.343308], [-6.377591, 53.343622], [-6.379781, 53.344056], [-6.380581, 53.34432], [-6.381347, 53.344816], [-6.382557, 53.344863], [-6.38321, 53.344985], [-6.385792, 53.346047], [-6.386782, 53.346339], [-6.388067, 53.346527], [-6.391537, 53.346803], [-6.391754, 53.34697], [-6.391943, 53.348119], [-6.392271, 53.348485], [-6.39767, 53.350996], [-6.397993, 53.351212], [-6.398183, 53.351462], [-6.398224, 53.351907], [-6.398013, 53.35222], [-6.395053, 53.353825], [-6.394934, 53.354071]]}, "properties": {"route": "71", "routes": ["71", "74", "80", "81", "D1", "D3", "F3", "G2", "L55", "S4", "W2"], "category": "radial", "colour": "#9467bd", "route_colour": "#e377c2", "pdf_colour": "#009bdf", "stroke": "#e377c2", "stroke-width": 2, "source": "pdf-future", "phase": "future"}}, {"type": "Feature", "geometry": {"type": "LineString", "coordinates": [[-6.210574, 53.340671], [-6.210944, 53.340256], [-6.215654, 53.337546], [-6.216037, 53.337304], [-6.216104, 53.337175], [-6.215951, 53.336987], [-6.213618, 53.335827], [-6.211075, 53.334819], [-6.2108, 53.334535], [-6.210519, 53.333985], [-6.210458, 53.333339], [-6.211224, 53.33246], [-6.211185, 53.332021], [-6.211343, 53.331388], [-6.211231, 53.330499], [-6.211407, 53.330386], [-6.212717, 53.330152], [-6.213364, 53.329925], [-6.213728, 53.32967], [-6.214813, 53.328637], [-6.215489, 53.328184], [-6.217173, 53.327385], [-6.219194, 53.326652], [-6.219575, 53.326701], [-6.220293, 53.327251], [-6.221049, 53.327628], [-6.226062, 53.329204], [-6.227378, 53.329691], [-6.228062, 53.330078], [-6.230699, 53.332022], [-6.230954, 53.332142], [-6.238672, 53.332896], [-6.239907, 53.333104], [-6.240168, 53.332965], [-6.241009, 53.330299], [-6.241725, 53.328392], [-6.242047, 53.328331], [-6.24292, 53.32862], [-6.243219, 53.328602], [-6.245636, 53.326841], [-6.249745, 53.324908], [-6.249916, 53.324905], [-6.250771, 53.325262], [-6.250951, 53.32527], [-6.251931, 53.324803], [-6.255228, 53.323705], [-6.258447, 53.322948], [-6.260648, 53.3226], [-6.262027, 53.322294], [-6.262697, 53.321972], [-6.263927, 53.321667], [-6.264212, 53.321478], [-6.264628, 53.320942], [-6.266874, 53.320132], [-6.267322, 53.32013], [-6.26781, 53.320373], [-6.268103, 53.320394], [-6.275113, 53.318671], [-6.27568, 53.31872], [-6.277392, 53.319114], [-6.278771, 53.318182], [-6.279205, 53.317986], [-6.28069, 53.317742], [-6.282084, 53.317679], [-6.283124, 53.317813], [-6.285359, 53.318588], [-6.288418, 53.320191], [-6.290294, 53.321368], [-6.291268, 53.322156], [-6.292262, 53.323158], [-6.295213, 53.326782], [-6.295749, 53.327545], [-6.295968, 53.327989], [-6.296046, 53.32837], [-6.296125, 53.329806], [-6.295943, 53.331135], [-6.296018, 53.331675], [-6.296231, 53.332116], [-6.296873, 53.332999], [-6.297043, 53.334032], [-6.297688, 53.335321], [-6.29831, 53.335841], [-6.298417, 53.336304], [-6.299151, 53.337903], [-6.299305, 53.338463], [-6.299207, 53.338687], [-6.298953, 53.338937], [-6.298224, 53.339337], [-6.296039, 53.339659], [-6.293573, 53.340273], [-6.293456, 53.340419], [-6.293469, 53.340586], [-6.294143, 53.341472], [-6.294235, 53.341731], [-6.294133, 53.342103], [-6.293794, 53.342413], [-6.29333, 53.342595], [-6.292508, 53.342747], [-6.289029, 53.343194], [-6.286048, 53.343382], [-6.284489, 53.343314], [-6.277202, 53.34257], [-6.275791, 53.342586], [-6.273395, 53.342782], [-6.270778, 53.342411]]}, "properties": {"route": "36", "routes": ["36", "60", "73", "74", "82", "98", "S2"], "category": "radial", "colour": "#9467bd", "route_colour": "#8c564b", "pdf_colour": "#009bdf", "stroke": "#8c564b", "stroke-width": 2, "source": "pdf-future", "phase": "future"}}, {"type": "Feature", "geometry": {"type": "LineString", "coordinates": [[-6.250402, 53.34781], [-6.24004, 53.347138], [-6.239757, 53.347046], [-6.239675, 53.346908], [-6.239736, 53.345717], [-6.239582, 53.345642], [-6.238837, 53.345591], [-6.238731, 53.34551], [-6.239125, 53.341996], [-6.239286, 53.339322], [-6.239188, 53.339164], [-6.238943, 53.339017], [-6.237804, 53.338557], [-6.236962, 53.338335], [-6.23679, 53.33817], [-6.236811, 53.337985], [-6.242584, 53.334095], [-6.246101, 53.333043], [-6.251028, 53.331753], [-6.251432, 53.331742], [-6.252891, 53.332037], [-6.255604, 53.332378], [-6.257728, 53.332432], [-6.2604, 53.332382], [-6.262161, 53.332246], [-6.267996, 53.332016], [-6.270303, 53.331835], [-6.273138, 53.331871], [-6.275385, 53.33147], [-6.278118, 53.330797], [-6.278671, 53.330735], [-6.281563, 53.331205], [-6.28506, 53.331955], [-6.286761, 53.331986], [-6.287437, 53.33211], [-6.289241, 53.3329], [-6.291455, 53.334248], [-6.292028, 53.334524], [-6.297633, 53.335807], [-6.297755, 53.335904], [-6.297974, 53.336646], [-6.298734, 53.338241], [-6.298698, 53.338482], [-6.298563, 53.338666], [-6.297901, 53.339059], [-6.295849, 53.339347], [-6.292858, 53.340055], [-6.292712, 53.340211], [-6.29272, 53.340365], [-6.293604, 53.341563], [-6.293665, 53.341758], [-6.293624, 53.341923], [-6.293253, 53.342239], [-6.291753, 53.342557], [-6.291574, 53.342663], [-6.291512, 53.342808], [-6.292379, 53.345375], [-6.292255, 53.345804], [-6.292561, 53.346863], [-6.293035, 53.347128], [-6.294358, 53.347258], [-6.294767, 53.347459], [-6.295512, 53.348134], [-6.296906, 53.349623], [-6.298539, 53.351063], [-6.298595, 53.351175], [-6.298537, 53.35126], [-6.293883, 53.3542], [-6.292125, 53.355432], [-6.291625, 53.355687], [-6.285191, 53.356981], [-6.275943, 53.359509], [-6.272721, 53.35949], [-6.26302, 53.358776], [-6.251381, 53.356642], [-6.250108, 53.356265], [-6.245512, 53.353301], [-6.245411, 53.353144], [-6.247767, 53.350801], [-6.248791, 53.348958], [-6.249543, 53.348012], [-6.250383, 53.347681], [-6.250462, 53.348182], [-6.250672, 53.348326], [-6.252988, 53.348367], [-6.25316, 53.34828], [-6.253923, 53.347411], [-6.254017, 53.346905], [-6.253906, 53.346758], [-6.253651, 53.346685], [-6.250874, 53.346671], [-6.250595, 53.346774], [-6.250515, 53.347019]]}, "properties": {"route": "24", "routes": ["24", "36", "60", "72", "81", "82", "88", "S2"], "category": "radial", "colour": "#9467bd", "route_colour": "#ffbb78", "pdf_colour": "#009bdf", "stroke": "#ffbb78", "stroke-width": 2, "source": "pdf-future", "phase": "future"}}, {"type": "Feature", "geometry": {"type": "LineString", "coordinates": [[-6.22678, 53.387863], [-6.227775, 53.387859], [-6.22815, 53.387991], [-6.228265, 53.388135], [-6.228275, 53.388526], [-6.228398, 53.388701], [-6.2295, 53.388981], [-6.229979, 53.389284], [-6.230179, 53.389668], [-6.230078, 53.390095], [-6.229633, 53.390412], [-6.22906, 53.390532], [-6.226103, 53.390431], [-6.22583, 53.390549], [-6.225518, 53.390971], [-6.225134, 53.391055], [-6.220621, 53.390144], [-6.218291, 53.389788], [-6.218041, 53.389957], [-6.218002, 53.391291], [-6.217891, 53.392034], [-6.217601, 53.392573], [-6.217162, 53.39271], [-6.208394, 53.389943], [-6.205354, 53.389154], [-6.202857, 53.388329], [-6.200655, 53.387746], [-6.198835, 53.387023], [-6.198361, 53.386936], [-6.197604, 53.387025], [-6.19552, 53.387869], [-6.194219, 53.388153], [-6.181432, 53.389059], [-6.172803, 53.38923], [-6.16266, 53.388936], [-6.160871, 53.388766], [-6.158193, 53.388323], [-6.157966, 53.388376], [-6.157076, 53.389026]]}, "properties": {"route": "78", "routes": ["78", "L82", "N6"], "category": "radial", "colour": "#9467bd", "route_colour": "#ff9896", "pdf_colour": "#009bdf", "stroke": "#ff9896", "stroke-width": 2, "source": "pdf-future", "phase": "future"}}, {"type": "Feature", "geometry": {"type": "LineString", "coordinates": [[-6.245694, 53.395503], [-6.247512, 53.395872], [-6.248254, 53.394912], [-6.248733, 53.394805], [-6.257207, 53.396833], [-6.268957, 53.398595], [-6.269096, 53.398541], [-6.269122, 53.398446], [-6.268483, 53.397708], [-6.268241, 53.397047], [-6.268317, 53.395755], [-6.268288, 53.394416], [-6.268393, 53.394308], [-6.268603, 53.394277], [-6.270892, 53.395011], [-6.272105, 53.39529], [-6.277033, 53.395703], [-6.278935, 53.395999], [-6.27999, 53.396248], [-6.281692, 53.396971], [-6.282392, 53.397348], [-6.282689, 53.397652], [-6.282873, 53.398185], [-6.283217, 53.398466], [-6.286818, 53.399927], [-6.288029, 53.400576], [-6.28859, 53.40051], [-6.289002, 53.400273], [-6.290898, 53.397774], [-6.291765, 53.397008], [-6.29238, 53.396708], [-6.293104, 53.396488], [-6.294733, 53.396281], [-6.296554, 53.39643], [-6.298089, 53.39711], [-6.301097, 53.397834], [-6.301921, 53.398156], [-6.303472, 53.399008], [-6.304657, 53.399404], [-6.309066, 53.400204], [-6.310841, 53.400376]]}, "properties": {"route": "19", "routes": ["19", "D4", "E2", "F1", "N6"], "category": "radial", "colour": "#9467bd", "route_colour": "#ffbb78", "pdf_colour": "#009bdf", "stroke": "#ffbb78", "stroke-width": 2, "source": "pdf-future", "phase": "future"}}, {"type": "Feature", "geometry": {"type": "LineString", "coordinates": [[-6.398992, 53.391713], [-6.398133, 53.392228], [-6.397729, 53.392254], [-6.395487, 53.391118], [-6.3943, 53.390628], [-6.393012, 53.390229], [-6.391482, 53.390006], [-6.390588, 53.389732], [-6.390195, 53.389481], [-6.389739, 53.389018], [-6.387897, 53.386567], [-6.387219, 53.385872], [-6.385988, 53.385047], [-6.38395, 53.384098], [-6.381896, 53.383385], [-6.379637, 53.382972], [-6.377976, 53.382424], [-6.376543, 53.382184], [-6.375745, 53.382245], [-6.375387, 53.382394], [-6.374492, 53.383022], [-6.374017, 53.38373], [-6.374022, 53.383911], [-6.375025, 53.384617], [-6.378148, 53.38616], [-6.378236, 53.386278], [-6.37691, 53.387312], [-6.376239, 53.388019], [-6.376203, 53.388173], [-6.376271, 53.388326], [-6.376877, 53.388837], [-6.376899, 53.389382], [-6.376741, 53.389505], [-6.376036, 53.389637], [-6.37558, 53.389964], [-6.375133, 53.390838], [-6.375041, 53.391141], [-6.375067, 53.391337], [-6.375279, 53.391563], [-6.375692, 53.391768], [-6.377835, 53.392264], [-6.378537, 53.392363], [-6.379537, 53.392314], [-6.380113, 53.392389], [-6.381634, 53.392984], [-6.381735, 53.393176], [-6.379736, 53.394714], [-6.377229, 53.396197], [-6.374952, 53.397252], [-6.369924, 53.39921], [-6.368517, 53.399993], [-6.367033, 53.400983], [-6.366659, 53.40104], [-6.364443, 53.400137], [-6.361675, 53.398369], [-6.359605, 53.396569], [-6.358976, 53.396225], [-6.358182, 53.395948], [-6.356595, 53.395604], [-6.354266, 53.395311], [-6.351971, 53.394663], [-6.350613, 53.39452], [-6.346871, 53.394771], [-6.344103, 53.395355], [-6.341212, 53.395395], [-6.339213, 53.39568], [-6.338986, 53.39557], [-6.338718, 53.395146], [-6.338373, 53.394889], [-6.335248, 53.393245], [-6.333742, 53.392726], [-6.330361, 53.391913], [-6.329898, 53.391668], [-6.328808, 53.39082], [-6.32736, 53.390172], [-6.325264, 53.389398], [-6.324991, 53.389136], [-6.32511, 53.388698], [-6.324945, 53.38852], [-6.32358, 53.388168], [-6.317806, 53.387027], [-6.317592, 53.387096], [-6.317567, 53.387437], [-6.317431, 53.387665], [-6.316853, 53.387847], [-6.313967, 53.387593], [-6.312132, 53.387552], [-6.307168, 53.387654], [-6.303885, 53.387896], [-6.299028, 53.387526], [-6.290768, 53.388248], [-6.285279, 53.388316], [-6.272162, 53.387536], [-6.269586, 53.387169], [-6.264334, 53.386189], [-6.262009, 53.385553], [-6.245784, 53.380131], [-6.239397, 53.378743], [-6.235179, 53.377419], [-6.233849, 53.377072], [-6.227982, 53.375992], [-6.221881, 53.374541], [-6.220729, 53.37421], [-6.219026, 53.373498], [-6.218087, 53.373228], [-6.213458, 53.372368], [-6.211739, 53.37196], [-6.210453, 53.37153], [-6.208924, 53.370873], [-6.206838, 53.369336], [-6.207021, 53.369114], [-6.210066, 53.367384], [-6.211753, 53.366619], [-6.213109, 53.366138], [-6.214814, 53.365715], [-6.215962, 53.365582], [-6.217586, 53.365524], [-6.21908, 53.365157], [-6.221136, 53.365122], [-6.221793, 53.365042], [-6.222931, 53.364691], [-6.225355, 53.363689], [-6.227304, 53.362792], [-6.227354, 53.362692], [-6.222186, 53.361802], [-6.221875, 53.361568], [-6.222064, 53.361059], [-6.222376, 53.360719], [-6.222746, 53.360464], [-6.223286, 53.360232], [-6.223823, 53.360108], [-6.224742, 53.360005], [-6.228184, 53.359876]]}, "properties": {"route": "37", "routes": ["37", "6", "8", "A3", "L61", "L62", "L80", "N2", "N4", "N6", "W4"], "category": "radial", "colour": "#9467bd", "route_colour": "#8c564b", "pdf_colour": "#009bdf", "stroke": "#8c564b", "stroke-width": 2, "source": "pdf-future", "phase": "future"}}, {"type": "Feature", "geometry": {"type": "LineString", "coordinates": [[-6.395437, 53.353988], [-6.398338, 53.352433], [-6.398784, 53.351899], [-6.398763, 53.351452], [-6.398472, 53.351056], [-6.398061, 53.350777], [-6.392701, 53.348313], [-6.392471, 53.347998], [-6.392333, 53.346786], [-6.392634, 53.346643], [-6.395244, 53.346787], [-6.399959, 53.346881], [-6.400349, 53.346758], [-6.400593, 53.345305], [-6.400671, 53.342349], [-6.401063, 53.340765], [-6.401496, 53.339469], [-6.401628, 53.338617], [-6.401483, 53.335621], [-6.40182, 53.334835], [-6.402541, 53.33417], [-6.402614, 53.334005], [-6.402041, 53.333026], [-6.400014, 53.330605], [-6.397929, 53.329022], [-6.397283, 53.328232], [-6.396052, 53.327563], [-6.395522, 53.327039], [-6.395258, 53.326526], [-6.395142, 53.325863], [-6.395334, 53.323559], [-6.395204, 53.323243], [-6.394947, 53.322981], [-6.395, 53.323024]]}, "properties": {"route": "60", "routes": ["60", "80", "D1", "G2", "L54", "S4", "W2"], "category": "radial", "colour": "#9467bd", "route_colour": "#7f7f7f", "pdf_colour": "#009bdf", "stroke": "#7f7f7f", "stroke-width": 2, "source": "pdf-future", "phase": "future"}}, {"type": "Feature", "geometry": {"type": "LineString", "coordinates": [[-6.225119, 53.362093], [-6.227638, 53.360773], [-6.227676, 53.360675], [-6.227494, 53.360239], [-6.227356, 53.360187], [-6.224887, 53.360255], [-6.22366, 53.360419], [-6.222779, 53.360842], [-6.22248, 53.361153], [-6.222346, 53.361452], [-6.222398, 53.361575], [-6.222556, 53.361641], [-6.2259, 53.362243], [-6.228973, 53.362643], [-6.229299, 53.362823], [-6.228999, 53.36341], [-6.228737, 53.364329], [-6.228356, 53.365054], [-6.227674, 53.365982], [-6.226624, 53.366733], [-6.226614, 53.366888], [-6.226775, 53.367014], [-6.227509, 53.367273], [-6.22881, 53.367344], [-6.229498, 53.367484], [-6.241616, 53.371433], [-6.251736, 53.373971], [-6.260689, 53.37568], [-6.2691, 53.377022], [-6.272561, 53.377339], [-6.279525, 53.377686], [-6.279793, 53.377544], [-6.279954, 53.376327], [-6.280215, 53.376175], [-6.284294, 53.376466], [-6.286798, 53.376181], [-6.288793, 53.376393], [-6.289322, 53.376312], [-6.291267, 53.375743], [-6.291343, 53.375629], [-6.291192, 53.375368], [-6.290047, 53.374065], [-6.290097, 53.373914], [-6.290316, 53.373841], [-6.291183, 53.373776], [-6.29207, 53.373817], [-6.293889, 53.37425], [-6.294848, 53.374338], [-6.300135, 53.374014], [-6.303027, 53.374012], [-6.303126, 53.373879], [-6.302758, 53.370239], [-6.30293, 53.369767], [-6.303546, 53.368739], [-6.303714, 53.368256], [-6.303774, 53.367524], [-6.303673, 53.365718], [-6.303918, 53.365624], [-6.305755, 53.365589], [-6.308177, 53.364792], [-6.309847, 53.363943], [-6.313613, 53.361495], [-6.313482, 53.361265], [-6.312702, 53.361031], [-6.312274, 53.360809], [-6.310917, 53.359699], [-6.307742, 53.358143], [-6.299051, 53.355903], [-6.296923, 53.355273], [-6.294869, 53.354961]]}, "properties": {"route": "22", "routes": ["22", "23", "73", "N2"], "category": "radial", "colour": "#9467bd", "route_colour": "#2ca02c", "pdf_colour": "#009bdf", "stroke": "#2ca02c", "stroke-width": 2, "source": "pdf-future", "phase": "future"}}, {"type": "Feature", "geometry": {"type": "LineString", "coordinates": [[-6.194144, 53.27629], [-6.191697, 53.275474], [-6.189669, 53.275056], [-6.188867, 53.274726], [-6.18774, 53.274761], [-6.184202, 53.275429], [-6.181167, 53.276172], [-6.178599, 53.277116], [-6.176492, 53.278151], [-6.17526, 53.279007], [-6.169319, 53.283613], [-6.167313, 53.285281], [-6.166924, 53.285917], [-6.16678, 53.286834], [-6.166659, 53.287158], [-6.164386, 53.290864], [-6.16366, 53.291453], [-6.16141, 53.292681], [-6.160892, 53.293096], [-6.160521, 53.293573], [-6.16023, 53.294759], [-6.159165, 53.295931], [-6.159235, 53.296071], [-6.159788, 53.296465], [-6.160216, 53.297226], [-6.160218, 53.297369], [-6.160118, 53.297441], [-6.159896, 53.297451], [-6.156354, 53.296748], [-6.144253, 53.295122], [-6.142879, 53.295268], [-6.140158, 53.295199], [-6.139183, 53.295401], [-6.136258, 53.296325], [-6.135512, 53.296389], [-6.133345, 53.29637], [-6.132422, 53.296458]]}, "properties": {"route": "98", "routes": ["98", "B3", "S8"], "category": "radial", "colour": "#9467bd", "route_colour": "#c7c7c7", "pdf_colour": "#009bdf", "stroke": "#c7c7c7", "stroke-width": 2, "source": "pdf-future", "phase": "future"}}, {"type": "Feature", "geometry": {"type": "LineString", "coordinates": [[-6.416252, 53.295162], [-6.417638, 53.294427], [-6.419187, 53.293955], [-6.420024, 53.293871], [-6.423314, 53.293895], [-6.424317, 53.293742], [-6.424972, 53.29341], [-6.424392, 53.292968], [-6.424271, 53.292072], [-6.424125, 53.291661], [-6.423769, 53.291093], [-6.423296, 53.29063], [-6.422567, 53.290153], [-6.421936, 53.289857], [-6.419768, 53.289265], [-6.419205, 53.288864], [-6.41881, 53.288454], [-6.418451, 53.287847], [-6.418183, 53.28713], [-6.417148, 53.282913], [-6.416843, 53.281244], [-6.416592, 53.280633], [-6.416085, 53.280037], [-6.415086, 53.279127], [-6.413309, 53.278033], [-6.412626, 53.277494], [-6.412049, 53.276901], [-6.411648, 53.276738], [-6.407757, 53.276273], [-6.400824, 53.275757], [-6.399035, 53.275734], [-6.397597, 53.27592], [-6.396552, 53.276279], [-6.39501, 53.277038], [-6.39459, 53.277329], [-6.394036, 53.277986], [-6.393308, 53.278378], [-6.391117, 53.279204], [-6.384827, 53.28137], [-6.38134, 53.283574], [-6.380202, 53.284129], [-6.379009, 53.284522], [-6.377737, 53.284823], [-6.374997, 53.285167], [-6.374802, 53.285278], [-6.374769, 53.285504], [-6.374658, 53.285605], [-6.372834, 53.286328], [-6.371884, 53.286593], [-6.370744, 53.286696]]}, "properties": {"route": "D2", "routes": ["D2", "S8"], "category": "spine", "colour": "#d62728", "route_colour": "#f58231", "pdf_colour": "#009bdf", "stroke": "#f58231", "stroke-width": 2, "source": "pdf-future", "phase": "future"}}, {"type": "Feature", "geometry": {"type": "LineString", "coordinates": [[-6.608676, 53.391685], [-6.612412, 53.390663], [-6.612539, 53.3905], [-6.605682, 53.380682], [-6.605181, 53.380137], [-6.604058, 53.379043], [-6.603744, 53.379009], [-6.602927, 53.37921], [-6.602602, 53.379139], [-6.600491, 53.377756], [-6.599402, 53.376732], [-6.59887, 53.375902], [-6.598596, 53.375045], [-6.598593, 53.37419], [-6.598891, 53.373367], [-6.598838, 53.373192], [-6.592331, 53.368781], [-6.59096, 53.368028], [-6.589631, 53.367613], [-6.580791, 53.365382], [-6.579639, 53.365244], [-6.57547, 53.365134], [-6.575405, 53.36507], [-6.575263, 53.362985], [-6.575034, 53.362745], [-6.569251, 53.361895], [-6.567175, 53.361388], [-6.565781, 53.360775], [-6.560542, 53.357913], [-6.558315, 53.356855], [-6.556194, 53.35608], [-6.5558, 53.355854], [-6.55494, 53.355082], [-6.554418, 53.354279], [-6.554271, 53.35364], [-6.554261, 53.352048], [-6.554154, 53.351685], [-6.553876, 53.351223], [-6.552869, 53.350263], [-6.550563, 53.348489], [-6.549375, 53.347695], [-6.548271, 53.346301], [-6.548091, 53.345892], [-6.548037, 53.345418], [-6.54812, 53.344896], [-6.548492, 53.343871], [-6.548467, 53.343526], [-6.548352, 53.343298], [-6.547793, 53.342858], [-6.54456, 53.341323], [-6.542891, 53.340336], [-6.542909, 53.340188], [-6.544901, 53.33773], [-6.544882, 53.337548], [-6.543559, 53.336931], [-6.537679, 53.334555], [-6.53634, 53.333968], [-6.535773, 53.333629], [-6.535326, 53.333207], [-6.535056, 53.332749], [-6.534722, 53.330666], [-6.534408, 53.329895], [-6.531749, 53.325101], [-6.531294, 53.324446], [-6.530854, 53.323986], [-6.529806, 53.323273], [-6.527278, 53.323833], [-6.526803, 53.32376], [-6.526529, 53.323569], [-6.526527, 53.323422], [-6.52755, 53.322809], [-6.527768, 53.322841], [-6.528772, 53.323436], [-6.529806, 53.323273], [-6.528776, 53.322519], [-6.526125, 53.321027], [-6.525167, 53.32039], [-6.523128, 53.31941], [-6.521538, 53.317944], [-6.520531, 53.317247], [-6.513737, 53.313617], [-6.513231, 53.313248], [-6.513137, 53.313063], [-6.513138, 53.312797], [-6.513386, 53.311924], [-6.514093, 53.308236], [-6.514526, 53.306937], [-6.515387, 53.305343], [-6.515431, 53.304981], [-6.515297, 53.30475], [-6.51481, 53.304407], [-6.51392, 53.303985], [-6.51241, 53.303684], [-6.511722, 53.303379], [-6.511161, 53.302953], [-6.508401, 53.300429], [-6.507969, 53.300113], [-6.507481, 53.299902], [-6.507117, 53.299861], [-6.506107, 53.300164], [-6.504099, 53.300342], [-6.502862, 53.300353], [-6.499978, 53.300209]]}, "properties": {"route": "C4", "routes": ["C4", "L59", "W6", "X27", "X28"], "category": "spine", "colour": "#d62728", "route_colour": "#4363d8", "pdf_colour": "#00a7e9", "stroke": "#4363d8", "stroke-width": 2, "source": "pdf-future", "phase": "future"}}, {"type": "Feature", "geometry": {"type": "LineString", "coordinates": [[-6.499955, 53.300209], [-6.496749, 53.300072], [-6.495739, 53.299845], [-6.494762, 53.299482], [-6.494087, 53.299124], [-6.493552, 53.298703], [-6.4929, 53.29762], [-6.49261, 53.297301], [-6.490816, 53.296203], [-6.489784, 53.296054], [-6.487201, 53.295398], [-6.485985, 53.295175], [-6.482245, 53.294894], [-6.478572, 53.294347], [-6.476269, 53.294241], [-6.474831, 53.294044], [-6.472583, 53.293407], [-6.471219, 53.293148], [-6.470185, 53.29265], [-6.466856, 53.291567], [-6.463529, 53.289951], [-6.462114, 53.288997], [-6.46163, 53.288506], [-6.461179, 53.287855], [-6.460663, 53.286342], [-6.460391, 53.285819], [-6.459712, 53.285097], [-6.459008, 53.284556], [-6.458712, 53.284531], [-6.457421, 53.284753], [-6.455113, 53.284607], [-6.453903, 53.284664], [-6.453218, 53.284858], [-6.452432, 53.285529], [-6.452056, 53.285622], [-6.451637, 53.285608], [-6.450927, 53.285373], [-6.450158, 53.284871], [-6.449089, 53.284029], [-6.448128, 53.283061], [-6.446081, 53.283166], [-6.444856, 53.283034], [-6.442134, 53.282398], [-6.441604, 53.282169], [-6.441189, 53.281779], [-6.440941, 53.281694], [-6.440125, 53.281916], [-6.439366, 53.282341], [-6.438809, 53.28293], [-6.438049, 53.284119], [-6.437688, 53.284844], [-6.437462, 53.28558], [-6.43734, 53.2871], [-6.437017, 53.288211], [-6.437025, 53.289048], [-6.436958, 53.289389], [-6.436587, 53.289987], [-6.435399, 53.291219], [-6.434991, 53.291378], [-6.428665, 53.292115], [-6.424789, 53.292315], [-6.42396, 53.292441], [-6.423629, 53.292368], [-6.423176, 53.291381], [-6.422457, 53.290702], [-6.421398, 53.290158], [-6.419391, 53.28963], [-6.41893, 53.289373], [-6.418353, 53.288882], [-6.417962, 53.288385], [-6.417615, 53.287706], [-6.417074, 53.285746], [-6.416744, 53.285574], [-6.416062, 53.285724], [-6.414042, 53.286409], [-6.413407, 53.28652], [-6.405329, 53.286936], [-6.403386, 53.286755], [-6.403213, 53.286851], [-6.402026, 53.288334], [-6.401297, 53.28896], [-6.399733, 53.289871], [-6.398141, 53.290494], [-6.397906, 53.290458], [-6.396788, 53.289957], [-6.394058, 53.288659], [-6.39211, 53.287573], [-6.387649, 53.284876], [-6.384084, 53.283069], [-6.383611, 53.28292], [-6.3831, 53.282915], [-6.382735, 53.283013], [-6.381166, 53.283985], [-6.379638, 53.284587], [-6.377579, 53.285083], [-6.375281, 53.285357], [-6.374924, 53.285768], [-6.373037, 53.28652], [-6.372026, 53.286798], [-6.371003, 53.286903]]}, "properties": {"route": "57", "routes": ["57", "58", "D2", "W4", "W6", "X58"], "category": "radial", "colour": "#9467bd", "route_colour": "#c5b0d5", "pdf_colour": "#00a7e9", "stroke": "#c5b0d5", "stroke-width": 2, "source": "pdf-future", "phase": "future"}}, {"type": "Feature", "geometry": {"type": "LineString", "coordinates": [[-6.398671, 53.391545], [-6.39785, 53.392029], [-6.395749, 53.390939], [-6.394521, 53.390433], [-6.393149, 53.390008], [-6.39163, 53.389787], [-6.390929, 53.389591], [-6.390537, 53.389356], [-6.3901, 53.388903], [-6.389804, 53.388792], [-6.388891, 53.388833], [-6.38682, 53.389605], [-6.38651, 53.389617], [-6.385395, 53.387593], [-6.385016, 53.387332], [-6.376738, 53.383625], [-6.36892, 53.380753], [-6.368753, 53.380644], [-6.368721, 53.380485], [-6.376734, 53.372997], [-6.37934, 53.37018], [-6.380238, 53.369478], [-6.383285, 53.367481], [-6.384175, 53.366705], [-6.384713, 53.366078], [-6.385416, 53.36502], [-6.385845, 53.363965], [-6.386592, 53.359795], [-6.387352, 53.356291], [-6.387591, 53.356068], [-6.389891, 53.355766], [-6.393517, 53.35511], [-6.395021, 53.354911], [-6.397334, 53.354675], [-6.399288, 53.354614], [-6.400747, 53.354682], [-6.401964, 53.354849], [-6.41249, 53.357119], [-6.415048, 53.357545], [-6.4171, 53.357769], [-6.422604, 53.35786], [-6.424607, 53.357787], [-6.427232, 53.357328], [-6.429187, 53.356637], [-6.429331, 53.356355], [-6.429167, 53.356017], [-6.426861, 53.3544], [-6.426094, 53.35362], [-6.425722, 53.352848], [-6.425676, 53.352033], [-6.425977, 53.351177], [-6.428415, 53.346318], [-6.428443, 53.346142], [-6.428314, 53.345855], [-6.428329, 53.345672], [-6.431105, 53.33991], [-6.43183, 53.338183], [-6.432171, 53.336992], [-6.432592, 53.334487], [-6.433051, 53.333619], [-6.433231, 53.332922], [-6.433558, 53.330087], [-6.433902, 53.328376], [-6.43393, 53.327831], [-6.434176, 53.327631], [-6.434577, 53.327587], [-6.440683, 53.328025], [-6.440807, 53.32792], [-6.441223, 53.326303], [-6.441266, 53.3258], [-6.441198, 53.325299], [-6.440917, 53.32454], [-6.440537, 53.3239], [-6.436551, 53.320567], [-6.434755, 53.318809], [-6.434446, 53.318223], [-6.43418, 53.318002], [-6.433675, 53.317868], [-6.433023, 53.317914], [-6.431701, 53.318165], [-6.429699, 53.318782], [-6.4292, 53.318692], [-6.42642, 53.315758], [-6.425688, 53.314819], [-6.425078, 53.31386], [-6.42447, 53.31255], [-6.424179, 53.311541], [-6.424005, 53.309049], [-6.423846, 53.308453], [-6.423242, 53.306919], [-6.422789, 53.306302], [-6.422119, 53.30563], [-6.421303, 53.305033], [-6.420126, 53.304457], [-6.416964, 53.303373], [-6.414791, 53.302415], [-6.413716, 53.302104], [-6.413674, 53.301995], [-6.413734, 53.301891], [-6.414175, 53.301687], [-6.414726, 53.301498], [-6.415517, 53.301415], [-6.415929, 53.301199], [-6.416077, 53.300908], [-6.416268, 53.299944], [-6.416499, 53.299331], [-6.416835, 53.298755], [-6.417328, 53.29819], [-6.416854, 53.29788], [-6.416115, 53.297092], [-6.414858, 53.29634], [-6.414556, 53.29589], [-6.413459, 53.295324], [-6.413038, 53.294991], [-6.411252, 53.293256], [-6.410471, 53.292051], [-6.410126, 53.291961], [-6.40438, 53.291971], [-6.401746, 53.291846], [-6.400748, 53.291638], [-6.398677, 53.29082], [-6.397753, 53.290651], [-6.393809, 53.288813], [-6.391533, 53.287534], [-6.387546, 53.285111], [-6.383534, 53.283128], [-6.38298, 53.283186], [-6.381544, 53.284091], [-6.380025, 53.284718], [-6.377879, 53.285259], [-6.375537, 53.28555], [-6.375417, 53.285769], [-6.375143, 53.285956], [-6.373143, 53.286745], [-6.372085, 53.287017], [-6.371055, 53.287118]]}, "properties": {"route": "52", "routes": ["52", "58", "C1", "D1", "L54", "N4", "S8", "W4", "W6", "X61"], "category": "radial", "colour": "#9467bd", "route_colour": "#c5b0d5", "pdf_colour": "#009bdf", "stroke": "#c5b0d5", "stroke-width": 2, "source": "pdf-future", "phase": "future"}}, {"type": "Feature", "geometry": {"type": "LineString", "coordinates": [[-6.169789, 53.303438], [-6.169043, 53.302949], [-6.169016, 53.30281], [-6.169244, 53.302664], [-6.169491, 53.30264], [-6.171235, 53.303126], [-6.172016, 53.303173], [-6.172845, 53.302977], [-6.173965, 53.303325], [-6.174274, 53.303338], [-6.175421, 53.302902], [-6.194748, 53.297775], [-6.195661, 53.29763], [-6.196044, 53.297805], [-6.196787, 53.299244], [-6.198784, 53.302057], [-6.199347, 53.302679], [-6.200089, 53.303292], [-6.201993, 53.304546], [-6.206833, 53.30736], [-6.209465, 53.308677], [-6.210983, 53.309367], [-6.211311, 53.309405], [-6.211565, 53.309299], [-6.211526, 53.309131], [-6.210038, 53.308047], [-6.209771, 53.307662], [-6.209756, 53.30739], [-6.210107, 53.306711], [-6.210067, 53.30651], [-6.20968, 53.306225], [-6.20874, 53.305845], [-6.208612, 53.30565], [-6.208703, 53.305427], [-6.209112, 53.305089], [-6.209695, 53.30483], [-6.210481, 53.30461], [-6.21061, 53.304498], [-6.210555, 53.304159], [-6.210932, 53.302851], [-6.210991, 53.302026], [-6.210814, 53.301686], [-6.210037, 53.301018], [-6.209983, 53.30084], [-6.210103, 53.300706], [-6.210927, 53.30036], [-6.211381, 53.300066], [-6.212041, 53.298968], [-6.212208, 53.298536], [-6.212231, 53.29818], [-6.211879, 53.297087], [-6.211859, 53.296654], [-6.212141, 53.296126], [-6.212693, 53.295696], [-6.214671, 53.294762], [-6.215863, 53.294352], [-6.220218, 53.293774], [-6.221748, 53.293813], [-6.225061, 53.292591], [-6.225917, 53.292427], [-6.226953, 53.292433], [-6.229472, 53.292655], [-6.231013, 53.292486], [-6.231524, 53.292497], [-6.236725, 53.293826]]}, "properties": {"route": "A2", "routes": ["A2", "A4", "L13", "S6"], "category": "spine", "colour": "#d62728", "route_colour": "#e6194b", "pdf_colour": "#009bdf", "stroke": "#e6194b", "stroke-width": 2, "source": "pdf-future", "phase": "future"}}, {"type": "Feature", "geometry": {"type": "LineString", "coordinates": [[-6.23784, 53.293981], [-6.240189, 53.294616], [-6.249569, 53.296134], [-6.249886, 53.296046], [-6.250353, 53.295505], [-6.251005, 53.295152], [-6.257714, 53.292853], [-6.25843, 53.292673], [-6.259178, 53.292589], [-6.26073, 53.292639], [-6.263953, 53.293168], [-6.26895, 53.2946], [-6.273729, 53.295497], [-6.277263, 53.297241], [-6.278014, 53.29782], [-6.278206, 53.298203], [-6.278388, 53.298327], [-6.279977, 53.298598], [-6.28151, 53.298528], [-6.284331, 53.297765], [-6.288319, 53.297389], [-6.289575, 53.297185], [-6.290935, 53.296791], [-6.293161, 53.295877], [-6.296141, 53.29521], [-6.297224, 53.295105], [-6.300999, 53.295054], [-6.301949, 53.29492], [-6.303232, 53.294441], [-6.305264, 53.29304], [-6.306178, 53.292528], [-6.311109, 53.290419], [-6.312627, 53.290155], [-6.315549, 53.290204], [-6.316934, 53.290005], [-6.319548, 53.288985], [-6.326108, 53.287201], [-6.328884, 53.286036], [-6.332871, 53.285058], [-6.333667, 53.284725], [-6.334209, 53.28439], [-6.335763, 53.282746], [-6.3364, 53.282451], [-6.337787, 53.28198], [-6.338912, 53.28139], [-6.339253, 53.281004], [-6.339853, 53.280049], [-6.340811, 53.279002], [-6.341776, 53.27854], [-6.344316, 53.277565], [-6.345853, 53.276727], [-6.346305, 53.276619], [-6.347062, 53.276763], [-6.349152, 53.277524], [-6.350844, 53.278575], [-6.351447, 53.279318], [-6.352291, 53.280989], [-6.352858, 53.281413], [-6.354108, 53.284148], [-6.354531, 53.284835], [-6.356296, 53.28661], [-6.357135, 53.287985], [-6.35764, 53.288556], [-6.358603, 53.289238], [-6.359945, 53.290038], [-6.360774, 53.290054], [-6.361586, 53.289925], [-6.362555, 53.289655], [-6.363085, 53.289687], [-6.363517, 53.289956], [-6.364026, 53.29107], [-6.365549, 53.290804], [-6.368427, 53.29005], [-6.370287, 53.289741], [-6.369741, 53.28864], [-6.369473, 53.287668]]}, "properties": {"route": "82", "routes": ["82", "85", "A1", "A3", "A4", "D4", "F1", "L35", "S6", "S8", "X47"], "category": "radial", "colour": "#9467bd", "route_colour": "#ffbb78", "pdf_colour": "#009bdf", "stroke": "#ffbb78", "stroke-width": 2, "source": "pdf-future", "phase": "future"}}, {"type": "Feature", "geometry": {"type": "LineString", "coordinates": [[-6.427737, 53.338671], [-6.430722, 53.33911], [-6.430943, 53.339092], [-6.431097, 53.338985], [-6.431714, 53.337305], [-6.432221, 53.334415], [-6.432645, 53.333709], [-6.432842, 53.332928], [-6.433239, 53.329627], [-6.433522, 53.328342], [-6.433535, 53.327787], [-6.433678, 53.327602], [-6.434032, 53.327423], [-6.434495, 53.32737], [-6.438429, 53.327587], [-6.439707, 53.32776], [-6.439971, 53.327637], [-6.440352, 53.326264], [-6.440402, 53.325679], [-6.440278, 53.325094], [-6.439824, 53.324127], [-6.439783, 53.323693], [-6.436561, 53.321017], [-6.434057, 53.31854], [-6.432362, 53.318762], [-6.429647, 53.319598], [-6.427655, 53.320015], [-6.42248, 53.320594], [-6.421439, 53.320446], [-6.415671, 53.321044], [-6.4132, 53.321355], [-6.410613, 53.321869], [-6.406252, 53.323148], [-6.405974, 53.323297], [-6.405389, 53.32395], [-6.405041, 53.324207], [-6.40372, 53.324457], [-6.400204, 53.326082], [-6.398928, 53.326592], [-6.396195, 53.327397], [-6.394135, 53.327807], [-6.39293, 53.327981], [-6.390821, 53.328071], [-6.382901, 53.327947]]}, "properties": {"route": "57", "routes": ["57", "D1", "W4"], "category": "radial", "colour": "#9467bd", "route_colour": "#c5b0d5", "pdf_colour": "#ed1c24", "stroke": "#c5b0d5", "stroke-width": 2, "source": "pdf-future", "phase": "future"}}, {"type": "Feature", "geometry": {"type": "LineString", "coordinates": [[-6.45272, 53.329412], [-6.452814, 53.329289], [-6.453023, 53.329255], [-6.453219, 53.329315], [-6.453292, 53.329435], [-6.453176, 53.329551], [-6.452961, 53.329573], [-6.45272, 53.329412], [-6.452108, 53.329437], [-6.450581, 53.329101], [-6.450287, 53.328904], [-6.450163, 53.328377], [-6.449969, 53.328276], [-6.440422, 53.327811], [-6.440367, 53.327737], [-6.440778, 53.326314], [-6.440829, 53.325725], [-6.440702, 53.325103], [-6.440306, 53.324178], [-6.440521, 53.324057], [-6.443361, 53.323792], [-6.44796, 53.324224], [-6.450009, 53.324254], [-6.452697, 53.322986], [-6.456317, 53.321582], [-6.45731, 53.320966], [-6.457491, 53.320799], [-6.457431, 53.320694], [-6.454595, 53.320024], [-6.452882, 53.320144], [-6.451729, 53.320027], [-6.451149, 53.319812], [-6.449147, 53.318805], [-6.44841, 53.318594], [-6.447307, 53.318488], [-6.444347, 53.318427], [-6.441081, 53.317998], [-6.439731, 53.317904], [-6.437636, 53.317964], [-6.43321, 53.318315], [-6.43199, 53.318548], [-6.430179, 53.319112], [-6.428119, 53.31964], [-6.42257, 53.320293], [-6.422422, 53.320435], [-6.422654, 53.320868], [-6.423584, 53.321997], [-6.424453, 53.322534], [-6.426304, 53.323391], [-6.42666, 53.323792], [-6.426784, 53.324232], [-6.426621, 53.324987], [-6.424824, 53.329023], [-6.42455, 53.329133], [-6.423278, 53.329074], [-6.416758, 53.328092], [-6.413417, 53.328125], [-6.411894, 53.328017], [-6.41184, 53.327866], [-6.412715, 53.326127], [-6.412929, 53.325336], [-6.412889, 53.324935], [-6.412706, 53.324545], [-6.411987, 53.323827], [-6.411357, 53.323452], [-6.410186, 53.322921], [-6.409533, 53.322497], [-6.409269, 53.322494], [-6.408112, 53.322847], [-6.407583, 53.322921], [-6.406339, 53.32246], [-6.40623, 53.322301], [-6.406064, 53.320978], [-6.405823, 53.320379], [-6.404111, 53.318586], [-6.403488, 53.31823], [-6.401814, 53.317654], [-6.397257, 53.316861], [-6.395622, 53.316318], [-6.395349, 53.316437], [-6.394443, 53.318451], [-6.394334, 53.319894], [-6.394715, 53.321425], [-6.39463, 53.321601], [-6.394368, 53.321706], [-6.392497, 53.321916], [-6.392159, 53.322035], [-6.391845, 53.322263], [-6.391558, 53.322674], [-6.391623, 53.323347], [-6.391558, 53.323569], [-6.390859, 53.32415], [-6.390124, 53.324484], [-6.387973, 53.325174], [-6.38386, 53.326864], [-6.383631, 53.327079], [-6.383846, 53.327574], [-6.383717, 53.327762], [-6.382469, 53.327776]]}, "properties": {"route": "D3", "routes": ["D3", "X55"], "category": "spine", "colour": "#d62728", "route_colour": "#f58231", "pdf_colour": "#ed1c24", "stroke": "#f58231", "stroke-width": 2, "source": "pdf-future", "phase": "future"}}, {"type": "Feature", "geometry": {"type": "LineString", "coordinates": [[-6.29543, 53.312433], [-6.298114, 53.310856], [-6.298655, 53.310493], [-6.298716, 53.310338], [-6.296526, 53.307373], [-6.294888, 53.305596], [-6.294703, 53.305263], [-6.294565, 53.304702], [-6.294304, 53.304277], [-6.294346, 53.304106], [-6.297699, 53.302782], [-6.300162, 53.302137], [-6.300466, 53.302154], [-6.3035, 53.303033], [-6.303877, 53.303035], [-6.304122, 53.302917], [-6.304578, 53.302378], [-6.304718, 53.301863], [-6.303665, 53.297446], [-6.303722, 53.297276], [-6.304047, 53.296982], [-6.304088, 53.296798], [-6.3034, 53.294796], [-6.305291, 53.293445], [-6.306248, 53.292857], [-6.307305, 53.292387], [-6.308808, 53.292055], [-6.311791, 53.290841], [-6.312966, 53.290674], [-6.315599, 53.290737], [-6.317043, 53.290573], [-6.31816, 53.290249], [-6.319972, 53.289482], [-6.324255, 53.288322], [-6.325289, 53.287954], [-6.325408, 53.287755], [-6.325377, 53.287581], [-6.324171, 53.285949], [-6.323918, 53.285321], [-6.323785, 53.28463], [-6.323784, 53.28406], [-6.323881, 53.283527], [-6.324662, 53.28143], [-6.324707, 53.280818], [-6.324621, 53.28014], [-6.32622, 53.280386], [-6.327118, 53.280348], [-6.327981, 53.28021], [-6.329513, 53.279706], [-6.329972, 53.279388], [-6.330782, 53.278607], [-6.331294, 53.278343], [-6.336589, 53.277582], [-6.337529, 53.277612], [-6.338392, 53.277833], [-6.338961, 53.278133], [-6.339912, 53.278897], [-6.340285, 53.278956], [-6.341493, 53.278381], [-6.344063, 53.277395], [-6.345627, 53.276546], [-6.346256, 53.276404], [-6.347095, 53.276535], [-6.348801, 53.277129], [-6.349636, 53.277478], [-6.350724, 53.278062], [-6.351592, 53.277856], [-6.352127, 53.277823], [-6.366945, 53.278272], [-6.367251, 53.278442], [-6.369608, 53.284937], [-6.369641, 53.285105], [-6.369538, 53.28553], [-6.369633, 53.286466]]}, "properties": {"route": "81", "routes": ["81", "85", "A1", "A3", "F1", "S6", "S8", "X47"], "category": "radial", "colour": "#9467bd", "route_colour": "#7f7f7f", "pdf_colour": "#ed1c24", "stroke": "#7f7f7f", "stroke-width": 2, "source": "pdf-future", "phase": "future"}}, {"type": "Feature", "geometry": {"type": "LineString", "coordinates": [[-6.347927, 53.302005], [-6.347942, 53.301831], [-6.347765, 53.301712], [-6.345783, 53.301326], [-6.344448, 53.300972], [-6.337909, 53.298589], [-6.33674, 53.298083], [-6.336154, 53.297635], [-6.335877, 53.297117], [-6.335889, 53.296656], [-6.336079, 53.296294], [-6.336951, 53.295387], [-6.33729, 53.294853], [-6.33799, 53.292834], [-6.33804, 53.291983], [-6.337787, 53.291147], [-6.337428, 53.29034], [-6.337274, 53.290223], [-6.336998, 53.290181], [-6.334073, 53.29042], [-6.333474, 53.289388], [-6.335211, 53.289022], [-6.335395, 53.288854], [-6.334621, 53.28746], [-6.334617, 53.287192], [-6.335528, 53.286519], [-6.336306, 53.286061], [-6.339416, 53.284828], [-6.341313, 53.283886], [-6.342624, 53.283123], [-6.343377, 53.282811], [-6.348781, 53.281888], [-6.352415, 53.281489], [-6.353993, 53.284728], [-6.355906, 53.286702], [-6.356732, 53.288063], [-6.357436, 53.288861]]}, "properties": {"route": "D4", "routes": ["D4", "S6", "S8", "X47"], "category": "spine", "colour": "#d62728", "route_colour": "#f58231", "pdf_colour": "#ed1c24", "stroke": "#f58231", "stroke-width": 2, "source": "pdf-future", "phase": "future"}}, {"type": "Feature", "geometry": {"type": "LineString", "coordinates": [[-6.432584, 53.3395], [-6.432828, 53.339515], [-6.432973, 53.339422], [-6.434612, 53.33949], [-6.436643, 53.338847], [-6.438396, 53.338541], [-6.440055, 53.338472], [-6.441549, 53.338531], [-6.443874, 53.338981], [-6.446164, 53.339608], [-6.447917, 53.340274], [-6.449246, 53.340997], [-6.449762, 53.341437], [-6.449933, 53.341753], [-6.44971, 53.342241], [-6.448824, 53.343058], [-6.448698, 53.343429], [-6.448937, 53.3436], [-6.45022, 53.343509], [-6.454467, 53.343528], [-6.455636, 53.343609], [-6.456718, 53.343851], [-6.458213, 53.344542], [-6.459159, 53.344797], [-6.464038, 53.345108], [-6.470732, 53.346141], [-6.477696, 53.345313], [-6.477938, 53.345221], [-6.478002, 53.345115], [-6.477993, 53.344684], [-6.477777, 53.341833], [-6.477694, 53.339121], [-6.477472, 53.33902], [-6.473062, 53.338802], [-6.472936, 53.338667], [-6.472909, 53.337388], [-6.471933, 53.337304], [-6.470554, 53.336762], [-6.470479, 53.33579], [-6.470277, 53.335559]]}, "properties": {"route": "C2", "routes": ["C2", "L53", "X30"], "category": "spine", "colour": "#d62728", "route_colour": "#4363d8", "pdf_colour": "#ed1c24", "stroke": "#4363d8", "stroke-width": 2, "source": "pdf-future", "phase": "future"}}, {"type": "Feature", "geometry": {"type": "LineString", "coordinates": [[-6.600487, 53.369043], [-6.598374, 53.373573], [-6.59821, 53.374165], [-6.598213, 53.375066], [-6.598502, 53.37596], [-6.598846, 53.37654], [-6.599304, 53.377099], [-6.600196, 53.377882], [-6.602064, 53.379107], [-6.602208, 53.379281], [-6.602113, 53.379447], [-6.600169, 53.379994], [-6.598853, 53.379839], [-6.593591, 53.379856], [-6.588714, 53.379315], [-6.584557, 53.379255], [-6.582819, 53.378983], [-6.579901, 53.378229], [-6.576638, 53.377906], [-6.572749, 53.377403], [-6.567746, 53.376359], [-6.552141, 53.374681], [-6.547028, 53.373895], [-6.541838, 53.372971], [-6.537538, 53.372565], [-6.534046, 53.371849], [-6.529624, 53.371161], [-6.51928, 53.368795], [-6.510785, 53.367037], [-6.505133, 53.365378], [-6.503709, 53.365148], [-6.501928, 53.365022], [-6.501016, 53.364842], [-6.500252, 53.364527], [-6.499827, 53.364172], [-6.499687, 53.36378], [-6.499816, 53.362939], [-6.499756, 53.362521], [-6.499397, 53.362085], [-6.498921, 53.361827], [-6.498395, 53.361853], [-6.494817, 53.362637], [-6.49375, 53.362726], [-6.49294, 53.362683], [-6.492721, 53.362595], [-6.492622, 53.362428], [-6.492756, 53.361197], [-6.492627, 53.361042], [-6.492325, 53.360911], [-6.490805, 53.36047], [-6.480758, 53.3581], [-6.474154, 53.356671]]}, "properties": {"route": "52", "routes": ["52", "C3", "C4", "X25", "X26", "X31", "X32"], "category": "radial", "colour": "#9467bd", "route_colour": "#c5b0d5", "pdf_colour": "#ed1c24", "stroke": "#c5b0d5", "stroke-width": 2, "source": "pdf-future", "phase": "future"}}, {"type": "Feature", "geometry": {"type": "LineString", "coordinates": [[-6.601624, 53.378127], [-6.601108, 53.377858], [-6.60036, 53.377289], [-6.599477, 53.37625], [-6.599252, 53.375812], [-6.599053, 53.375143], [-6.59902, 53.374467], [-6.59915, 53.373828], [-6.599093, 53.373714], [-6.596438, 53.372016], [-6.592092, 53.369038], [-6.590978, 53.36837], [-6.589568, 53.367887], [-6.58061, 53.365623], [-6.579542, 53.365494], [-6.575183, 53.365344], [-6.574941, 53.36513], [-6.574797, 53.363046], [-6.574707, 53.36294], [-6.568831, 53.362094], [-6.567733, 53.361857], [-6.566707, 53.361534], [-6.565289, 53.360884], [-6.560733, 53.358363], [-6.557943, 53.357026], [-6.55603, 53.356276], [-6.555277, 53.355837], [-6.554535, 53.355145], [-6.554046, 53.354317], [-6.553889, 53.35363], [-6.55388, 53.352053], [-6.553773, 53.3517], [-6.553496, 53.351256], [-6.552476, 53.350313], [-6.550263, 53.348611], [-6.549017, 53.347768], [-6.547872, 53.346294], [-6.547699, 53.345857], [-6.547657, 53.345361], [-6.547737, 53.344867], [-6.548112, 53.343836], [-6.548091, 53.343551], [-6.547982, 53.343344], [-6.547455, 53.342967], [-6.544205, 53.341421], [-6.542551, 53.340422], [-6.542496, 53.34025], [-6.542542, 53.340113], [-6.544448, 53.33774], [-6.544322, 53.33754], [-6.543272, 53.337086], [-6.499438, 53.345931], [-6.497615, 53.346422], [-6.495738, 53.347214], [-6.481541, 53.354216], [-6.480796, 53.354823], [-6.480429, 53.355382], [-6.480317, 53.355895], [-6.480578, 53.357854], [-6.480472, 53.357981], [-6.480158, 53.35797]]}, "properties": {"route": "C4", "routes": ["C4", "L58", "W6", "X26", "X27", "X28"], "category": "spine", "colour": "#d62728", "route_colour": "#4363d8", "pdf_colour": "#ed1c24", "stroke": "#4363d8", "stroke-width": 2, "source": "pdf-future", "phase": "future"}}, {"type": "Feature", "geometry": {"type": "LineString", "coordinates": [[-6.314782, 53.299923], [-6.314089, 53.29976], [-6.313976, 53.29961], [-6.316942, 53.295972], [-6.317221, 53.295979], [-6.319567, 53.296976], [-6.320428, 53.297492], [-6.320789, 53.297948], [-6.320862, 53.298876], [-6.320815, 53.299182], [-6.32063, 53.299575], [-6.320104, 53.300266], [-6.320315, 53.300628], [-6.320309, 53.300787], [-6.319975, 53.300989], [-6.319361, 53.301029], [-6.318986, 53.301416], [-6.317853, 53.30337], [-6.317531, 53.304112], [-6.317507, 53.304539], [-6.31772, 53.305226], [-6.317595, 53.30581], [-6.317197, 53.306397], [-6.316752, 53.306743], [-6.314443, 53.307998], [-6.313405, 53.308446], [-6.310895, 53.309337], [-6.304676, 53.311266], [-6.302807, 53.311994], [-6.301067, 53.312839], [-6.298127, 53.31256], [-6.296366, 53.312269], [-6.296076, 53.312313], [-6.29568, 53.312575]]}, "properties": {"route": "81", "routes": ["81", "82", "F2"], "category": "radial", "colour": "#9467bd", "route_colour": "#7f7f7f", "pdf_colour": "#ed1c24", "stroke": "#7f7f7f", "stroke-width": 2, "source": "pdf-future", "phase": "future"}}, {"type": "Feature", "geometry": {"type": "LineString", "coordinates": [[-6.125496, 53.386617], [-6.121403, 53.387032], [-6.116104, 53.387177], [-6.10454, 53.388248], [-6.103362, 53.388407], [-6.098878, 53.389318], [-6.097554, 53.389417], [-6.092064, 53.389288], [-6.084723, 53.38886], [-6.084109, 53.388703], [-6.082858, 53.388023], [-6.082102, 53.387708], [-6.081031, 53.387392], [-6.080087, 53.387233], [-6.078971, 53.387209], [-6.077066, 53.387353], [-6.074459, 53.387132], [-6.071101, 53.387088], [-6.069975, 53.386922], [-6.067951, 53.386354], [-6.066824, 53.386221], [-6.065909, 53.38624], [-6.064789, 53.386492], [-6.064397, 53.386478], [-6.064152, 53.386372], [-6.06403, 53.386204], [-6.064279, 53.385739], [-6.064335, 53.385462], [-6.064171, 53.384885], [-6.063839, 53.384448], [-6.062912, 53.383544], [-6.062336, 53.382768], [-6.061932, 53.382498], [-6.061346, 53.382273], [-6.059249, 53.381817], [-6.058598, 53.381595], [-6.058094, 53.381297], [-6.056398, 53.38002], [-6.055765, 53.379503], [-6.05534, 53.37904], [-6.054431, 53.377532], [-6.054004, 53.376973], [-6.052421, 53.37556], [-6.051852, 53.374858], [-6.051639, 53.37435], [-6.051587, 53.373958], [-6.051706, 53.373514], [-6.051937, 53.373241], [-6.05265, 53.372877], [-6.055077, 53.372163], [-6.055456, 53.371885], [-6.055415, 53.371585], [-6.055514, 53.371408]]}, "properties": {"route": "6", "routes": ["6", "H3"], "category": "radial", "colour": "#9467bd", "route_colour": "#2ca02c", "pdf_colour": "#ed1c24", "stroke": "#2ca02c", "stroke-width": 2, "source": "pdf-future", "phase": "future"}}, {"type": "Feature", "geometry": {"type": "LineString", "coordinates": [[-6.191461, 53.374945], [-6.190152, 53.375417], [-6.189114, 53.375689], [-6.183915, 53.376535], [-6.180542, 53.37759], [-6.178726, 53.378325], [-6.177393, 53.378626], [-6.173707, 53.378732], [-6.169826, 53.378288], [-6.167238, 53.378259], [-6.160896, 53.378848], [-6.156814, 53.379424], [-6.153117, 53.380047], [-6.150075, 53.380666], [-6.144024, 53.382915], [-6.140796, 53.383834], [-6.131104, 53.385907], [-6.125496, 53.386617]]}, "properties": {"route": "6", "routes": ["6", "H2", "H3", "X78"], "category": "radial", "colour": "#9467bd", "route_colour": "#2ca02c", "pdf_colour": "#ed1c24", "stroke": "#2ca02c", "stroke-width": 2, "source": "pdf-future", "phase": "future"}}, {"type": "Feature", "geometry": {"type": "LineString", "coordinates": [[-6.191239, 53.374801], [-6.190737, 53.374886], [-6.189291, 53.374293], [-6.187574, 53.373954], [-6.183659, 53.373565], [-6.181827, 53.373571], [-6.180416, 53.373881], [-6.17941, 53.373943], [-6.179275, 53.374071], [-6.179302, 53.374435], [-6.179218, 53.374545], [-6.178405, 53.374723], [-6.177683, 53.375045], [-6.175433, 53.376503], [-6.175221, 53.376699], [-6.175244, 53.376862], [-6.175971, 53.37716], [-6.176112, 53.377333], [-6.175693, 53.378077], [-6.175705, 53.378562], [-6.175979, 53.37904], [-6.176965, 53.380264], [-6.177161, 53.380654], [-6.177221, 53.380983], [-6.177029, 53.381888], [-6.176225, 53.383403], [-6.17609, 53.384423], [-6.175961, 53.384769], [-6.17555, 53.385272], [-6.174974, 53.385729], [-6.170751, 53.388426], [-6.170524, 53.388705], [-6.170506, 53.389192], [-6.170425, 53.389309], [-6.170204, 53.389379], [-6.169664, 53.389374], [-6.169443, 53.389467], [-6.169184, 53.390928], [-6.168921, 53.391404], [-6.168564, 53.391754], [-6.167781, 53.392212], [-6.165847, 53.393024], [-6.165129, 53.393517], [-6.16466, 53.39427], [-6.164104, 53.396397], [-6.163949, 53.396519], [-6.16368, 53.396545], [-6.162364, 53.396338], [-6.160664, 53.396201], [-6.154008, 53.39596], [-6.148701, 53.395363], [-6.145649, 53.395155], [-6.141206, 53.394671], [-6.140324, 53.394755], [-6.139218, 53.395139], [-6.138687, 53.395231], [-6.135822, 53.394948], [-6.132647, 53.39593]]}, "properties": {"route": "H1", "routes": ["H1"], "category": "spine", "colour": "#d62728", "route_colour": "#f032e6", "pdf_colour": "#ed1c24", "stroke": "#f032e6", "stroke-width": 2, "source": "pdf-future", "phase": "future"}}, {"type": "Feature", "geometry": {"type": "LineString", "coordinates": [[-6.183987, 53.399795], [-6.184977, 53.399028], [-6.187112, 53.397723], [-6.187893, 53.397164], [-6.188786, 53.396328], [-6.189668, 53.395199], [-6.189991, 53.395069], [-6.191569, 53.395521], [-6.196182, 53.395834], [-6.198181, 53.396143], [-6.199457, 53.396512], [-6.20258, 53.397695], [-6.204877, 53.398468], [-6.206945, 53.399027], [-6.208871, 53.399374], [-6.208925, 53.399329], [-6.208816, 53.398108], [-6.208843, 53.397589], [-6.209547, 53.395295], [-6.209797, 53.395139], [-6.210172, 53.395061], [-6.211372, 53.395218], [-6.213356, 53.394476], [-6.214088, 53.394029], [-6.214868, 53.393022], [-6.214749, 53.392891], [-6.207379, 53.390628], [-6.207109, 53.390703], [-6.204694, 53.392667], [-6.203868, 53.393088], [-6.203539, 53.393103], [-6.199564, 53.390632], [-6.197674, 53.38958], [-6.197561, 53.389429], [-6.197586, 53.389241], [-6.198166, 53.388775]]}, "properties": {"route": "D1", "routes": ["D1", "D2", "D3", "L80", "N6"], "category": "spine", "colour": "#d62728", "route_colour": "#f58231", "pdf_colour": "#ed1c24", "stroke": "#f58231", "stroke-width": 2, "source": "pdf-future", "phase": "future"}}, {"type": "Feature", "geometry": {"type": "LineString", "coordinates": [[-6.207517, 53.380938], [-6.207302, 53.381152], [-6.207532, 53.381489], [-6.211495, 53.384054], [-6.21259, 53.384601], [-6.214085, 53.384962], [-6.215042, 53.385031], [-6.218077, 53.384861], [-6.218817, 53.383796], [-6.218921, 53.382563], [-6.219231, 53.382404], [-6.223671, 53.382696], [-6.228656, 53.38348], [-6.231204, 53.383713], [-6.231514, 53.38383], [-6.231639, 53.384026], [-6.231508, 53.384345], [-6.230227, 53.386148], [-6.229723, 53.386475], [-6.228094, 53.387131], [-6.227908, 53.387338], [-6.227827, 53.388502], [-6.227896, 53.38871], [-6.228301, 53.388988], [-6.229159, 53.389144], [-6.229515, 53.389324], [-6.229699, 53.389629], [-6.229585, 53.390017], [-6.229303, 53.390199], [-6.228894, 53.390285], [-6.225861, 53.390193], [-6.225369, 53.390425], [-6.225057, 53.390963], [-6.225125, 53.391271], [-6.225517, 53.391575], [-6.227747, 53.392198], [-6.228773, 53.392581], [-6.228782, 53.39267], [-6.227887, 53.394195], [-6.227558, 53.395148], [-6.227699, 53.395479], [-6.228143, 53.395688], [-6.229306, 53.395718], [-6.231744, 53.395591], [-6.238583, 53.394935], [-6.240681, 53.394811], [-6.241281, 53.394928], [-6.241901, 53.395333], [-6.242844, 53.395613], [-6.24489, 53.395614], [-6.24773, 53.396146], [-6.248462, 53.395363], [-6.248839, 53.394523], [-6.248883, 53.39405], [-6.24879, 53.392998], [-6.249116, 53.390893], [-6.249303, 53.390823], [-6.251162, 53.390903]]}, "properties": {"route": "8", "routes": ["8", "A1", "A2", "A4", "D4", "L80", "N6"], "category": "radial", "colour": "#9467bd", "route_colour": "#ff7f0e", "pdf_colour": "#ed1c24", "stroke": "#ff7f0e", "stroke-width": 2, "source": "pdf-future", "phase": "future"}}, {"type": "Feature", "geometry": {"type": "LineString", "coordinates": [[-6.291102, 53.376863], [-6.291917, 53.377297], [-6.292408, 53.377796], [-6.293184, 53.377885], [-6.294911, 53.377744], [-6.296826, 53.377301], [-6.298237, 53.377067], [-6.299991, 53.37685], [-6.300274, 53.376888], [-6.300476, 53.377041], [-6.301686, 53.379379], [-6.302372, 53.380303], [-6.303121, 53.380825], [-6.30412, 53.381044], [-6.305896, 53.381054], [-6.306415, 53.38096], [-6.306912, 53.380767], [-6.307364, 53.380372], [-6.307757, 53.379277], [-6.307969, 53.378939], [-6.308409, 53.378614], [-6.308944, 53.378423], [-6.309877, 53.37834], [-6.312208, 53.378589], [-6.314386, 53.378426], [-6.314776, 53.378563], [-6.315204, 53.379743], [-6.315673, 53.380641], [-6.317056, 53.382092], [-6.317446, 53.382804], [-6.317576, 53.38447], [-6.317623, 53.386726], [-6.317238, 53.387003], [-6.317116, 53.387533], [-6.31672, 53.387632], [-6.3142, 53.387393], [-6.312656, 53.387339], [-6.307389, 53.387431], [-6.303646, 53.387696], [-6.303363, 53.387855], [-6.303387, 53.388514], [-6.303491, 53.388829], [-6.303815, 53.389052], [-6.304841, 53.389475], [-6.305164, 53.389734], [-6.305664, 53.390373], [-6.306884, 53.392469], [-6.30737, 53.393113], [-6.307795, 53.393458], [-6.309304, 53.394298], [-6.310175, 53.395031], [-6.310308, 53.395226]]}, "properties": {"route": "F3", "routes": ["F3", "N6"], "category": "spine", "colour": "#d62728", "route_colour": "#42d4f4", "pdf_colour": "#ed1c24", "stroke": "#42d4f4", "stroke-width": 2, "source": "pdf-future", "phase": "future"}}, {"type": "Feature", "geometry": {"type": "LineString", "coordinates": [[-6.400065, 53.391258], [-6.400949, 53.39063], [-6.401295, 53.390526], [-6.405613, 53.390719], [-6.406145, 53.390811], [-6.406351, 53.390984], [-6.406376, 53.391328], [-6.407539, 53.392046], [-6.407994, 53.392696], [-6.408119, 53.393123], [-6.408117, 53.393427], [-6.407667, 53.394648], [-6.407611, 53.395138], [-6.407872, 53.395744], [-6.408484, 53.396259], [-6.409416, 53.396644], [-6.414054, 53.397813], [-6.41596, 53.398544], [-6.417032, 53.398843], [-6.417786, 53.39898], [-6.418623, 53.399023], [-6.419413, 53.398969], [-6.42023, 53.398811], [-6.420955, 53.398567], [-6.421779, 53.398133], [-6.422437, 53.397608], [-6.422963, 53.397013], [-6.424109, 53.395433], [-6.425574, 53.393672], [-6.426539, 53.392323], [-6.426881, 53.391408], [-6.426908, 53.390344], [-6.426641, 53.389776], [-6.426084, 53.389324], [-6.425359, 53.389007], [-6.424531, 53.388808], [-6.420177, 53.388386], [-6.419015, 53.388438], [-6.416942, 53.388734], [-6.416492, 53.388615], [-6.416338, 53.387923], [-6.416514, 53.386687], [-6.416777, 53.385929], [-6.417416, 53.384685], [-6.417468, 53.384452], [-6.417279, 53.38369], [-6.41653, 53.382038], [-6.416334, 53.381243], [-6.416395, 53.38105], [-6.416619, 53.380915], [-6.416951, 53.380868], [-6.42041, 53.381143], [-6.428458, 53.381457], [-6.429032, 53.381428], [-6.430172, 53.381214], [-6.435054, 53.382147], [-6.435368, 53.382285], [-6.435509, 53.382523], [-6.435478, 53.38315], [-6.435334, 53.383824], [-6.435392, 53.384024], [-6.435911, 53.384372], [-6.437286, 53.384891], [-6.437644, 53.385125], [-6.439187, 53.387525], [-6.439795, 53.388153], [-6.439906, 53.388457], [-6.440107, 53.390202], [-6.440044, 53.391125], [-6.439173, 53.392431], [-6.43794, 53.393493], [-6.437795, 53.393848], [-6.437918, 53.394315], [-6.438259, 53.394646], [-6.439698, 53.395288], [-6.441116, 53.396297], [-6.443947, 53.398042], [-6.44506, 53.39901], [-6.446122, 53.399631], [-6.446283, 53.399832], [-6.446262, 53.400042], [-6.446137, 53.400212], [-6.444478, 53.401864], [-6.443339, 53.40285], [-6.44211, 53.403448], [-6.44097, 53.403746]]}, "properties": {"route": "B1", "routes": ["B1", "B2", "L52", "L61", "L64", "X61", "X62"], "category": "spine", "colour": "#d62728", "route_colour": "#3cb44b", "pdf_colour": "#ed1c24", "stroke": "#3cb44b", "stroke-width": 2, "source": "pdf-future", "phase": "future"}}, {"type": "Feature", "geometry": {"type": "LineString", "coordinates": [[-6.331722, 53.307147], [-6.335323, 53.307958], [-6.336095, 53.308228], [-6.336457, 53.308507], [-6.33669, 53.308917], [-6.336804, 53.309416], [-6.336758, 53.309826], [-6.336361, 53.310436], [-6.335443, 53.311184], [-6.332656, 53.31261], [-6.331767, 53.312937], [-6.331151, 53.313057], [-6.330659, 53.313041], [-6.329574, 53.312836], [-6.328635, 53.312929], [-6.327779, 53.313308], [-6.32689, 53.314028], [-6.326833, 53.314179], [-6.326913, 53.314309], [-6.32954, 53.316362], [-6.329593, 53.316611], [-6.329469, 53.316837], [-6.329208, 53.317011], [-6.328849, 53.317116], [-6.323971, 53.317051], [-6.313938, 53.316367], [-6.31316, 53.316182], [-6.307646, 53.314356], [-6.305891, 53.31391], [-6.302384, 53.313288], [-6.297872, 53.312746], [-6.296232, 53.312453], [-6.295645, 53.312546]]}, "properties": {"route": "71", "routes": ["71", "81", "F3", "S4"], "category": "radial", "colour": "#9467bd", "route_colour": "#e377c2", "pdf_colour": "#ed1c24", "stroke": "#e377c2", "stroke-width": 2, "source": "pdf-future", "phase": "future"}}, {"type": "Feature", "geometry": {"type": "LineString", "coordinates": [[-6.389329, 53.279257], [-6.391027, 53.278666], [-6.391277, 53.278646], [-6.393586, 53.279692], [-6.396882, 53.280377], [-6.399051, 53.280637], [-6.399195, 53.280794], [-6.399072, 53.281444], [-6.39774, 53.283131], [-6.397169, 53.284216], [-6.3972, 53.28438], [-6.404034, 53.286609], [-6.405353, 53.286719], [-6.413307, 53.286308], [-6.41403, 53.286164], [-6.416422, 53.285375], [-6.417123, 53.285441], [-6.417442, 53.285699], [-6.417983, 53.287661], [-6.41831, 53.288309], [-6.418676, 53.288779], [-6.419559, 53.289438], [-6.421653, 53.290002], [-6.422222, 53.290253], [-6.422932, 53.290703], [-6.423385, 53.291126], [-6.423731, 53.29165], [-6.423895, 53.292104], [-6.423941, 53.29281], [-6.424078, 53.293094], [-6.424399, 53.293374], [-6.425731, 53.294155]]}, "properties": {"route": "D2", "routes": ["D2", "W6", "X58"], "category": "spine", "colour": "#d62728", "route_colour": "#f58231", "pdf_colour": "#ed1c24", "stroke": "#f58231", "stroke-width": 2, "source": "pdf-future", "phase": "future"}}, {"type": "Feature", "geometry": {"type": "LineString", "coordinates": [[-6.469482, 53.335458], [-6.469453, 53.336295], [-6.469193, 53.336461], [-6.467825, 53.336455], [-6.465853, 53.336814], [-6.462854, 53.336988], [-6.462291, 53.336984], [-6.461597, 53.336853], [-6.461044, 53.337124], [-6.46047, 53.337244], [-6.458424, 53.337427], [-6.456716, 53.3374], [-6.456471, 53.337457], [-6.456353, 53.337592], [-6.45615, 53.338675], [-6.455672, 53.342186], [-6.455362, 53.343673], [-6.455063, 53.343758], [-6.450054, 53.343717], [-6.448397, 53.343839], [-6.447903, 53.344221], [-6.446746, 53.345884], [-6.446363, 53.346275], [-6.443373, 53.347991], [-6.442772, 53.348233], [-6.442393, 53.348136], [-6.442281, 53.347588], [-6.441692, 53.347153], [-6.440951, 53.346865], [-6.438975, 53.346411], [-6.438055, 53.346104], [-6.435021, 53.344313], [-6.434833, 53.344082], [-6.434776, 53.343742], [-6.4352, 53.342725], [-6.435234, 53.341967], [-6.435047, 53.341309], [-6.434312, 53.339826], [-6.434122, 53.339707], [-6.432987, 53.33963], [-6.432847, 53.339528], [-6.432547, 53.339497]]}, "properties": {"route": "C1", "routes": ["C1", "L53"], "category": "spine", "colour": "#d62728", "route_colour": "#4363d8", "pdf_colour": "#ed1c24", "stroke": "#4363d8", "stroke-width": 2, "source": "pdf-future", "phase": "future"}}, {"type": "Feature", "geometry": {"type": "LineString", "coordinates": [[-6.395727, 53.354138], [-6.398443, 53.352712], [-6.398938, 53.352289], [-6.399252, 53.35217], [-6.407177, 53.352305], [-6.407495, 53.352191], [-6.4076, 53.350492], [-6.407711, 53.349858], [-6.40975, 53.342406], [-6.410031, 53.341096], [-6.410117, 53.340216], [-6.410089, 53.339253], [-6.409814, 53.337483], [-6.409716, 53.337251], [-6.409473, 53.337162], [-6.408677, 53.337136], [-6.408064, 53.336949], [-6.405265, 53.335314], [-6.402546, 53.334175], [-6.4021, 53.334161], [-6.401673, 53.33449], [-6.401277, 53.335062], [-6.401094, 53.335639], [-6.401264, 53.338103], [-6.401239, 53.338666], [-6.401121, 53.339413], [-6.400676, 53.340749], [-6.4003, 53.342263], [-6.400204, 53.345364], [-6.400009, 53.346597], [-6.399886, 53.346663], [-6.395227, 53.346572], [-6.392405, 53.346425], [-6.391619, 53.346577], [-6.387727, 53.346273], [-6.386331, 53.34599], [-6.383411, 53.344807], [-6.382517, 53.344643], [-6.38153, 53.344633], [-6.380867, 53.344185], [-6.380226, 53.343946], [-6.377536, 53.343393], [-6.372608, 53.342806], [-6.363893, 53.34214], [-6.363155, 53.342187], [-6.361558, 53.342032]]}, "properties": {"route": "9", "routes": ["9", "G2", "L51", "L53", "L55", "N4", "S4", "W2"], "category": "radial", "colour": "#9467bd", "route_colour": "#17becf", "pdf_colour": "#ed1c24", "stroke": "#17becf", "stroke-width": 2, "source": "pdf-future", "phase": "future"}}, {"type": "Feature", "geometry": {"type": "LineString", "coordinates": [[-6.361575, 53.3419], [-6.362107, 53.341936], [-6.362492, 53.341867], [-6.362756, 53.341692], [-6.362835, 53.341459], [-6.362665, 53.340342], [-6.362403, 53.339304], [-6.360483, 53.335524], [-6.360502, 53.335381], [-6.360675, 53.335283], [-6.363356, 53.334896], [-6.364891, 53.334805], [-6.366167, 53.335042], [-6.369458, 53.335997], [-6.370526, 53.336174], [-6.372607, 53.336351], [-6.376656, 53.337302], [-6.378579, 53.337447], [-6.379565, 53.337383], [-6.379806, 53.337252], [-6.379733, 53.336183], [-6.379383, 53.335494], [-6.379572, 53.335308], [-6.380537, 53.334878], [-6.380609, 53.334777], [-6.380566, 53.334646], [-6.378507, 53.333532], [-6.371708, 53.330186], [-6.370458, 53.329468], [-6.369927, 53.328975], [-6.369555, 53.328257], [-6.369458, 53.327752], [-6.369546, 53.327174], [-6.369657, 53.327049], [-6.37012, 53.326974], [-6.373813, 53.327543], [-6.375197, 53.327661], [-6.376575, 53.327643], [-6.378612, 53.327431], [-6.383097, 53.327544], [-6.38329, 53.327494], [-6.383378, 53.327387], [-6.383241, 53.327064], [-6.382914, 53.326676], [-6.382008, 53.325802], [-6.380306, 53.324715], [-6.377153, 53.322957], [-6.375446, 53.321845], [-6.375391, 53.321645], [-6.375469, 53.321492], [-6.376145, 53.320998], [-6.37659, 53.320472], [-6.377457, 53.319121], [-6.377392, 53.318928], [-6.37613, 53.318503], [-6.373114, 53.317978], [-6.372031, 53.316754], [-6.371355, 53.316375], [-6.370987, 53.316352], [-6.370025, 53.316555], [-6.368703, 53.316359], [-6.368499, 53.316425], [-6.368321, 53.316636]]}, "properties": {"route": "G1", "routes": ["G1", "L54"], "category": "spine", "colour": "#d62728", "route_colour": "#bfef45", "pdf_colour": "#ed1c24", "stroke": "#bfef45", "stroke-width": 2, "source": "pdf-future", "phase": "future"}}, {"type": "Feature", "geometry": {"type": "LineString", "coordinates": [[-6.4306, 53.358125], [-6.433688, 53.358262], [-6.436545, 53.358224], [-6.441231, 53.358608], [-6.443033, 53.358539], [-6.443785, 53.358363], [-6.444831, 53.357974], [-6.447073, 53.356392], [-6.448304, 53.355753], [-6.449396, 53.355359], [-6.45072, 53.355173], [-6.454994, 53.355063], [-6.457503, 53.354705], [-6.460777, 53.354036], [-6.46234, 53.353884], [-6.464046, 53.353961], [-6.465786, 53.354231], [-6.467013, 53.354247], [-6.471215, 53.355854], [-6.473108, 53.356407], [-6.475067, 53.356852], [-6.476814, 53.357028], [-6.478078, 53.357032], [-6.480134, 53.356988], [-6.480362, 53.356919], [-6.48043, 53.356776]]}, "properties": {"route": "C3", "routes": ["C3", "C4", "L54", "X25", "X30", "X31", "X32"], "category": "spine", "colour": "#d62728", "route_colour": "#4363d8", "pdf_colour": "#ed1c24", "stroke": "#4363d8", "stroke-width": 2, "source": "pdf-future", "phase": "future"}}, {"type": "Feature", "geometry": {"type": "LineString", "coordinates": [[-6.302721, 53.297173], [-6.303307, 53.297045], [-6.305092, 53.296869], [-6.306704, 53.296554], [-6.310995, 53.295093], [-6.313984, 53.294427], [-6.312875, 53.293602], [-6.312159, 53.293185], [-6.311262, 53.292856], [-6.309657, 53.292426], [-6.308439, 53.291882], [-6.310499, 53.290985], [-6.311483, 53.290624], [-6.31242, 53.290448], [-6.31339, 53.290403], [-6.315622, 53.290471], [-6.316992, 53.290295], [-6.317936, 53.290006], [-6.319717, 53.289252], [-6.32489, 53.2878], [-6.324923, 53.287633], [-6.324039, 53.286504], [-6.323673, 53.285913], [-6.323425, 53.285233], [-6.323319, 53.284632], [-6.323394, 53.283561], [-6.324065, 53.281874], [-6.324234, 53.28108], [-6.324118, 53.279605], [-6.323901, 53.278292], [-6.323911, 53.277533]]}, "properties": {"route": "A1", "routes": ["A1", "A3", "F1", "S6"], "category": "spine", "colour": "#d62728", "route_colour": "#e6194b", "pdf_colour": "#ed1c24", "stroke": "#e6194b", "stroke-width": 2, "source": "pdf-future", "phase": "future"}}, {"type": "Feature", "geometry": {"type": "LineString", "coordinates": [[-6.30278, 53.297006], [-6.303503, 53.29681], [-6.303637, 53.296684], [-6.303122, 53.295369], [-6.30281, 53.294424], [-6.302836, 53.294304], [-6.305153, 53.292691], [-6.305247, 53.292561], [-6.30477, 53.290967], [-6.304012, 53.286805], [-6.303981, 53.28593], [-6.304029, 53.285704], [-6.304172, 53.285526], [-6.304688, 53.285259], [-6.305967, 53.284834], [-6.307491, 53.283791], [-6.308265, 53.283431], [-6.309186, 53.28333], [-6.310908, 53.283424], [-6.311179, 53.283333], [-6.311244, 53.283205], [-6.311189, 53.28303], [-6.310683, 53.282069], [-6.309765, 53.281129], [-6.30976, 53.280949], [-6.309958, 53.280781], [-6.31283, 53.280092], [-6.31518, 53.279215], [-6.317089, 53.278656], [-6.323477, 53.277964], [-6.323629, 53.277887], [-6.32366, 53.277676]]}, "properties": {"route": "A1", "routes": ["A1", "F1", "S8"], "category": "spine", "colour": "#d62728", "route_colour": "#e6194b", "pdf_colour": "#ed1c24", "stroke": "#e6194b", "stroke-width": 2, "source": "pdf-future", "phase": "future"}}, {"type": "Feature", "geometry": {"type": "LineString", "coordinates": [[-6.132383, 53.296094], [-6.131472, 53.295925], [-6.130336, 53.295578], [-6.125402, 53.293703], [-6.124922, 53.293815], [-6.123686, 53.295233], [-6.123834, 53.295464], [-6.124694, 53.295827], [-6.126933, 53.296571], [-6.12908, 53.296937], [-6.130896, 53.29702], [-6.132297, 53.296894], [-6.132436, 53.296742], [-6.132415, 53.296227], [-6.132597, 53.296124], [-6.135818, 53.296159], [-6.136583, 53.296016], [-6.138734, 53.295285], [-6.139863, 53.295014], [-6.140773, 53.294953], [-6.14291, 53.295051], [-6.144343, 53.294911], [-6.156715, 53.296585], [-6.16028, 53.297297], [-6.160515, 53.297403], [-6.160711, 53.297635]]}, "properties": {"route": "98", "routes": ["98", "B3", "S8"], "category": "radial", "colour": "#9467bd", "route_colour": "#c7c7c7", "pdf_colour": "#ed1c24", "stroke": "#c7c7c7", "stroke-width": 2, "source": "pdf-future", "phase": "future"}}, {"type": "Feature", "geometry": {"type": "LineString", "coordinates": [[-6.236909, 53.29357], [-6.232461, 53.292398], [-6.232234, 53.292244], [-6.230813, 53.290728], [-6.231005, 53.290597], [-6.23657, 53.289953], [-6.237548, 53.289669], [-6.23812, 53.28936], [-6.238078, 53.288119], [-6.23769, 53.287577], [-6.237391, 53.286543], [-6.236536, 53.284805], [-6.235592, 53.283449], [-6.235333, 53.283195], [-6.235688, 53.281722], [-6.235869, 53.279859], [-6.237411, 53.279205], [-6.243836, 53.276126], [-6.244625, 53.275865], [-6.24557, 53.275735], [-6.245754, 53.275833], [-6.245848, 53.276461], [-6.245828, 53.276846], [-6.245536, 53.277653], [-6.245952, 53.280279], [-6.246259, 53.28081], [-6.246666, 53.281249], [-6.247223, 53.281628], [-6.247807, 53.281863], [-6.248483, 53.282001], [-6.249376, 53.282063], [-6.252629, 53.281997], [-6.252708, 53.281907], [-6.252944, 53.280221], [-6.253246, 53.279482], [-6.253683, 53.278952], [-6.254228, 53.278514], [-6.254781, 53.27817], [-6.255135, 53.278112], [-6.255441, 53.278193], [-6.256615, 53.27891], [-6.257663, 53.27944], [-6.260109, 53.280361], [-6.267439, 53.282472], [-6.270587, 53.283104], [-6.27092, 53.283638], [-6.271226, 53.284514], [-6.271484, 53.284919], [-6.272004, 53.285278], [-6.273256, 53.285735], [-6.273708, 53.286021], [-6.274655, 53.287369], [-6.275641, 53.288585], [-6.275693, 53.288949], [-6.275529, 53.290687], [-6.275453, 53.294352], [-6.275311, 53.294587], [-6.274649, 53.295011], [-6.27453, 53.295254], [-6.274708, 53.295532], [-6.275285, 53.295791]]}, "properties": {"route": "74", "routes": ["74", "80", "A2", "A4", "L35", "S6", "S8"], "category": "radial", "colour": "#9467bd", "route_colour": "#ff9896", "pdf_colour": "#ed1c24", "stroke": "#ff9896", "stroke-width": 2, "source": "pdf-future", "phase": "future"}}, {"type": "Feature", "geometry": {"type": "LineString", "coordinates": [[-6.160857, 53.297585], [-6.161358, 53.298087], [-6.161964, 53.298479], [-6.16442, 53.299588], [-6.165555, 53.299927], [-6.167318, 53.300146], [-6.168149, 53.300329], [-6.171148, 53.301466], [-6.17168, 53.301748], [-6.173107, 53.302741], [-6.174684, 53.303293], [-6.177161, 53.304624], [-6.179562, 53.305543], [-6.18286, 53.307365], [-6.183977, 53.307741], [-6.186459, 53.308284], [-6.187355, 53.30863], [-6.19244, 53.311053], [-6.193604, 53.311698], [-6.194699, 53.312671], [-6.196951, 53.315133], [-6.197604, 53.315662], [-6.198667, 53.316299], [-6.200855, 53.317188], [-6.205691, 53.318512], [-6.206544, 53.318845], [-6.207542, 53.319369]]}, "properties": {"route": "98", "routes": ["98", "B3"], "category": "radial", "colour": "#9467bd", "route_colour": "#c7c7c7", "pdf_colour": "#ed1c24", "stroke": "#c7c7c7", "stroke-width": 2, "source": "pdf-future", "phase": "future"}}, {"type": "Feature", "geometry": {"type": "LineString", "coordinates": [[-6.237782, 53.419511], [-6.237255, 53.420311], [-6.237039, 53.420829], [-6.236858, 53.422513], [-6.237165, 53.424153], [-6.238085, 53.427537], [-6.238132, 53.428422], [-6.237887, 53.429299], [-6.23638, 53.431747], [-6.236181, 53.43243], [-6.236134, 53.433102], [-6.236246, 53.434121], [-6.236986, 53.43791], [-6.237233, 53.438738], [-6.237769, 53.439922], [-6.237943, 53.440508], [-6.23802, 53.442163], [-6.237948, 53.443192], [-6.237652, 53.4441], [-6.23718, 53.444813], [-6.236614, 53.445344], [-6.2356, 53.446015], [-6.235566, 53.446217], [-6.235803, 53.446914], [-6.235702, 53.44741], [-6.233732, 53.450465], [-6.232987, 53.451177], [-6.232537, 53.451797], [-6.23183, 53.453214], [-6.231245, 53.454564], [-6.231184, 53.454906], [-6.231356, 53.454975], [-6.232898, 53.454962], [-6.23373, 53.45507], [-6.236009, 53.4559], [-6.241729, 53.457377], [-6.243252, 53.457862], [-6.244676, 53.458567], [-6.247119, 53.46024], [-6.249314, 53.461249], [-6.250885, 53.462366], [-6.251101, 53.462426], [-6.251308, 53.46237], [-6.251802, 53.461941], [-6.252013, 53.461394], [-6.251969, 53.460963], [-6.251463, 53.459289], [-6.251436, 53.458802], [-6.251522, 53.458413], [-6.251893, 53.457764], [-6.253721, 53.455361], [-6.254335, 53.455237], [-6.257404, 53.455624], [-6.258956, 53.455715], [-6.259914, 53.455652], [-6.262172, 53.455273], [-6.263355, 53.455212]]}, "properties": {"route": "197", "routes": ["197", "22", "A4", "L82", "L85", "X79", "X84"], "category": "radial", "colour": "#9467bd", "route_colour": "#ff9896", "pdf_colour": "#ed1c24", "stroke": "#ff9896", "stroke-width": 2, "source": "pdf-future", "phase": "future"}}, {"type": "Feature", "geometry": {"type": "LineString", "coordinates": [[-6.159802, 53.447191], [-6.158245, 53.4471], [-6.156334, 53.447389], [-6.154727, 53.447352], [-6.151718, 53.446854], [-6.14935, 53.44625], [-6.147331, 53.445542], [-6.144828, 53.444868], [-6.143518, 53.444421], [-6.142777, 53.444001], [-6.141843, 53.442993], [-6.141188, 53.442615], [-6.140551, 53.442469], [-6.139278, 53.442402], [-6.138632, 53.442275], [-6.136643, 53.441705], [-6.132221, 53.440142], [-6.131431, 53.439668], [-6.129855, 53.438082], [-6.129405, 53.43605], [-6.129294, 53.434999], [-6.128984, 53.43443], [-6.128387, 53.433781], [-6.128299, 53.433506], [-6.128384, 53.433283], [-6.128852, 53.432728], [-6.12937, 53.431543], [-6.13013, 53.430494], [-6.130726, 53.43038], [-6.133028, 53.430528], [-6.135872, 53.430832], [-6.136454, 53.431031], [-6.136687, 53.431234], [-6.136872, 53.431541], [-6.137176, 53.431638], [-6.142528, 53.431209], [-6.142729, 53.431116], [-6.142517, 53.430294], [-6.142497, 53.42974], [-6.142393, 53.429524], [-6.141203, 53.428593], [-6.139515, 53.427561], [-6.139223, 53.427266], [-6.138969, 53.426795], [-6.138886, 53.426304], [-6.138915, 53.425805], [-6.139678, 53.420522], [-6.139679, 53.420223], [-6.139548, 53.41982], [-6.140068, 53.419366], [-6.141845, 53.418348], [-6.144041, 53.4169], [-6.147071, 53.415102], [-6.147241, 53.41487], [-6.147073, 53.414692], [-6.146684, 53.414518], [-6.144923, 53.414087], [-6.144223, 53.413766], [-6.143266, 53.413086], [-6.141922, 53.411854], [-6.141231, 53.411008], [-6.140745, 53.410183], [-6.140581, 53.409665], [-6.140416, 53.408431], [-6.140122, 53.407698], [-6.138293, 53.404876], [-6.134164, 53.401112], [-6.133129, 53.399905], [-6.132358, 53.399326], [-6.131524, 53.398561], [-6.129879, 53.397421], [-6.128894, 53.396393], [-6.128252, 53.395373], [-6.126172, 53.391416], [-6.125503, 53.389854], [-6.124492, 53.388257], [-6.124472, 53.387854], [-6.124691, 53.38718], [-6.125047, 53.386851], [-6.125431, 53.386633], [-6.125687, 53.386594]]}, "properties": {"route": "20", "routes": ["20", "H2", "L81", "X77", "X78"], "category": "radial", "colour": "#9467bd", "route_colour": "#98df8a", "pdf_colour": "#ed1c24", "stroke": "#98df8a", "stroke-width": 2, "source": "pdf-future", "phase": "future"}}, {"type": "Feature", "geometry": {"type": "LineString", "coordinates": [[-6.398844, 53.39156], [-6.400905, 53.390271], [-6.405413, 53.39046], [-6.405889, 53.390399], [-6.406303, 53.390197], [-6.406705, 53.389633], [-6.407133, 53.388714], [-6.408713, 53.384025], [-6.408947, 53.383579], [-6.409374, 53.383452], [-6.411329, 53.383699], [-6.436925, 53.388125], [-6.438872, 53.388413], [-6.444609, 53.389045], [-6.446908, 53.389526], [-6.449454, 53.390171], [-6.451878, 53.390614], [-6.453786, 53.391134], [-6.453876, 53.391341], [-6.453549, 53.392112], [-6.452528, 53.393091], [-6.451903, 53.393895], [-6.451411, 53.396228], [-6.449238, 53.397107], [-6.448259, 53.397608], [-6.447567, 53.398136], [-6.446686, 53.399151]]}, "properties": {"route": "37", "routes": ["37", "B1", "L52", "L61", "X61", "X62"], "category": "radial", "colour": "#9467bd", "route_colour": "#8c564b", "pdf_colour": "#ed1c24", "stroke": "#8c564b", "stroke-width": 2, "source": "pdf-future", "phase": "future"}}, {"type": "Feature", "geometry": {"type": "LineString", "coordinates": [[-6.372392, 53.420512], [-6.373075, 53.420674], [-6.373579, 53.420653], [-6.373863, 53.420518], [-6.37398, 53.420242], [-6.374225, 53.42003], [-6.375929, 53.419441], [-6.379938, 53.418403], [-6.380852, 53.418503], [-6.381497, 53.41828], [-6.382839, 53.418408], [-6.386548, 53.41899], [-6.388133, 53.419306], [-6.389065, 53.419663], [-6.389648, 53.419649], [-6.389944, 53.419552], [-6.390128, 53.419381], [-6.390124, 53.419188], [-6.389889, 53.418847], [-6.389872, 53.418658], [-6.390639, 53.417391], [-6.391429, 53.416532], [-6.392121, 53.415929], [-6.392336, 53.415853], [-6.394413, 53.416016], [-6.394798, 53.416214], [-6.395129, 53.416535], [-6.39523, 53.41719], [-6.395487, 53.417401], [-6.397179, 53.417861], [-6.398488, 53.417879], [-6.401048, 53.418826], [-6.401716, 53.418718], [-6.402752, 53.418007], [-6.404078, 53.417349], [-6.404239, 53.417067], [-6.404202, 53.416851], [-6.404011, 53.416657], [-6.403572, 53.416488], [-6.402956, 53.416427], [-6.400399, 53.416458], [-6.399803, 53.416351], [-6.399637, 53.41624], [-6.399271, 53.415665], [-6.399018, 53.415447], [-6.398565, 53.415236], [-6.396758, 53.414683], [-6.396409, 53.414387], [-6.39606, 53.413717], [-6.395839, 53.413487], [-6.394439, 53.412912], [-6.394281, 53.412753], [-6.3952, 53.411783], [-6.396624, 53.410772], [-6.397657, 53.40969], [-6.399076, 53.408007], [-6.399584, 53.406948], [-6.401343, 53.405036], [-6.402684, 53.403305], [-6.402952, 53.402803], [-6.402823, 53.402604], [-6.402368, 53.402324], [-6.398113, 53.400284], [-6.397631, 53.39992], [-6.397112, 53.399343], [-6.396733, 53.399079], [-6.395789, 53.398615], [-6.394655, 53.398281], [-6.393914, 53.397964], [-6.392689, 53.397215], [-6.392649, 53.39712], [-6.392779, 53.397031], [-6.396091, 53.396284], [-6.39802, 53.395661], [-6.399375, 53.394926], [-6.400491, 53.394201], [-6.403023, 53.392822], [-6.405011, 53.391492], [-6.401963, 53.391323], [-6.401694, 53.391412], [-6.40055, 53.392261]]}, "properties": {"route": "B3", "routes": ["B3", "L62", "N8"], "category": "spine", "colour": "#d62728", "route_colour": "#3cb44b", "pdf_colour": "#ed1c24", "stroke": "#3cb44b", "stroke-width": 2, "source": "pdf-future", "phase": "future"}}, {"type": "Feature", "geometry": {"type": "LineString", "coordinates": [[-6.206885, 53.324384], [-6.207371, 53.324339], [-6.208052, 53.325268], [-6.209657, 53.326349], [-6.209996, 53.326727], [-6.210174, 53.327231], [-6.210197, 53.327769], [-6.210099, 53.328115], [-6.209784, 53.328464], [-6.209771, 53.328588], [-6.210033, 53.328914], [-6.211028, 53.329551], [-6.211474, 53.330146], [-6.211774, 53.331108], [-6.211774, 53.33159], [-6.211626, 53.332068], [-6.211717, 53.332291], [-6.213068, 53.333204], [-6.216247, 53.335107], [-6.217139, 53.335453], [-6.218714, 53.335739], [-6.218839, 53.335913], [-6.219404, 53.337532], [-6.220101, 53.338302], [-6.220334, 53.33889], [-6.220628, 53.339351], [-6.220858, 53.339533], [-6.222658, 53.340416], [-6.2238, 53.341179], [-6.224148, 53.3413], [-6.228748, 53.340891], [-6.231618, 53.341204]]}, "properties": {"route": "52", "routes": ["52", "82", "C1", "C2", "C3", "C4", "L13", "S2"], "category": "radial", "colour": "#9467bd", "route_colour": "#c5b0d5", "pdf_colour": "#ed1c24", "stroke": "#c5b0d5", "stroke-width": 2, "source": "pdf-future", "phase": "future"}}, {"type": "Feature", "geometry": {"type": "LineString", "coordinates": [[-6.371802, 53.299738], [-6.373608, 53.298518], [-6.374952, 53.29795], [-6.386105, 53.295332], [-6.407971, 53.290703], [-6.413982, 53.289263], [-6.41523, 53.28879], [-6.415816, 53.288445], [-6.416369, 53.287947], [-6.417356, 53.286848], [-6.417797, 53.286498], [-6.419221, 53.285673], [-6.420258, 53.28533], [-6.423105, 53.285083], [-6.424321, 53.28512], [-6.425742, 53.284959], [-6.427972, 53.284942], [-6.428739, 53.285036], [-6.429548, 53.285447], [-6.431024, 53.285456], [-6.434309, 53.285723]]}, "properties": {"route": null, "routes": [], "category": null, "colour": null, "route_colour": null, "pdf_colour": "#ef3b2c", "stroke": "#ef3b2c", "stroke-width": 2, "source": "pdf-future", "phase": "future"}}, {"type": "Feature", "geometry": {"type": "LineString", "coordinates": [[-6.018471, 53.353378], [-6.016872, 53.353942], [-6.013644, 53.355416], [-6.013245, 53.355951], [-6.013183, 53.356539], [-6.013342, 53.35708], [-6.013792, 53.357587], [-6.014423, 53.358057], [-6.015503, 53.35851], [-6.016151, 53.358677], [-6.019449, 53.35904], [-6.022739, 53.359288], [-6.024396, 53.359637], [-6.028489, 53.360681], [-6.02933, 53.360823], [-6.030763, 53.360934], [-6.034061, 53.360994], [-6.035735, 53.361286], [-6.039107, 53.362154], [-6.040586, 53.362727], [-6.043934, 53.364346], [-6.045342, 53.364758], [-6.047998, 53.364889], [-6.057063, 53.366602], [-6.063111, 53.367306], [-6.064659, 53.367373], [-6.073201, 53.367379], [-6.076722, 53.367211], [-6.078195, 53.367316], [-6.079014, 53.367436], [-6.080567, 53.367823], [-6.085443, 53.369774], [-6.087898, 53.37059], [-6.091832, 53.371467], [-6.093258, 53.371615], [-6.095393, 53.371557], [-6.102075, 53.370865], [-6.104698, 53.37045], [-6.112107, 53.368675], [-6.113094, 53.368555], [-6.114492, 53.368577], [-6.116247, 53.368801], [-6.133354, 53.371823], [-6.133682, 53.371816], [-6.139911, 53.372995], [-6.141246, 53.373032], [-6.143189, 53.37273], [-6.144148, 53.372484], [-6.145291, 53.371964], [-6.146138, 53.371445], [-6.147359, 53.370562], [-6.15301, 53.365487], [-6.153438, 53.365206], [-6.154662, 53.364757], [-6.156, 53.364515], [-6.157686, 53.364474], [-6.158898, 53.364614], [-6.162173, 53.365434], [-6.164439, 53.36583], [-6.173377, 53.366534], [-6.181532, 53.367323], [-6.183023, 53.367175], [-6.184157, 53.366814], [-6.184999, 53.366207], [-6.185875, 53.364907], [-6.186689, 53.364075], [-6.187846, 53.36351], [-6.189029, 53.363282], [-6.189827, 53.363247], [-6.191154, 53.363362], [-6.196468, 53.364172], [-6.19774, 53.364578], [-6.199962, 53.365661], [-6.201812, 53.366244], [-6.203111, 53.366501], [-6.210634, 53.367744], [-6.219996, 53.368806], [-6.23127, 53.370005], [-6.232996, 53.370113], [-6.23413, 53.370103], [-6.235328, 53.369976], [-6.240106, 53.369246], [-6.24191, 53.368898]]}, "properties": {"route": "10", "routes": ["10", "20", "21", "73", "78"], "category": "radial", "colour": "#9467bd", "route_colour": "#ffbb78", "pdf_colour": "#009bdf", "stroke": "#ffbb78", "stroke-width": 2, "source": "pdf-future", "phase": "future"}}, {"type": "Feature", "geometry": {"type": "LineString", "coordinates": [[-6.005032, 53.350851], [-6.017972, 53.351583], [-6.018873, 53.351859], [-6.019993, 53.351989], [-6.020214, 53.35193], [-6.020526, 53.351586], [-6.021151, 53.35157], [-6.02177, 53.351364], [-6.023276, 53.351109], [-6.033095, 53.34991], [-6.034923, 53.350044], [-6.037989, 53.350102], [-6.041672, 53.350517], [-6.04413, 53.350583], [-6.045576, 53.350538], [-6.045709, 53.350428], [-6.045704, 53.350231], [-6.044886, 53.347657], [-6.046297, 53.347325], [-6.046492, 53.347184], [-6.046046, 53.346655], [-6.045516, 53.346656], [-6.045252, 53.346546], [-6.044456, 53.345559], [-6.044345, 53.345362], [-6.044361, 53.345182], [-6.044499, 53.344996], [-6.044722, 53.344876], [-6.045292, 53.344758], [-6.053081, 53.343896], [-6.054748, 53.343605], [-6.06786, 53.342146], [-6.068654, 53.34166], [-6.069393, 53.340636], [-6.070125, 53.339913], [-6.070734, 53.339518], [-6.071911, 53.338961], [-6.073529, 53.338469], [-6.079197, 53.337063], [-6.091266, 53.332808], [-6.093206, 53.332648], [-6.093987, 53.332418], [-6.094228, 53.332199], [-6.09435, 53.331933], [-6.094147, 53.331359], [-6.093971, 53.331111], [-6.093706, 53.330968], [-6.092521, 53.330687], [-6.092029, 53.330488], [-6.090762, 53.329476], [-6.089419, 53.32858], [-6.087793, 53.326883], [-6.086459, 53.325822], [-6.086268, 53.32554], [-6.086249, 53.325314], [-6.086341, 53.325101], [-6.086588, 53.324868], [-6.087896, 53.324263], [-6.089318, 53.323677], [-6.092325, 53.32269], [-6.09393, 53.322058], [-6.095099, 53.321426], [-6.095553, 53.32104], [-6.096195, 53.320659]]}, "properties": {"route": null, "routes": [], "category": null, "colour": null, "route_colour": null, "pdf_colour": "#ef3b2c", "stroke": "#ef3b2c", "stroke-width": 2, "source": "pdf-future", "phase": "future"}}, {"type": "Feature", "geometry": {"type": "LineString", "coordinates": [[-6.096454, 53.320591], [-6.097598, 53.319818], [-6.09845, 53.319458], [-6.105513, 53.3178], [-6.119363, 53.314868], [-6.123171, 53.313956], [-6.124332, 53.313438], [-6.125587, 53.312204], [-6.126489, 53.311682], [-6.127146, 53.311465], [-6.128949, 53.311309], [-6.132032, 53.311219], [-6.132518, 53.311278], [-6.13303, 53.311539], [-6.136046, 53.311713]]}, "properties": {"route": null, "routes": [], "category": null, "colour": null, "route_colour": null, "pdf_colour": "#ef3b2c", "stroke": "#ef3b2c", "stroke-width": 2, "source": "pdf-future", "phase": "future"}}, {"type": "Feature", "geometry": {"type": "LineString", "coordinates": [[-6.052578, 53.366193], [-6.052746, 53.367655], [-6.052672, 53.367794], [-6.051459, 53.367758], [-6.047417, 53.368007], [-6.047001, 53.367962], [-6.04598, 53.367671], [-6.045133, 53.367652], [-6.044971, 53.36774], [-6.045765, 53.368624], [-6.045767, 53.368774], [-6.04555, 53.368921], [-6.045773, 53.369668], [-6.045968, 53.369993], [-6.046521, 53.370524], [-6.04891, 53.371828], [-6.054863, 53.375869], [-6.054787, 53.375972], [-6.054341, 53.376106], [-6.054369, 53.376406], [-6.05424, 53.376517], [-6.052732, 53.376515], [-6.052629, 53.376569], [-6.052627, 53.37671], [-6.052682, 53.377], [-6.052812, 53.377188], [-6.05372, 53.377621], [-6.053939, 53.37784], [-6.055232, 53.379862], [-6.055576, 53.380135], [-6.056483, 53.380635], [-6.056841, 53.381015], [-6.05688, 53.381411], [-6.056487, 53.382138], [-6.056313, 53.382817], [-6.056302, 53.383979], [-6.056518, 53.384573], [-6.056015, 53.38561], [-6.055445, 53.386214], [-6.055436, 53.386308], [-6.056083, 53.387113], [-6.056559, 53.387492], [-6.059687, 53.388689], [-6.060117, 53.38894], [-6.060372, 53.389218], [-6.060706, 53.390131], [-6.060626, 53.391217], [-6.061023, 53.392504], [-6.060936, 53.393982], [-6.061035, 53.395079], [-6.06086, 53.395988], [-6.060149, 53.397539], [-6.059765, 53.398709], [-6.059426, 53.399154], [-6.058996, 53.399549], [-6.057668, 53.40037], [-6.057668, 53.400471], [-6.057887, 53.400671], [-6.057686, 53.401059], [-6.057669, 53.401926], [-6.05667, 53.402459], [-6.056615, 53.402588], [-6.056666, 53.403319], [-6.056595, 53.403532], [-6.055987, 53.404027], [-6.05568, 53.404571], [-6.055137, 53.404862], [-6.054975, 53.40507], [-6.055034, 53.4053], [-6.05528, 53.405637], [-6.057151, 53.40744], [-6.053403, 53.407273], [-6.053457, 53.407787], [-6.05388, 53.408482], [-6.053721, 53.408879], [-6.053789, 53.409239], [-6.053716, 53.410699], [-6.054533, 53.411719], [-6.054645, 53.413227], [-6.055063, 53.414961], [-6.052738, 53.415079], [-6.051635, 53.415278], [-6.051384, 53.415192]]}, "properties": {"route": "H3", "routes": ["H3"], "category": "spine", "colour": "#d62728", "route_colour": "#f032e6", "pdf_colour": "#66ae3e", "stroke": "#f032e6", "stroke-width": 2, "source": "pdf-future", "phase": "future"}}, {"type": "Feature", "geometry": {"type": "LineString", "coordinates": [[-6.149029, 53.35578], [-6.149, 53.356092], [-6.149224, 53.35662], [-6.149122, 53.356808], [-6.148592, 53.356959], [-6.146675, 53.357271], [-6.146797, 53.357728], [-6.147042, 53.358185], [-6.147345, 53.358393], [-6.147839, 53.358495], [-6.149471, 53.358225], [-6.150559, 53.358292], [-6.151494, 53.358463], [-6.152604, 53.358923], [-6.153164, 53.359337], [-6.153099, 53.360201], [-6.153233, 53.360756], [-6.15414, 53.361858], [-6.154121, 53.362381], [-6.15425, 53.363227], [-6.154179, 53.363732], [-6.154385, 53.364339], [-6.153185, 53.365105], [-6.15243, 53.365686], [-6.152198, 53.365737], [-6.150221, 53.365552], [-6.146919, 53.365765], [-6.145671, 53.365933], [-6.144814, 53.36641], [-6.143238, 53.366498], [-6.143197, 53.366585], [-6.143845, 53.36784], [-6.143915, 53.368696], [-6.143851, 53.369387], [-6.143598, 53.370403], [-6.143291, 53.371183], [-6.143088, 53.37132], [-6.142113, 53.371254], [-6.141262, 53.371035], [-6.140216, 53.370944], [-6.138858, 53.370506], [-6.138117, 53.370166], [-6.137707, 53.370082], [-6.136884, 53.37001], [-6.135193, 53.370099], [-6.13297, 53.369802], [-6.132773, 53.369852], [-6.132712, 53.369954], [-6.133338, 53.37199], [-6.133246, 53.372075], [-6.132702, 53.372206], [-6.127353, 53.372037], [-6.125056, 53.371858], [-6.124542, 53.371929], [-6.120589, 53.371743], [-6.120491, 53.371826], [-6.120094, 53.373208], [-6.119368, 53.373901], [-6.118378, 53.376861], [-6.117983, 53.377586], [-6.117778, 53.377664], [-6.114467, 53.377552], [-6.113078, 53.378433], [-6.113101, 53.378729]]}, "properties": {"route": null, "routes": [], "category": null, "colour": null, "route_colour": null, "pdf_colour": "#66ae3e", "stroke": "#66ae3e", "stroke-width": 2, "source": "pdf-future", "phase": "future"}}, {"type": "Feature", "geometry": {"type": "LineString", "coordinates": [[-6.111945, 53.355062], [-6.113998, 53.353925], [-6.119356, 53.354049], [-6.120788, 53.354015], [-6.122529, 53.354294], [-6.124389, 53.354016], [-6.125477, 53.354007], [-6.126313, 53.35408], [-6.128023, 53.354401], [-6.129663, 53.354559], [-6.132826, 53.354367], [-6.133384, 53.354211], [-6.133785, 53.353978], [-6.134019, 53.353714], [-6.134254, 53.35305], [-6.134378, 53.352965], [-6.136893, 53.353183], [-6.139605, 53.352452], [-6.140735, 53.352426], [-6.142017, 53.351881], [-6.142113, 53.351745], [-6.141525, 53.351539], [-6.141497, 53.351456], [-6.143895, 53.35014], [-6.144819, 53.348898], [-6.145103, 53.34864], [-6.148643, 53.348592], [-6.149179, 53.348615], [-6.149351, 53.348751], [-6.149072, 53.350676], [-6.148875, 53.351185], [-6.148486, 53.351846], [-6.148676, 53.352466], [-6.148998, 53.353107], [-6.148716, 53.353823], [-6.148841, 53.354362], [-6.148782, 53.354873], [-6.148901, 53.355229]]}, "properties": {"route": null, "routes": [], "category": null, "colour": null, "route_colour": null, "pdf_colour": "#66ae3e", "stroke": "#66ae3e", "stroke-width": 2, "source": "pdf-future", "phase": "future"}}, {"type": "Feature", "geometry": {"type": "LineString", "coordinates": [[-6.11473, 53.378718], [-6.115172, 53.378414], [-6.115392, 53.378351], [-6.118086, 53.378497], [-6.118143, 53.378681], [-6.118842, 53.379069], [-6.119142, 53.379442], [-6.11921, 53.379944], [-6.118933, 53.380672], [-6.118894, 53.381032], [-6.11902, 53.381369], [-6.119296, 53.381669], [-6.12006, 53.382055], [-6.123036, 53.382807], [-6.12471, 53.383412], [-6.125788, 53.383604], [-6.12713, 53.383553], [-6.128445, 53.384345], [-6.130479, 53.384762], [-6.13304, 53.384757], [-6.134655, 53.384547], [-6.135566, 53.384522], [-6.136848, 53.38469], [-6.137919, 53.384986], [-6.138989, 53.385558], [-6.139726, 53.386323], [-6.139704, 53.386439], [-6.138992, 53.386922], [-6.138653, 53.387436], [-6.139754, 53.387844], [-6.144762, 53.388706], [-6.148666, 53.388882], [-6.150288, 53.389651], [-6.151158, 53.389931], [-6.152357, 53.390825], [-6.153477, 53.391467], [-6.15548, 53.391599], [-6.159127, 53.392111], [-6.161626, 53.39218], [-6.163558, 53.392346], [-6.167788, 53.393479], [-6.168623, 53.393817], [-6.170541, 53.394392], [-6.171044, 53.394635], [-6.172671, 53.395765], [-6.173394, 53.396104], [-6.176904, 53.397058], [-6.178287, 53.397349]]}, "properties": {"route": "D2", "routes": ["D2", "H2", "H3", "X78"], "category": "spine", "colour": "#d62728", "route_colour": "#f58231", "pdf_colour": "#66ae3e", "stroke": "#f58231", "stroke-width": 2, "source": "pdf-future", "phase": "future"}}, {"type": "Feature", "geometry": {"type": "LineString", "coordinates": [[-6.114566, 53.379017], [-6.115211, 53.378554], [-6.11546, 53.378461], [-6.117593, 53.378573], [-6.117791, 53.378659], [-6.116955, 53.379318], [-6.114797, 53.38053], [-6.113716, 53.381255], [-6.114293, 53.381911], [-6.115274, 53.382579], [-6.116127, 53.38305], [-6.117961, 53.383879], [-6.117627, 53.384607], [-6.116466, 53.385696], [-6.116467, 53.385836], [-6.116596, 53.385938], [-6.118402, 53.386511], [-6.120593, 53.38702], [-6.126374, 53.387872], [-6.128649, 53.388433], [-6.133508, 53.389122], [-6.136603, 53.389805], [-6.136643, 53.389994], [-6.135881, 53.390569], [-6.134338, 53.392174], [-6.134023, 53.392364], [-6.133155, 53.39265], [-6.132789, 53.393038], [-6.132726, 53.393435], [-6.132845, 53.394817], [-6.13301, 53.39488], [-6.134033, 53.394895], [-6.134487, 53.394895], [-6.134573, 53.394828]]}, "properties": {"route": "H3", "routes": ["H3"], "category": "spine", "colour": "#d62728", "route_colour": "#f032e6", "pdf_colour": "#66ae3e", "stroke": "#f032e6", "stroke-width": 2, "source": "pdf-future", "phase": "future"}}, {"type": "Feature", "geometry": {"type": "LineString", "coordinates": [[-6.052983, 53.365567], [-6.053063, 53.366741], [-6.053149, 53.367401], [-6.053217, 53.36747], [-6.055686, 53.367511], [-6.058048, 53.368009], [-6.058919, 53.368119], [-6.059267, 53.368363], [-6.060298, 53.368853], [-6.062088, 53.369309], [-6.062653, 53.36955], [-6.063102, 53.369903], [-6.064049, 53.370942], [-6.064928, 53.371635], [-6.064925, 53.371775], [-6.063762, 53.372605], [-6.062247, 53.372344], [-6.061783, 53.372371], [-6.062222, 53.373108], [-6.062335, 53.375567], [-6.062393, 53.375654], [-6.066941, 53.376633], [-6.067098, 53.376787], [-6.06699, 53.377062], [-6.067053, 53.37716], [-6.069329, 53.378078], [-6.070212, 53.378728], [-6.073096, 53.379485], [-6.075446, 53.380691], [-6.075654, 53.38085], [-6.075942, 53.381299], [-6.075915, 53.381612], [-6.076909, 53.382422], [-6.081382, 53.385079], [-6.082117, 53.385418], [-6.083207, 53.385785], [-6.084149, 53.387048], [-6.085171, 53.387939], [-6.085247, 53.388168], [-6.085221, 53.388473], [-6.084836, 53.389337], [-6.084964, 53.389693], [-6.08519, 53.389938], [-6.086279, 53.390125], [-6.090708, 53.391145], [-6.092434, 53.391364], [-6.093325, 53.391689], [-6.094458, 53.391712], [-6.095189, 53.391997], [-6.096058, 53.392555], [-6.0962, 53.39274], [-6.096266, 53.394408], [-6.096386, 53.395298], [-6.09699, 53.396571], [-6.096726, 53.396935], [-6.096792, 53.397196], [-6.097096, 53.397344], [-6.097869, 53.397337], [-6.098421, 53.397437], [-6.10239, 53.398871], [-6.102644, 53.398852], [-6.103204, 53.398298], [-6.104118, 53.398192], [-6.104765, 53.397858], [-6.106648, 53.397908], [-6.106931, 53.397837], [-6.107539, 53.396866], [-6.107636, 53.39651], [-6.107579, 53.396243], [-6.107649, 53.395956], [-6.108051, 53.395233], [-6.108569, 53.394603], [-6.109291, 53.394027], [-6.110877, 53.394124], [-6.111185, 53.394277], [-6.111447, 53.394526], [-6.111512, 53.394936], [-6.111587, 53.395012], [-6.112573, 53.395281], [-6.113443, 53.3953], [-6.115011, 53.39589], [-6.115265, 53.395837], [-6.115838, 53.395433], [-6.116572, 53.395096], [-6.116743, 53.394947], [-6.116713, 53.394752], [-6.116414, 53.394646], [-6.114564, 53.394652], [-6.114053, 53.394554], [-6.113877, 53.394436], [-6.113523, 53.393965], [-6.112105, 53.393488], [-6.111849, 53.393285], [-6.111497, 53.392715], [-6.11053, 53.392297], [-6.110459, 53.392175], [-6.110495, 53.39205], [-6.111111, 53.391445], [-6.111993, 53.390818], [-6.112045, 53.390719], [-6.111945, 53.390623], [-6.110979, 53.390359], [-6.108348, 53.389922], [-6.106202, 53.38943], [-6.102166, 53.388335], [-6.100512, 53.387726], [-6.100404, 53.387622], [-6.100452, 53.387526], [-6.101321, 53.387037], [-6.101698, 53.386684], [-6.102082, 53.386093], [-6.102779, 53.384552], [-6.103233, 53.384111], [-6.103917, 53.383701], [-6.105108, 53.383224], [-6.109115, 53.382349], [-6.109483, 53.382138], [-6.111556, 53.381692], [-6.112715, 53.381334], [-6.115975, 53.3795], [-6.116969, 53.378854], [-6.115643, 53.378739], [-6.1149, 53.379267], [-6.114363, 53.379272]]}, "properties": {"route": null, "routes": [], "category": null, "colour": null, "route_colour": null, "pdf_colour": "#66ae3e", "stroke": "#66ae3e", "stroke-width": 2, "source": "pdf-future", "phase": "future"}}, {"type": "Feature", "geometry": {"type": "LineString", "coordinates": [[-6.196336, 53.335418], [-6.195881, 53.335469], [-6.195308, 53.335122], [-6.195096, 53.335086], [-6.194219, 53.33565], [-6.194323, 53.335765], [-6.194535, 53.335797], [-6.196546, 53.335389], [-6.196804, 53.335448], [-6.197208, 53.335728], [-6.197582, 53.336061], [-6.197929, 53.336518], [-6.199692, 53.339686], [-6.199893, 53.3402], [-6.200082, 53.341441], [-6.20034, 53.341839], [-6.201014, 53.342258], [-6.206092, 53.344363], [-6.206371, 53.344365], [-6.208327, 53.34336], [-6.209845, 53.342429], [-6.210436, 53.342231], [-6.211149, 53.342139], [-6.212758, 53.342349], [-6.218468, 53.343609], [-6.218466, 53.343737], [-6.21486, 53.347293], [-6.214122, 53.347701], [-6.212921, 53.34802], [-6.213942, 53.350411], [-6.21399, 53.350818], [-6.213843, 53.351196], [-6.213503, 53.351475], [-6.212946, 53.351732], [-6.211328, 53.352086], [-6.21105, 53.352223], [-6.211851, 53.35298], [-6.212142, 53.353374], [-6.212268, 53.353757], [-6.212269, 53.354726], [-6.212355, 53.35511], [-6.212651, 53.355572], [-6.213365, 53.35618], [-6.213378, 53.356279], [-6.21133, 53.357493], [-6.210681, 53.357732], [-6.21008, 53.357844], [-6.208615, 53.357816], [-6.205139, 53.357192], [-6.204369, 53.35718], [-6.203195, 53.35731], [-6.203103, 53.357382], [-6.202668, 53.358674], [-6.202417, 53.359033], [-6.201994, 53.359391], [-6.20086, 53.36008], [-6.199849, 53.361041], [-6.198614, 53.360989], [-6.195773, 53.361187], [-6.195172, 53.361113], [-6.19355, 53.360633], [-6.192864, 53.360656], [-6.191732, 53.36094], [-6.191152, 53.361001], [-6.190575, 53.360943], [-6.189512, 53.360658], [-6.18899, 53.360626], [-6.187559, 53.360974], [-6.18615, 53.361005], [-6.182659, 53.361798], [-6.182255, 53.361972], [-6.181867, 53.362432], [-6.181722, 53.362496], [-6.180374, 53.362196], [-6.179526, 53.362127]]}, "properties": {"route": "81", "routes": ["81", "L13", "S2"], "category": "radial", "colour": "#9467bd", "route_colour": "#7f7f7f", "pdf_colour": "#66ae3e", "stroke": "#7f7f7f", "stroke-width": 2, "source": "pdf-future", "phase": "future"}}, {"type": "Feature", "geometry": {"type": "LineString", "coordinates": [[-6.200678, 53.342095], [-6.200784, 53.342247], [-6.200356, 53.342501], [-6.200174, 53.342797], [-6.200311, 53.343487], [-6.200266, 53.344404], [-6.200822, 53.345282], [-6.200766, 53.345386], [-6.185795, 53.348464], [-6.185764, 53.348561], [-6.186196, 53.349564], [-6.186572, 53.350002], [-6.18732, 53.350481], [-6.188855, 53.351071], [-6.188962, 53.351232], [-6.188065, 53.352039], [-6.187508, 53.353714], [-6.185919, 53.355023], [-6.185594, 53.355541], [-6.185088, 53.356771], [-6.184184, 53.357555], [-6.183616, 53.3585], [-6.183206, 53.358786], [-6.181568, 53.359514], [-6.178982, 53.360901], [-6.179055, 53.361103], [-6.179835, 53.361708], [-6.179755, 53.361926], [-6.179525, 53.362128]]}, "properties": {"route": "10", "routes": ["10", "97"], "category": "radial", "colour": "#9467bd", "route_colour": "#ffbb78", "pdf_colour": "#66ae3e", "stroke": "#ffbb78", "stroke-width": 2, "source": "pdf-future", "phase": "future"}}, {"type": "Feature", "geometry": {"type": "LineString", "coordinates": [[-6.174598, 53.360737], [-6.174319, 53.360607], [-6.173433, 53.360646], [-6.172928, 53.360555], [-6.17276, 53.360399], [-6.172799, 53.359538], [-6.171468, 53.359121], [-6.160236, 53.356566], [-6.156792, 53.355272], [-6.155879, 53.355249], [-6.154414, 53.35503], [-6.152898, 53.355124], [-6.151091, 53.355497], [-6.149282, 53.355749], [-6.146498, 53.355847], [-6.14576, 53.355964], [-6.145193, 53.356149], [-6.144612, 53.35645], [-6.142888, 53.357594], [-6.14227, 53.357826], [-6.141423, 53.358], [-6.140401, 53.358023], [-6.137317, 53.357763], [-6.134555, 53.357782], [-6.13364, 53.357672], [-6.133435, 53.357541], [-6.133123, 53.356947], [-6.130994, 53.355432], [-6.130616, 53.355071], [-6.13019, 53.354507], [-6.13012, 53.354021], [-6.130203, 53.353467], [-6.13039, 53.352927], [-6.133812, 53.345919], [-6.133792, 53.345835], [-6.130403, 53.345258], [-6.126895, 53.345073], [-6.126034, 53.345243], [-6.12533, 53.345548], [-6.124735, 53.346692], [-6.123078, 53.346356], [-6.121158, 53.346187], [-6.121016, 53.346066], [-6.120758, 53.344364], [-6.119852, 53.342585], [-6.119349, 53.341273], [-6.118668, 53.338539], [-6.118297, 53.337689], [-6.117511, 53.336287], [-6.117336, 53.33625], [-6.116857, 53.336344], [-6.113882, 53.337691], [-6.112163, 53.338183], [-6.111781, 53.337901], [-6.111526, 53.337363], [-6.111493, 53.336972], [-6.111634, 53.335841], [-6.1115, 53.335413], [-6.111332, 53.335304], [-6.110597, 53.335335], [-6.110161, 53.335239], [-6.109918, 53.335074], [-6.109609, 53.334595], [-6.109379, 53.334534], [-6.109135, 53.334614], [-6.108821, 53.334921], [-6.108716, 53.335135], [-6.10873, 53.335666], [-6.108375, 53.335943], [-6.107917, 53.336154], [-6.106225, 53.336682], [-6.103874, 53.337673], [-6.103281, 53.337108], [-6.102559, 53.33661], [-6.099008, 53.334539], [-6.099015, 53.334451], [-6.09966, 53.3339], [-6.100108, 53.333173], [-6.100074, 53.333031], [-6.099301, 53.332653], [-6.096755, 53.332158], [-6.096115, 53.331453], [-6.095313, 53.331542], [-6.094459, 53.331435]]}, "properties": {"route": null, "routes": [], "category": null, "colour": null, "route_colour": null, "pdf_colour": "#66ae3e", "stroke": "#66ae3e", "stroke-width": 2, "source": "pdf-future", "phase": "future"}}, {"type": "Feature", "geometry": {"type": "LineString", "coordinates": [[-6.158573, 53.343457], [-6.158553, 53.343837], [-6.158286, 53.343982], [-6.157328, 53.343997], [-6.155892, 53.344225], [-6.153921, 53.344339], [-6.153465, 53.344266], [-6.152826, 53.344492], [-6.151801, 53.344591], [-6.149752, 53.344628], [-6.149565, 53.345478], [-6.149207, 53.348037], [-6.148952, 53.348169], [-6.145418, 53.348207], [-6.145648, 53.347896], [-6.146024, 53.347603], [-6.146168, 53.347286], [-6.146101, 53.346949], [-6.145602, 53.346584], [-6.144838, 53.346151], [-6.143246, 53.345563], [-6.140473, 53.345003], [-6.138462, 53.345031], [-6.136032, 53.34561], [-6.134696, 53.345519], [-6.132157, 53.345174], [-6.131049, 53.3452], [-6.126597, 53.344982], [-6.125766, 53.345189], [-6.125217, 53.345443], [-6.124992, 53.345691], [-6.12467, 53.346456], [-6.124538, 53.34654], [-6.122976, 53.346232], [-6.121205, 53.346132], [-6.12105, 53.346283], [-6.120673, 53.347954], [-6.11944, 53.352411], [-6.119274, 53.3541], [-6.119087, 53.354161], [-6.1141, 53.35406], [-6.1124, 53.354981]]}, "properties": {"route": null, "routes": [], "category": null, "colour": null, "route_colour": null, "pdf_colour": "#66ae3e", "stroke": "#66ae3e", "stroke-width": 2, "source": "pdf-future", "phase": "future"}}, {"type": "Feature", "geometry": {"type": "LineString", "coordinates": [[-6.157353, 53.268764], [-6.155952, 53.269186], [-6.15515, 53.269744], [-6.15348, 53.271388], [-6.152347, 53.272297], [-6.1516, 53.273512], [-6.151061, 53.27421], [-6.147921, 53.277444], [-6.146208, 53.278757], [-6.145157, 53.279248], [-6.144289, 53.280255], [-6.143471, 53.282138], [-6.144381, 53.283301], [-6.144569, 53.283681], [-6.144555, 53.284374], [-6.144708, 53.284927], [-6.144721, 53.285767], [-6.145207, 53.286751], [-6.145393, 53.287959], [-6.145436, 53.288697], [-6.145177, 53.289315], [-6.143418, 53.291589], [-6.142638, 53.292008], [-6.142428, 53.292694], [-6.142078, 53.292945], [-6.141682, 53.293443], [-6.141044, 53.293726], [-6.140867, 53.29424], [-6.140825, 53.295158], [-6.140201, 53.295803], [-6.139778, 53.297027], [-6.139084, 53.297829], [-6.138449, 53.298184], [-6.138096, 53.298507], [-6.137896, 53.298727], [-6.137548, 53.299412], [-6.136834, 53.299883], [-6.135963, 53.300675], [-6.134557, 53.30153], [-6.130937, 53.304474], [-6.130312, 53.304757], [-6.127623, 53.305072], [-6.126677, 53.305253], [-6.126064, 53.305433], [-6.125179, 53.305919], [-6.124652, 53.30607], [-6.121889, 53.305902], [-6.119375, 53.305604], [-6.114736, 53.305259], [-6.113556, 53.305257], [-6.112688, 53.305378], [-6.111978, 53.305621], [-6.111006, 53.306097], [-6.110656, 53.306343], [-6.110324, 53.30674], [-6.109836, 53.306987], [-6.104541, 53.30885], [-6.101741, 53.310545], [-6.100223, 53.310993], [-6.098317, 53.311252], [-6.098131, 53.311371], [-6.098086, 53.311539], [-6.096981, 53.311977], [-6.096427, 53.312133], [-6.095651, 53.312217], [-6.09559, 53.312286], [-6.095636, 53.312475]]}, "properties": {"route": "B3", "routes": ["B3", "B4", "E1", "E2", "L21", "L22", "L27", "S8"], "category": "spine", "colour": "#d62728", "route_colour": "#3cb44b", "pdf_colour": "#66ae3e", "stroke": "#3cb44b", "stroke-width": 2, "source": "pdf-future", "phase": "future"}}, {"type": "Feature", "geometry": {"type": "LineString", "coordinates": [[-6.10002, 53.374919], [-6.100753, 53.375296], [-6.100825, 53.375401], [-6.099888, 53.376142], [-6.099504, 53.376578], [-6.099526, 53.376671], [-6.099881, 53.376959], [-6.099937, 53.377277], [-6.102786, 53.377143], [-6.10372, 53.377166], [-6.104699, 53.377389], [-6.105165, 53.377628], [-6.105211, 53.377831], [-6.103736, 53.378767], [-6.10158, 53.380453], [-6.100242, 53.381302], [-6.098493, 53.382161], [-6.095135, 53.383474], [-6.094154, 53.384018], [-6.093366, 53.38455], [-6.093199, 53.384953], [-6.09138, 53.3864], [-6.091454, 53.386498], [-6.092781, 53.387037], [-6.093844, 53.388657], [-6.094844, 53.389981], [-6.09585, 53.390471], [-6.096573, 53.390955], [-6.097015, 53.391122], [-6.097379, 53.391087], [-6.098347, 53.390129], [-6.099292, 53.389546], [-6.099865, 53.388974], [-6.10001, 53.388713], [-6.100112, 53.387781], [-6.100254, 53.387498], [-6.101132, 53.386944], [-6.101488, 53.386606], [-6.101854, 53.386038], [-6.102473, 53.38461], [-6.103167, 53.38393], [-6.103652, 53.38366], [-6.103863, 53.383655], [-6.104409, 53.384141], [-6.105044, 53.38451], [-6.105188, 53.384516], [-6.105217, 53.384423], [-6.10442, 53.383924], [-6.104086, 53.383558], [-6.104101, 53.38344], [-6.10509, 53.383075], [-6.109058, 53.382232], [-6.109381, 53.382042], [-6.111506, 53.381584], [-6.112583, 53.381256], [-6.113619, 53.380717], [-6.116605, 53.378932], [-6.115753, 53.378856], [-6.115011, 53.379367], [-6.114327, 53.37937]]}, "properties": {"route": "6", "routes": ["6", "H3"], "category": "radial", "colour": "#9467bd", "route_colour": "#2ca02c", "pdf_colour": "#66ae3e", "stroke": "#2ca02c", "stroke-width": 2, "source": "pdf-future", "phase": "future"}}, {"type": "Feature", "geometry": {"type": "LineString", "coordinates": [[-6.099068, 53.373145], [-6.099378, 53.373074], [-6.100131, 53.373195], [-6.101256, 53.373557], [-6.102545, 53.373782], [-6.103309, 53.374], [-6.105161, 53.37481], [-6.106152, 53.375613], [-6.106405, 53.375674], [-6.107131, 53.375475], [-6.108613, 53.374248], [-6.109392, 53.373797], [-6.111682, 53.37283], [-6.114192, 53.372101], [-6.117321, 53.371865], [-6.118985, 53.371964], [-6.120808, 53.371875], [-6.124149, 53.372008], [-6.124369, 53.372151], [-6.124525, 53.372837], [-6.125015, 53.373826], [-6.125111, 53.374181], [-6.125036, 53.374463], [-6.12467, 53.375038], [-6.124498, 53.375567], [-6.124389, 53.376495], [-6.124494, 53.376992], [-6.12502, 53.377135], [-6.126473, 53.376925], [-6.127126, 53.376909], [-6.129746, 53.377165], [-6.130334, 53.377307], [-6.130729, 53.377513], [-6.130994, 53.377817], [-6.131076, 53.378168], [-6.131003, 53.378805], [-6.13074, 53.379371], [-6.128238, 53.382542], [-6.127336, 53.383086], [-6.126122, 53.383329], [-6.125056, 53.383195], [-6.123176, 53.382527], [-6.120244, 53.381789], [-6.119778, 53.381551], [-6.11953, 53.381305], [-6.119403, 53.380966], [-6.119762, 53.379981], [-6.119682, 53.379421], [-6.119324, 53.378995], [-6.11866, 53.378529], [-6.118486, 53.378257], [-6.117906, 53.377804], [-6.114674, 53.377655], [-6.114418, 53.37774], [-6.113378, 53.378425], [-6.11337, 53.378635]]}, "properties": {"route": null, "routes": [], "category": null, "colour": null, "route_colour": null, "pdf_colour": "#66ae3e", "stroke": "#66ae3e", "stroke-width": 2, "source": "pdf-future", "phase": "future"}}, {"type": "Feature", "geometry": {"type": "LineString", "coordinates": [[-6.157827, 53.31932], [-6.158203, 53.318918], [-6.158492, 53.3184], [-6.15847, 53.317689], [-6.158578, 53.317459], [-6.159178, 53.316682], [-6.159582, 53.316598], [-6.161964, 53.317169], [-6.163837, 53.317287], [-6.166206, 53.317638], [-6.168736, 53.317833], [-6.171726, 53.31847], [-6.1728, 53.319141], [-6.173231, 53.319836], [-6.173496, 53.32012], [-6.174518, 53.32067], [-6.175721, 53.320951], [-6.178323, 53.321097], [-6.178444, 53.321226], [-6.17843, 53.321946], [-6.17784, 53.323059], [-6.177231, 53.323941], [-6.17621, 53.325221], [-6.175331, 53.326079], [-6.174257, 53.327034], [-6.172578, 53.327857], [-6.169972, 53.329841], [-6.169011, 53.330251], [-6.166492, 53.330505], [-6.165145, 53.330936], [-6.163395, 53.330927], [-6.161778, 53.331693], [-6.158843, 53.331867], [-6.15713, 53.332389], [-6.154894, 53.332686], [-6.153636, 53.333205], [-6.151925, 53.332787], [-6.150581, 53.332618], [-6.150129, 53.332689], [-6.149235, 53.333198], [-6.14745, 53.333353], [-6.14697, 53.33325], [-6.145529, 53.332536], [-6.145058, 53.332402], [-6.142354, 53.332288], [-6.139511, 53.331956], [-6.137974, 53.331996], [-6.135408, 53.332226], [-6.134505, 53.332387], [-6.132022, 53.333085], [-6.128404, 53.333489], [-6.128246, 53.333433], [-6.127842, 53.332747], [-6.127706, 53.332668], [-6.127161, 53.332656], [-6.126162, 53.332808], [-6.125253, 53.332763], [-6.124239, 53.332985], [-6.121418, 53.333846], [-6.118802, 53.334432], [-6.118722, 53.334512], [-6.118641, 53.33516], [-6.117981, 53.335346], [-6.117359, 53.335959], [-6.116551, 53.336093], [-6.113728, 53.337358], [-6.11202, 53.337915], [-6.111797, 53.337572], [-6.111684, 53.337179], [-6.111794, 53.335631], [-6.111656, 53.335361], [-6.111441, 53.335275]]}, "properties": {"route": null, "routes": [], "category": null, "colour": null, "route_colour": null, "pdf_colour": "#662484", "stroke": "#662484", "stroke-width": 2, "source": "pdf-future", "phase": "future"}}, {"type": "Feature", "geometry": {"type": "LineString", "coordinates": [[-6.073493, 53.365122], [-6.073738, 53.365125], [-6.074371, 53.364706], [-6.074625, 53.364628], [-6.076805, 53.364856], [-6.084116, 53.363909], [-6.087248, 53.36466], [-6.089058, 53.364801], [-6.091876, 53.365352], [-6.093635, 53.365986], [-6.093999, 53.366389], [-6.094354, 53.367181], [-6.094739, 53.367627], [-6.095324, 53.36811], [-6.096257, 53.368701], [-6.096756, 53.369386], [-6.09715, 53.369745], [-6.098395, 53.370417], [-6.098566, 53.370377], [-6.099929, 53.369519], [-6.102052, 53.368955], [-6.102696, 53.368653], [-6.10346, 53.36815], [-6.103741, 53.368135], [-6.104128, 53.368244], [-6.105245, 53.368895], [-6.10575, 53.368774], [-6.106241, 53.368503], [-6.106657, 53.368116], [-6.106827, 53.367795], [-6.106849, 53.3673], [-6.106963, 53.36723], [-6.111976, 53.367367], [-6.11199, 53.367257], [-6.110371, 53.365692], [-6.109998, 53.365204], [-6.109839, 53.364832], [-6.109716, 53.36418], [-6.10971, 53.363988], [-6.109841, 53.363895], [-6.111148, 53.363886], [-6.112568, 53.364067], [-6.11642, 53.365198], [-6.117225, 53.365542], [-6.118854, 53.366517], [-6.119918, 53.366999], [-6.121463, 53.367552], [-6.121741, 53.367761], [-6.120402, 53.368679], [-6.120025, 53.369103], [-6.119852, 53.369456], [-6.119791, 53.369899], [-6.11988, 53.370337], [-6.120106, 53.37076], [-6.120639, 53.371431], [-6.120731, 53.37181], [-6.120162, 53.373827], [-6.119174, 53.376695], [-6.118685, 53.377744], [-6.118306, 53.378232], [-6.118118, 53.378342], [-6.115272, 53.37822], [-6.115059, 53.378277], [-6.114608, 53.378604]]}, "properties": {"route": null, "routes": [], "category": null, "colour": null, "route_colour": null, "pdf_colour": "#662484", "stroke": "#662484", "stroke-width": 2, "source": "pdf-future", "phase": "future"}}, {"type": "Feature", "geometry": {"type": "LineString", "coordinates": [[-6.070314, 53.325064], [-6.069747, 53.324622], [-6.069623, 53.324306], [-6.069658, 53.323925], [-6.069463, 53.323817], [-6.067148, 53.323878], [-6.064703, 53.323823], [-6.062114, 53.324089], [-6.061978, 53.324158], [-6.061851, 53.324469], [-6.061536, 53.324855], [-6.059838, 53.325778], [-6.058046, 53.326455], [-6.053085, 53.328044], [-6.051629, 53.328724], [-6.051277, 53.329202], [-6.051125, 53.329245], [-6.04945, 53.32908], [-6.047686, 53.328743], [-6.038473, 53.327359], [-6.036601, 53.32792], [-6.031782, 53.32892], [-6.028244, 53.334474], [-6.027933, 53.3347]]}, "properties": {"route": null, "routes": [], "category": null, "colour": null, "route_colour": null, "pdf_colour": "#662484", "stroke": "#662484", "stroke-width": 2, "source": "pdf-future", "phase": "future"}}, {"type": "Feature", "geometry": {"type": "LineString", "coordinates": [[-6.095979, 53.312948], [-6.096143, 53.313515], [-6.096563, 53.314336], [-6.096542, 53.314505], [-6.096401, 53.314652], [-6.091896, 53.315641], [-6.091316, 53.315674], [-6.091101, 53.315611], [-6.09061, 53.314674], [-6.089618, 53.314869], [-6.088769, 53.314845], [-6.088323, 53.314669], [-6.086854, 53.313725], [-6.084621, 53.313939], [-6.082618, 53.313872], [-6.08124, 53.314085], [-6.079295, 53.314187], [-6.072388, 53.314839], [-6.072149, 53.314764], [-6.071686, 53.314105], [-6.071542, 53.314058], [-6.069762, 53.314549], [-6.068207, 53.315109], [-6.067908, 53.315309], [-6.067909, 53.315605], [-6.06783, 53.315745], [-6.067444, 53.315935], [-6.065617, 53.315925], [-6.060329, 53.317114], [-6.06027, 53.317236], [-6.060512, 53.31746], [-6.062998, 53.318495], [-6.064048, 53.319056], [-6.064385, 53.319493], [-6.064424, 53.320151], [-6.06427, 53.320532], [-6.063927, 53.320929], [-6.064064, 53.321167], [-6.064022, 53.321356], [-6.063823, 53.321488], [-6.063295, 53.321592], [-6.06249, 53.322964], [-6.062274, 53.323564], [-6.062457, 53.324086], [-6.062289, 53.324608], [-6.061854, 53.325063], [-6.060756, 53.32571], [-6.061482, 53.326595], [-6.062096, 53.327612], [-6.062215, 53.328111], [-6.06207, 53.328611], [-6.06131, 53.329607], [-6.060744, 53.330069], [-6.059869, 53.330597], [-6.059571, 53.330915], [-6.059316, 53.331447], [-6.058727, 53.331814], [-6.058429, 53.332439], [-6.058407, 53.332881], [-6.055245, 53.333218], [-6.052595, 53.333764], [-6.052392, 53.333697], [-6.051124, 53.332533], [-6.050867, 53.332474], [-6.045351, 53.334813], [-6.045134, 53.33476], [-6.043681, 53.333757], [-6.041715, 53.332707], [-6.040777, 53.332341], [-6.0398, 53.332096], [-6.038881, 53.332121], [-6.037913, 53.332275], [-6.036937, 53.332929], [-6.036725, 53.332998], [-6.035238, 53.33272], [-6.03078, 53.333821], [-6.030519, 53.333809], [-6.030158, 53.333651], [-6.029787, 53.333732], [-6.028736, 53.334128], [-6.028517, 53.334437], [-6.028294, 53.334586], [-6.027541, 53.334787], [-6.027433, 53.334879], [-6.027097, 53.339549], [-6.02783, 53.34162], [-6.027807, 53.341714], [-6.025953, 53.341863], [-6.025617, 53.341997], [-6.022902, 53.34192], [-6.022378, 53.342892], [-6.021725, 53.343012], [-6.020873, 53.344315], [-6.020367, 53.344347], [-6.019201, 53.345664]]}, "properties": {"route": null, "routes": [], "category": null, "colour": null, "route_colour": null, "pdf_colour": "#662484", "stroke": "#662484", "stroke-width": 2, "source": "pdf-future", "phase": "future"}}, {"type": "Feature", "geometry": {"type": "LineString", "coordinates": [[-6.074398, 53.368069], [-6.073336, 53.368103], [-6.073227, 53.368185], [-6.073191, 53.368418], [-6.073027, 53.36849], [-6.070103, 53.368476], [-6.068924, 53.368611], [-6.068609, 53.368468], [-6.06821, 53.368083], [-6.06739, 53.36794], [-6.066709, 53.367613], [-6.063526, 53.367583], [-6.062054, 53.367639], [-6.061322, 53.368217], [-6.06019, 53.368011], [-6.059296, 53.368204], [-6.058043, 53.367324], [-6.056896, 53.366052], [-6.056579, 53.365024], [-6.056753, 53.36445], [-6.056432, 53.363742], [-6.055988, 53.363376], [-6.054884, 53.362933], [-6.054168, 53.362528], [-6.049702, 53.362331], [-6.047475, 53.362086], [-6.046047, 53.36174], [-6.04483, 53.36098], [-6.041097, 53.360353], [-6.040877, 53.360159], [-6.041142, 53.358628], [-6.041044, 53.358503], [-6.036764, 53.358329], [-6.035514, 53.357994], [-6.03262, 53.357874], [-6.032473, 53.357775], [-6.032364, 53.357249], [-6.031175, 53.35614], [-6.031096, 53.35603], [-6.031107, 53.355841]]}, "properties": {"route": null, "routes": [], "category": null, "colour": null, "route_colour": null, "pdf_colour": "#662484", "stroke": "#662484", "stroke-width": 2, "source": "pdf-future", "phase": "future"}}, {"type": "Feature", "geometry": {"type": "LineString", "coordinates": [[-6.032435, 53.347588], [-6.032831, 53.347536], [-6.034189, 53.347718], [-6.036584, 53.347584], [-6.038853, 53.34792], [-6.041553, 53.348085], [-6.043725, 53.347991], [-6.044367, 53.34786], [-6.044751, 53.347565], [-6.046017, 53.347298], [-6.047392, 53.347157], [-6.047494, 53.346999], [-6.047078, 53.346444], [-6.04711, 53.346347], [-6.048583, 53.346], [-6.05006, 53.345764], [-6.050609, 53.34542], [-6.050755, 53.34522], [-6.050788, 53.344994], [-6.050905, 53.344928], [-6.055231, 53.345268], [-6.055328, 53.345188], [-6.05545, 53.344573], [-6.05516, 53.34421], [-6.054384, 53.343622], [-6.054037, 53.343178], [-6.053783, 53.342469], [-6.053723, 53.341831], [-6.053808, 53.341705], [-6.054089, 53.341626], [-6.057637, 53.341645], [-6.059255, 53.341366], [-6.06019, 53.341161], [-6.060958, 53.340898], [-6.063234, 53.339888], [-6.065287, 53.33942], [-6.065358, 53.339274], [-6.063263, 53.336691], [-6.063267, 53.336571], [-6.067264, 53.336103], [-6.067595, 53.335914], [-6.069367, 53.334279], [-6.070158, 53.334457], [-6.070265, 53.334777], [-6.070813, 53.334938], [-6.071996, 53.334699], [-6.07211, 53.334607], [-6.071741, 53.334177], [-6.071193, 53.333937], [-6.070714, 53.333837], [-6.070505, 53.3339], [-6.070158, 53.334457]]}, "properties": {"route": null, "routes": [], "category": null, "colour": null, "route_colour": null, "pdf_colour": "#662484", "stroke": "#662484", "stroke-width": 2, "source": "pdf-future", "phase": "future"}}, {"type": "Feature", "geometry": {"type": "LineString", "coordinates": [[-6.021712, 53.345416], [-6.021152, 53.345142], [-6.021021, 53.344919], [-6.021072, 53.344729], [-6.021982, 53.343378], [-6.022959, 53.343162], [-6.023495, 53.343188], [-6.026079, 53.343833], [-6.027759, 53.343811], [-6.028784, 53.344029], [-6.029699, 53.344116], [-6.030728, 53.344459], [-6.032165, 53.344741], [-6.032079, 53.344236], [-6.032194, 53.343781], [-6.032632, 53.342921], [-6.033241, 53.342157], [-6.033415, 53.3417], [-6.033468, 53.341297], [-6.033313, 53.340214], [-6.033425, 53.339316], [-6.033702, 53.338802], [-6.035225, 53.336784], [-6.035398, 53.335945], [-6.035688, 53.335095], [-6.035688, 53.334526], [-6.035175, 53.333374], [-6.035243, 53.332718], [-6.035659, 53.331968], [-6.037119, 53.330216], [-6.037183, 53.329926], [-6.036946, 53.329387], [-6.036979, 53.329005], [-6.037289, 53.327882], [-6.037713, 53.327674], [-6.037913, 53.326838], [-6.03797, 53.326336], [-6.037922, 53.325872], [-6.0374, 53.324269], [-6.037413, 53.323878], [-6.037628, 53.323047], [-6.037495, 53.321786], [-6.037299, 53.321016], [-6.037342, 53.320703], [-6.037702, 53.320112], [-6.037869, 53.319998], [-6.039318, 53.319961], [-6.041034, 53.319489], [-6.044047, 53.319183], [-6.044924, 53.318986], [-6.045183, 53.318831], [-6.045235, 53.318671], [-6.045083, 53.318131], [-6.045495, 53.316393], [-6.045497, 53.315126], [-6.045834, 53.314159], [-6.042589, 53.312942], [-6.042491, 53.312798], [-6.043407, 53.312032], [-6.043922, 53.311196], [-6.044849, 53.310141], [-6.047706, 53.310386], [-6.049143, 53.31029], [-6.04972, 53.310115], [-6.050213, 53.309856], [-6.051273, 53.308809], [-6.051226, 53.30864], [-6.050903, 53.308535], [-6.048887, 53.308414], [-6.046906, 53.308737], [-6.046656, 53.308647], [-6.04747, 53.305911], [-6.04778, 53.305638], [-6.049298, 53.304735], [-6.049998, 53.304572], [-6.053067, 53.304489], [-6.053981, 53.304535], [-6.055628, 53.304785], [-6.056324, 53.304778], [-6.057398, 53.304515], [-6.058171, 53.304056], [-6.058562, 53.303927], [-6.059906, 53.303883], [-6.061609, 53.303593], [-6.068134, 53.302012], [-6.06902, 53.301909], [-6.069706, 53.30195], [-6.070457, 53.30215], [-6.071381, 53.302588], [-6.073811, 53.302947], [-6.075037, 53.303411], [-6.078225, 53.303978], [-6.078792, 53.304289], [-6.07941, 53.304865], [-6.079287, 53.304981], [-6.078575, 53.305095], [-6.078569, 53.305195], [-6.078803, 53.305496], [-6.080851, 53.305759], [-6.082476, 53.306342], [-6.083119, 53.306704], [-6.084027, 53.306574], [-6.093629, 53.306901], [-6.093772, 53.307012], [-6.093971, 53.307507], [-6.095302, 53.311199], [-6.095323, 53.312189]]}, "properties": {"route": null, "routes": [], "category": null, "colour": null, "route_colour": null, "pdf_colour": "#662484", "stroke": "#662484", "stroke-width": 2, "source": "pdf-future", "phase": "future"}}, {"type": "Feature", "geometry": {"type": "LineString", "coordinates": [[-6.162598, 53.30743], [-6.161704, 53.30803], [-6.161608, 53.308278], [-6.161593, 53.308727], [-6.161498, 53.308892], [-6.160203, 53.309472], [-6.156937, 53.309552], [-6.155071, 53.309716], [-6.153283, 53.310065], [-6.151623, 53.310762], [-6.150971, 53.310935], [-6.149001, 53.310868], [-6.148133, 53.310957], [-6.147853, 53.311062], [-6.147421, 53.311454], [-6.147216, 53.311517], [-6.146824, 53.311439], [-6.14632, 53.31113], [-6.145608, 53.310573], [-6.144935, 53.309882], [-6.143518, 53.309957], [-6.142801, 53.309884], [-6.141093, 53.309484], [-6.140804, 53.309352], [-6.140552, 53.309112], [-6.140273, 53.309028], [-6.139962, 53.309055], [-6.139346, 53.309297], [-6.138745, 53.309791], [-6.138042, 53.310911], [-6.137789, 53.311667], [-6.137723, 53.312573], [-6.137519, 53.313272], [-6.137474, 53.314031], [-6.13724, 53.314382], [-6.13651, 53.31513], [-6.132959, 53.315583], [-6.130069, 53.315757], [-6.129948, 53.315852], [-6.129974, 53.31623], [-6.130423, 53.316617], [-6.12995, 53.316882], [-6.128984, 53.317045], [-6.127026, 53.317018], [-6.126392, 53.317101], [-6.125416, 53.317441], [-6.12388, 53.318295], [-6.124768, 53.318882], [-6.125531, 53.319635], [-6.125001, 53.320371], [-6.12473, 53.321381], [-6.124591, 53.321615], [-6.124218, 53.321786], [-6.12353, 53.321884], [-6.12302, 53.322113], [-6.122981, 53.322209], [-6.125939, 53.323372], [-6.12538, 53.323463], [-6.124332, 53.323104], [-6.123829, 53.32312], [-6.119104, 53.324786], [-6.117551, 53.325446], [-6.116535, 53.326383], [-6.116072, 53.327012], [-6.115248, 53.327502], [-6.115436, 53.327758], [-6.116243, 53.3284], [-6.116602, 53.328461], [-6.117874, 53.328428], [-6.118508, 53.32872], [-6.119433, 53.329796], [-6.11958, 53.330107], [-6.119542, 53.330282], [-6.119396, 53.330421], [-6.118677, 53.33067]]}, "properties": {"route": null, "routes": [], "category": null, "colour": null, "route_colour": null, "pdf_colour": "#662484", "stroke": "#662484", "stroke-width": 2, "source": "pdf-future", "phase": "future"}}, {"type": "Feature", "geometry": {"type": "LineString", "coordinates": [[-6.030623, 53.355834], [-6.030616, 53.356053], [-6.030722, 53.356224], [-6.031916, 53.357337], [-6.032045, 53.357895], [-6.032511, 53.358137], [-6.035456, 53.358262], [-6.036759, 53.358602], [-6.047689, 53.35899], [-6.048256, 53.359757], [-6.048363, 53.360356], [-6.047882, 53.361438], [-6.047293, 53.3619], [-6.046698, 53.363084], [-6.046735, 53.363297], [-6.046945, 53.363555], [-6.047541, 53.363828], [-6.053181, 53.364833], [-6.055666, 53.364897], [-6.055787, 53.364783], [-6.055615, 53.364215], [-6.055459, 53.363884], [-6.055214, 53.363641], [-6.055647, 53.36312], [-6.054744, 53.362679], [-6.054544, 53.362495], [-6.056245, 53.361932], [-6.057688, 53.361219], [-6.061368, 53.362294], [-6.06402, 53.362917], [-6.064045, 53.363016], [-6.063556, 53.363987], [-6.062276, 53.366199], [-6.061451, 53.366287], [-6.060544, 53.366259]]}, "properties": {"route": "6", "routes": ["6"], "category": "radial", "colour": "#9467bd", "route_colour": "#2ca02c", "pdf_colour": "#662484", "stroke": "#2ca02c", "stroke-width": 2, "source": "pdf-future", "phase": "future"}}, {"type": "Feature", "geometry": {"type": "LineString", "coordinates": [[-6.045211, 53.349916], [-6.045058, 53.349379], [-6.045205, 53.349248], [-6.04582, 53.349119], [-6.049609, 53.348831], [-6.052151, 53.348395], [-6.054633, 53.347592], [-6.055531, 53.347441], [-6.055596, 53.347369], [-6.055511, 53.346995], [-6.055646, 53.346907], [-6.059166, 53.34709], [-6.062612, 53.346681], [-6.064047, 53.346401], [-6.065265, 53.346341], [-6.066071, 53.346395], [-6.067335, 53.346668], [-6.069333, 53.346774], [-6.06963, 53.34662], [-6.069845, 53.346602], [-6.071661, 53.346889], [-6.07233, 53.346576], [-6.076346, 53.345885], [-6.080555, 53.345018], [-6.080664, 53.344906], [-6.080452, 53.34437], [-6.08078, 53.344243], [-6.081005, 53.344298], [-6.081102, 53.344456], [-6.082149, 53.347181], [-6.082471, 53.347387], [-6.082926, 53.348065], [-6.083779, 53.348618], [-6.084338, 53.349093], [-6.084536, 53.349094], [-6.084893, 53.348938], [-6.086235, 53.348071], [-6.086902, 53.347485], [-6.087163, 53.347007], [-6.087284, 53.346941], [-6.093155, 53.347436], [-6.093612, 53.346669], [-6.093472, 53.34651], [-6.093837, 53.345789], [-6.097275, 53.346293], [-6.097369, 53.346209], [-6.097389, 53.345792], [-6.097575, 53.345352], [-6.098527, 53.344406], [-6.098801, 53.344377], [-6.100761, 53.344597], [-6.101402, 53.344559], [-6.101784, 53.344434], [-6.101851, 53.344324], [-6.101833, 53.343855], [-6.101608, 53.343301], [-6.102201, 53.342962], [-6.102587, 53.343032], [-6.10433, 53.34421], [-6.104939, 53.344382], [-6.105486, 53.344398], [-6.105871, 53.344293], [-6.105771, 53.343997], [-6.106006, 53.343771], [-6.109193, 53.343314], [-6.110087, 53.342975], [-6.110897, 53.342372], [-6.111774, 53.340583], [-6.112587, 53.339914], [-6.113274, 53.339617], [-6.11274, 53.339181], [-6.112573, 53.338836], [-6.111626, 53.338302], [-6.111272, 53.337952], [-6.11099, 53.337226], [-6.111125, 53.335825], [-6.111079, 53.33559], [-6.110868, 53.335306], [-6.11037, 53.335231], [-6.110075, 53.335054], [-6.109877, 53.334775], [-6.1098, 53.334408]]}, "properties": {"route": null, "routes": [], "category": null, "colour": null, "route_colour": null, "pdf_colour": "#662484", "stroke": "#662484", "stroke-width": 2, "source": "pdf-future", "phase": "future"}}, {"type": "Feature", "geometry": {"type": "LineString", "coordinates": [[-6.047243, 53.33718], [-6.047076, 53.336938], [-6.047169, 53.336828], [-6.05036, 53.336192], [-6.049796, 53.3356], [-6.048942, 53.335592], [-6.048391, 53.335378], [-6.048222, 53.335193], [-6.048168, 53.334986], [-6.048234, 53.334764], [-6.048391, 53.334614], [-6.048793, 53.33447], [-6.049266, 53.334448], [-6.050124, 53.334718], [-6.05092, 53.33448], [-6.052247, 53.334474], [-6.052364, 53.334412], [-6.052127, 53.334109], [-6.052422, 53.333964], [-6.051248, 53.332877], [-6.049624, 53.331145], [-6.049339, 53.330695], [-6.049215, 53.330159], [-6.047405, 53.329902], [-6.046558, 53.329586], [-6.046565, 53.32948], [-6.047783, 53.328629], [-6.047786, 53.328523], [-6.039008, 53.327138], [-6.037512, 53.327048], [-6.037374, 53.326975], [-6.037471, 53.326425], [-6.037425, 53.325996], [-6.03733, 53.325715], [-6.037133, 53.325591], [-6.036896, 53.325046], [-6.036668, 53.324146], [-6.0369, 53.322962], [-6.036573, 53.320817], [-6.037004, 53.319937], [-6.037132, 53.3193], [-6.037682, 53.318765], [-6.038412, 53.318397], [-6.038662, 53.318179], [-6.038981, 53.317065], [-6.039619, 53.316483], [-6.039864, 53.316158], [-6.04106, 53.313535], [-6.043073, 53.312085], [-6.043689, 53.311148], [-6.04445, 53.310325], [-6.044523, 53.31016], [-6.04435, 53.310014], [-6.042176, 53.309744], [-6.03622, 53.309832], [-6.035941, 53.309689], [-6.035634, 53.3084], [-6.03573, 53.307761], [-6.036792, 53.307733], [-6.038018, 53.307562], [-6.038978, 53.307576]]}, "properties": {"route": null, "routes": [], "category": null, "colour": null, "route_colour": null, "pdf_colour": "#662484", "stroke": "#662484", "stroke-width": 2, "source": "pdf-future", "phase": "future"}}, {"type": "Feature", "geometry": {"type": "LineString", "coordinates": [[-6.058899, 53.332689], [-6.058918, 53.332466], [-6.059136, 53.331981], [-6.059705, 53.331625], [-6.059868, 53.331344], [-6.059979, 53.331294], [-6.066777, 53.331716], [-6.070397, 53.331765], [-6.071713, 53.331552], [-6.072728, 53.331652], [-6.077231, 53.331128], [-6.078919, 53.331235], [-6.079722, 53.331184], [-6.083118, 53.330224], [-6.084516, 53.329916], [-6.086574, 53.329174], [-6.086662, 53.329051], [-6.084589, 53.328063], [-6.08303, 53.32746], [-6.082955, 53.327305], [-6.08397, 53.326593], [-6.084699, 53.325745], [-6.085145, 53.325365], [-6.087218, 53.324292], [-6.088969, 53.323555], [-6.09005, 53.323196], [-6.090293, 53.323239], [-6.090637, 53.323588], [-6.090707, 53.324171], [-6.091173, 53.324724], [-6.091801, 53.325072], [-6.09318, 53.325635], [-6.093382, 53.325636], [-6.093719, 53.325437], [-6.09426, 53.325298], [-6.095579, 53.325364], [-6.096292, 53.325218], [-6.096917, 53.324797], [-6.097065, 53.324257], [-6.097243, 53.324036], [-6.098299, 53.323319], [-6.098286, 53.323195], [-6.097982, 53.322994], [-6.09802, 53.322869], [-6.100974, 53.321264], [-6.102209, 53.320886], [-6.102771, 53.320632], [-6.104524, 53.319306], [-6.104662, 53.318922], [-6.104433, 53.318418], [-6.105151, 53.318166], [-6.105239, 53.318048], [-6.104493, 53.31717], [-6.103788, 53.316126], [-6.103768, 53.315941], [-6.103952, 53.315313], [-6.103803, 53.314587], [-6.104069, 53.313842], [-6.104629, 53.313456], [-6.104737, 53.313298], [-6.104781, 53.313098], [-6.104696, 53.312541], [-6.10553, 53.31243], [-6.106245, 53.312755]]}, "properties": {"route": null, "routes": [], "category": null, "colour": null, "route_colour": null, "pdf_colour": "#662484", "stroke": "#662484", "stroke-width": 2, "source": "pdf-future", "phase": "future"}}, {"type": "Feature", "geometry": {"type": "LineString", "coordinates": [[-6.073364, 53.365081], [-6.087023, 53.369138], [-6.090961, 53.370476], [-6.091138, 53.370435], [-6.091282, 53.370265], [-6.091386, 53.369846], [-6.090791, 53.365322], [-6.091021, 53.365234], [-6.092008, 53.365385], [-6.093563, 53.365931], [-6.093971, 53.366357], [-6.094293, 53.367094], [-6.094609, 53.367499], [-6.095282, 53.368076], [-6.096252, 53.368693], [-6.096727, 53.369354], [-6.097113, 53.369712], [-6.098415, 53.370491], [-6.099122, 53.371245], [-6.100229, 53.372694], [-6.100086, 53.372767], [-6.099194, 53.372671], [-6.098663, 53.372788], [-6.097948, 53.37327], [-6.097597, 53.373819], [-6.097679, 53.374006], [-6.098273, 53.374409], [-6.100191, 53.375385], [-6.099468, 53.375998], [-6.098997, 53.376512], [-6.099056, 53.376754], [-6.09942, 53.377046], [-6.099477, 53.377337], [-6.099659, 53.377414], [-6.100389, 53.377427], [-6.102737, 53.37728], [-6.103694, 53.377299], [-6.10455, 53.377489], [-6.105385, 53.377919], [-6.103404, 53.379235], [-6.103897, 53.379482], [-6.103975, 53.379635], [-6.10392, 53.379745], [-6.10258, 53.380361], [-6.101219, 53.381399], [-6.101311, 53.381625], [-6.101623, 53.38182], [-6.104197, 53.382543], [-6.108024, 53.381468], [-6.108696, 53.381498], [-6.109321, 53.381863], [-6.109518, 53.381893], [-6.111273, 53.381507], [-6.112606, 53.381104], [-6.116278, 53.379001], [-6.115861, 53.378969], [-6.115087, 53.379476], [-6.114403, 53.37947], [-6.114292, 53.379398]]}, "properties": {"route": "6", "routes": ["6"], "category": "radial", "colour": "#9467bd", "route_colour": "#2ca02c", "pdf_colour": "#662484", "stroke": "#2ca02c", "stroke-width": 2, "source": "pdf-future", "phase": "future"}}, {"type": "Feature", "geometry": {"type": "LineString", "coordinates": [[-6.10959, 53.3342], [-6.104761, 53.333367], [-6.100681, 53.332877], [-6.100341, 53.332782], [-6.099869, 53.332512], [-6.097804, 53.332106], [-6.095297, 53.331979], [-6.09487, 53.33202], [-6.094696, 53.33209], [-6.094297, 53.332534], [-6.093887, 53.332718], [-6.093138, 53.332869], [-6.09146, 53.332987], [-6.079532, 53.337197], [-6.073639, 53.338672], [-6.072019, 53.339176], [-6.070969, 53.339683], [-6.070446, 53.340022], [-6.069748, 53.340703], [-6.068763, 53.341982], [-6.066424, 53.343776], [-6.064382, 53.345068], [-6.063114, 53.344952], [-6.060407, 53.345495], [-6.059768, 53.345391], [-6.055578, 53.345358], [-6.055496, 53.345496], [-6.055451, 53.345988], [-6.056408, 53.350346], [-6.056375, 53.350465], [-6.056216, 53.350568], [-6.053328, 53.350625], [-6.048217, 53.350558], [-6.047484, 53.350354], [-6.045526, 53.35036], [-6.04508, 53.350246]]}, "properties": {"route": null, "routes": [], "category": null, "colour": null, "route_colour": null, "pdf_colour": "#662484", "stroke": "#662484", "stroke-width": 2, "source": "pdf-future", "phase": "future"}}, {"type": "Feature", "geometry": {"type": "LineString", "coordinates": [[-6.157, 53.355043], [-6.159394, 53.355939], [-6.160795, 53.356356], [-6.171519, 53.358794], [-6.172983, 53.359189], [-6.173375, 53.359386], [-6.173263, 53.360266], [-6.173332, 53.36033], [-6.174197, 53.360303], [-6.176624, 53.359778], [-6.177117, 53.359791], [-6.177445, 53.359965], [-6.17779, 53.360325], [-6.177841, 53.360577], [-6.177738, 53.361148], [-6.177861, 53.361417], [-6.178036, 53.361552], [-6.178725, 53.361783], [-6.180804, 53.361992], [-6.181604, 53.362204], [-6.181749, 53.362185], [-6.182072, 53.361916], [-6.182576, 53.361671], [-6.186138, 53.360892], [-6.187594, 53.36081], [-6.188877, 53.360504], [-6.189587, 53.360541], [-6.190556, 53.36083], [-6.191051, 53.360882], [-6.191668, 53.360828], [-6.19303, 53.360529], [-6.193584, 53.360509], [-6.195083, 53.360967], [-6.195784, 53.36109], [-6.198957, 53.360863], [-6.199796, 53.360972], [-6.199838, 53.361252], [-6.199216, 53.361743], [-6.197239, 53.362586], [-6.196462, 53.363291], [-6.194722, 53.365467], [-6.194707, 53.365704], [-6.194832, 53.365864], [-6.195587, 53.366036]]}, "properties": {"route": null, "routes": [], "category": null, "colour": null, "route_colour": null, "pdf_colour": "#662484", "stroke": "#662484", "stroke-width": 2, "source": "pdf-future", "phase": "future"}}, {"type": "Feature", "geometry": {"type": "LineString", "coordinates": [[-6.045864, 53.34948], [-6.045821, 53.349309], [-6.045938, 53.349241], [-6.049356, 53.348972], [-6.052476, 53.348471], [-6.054616, 53.347762], [-6.055323, 53.347604], [-6.057051, 53.347565], [-6.062464, 53.347175], [-6.064773, 53.347346], [-6.071885, 53.348579], [-6.073145, 53.348566], [-6.076165, 53.348197], [-6.079182, 53.348301], [-6.080319, 53.348493], [-6.081184, 53.348837], [-6.081932, 53.349373], [-6.083192, 53.350682], [-6.083828, 53.351088], [-6.084903, 53.351439], [-6.087869, 53.351923], [-6.088588, 53.352266], [-6.089699, 53.353033], [-6.090394, 53.353349], [-6.094629, 53.353773], [-6.102564, 53.355434], [-6.104232, 53.355464], [-6.106378, 53.355189], [-6.109114, 53.355323], [-6.111874, 53.355048], [-6.114157, 53.354962], [-6.116149, 53.355186], [-6.121791, 53.356424], [-6.12467, 53.356882], [-6.125898, 53.356987], [-6.128676, 53.357001], [-6.129766, 53.356954], [-6.130724, 53.356801]]}, "properties": {"route": null, "routes": [], "category": null, "colour": null, "route_colour": null, "pdf_colour": "#662484", "stroke": "#662484", "stroke-width": 2, "source": "pdf-future", "phase": "future"}}, {"type": "Feature", "geometry": {"type": "LineString", "coordinates": [[-6.095735, 53.312948], [-6.095904, 53.313533], [-6.096321, 53.314345], [-6.096196, 53.314569], [-6.094515, 53.314878], [-6.092614, 53.315374], [-6.091372, 53.315582], [-6.093296, 53.31981], [-6.093743, 53.320327], [-6.094449, 53.320832], [-6.105213, 53.326896], [-6.106212, 53.327649], [-6.107636, 53.329109], [-6.108982, 53.329819], [-6.108982, 53.329892], [-6.108738, 53.329993], [-6.107755, 53.330078], [-6.107662, 53.330163], [-6.108581, 53.332008], [-6.109769, 53.333855], [-6.109685, 53.333996], [-6.109719, 53.334079]]}, "properties": {"route": null, "routes": [], "category": null, "colour": null, "route_colour": null, "pdf_colour": "#009bdf", "stroke": "#009bdf", "stroke-width": 2, "source": "pdf-future", "phase": "future"}}, {"type": "Feature", "geometry": {"type": "LineString", "coordinates": [[-6.111424, 53.354952], [-6.113262, 53.353967], [-6.113544, 53.353629], [-6.113531, 53.353345], [-6.113347, 53.353095], [-6.113087, 53.352918], [-6.109692, 53.351357], [-6.109546, 53.351158], [-6.109458, 53.35039], [-6.109649, 53.3503], [-6.114289, 53.350451], [-6.114536, 53.350373], [-6.114691, 53.349452], [-6.114739, 53.34758], [-6.115262, 53.345756], [-6.115346, 53.345216], [-6.115254, 53.343319], [-6.115468, 53.342821], [-6.11597, 53.342295], [-6.115607, 53.341675], [-6.114323, 53.340141], [-6.113002, 53.339139], [-6.112593, 53.338638], [-6.111814, 53.338215], [-6.111478, 53.337883], [-6.111311, 53.337558], [-6.111237, 53.337138], [-6.11136, 53.335678], [-6.111147, 53.335339]]}, "properties": {"route": null, "routes": [], "category": null, "colour": null, "route_colour": null, "pdf_colour": "#009bdf", "stroke": "#009bdf", "stroke-width": 2, "source": "pdf-future", "phase": "future"}}, {"type": "Feature", "geometry": {"type": "LineString", "coordinates": [[-6.124608, 53.317692], [-6.125486, 53.317227], [-6.126467, 53.316927], [-6.129082, 53.31689], [-6.129717, 53.316792], [-6.130131, 53.316583], [-6.129764, 53.316303], [-6.129595, 53.315475], [-6.12907, 53.314822], [-6.128208, 53.314332], [-6.126836, 53.313957], [-6.126229, 53.313444], [-6.125832, 53.312605], [-6.124983, 53.308877], [-6.124824, 53.30849], [-6.12387, 53.307536], [-6.122745, 53.306843], [-6.121946, 53.306126], [-6.121692, 53.306023], [-6.119228, 53.305728], [-6.114836, 53.305401], [-6.113704, 53.305387], [-6.112792, 53.305505], [-6.112131, 53.305732], [-6.111154, 53.306212], [-6.110888, 53.306397], [-6.110537, 53.306813], [-6.110076, 53.307062], [-6.104704, 53.308956], [-6.102496, 53.310352], [-6.101775, 53.310704], [-6.100214, 53.311144], [-6.098478, 53.311362], [-6.098355, 53.311432], [-6.098263, 53.311639], [-6.097108, 53.312097], [-6.096506, 53.312265], [-6.095785, 53.31233]]}, "properties": {"route": null, "routes": [], "category": null, "colour": null, "route_colour": null, "pdf_colour": "#009bdf", "stroke": "#009bdf", "stroke-width": 2, "source": "pdf-future", "phase": "future"}}, {"type": "Feature", "geometry": {"type": "LineString", "coordinates": [[-6.246488, 53.378829], [-6.248854, 53.378181], [-6.248934, 53.378078], [-6.244591, 53.37186], [-6.244274, 53.371514], [-6.243563, 53.370822], [-6.243364, 53.3708], [-6.242846, 53.370927], [-6.24264, 53.370882], [-6.241303, 53.370007], [-6.240613, 53.369358], [-6.240276, 53.368832], [-6.240103, 53.36829], [-6.240101, 53.367747], [-6.24029, 53.367226], [-6.240256, 53.367115], [-6.236135, 53.364322], [-6.235267, 53.363844], [-6.228825, 53.362169], [-6.228096, 53.362082], [-6.225455, 53.362012], [-6.225324, 53.360651], [-6.225179, 53.360498], [-6.221517, 53.35996], [-6.220202, 53.359639], [-6.219319, 53.359251], [-6.216, 53.357438], [-6.214589, 53.356768], [-6.212985, 53.356125], [-6.212452, 53.355645], [-6.212121, 53.355136], [-6.212028, 53.354732], [-6.212022, 53.353723], [-6.211778, 53.3532], [-6.211141, 53.352593], [-6.208927, 53.350966], [-6.208228, 53.350083], [-6.20808, 53.349524], [-6.208368, 53.348544], [-6.208279, 53.348181], [-6.207925, 53.347903], [-6.205878, 53.34693], [-6.20482, 53.346305], [-6.206093, 53.344654], [-6.206081, 53.344539], [-6.201519, 53.342643], [-6.200312, 53.342057], [-6.200028, 53.34179], [-6.199858, 53.3415], [-6.199646, 53.34018], [-6.199448, 53.339692], [-6.197763, 53.336655], [-6.197196, 53.335949], [-6.196532, 53.335497], [-6.194931, 53.335852], [-6.19463, 53.335806], [-6.194457, 53.335685], [-6.194455, 53.335592], [-6.195104, 53.335204], [-6.195877, 53.335601], [-6.196532, 53.335497], [-6.19588, 53.33502], [-6.193594, 53.333672], [-6.192302, 53.333051], [-6.191295, 53.332122], [-6.190658, 53.33168], [-6.186354, 53.329382], [-6.186034, 53.329148], [-6.185976, 53.328862], [-6.18658, 53.325973], [-6.186854, 53.32515], [-6.187399, 53.324141], [-6.187427, 53.323911], [-6.187342, 53.323765], [-6.18647, 53.32328], [-6.185514, 53.32309], [-6.185078, 53.322897], [-6.182974, 53.321028], [-6.182392, 53.320694], [-6.182161, 53.320669], [-6.181522, 53.32086], [-6.18025, 53.320973], [-6.17764, 53.320889]]}, "properties": {"route": "22", "routes": ["22", "73", "N2"], "category": "radial", "colour": "#9467bd", "route_colour": "#2ca02c", "pdf_colour": "#00a7e9", "stroke": "#2ca02c", "stroke-width": 2, "source": "pdf-future", "phase": "future"}}, {"type": "Feature", "geometry": {"type": "LineString", "coordinates": [[-6.177625, 53.320889], [-6.175594, 53.320802], [-6.174336, 53.320429], [-6.173569, 53.319935], [-6.172972, 53.319047], [-6.171836, 53.318352], [-6.168776, 53.3177], [-6.166407, 53.317523], [-6.164081, 53.317176], [-6.162623, 53.317109], [-6.161712, 53.316984], [-6.159424, 53.316417], [-6.158769, 53.316101], [-6.15666, 53.315415], [-6.154553, 53.314391], [-6.153657, 53.313788], [-6.153065, 53.313064], [-6.152565, 53.311774], [-6.15169, 53.310975], [-6.150685, 53.311099], [-6.149223, 53.311006], [-6.148456, 53.311043], [-6.148022, 53.311166], [-6.147524, 53.311591], [-6.147021, 53.311641], [-6.146571, 53.311492], [-6.146084, 53.311174], [-6.145407, 53.310641], [-6.144798, 53.310028], [-6.143502, 53.310094], [-6.142726, 53.310011], [-6.141002, 53.309608], [-6.140246, 53.309162], [-6.139729, 53.309303], [-6.139249, 53.309572], [-6.138896, 53.309945], [-6.138414, 53.310698], [-6.138043, 53.311623], [-6.137965, 53.312586], [-6.13776, 53.31329], [-6.137723, 53.314035], [-6.137488, 53.314414], [-6.136736, 53.315195], [-6.136477, 53.315296], [-6.132471, 53.315763], [-6.12949, 53.315969], [-6.129281, 53.315923], [-6.128994, 53.315298], [-6.128539, 53.314867], [-6.127868, 53.314523], [-6.126597, 53.314188], [-6.125939, 53.313715], [-6.125472, 53.31297], [-6.125129, 53.311728], [-6.12492, 53.311619], [-6.122806, 53.312218], [-6.11769, 53.312482], [-6.116459, 53.312367], [-6.115598, 53.313367], [-6.115136, 53.313764], [-6.114145, 53.314341], [-6.113137, 53.314735], [-6.110551, 53.313573], [-6.106492, 53.311178], [-6.103934, 53.309939], [-6.103379, 53.309997], [-6.102385, 53.310613], [-6.101417, 53.310994], [-6.100113, 53.311308], [-6.098658, 53.311482], [-6.098432, 53.311742], [-6.097237, 53.312219], [-6.096596, 53.312395], [-6.095948, 53.312461]]}, "properties": {"route": null, "routes": [], "category": null, "colour": null, "route_colour": null, "pdf_colour": "#00a7e9", "stroke": "#00a7e9", "stroke-width": 2, "source": "pdf-future", "phase": "future"}}, {"type": "Feature", "geometry": {"type": "LineString", "coordinates": [[-6.113473, 53.37874], [-6.112953, 53.379047], [-6.110845, 53.378036], [-6.109975, 53.377767], [-6.108569, 53.377502], [-6.108044, 53.377067], [-6.107857, 53.376996], [-6.107278, 53.377022], [-6.105966, 53.377511], [-6.10577, 53.377519], [-6.105064, 53.376237], [-6.104824, 53.376072], [-6.099581, 53.373724], [-6.094629, 53.371905], [-6.094503, 53.371735], [-6.099578, 53.366992], [-6.101229, 53.365208], [-6.103728, 53.363498], [-6.104632, 53.36261], [-6.105077, 53.361939], [-6.105349, 53.361271], [-6.106303, 53.356411], [-6.106455, 53.356269], [-6.111161, 53.355536], [-6.113864, 53.355348], [-6.115559, 53.355497], [-6.122226, 53.356935], [-6.125146, 53.357347], [-6.1299, 53.357358], [-6.131563, 53.357067], [-6.132802, 53.35663], [-6.132892, 53.356451], [-6.132789, 53.356237], [-6.131328, 53.355213], [-6.130842, 53.354719], [-6.130606, 53.35423], [-6.130577, 53.353714], [-6.130768, 53.353172], [-6.132313, 53.350094], [-6.132258, 53.349684], [-6.134476, 53.344941], [-6.134692, 53.344187], [-6.134958, 53.3426], [-6.135249, 53.34205], [-6.135363, 53.341609], [-6.135806, 53.338384], [-6.135961, 53.338258], [-6.136215, 53.33823], [-6.140083, 53.338507], [-6.140161, 53.338441], [-6.140425, 53.337416], [-6.140409, 53.336781], [-6.13999, 53.335895], [-6.137466, 53.333784], [-6.136328, 53.33267], [-6.136132, 53.332299], [-6.135963, 53.332159], [-6.135644, 53.332074], [-6.135245, 53.332101], [-6.134394, 53.332262], [-6.133126, 53.332653], [-6.132809, 53.332595], [-6.131049, 53.330738], [-6.130199, 53.329536], [-6.129814, 53.328706], [-6.129629, 53.328066], [-6.129519, 53.326488], [-6.129419, 53.326111], [-6.129036, 53.325139], [-6.128324, 53.324323], [-6.127807, 53.323944], [-6.127063, 53.32358], [-6.123002, 53.322089], [-6.123014, 53.321954], [-6.123293, 53.321825], [-6.124143, 53.321653], [-6.124404, 53.321516], [-6.124765, 53.320333], [-6.12529, 53.31961], [-6.12499, 53.319414], [-6.124522, 53.318915], [-6.123726, 53.318439], [-6.123534, 53.318154], [-6.122573, 53.317584], [-6.121441, 53.316485], [-6.120946, 53.315722], [-6.120728, 53.315665], [-6.117089, 53.315671], [-6.115421, 53.315592], [-6.114788, 53.31546], [-6.113477, 53.314942], [-6.112892, 53.314835], [-6.110393, 53.313671], [-6.106426, 53.311326], [-6.103885, 53.31007], [-6.103535, 53.310107], [-6.102625, 53.31068], [-6.101663, 53.311077], [-6.100303, 53.31142], [-6.09882, 53.311604], [-6.098571, 53.311861], [-6.097304, 53.312361], [-6.096633, 53.312534], [-6.095981, 53.312597]]}, "properties": {"route": null, "routes": [], "category": null, "colour": null, "route_colour": null, "pdf_colour": "#009bdf", "stroke": "#009bdf", "stroke-width": 2, "source": "pdf-future", "phase": "future"}}, {"type": "Feature", "geometry": {"type": "LineString", "coordinates": [[-6.011604, 53.316944], [-6.013092, 53.317346], [-6.019033, 53.318308], [-6.019234, 53.318252], [-6.019529, 53.31791], [-6.019942, 53.317686], [-6.024192, 53.31623], [-6.02512, 53.316063], [-6.026103, 53.316094], [-6.028144, 53.316429], [-6.031309, 53.317337], [-6.034336, 53.317905], [-6.036574, 53.319009], [-6.03705, 53.319376], [-6.037287, 53.319697], [-6.038294, 53.319869], [-6.039265, 53.319825], [-6.041051, 53.319341], [-6.044373, 53.318974], [-6.045234, 53.318724], [-6.046644, 53.318145], [-6.048532, 53.317722], [-6.051608, 53.317624], [-6.05221, 53.317539], [-6.053023, 53.317236], [-6.054889, 53.316024], [-6.057942, 53.314711], [-6.058888, 53.314527], [-6.060824, 53.314552], [-6.061701, 53.314426], [-6.063357, 53.31378], [-6.067512, 53.31265], [-6.069271, 53.311912], [-6.071796, 53.311293], [-6.072643, 53.31087], [-6.073628, 53.309828], [-6.07491, 53.309343], [-6.075622, 53.308969], [-6.076218, 53.30812], [-6.076825, 53.307456], [-6.079045, 53.306547], [-6.080019, 53.306016], [-6.080305, 53.305947], [-6.080784, 53.306038], [-6.082108, 53.306521], [-6.08318, 53.307186], [-6.083562, 53.307657], [-6.084096, 53.308715], [-6.084456, 53.308984], [-6.085247, 53.310716], [-6.085516, 53.311151], [-6.086633, 53.312275], [-6.087164, 53.313146], [-6.087485, 53.313508], [-6.088944, 53.314447], [-6.089469, 53.314457], [-6.090597, 53.314204], [-6.090933, 53.314224], [-6.091207, 53.314395], [-6.091529, 53.3151], [-6.092493, 53.314932], [-6.094317, 53.314455], [-6.095495, 53.314259], [-6.095149, 53.313561], [-6.094979, 53.312945]]}, "properties": {"route": null, "routes": [], "category": null, "colour": null, "route_colour": null, "pdf_colour": "#009bdf", "stroke": "#009bdf", "stroke-width": 2, "source": "pdf-future", "phase": "future"}}, {"type": "Feature", "geometry": {"type": "LineString", "coordinates": [[-6.131883, 53.34525], [-6.133773, 53.345528], [-6.134011, 53.34545], [-6.13441, 53.344351], [-6.134723, 53.342554], [-6.134992, 53.342108], [-6.135116, 53.341613], [-6.135368, 53.339522], [-6.135556, 53.338357], [-6.135646, 53.338239], [-6.136111, 53.338093], [-6.139464, 53.33834], [-6.139632, 53.338262], [-6.139904, 53.337021], [-6.139826, 53.336651], [-6.139538, 53.336038], [-6.139513, 53.335763], [-6.137472, 53.334068], [-6.135886, 53.332499], [-6.134813, 53.33264], [-6.133092, 53.33317], [-6.131831, 53.333434], [-6.128553, 53.333801], [-6.127894, 53.333707], [-6.12424, 53.334086], [-6.122675, 53.334282], [-6.121037, 53.334608], [-6.118274, 53.335418], [-6.117508, 53.336089], [-6.116671, 53.336247], [-6.113635, 53.337599], [-6.111905, 53.33811], [-6.1106, 53.33837], [-6.108501, 53.338536], [-6.103485, 53.338458]]}, "properties": {"route": null, "routes": [], "category": null, "colour": null, "route_colour": null, "pdf_colour": "#ed1c24", "stroke": "#ed1c24", "stroke-width": 2, "source": "pdf-future", "phase": "future"}}, {"type": "Feature", "geometry": {"type": "LineString", "coordinates": [[-6.147707, 53.339386], [-6.147898, 53.339287], [-6.148069, 53.339401], [-6.147859, 53.339488], [-6.147707, 53.339386], [-6.147319, 53.339402], [-6.146352, 53.339189], [-6.146166, 53.339064], [-6.146087, 53.33873], [-6.145964, 53.338667], [-6.139918, 53.338371], [-6.140176, 53.337051], [-6.139844, 53.336071], [-6.13998, 53.335994], [-6.141779, 53.335826], [-6.144692, 53.3361], [-6.14599, 53.336119], [-6.147692, 53.335316], [-6.149985, 53.334426], [-6.150614, 53.334036], [-6.150729, 53.33393], [-6.150691, 53.333864], [-6.148894, 53.333439], [-6.14781, 53.333516], [-6.147079, 53.333441], [-6.145444, 53.332667], [-6.144977, 53.332533], [-6.142404, 53.332428], [-6.13948, 53.332097], [-6.13535, 53.332357], [-6.134577, 53.332504], [-6.132125, 53.333196], [-6.12861, 53.33361], [-6.128517, 53.3337], [-6.128664, 53.333974], [-6.129252, 53.334689], [-6.129803, 53.335029], [-6.130976, 53.335572], [-6.131201, 53.335826], [-6.131279, 53.336105], [-6.131176, 53.336583], [-6.130038, 53.339139], [-6.129864, 53.339209], [-6.129058, 53.339172], [-6.124929, 53.33855], [-6.122813, 53.338571], [-6.121848, 53.338502], [-6.121814, 53.338406], [-6.122368, 53.337305], [-6.122504, 53.336804], [-6.122363, 53.336303], [-6.121907, 53.335848], [-6.120353, 53.335006], [-6.119118, 53.335274], [-6.118329, 53.334983], [-6.118155, 53.334044], [-6.118002, 53.333665], [-6.116919, 53.332529], [-6.116524, 53.332304], [-6.115464, 53.331939], [-6.112578, 53.331436], [-6.111542, 53.331092], [-6.111368, 53.331168], [-6.110795, 53.332443], [-6.110726, 53.333357], [-6.110968, 53.334327], [-6.110913, 53.334439], [-6.109348, 53.334714], [-6.108968, 53.335118], [-6.108968, 53.335685], [-6.108525, 53.336053], [-6.106697, 53.336702], [-6.104092, 53.337772], [-6.103947, 53.337908], [-6.104083, 53.338222], [-6.104001, 53.338341], [-6.10321, 53.33835]]}, "properties": {"route": null, "routes": [], "category": null, "colour": null, "route_colour": null, "pdf_colour": "#ed1c24", "stroke": "#ed1c24", "stroke-width": 2, "source": "pdf-future", "phase": "future"}}, {"type": "Feature", "geometry": {"type": "LineString", "coordinates": [[-6.048081, 53.328632], [-6.049782, 53.327633], [-6.050162, 53.327304], [-6.048775, 53.325427], [-6.047738, 53.324301], [-6.047368, 53.323466], [-6.047395, 53.323357], [-6.049518, 53.322518], [-6.051094, 53.322108], [-6.053193, 53.322678], [-6.053587, 53.322604], [-6.053875, 53.322263], [-6.053964, 53.321937], [-6.053297, 53.319139], [-6.053565, 53.318728], [-6.053129, 53.31746], [-6.054933, 53.316232], [-6.055603, 53.315935], [-6.056555, 53.315724], [-6.058443, 53.314955], [-6.059188, 53.31485], [-6.060856, 53.314889], [-6.061771, 53.314785], [-6.062479, 53.31458], [-6.063625, 53.314095], [-6.066993, 53.313126], [-6.067049, 53.31289], [-6.066285, 53.311857], [-6.066041, 53.311021], [-6.066102, 53.310323], [-6.066596, 53.308995], [-6.06657, 53.308178], [-6.067584, 53.308333], [-6.068698, 53.308222], [-6.069669, 53.307903], [-6.070473, 53.307206], [-6.070797, 53.307039], [-6.074151, 53.306558], [-6.074746, 53.306576], [-6.075292, 53.306716], [-6.075653, 53.306906], [-6.076256, 53.30739], [-6.076491, 53.307428], [-6.078885, 53.306439], [-6.079875, 53.305901], [-6.080273, 53.305811], [-6.080805, 53.305894], [-6.081886, 53.30627], [-6.083104, 53.306861], [-6.083992, 53.30671], [-6.093378, 53.306994], [-6.093571, 53.307102], [-6.095065, 53.311216], [-6.09502, 53.311591], [-6.09508, 53.312184]]}, "properties": {"route": null, "routes": [], "category": null, "colour": null, "route_colour": null, "pdf_colour": "#ed1c24", "stroke": "#ed1c24", "stroke-width": 2, "source": "pdf-future", "phase": "future"}}, {"type": "Feature", "geometry": {"type": "LineString", "coordinates": [[-6.2413, 53.364488], [-6.239962, 53.367357], [-6.239858, 53.367732], [-6.23986, 53.368303], [-6.240044, 53.368869], [-6.240551, 53.36959], [-6.241117, 53.370086], [-6.2423, 53.370862], [-6.242391, 53.370972], [-6.242331, 53.371077], [-6.241099, 53.371424], [-6.240266, 53.371326], [-6.236933, 53.371337], [-6.233844, 53.370994], [-6.231211, 53.370956], [-6.23011, 53.370783], [-6.228262, 53.370306], [-6.223732, 53.369783], [-6.220563, 53.369121], [-6.210679, 53.368059], [-6.204153, 53.366975], [-6.201429, 53.366718], [-6.199218, 53.366265], [-6.196417, 53.365829], [-6.189866, 53.364331], [-6.184484, 53.363217], [-6.180905, 53.362166], [-6.178297, 53.361827], [-6.177813, 53.361627], [-6.177543, 53.361402], [-6.177455, 53.361154], [-6.177537, 53.360621], [-6.177499, 53.360357], [-6.177271, 53.36008], [-6.176971, 53.359917], [-6.174371, 53.36043], [-6.173182, 53.360459], [-6.17298, 53.360298], [-6.173065, 53.359518], [-6.172792, 53.359337], [-6.165466, 53.357556], [-6.161283, 53.356651]]}, "properties": {"route": "20", "routes": ["20", "21", "73", "78", "N2"], "category": "radial", "colour": "#9467bd", "route_colour": "#98df8a", "pdf_colour": "#ed1c24", "stroke": "#98df8a", "stroke-width": 2, "source": "pdf-future", "phase": "future"}}, {"type": "Feature", "geometry": {"type": "LineString", "coordinates": [[-6.24202, 53.370241], [-6.24122, 53.36971], [-6.240661, 53.369052], [-6.240392, 53.368351], [-6.240418, 53.367446], [-6.235278, 53.364062], [-6.234385, 53.363755], [-6.228711, 53.362321], [-6.225273, 53.362145], [-6.22512, 53.362009], [-6.224973, 53.360622], [-6.22125, 53.360086], [-6.219905, 53.359732], [-6.219007, 53.35932], [-6.216121, 53.357723], [-6.214354, 53.356876], [-6.213142, 53.356401], [-6.212665, 53.356123], [-6.212195, 53.355685], [-6.211886, 53.355161], [-6.211786, 53.354725], [-6.21178, 53.353727], [-6.211537, 53.353222], [-6.210891, 53.352624], [-6.2087, 53.351012], [-6.207975, 53.350079], [-6.207839, 53.349488], [-6.208127, 53.348522], [-6.208045, 53.34821], [-6.207711, 53.347971], [-6.205653, 53.346992], [-6.204605, 53.346359], [-6.204599, 53.346164], [-6.205809, 53.344649], [-6.205727, 53.344534], [-6.205045, 53.344244], [-6.177297, 53.349849], [-6.176143, 53.35016], [-6.174954, 53.350661], [-6.165962, 53.355096], [-6.16549, 53.355481], [-6.165257, 53.355835], [-6.165186, 53.35616], [-6.165352, 53.357401], [-6.165284, 53.357481], [-6.165086, 53.357474]]}, "properties": {"route": "73", "routes": ["73", "97", "N2"], "category": "radial", "colour": "#9467bd", "route_colour": "#aec7e8", "pdf_colour": "#ed1c24", "stroke": "#aec7e8", "stroke-width": 2, "source": "pdf-future", "phase": "future"}}, {"type": "Feature", "geometry": {"type": "LineString", "coordinates": [[-6.114356, 53.378559], [-6.114916, 53.378161], [-6.115135, 53.378094], [-6.118207, 53.378275], [-6.118337, 53.378385], [-6.118353, 53.378603], [-6.11909, 53.379057], [-6.119377, 53.379469], [-6.119456, 53.379932], [-6.119171, 53.380705], [-6.119136, 53.381016], [-6.119301, 53.3814], [-6.119689, 53.381726], [-6.120278, 53.38197], [-6.123216, 53.38271], [-6.125102, 53.383363], [-6.12611, 53.383477], [-6.127128, 53.383343], [-6.128109, 53.382913], [-6.128859, 53.382204], [-6.131124, 53.379233], [-6.131341, 53.378653], [-6.131358, 53.377979], [-6.131189, 53.37762], [-6.130836, 53.377334], [-6.129853, 53.377007], [-6.127095, 53.37674], [-6.125045, 53.37696], [-6.124761, 53.376884], [-6.124663, 53.376446], [-6.124774, 53.375663], [-6.125379, 53.374248], [-6.125259, 53.373765], [-6.124784, 53.372719], [-6.12466, 53.372215], [-6.124699, 53.372093], [-6.125051, 53.371978], [-6.127242, 53.372152], [-6.13234, 53.372351], [-6.133425, 53.372197], [-6.136518, 53.372787], [-6.136717, 53.372875], [-6.136806, 53.373026], [-6.136731, 53.373976], [-6.13706, 53.374197], [-6.138158, 53.374674], [-6.139591, 53.376784], [-6.139718, 53.37789], [-6.139678, 53.378474], [-6.139126, 53.379301], [-6.138345, 53.379974], [-6.138253, 53.380199], [-6.138332, 53.380494], [-6.138547, 53.380704], [-6.139459, 53.381111], [-6.14215, 53.382855], [-6.142889, 53.383494], [-6.14363, 53.383989], [-6.143537, 53.384229], [-6.141765, 53.385901], [-6.140987, 53.386279], [-6.140265, 53.386468]]}, "properties": {"route": "H2", "routes": ["H2"], "category": "spine", "colour": "#d62728", "route_colour": "#f032e6", "pdf_colour": "#ed1c24", "stroke": "#f032e6", "stroke-width": 2, "source": "pdf-future", "phase": "future"}}, {"type": "Feature", "geometry": {"type": "LineString", "coordinates": [[-6.111608, 53.355047], [-6.113841, 53.3538], [-6.11886, 53.353886], [-6.119062, 53.353813], [-6.119198, 53.352336], [-6.120668, 53.346786], [-6.120705, 53.345619], [-6.120469, 53.344351], [-6.119422, 53.344159], [-6.11765, 53.343124], [-6.115927, 53.342402], [-6.115644, 53.342393], [-6.115374, 53.342602], [-6.115124, 53.342965], [-6.115008, 53.34333], [-6.115099, 53.345247], [-6.114498, 53.347566], [-6.114444, 53.34949], [-6.114321, 53.35027], [-6.114252, 53.350311], [-6.109504, 53.350162], [-6.109006, 53.350258], [-6.106541, 53.350066], [-6.105657, 53.349886], [-6.103807, 53.349137], [-6.103241, 53.349033], [-6.102616, 53.349027], [-6.102196, 53.348743], [-6.10179, 53.348592], [-6.100086, 53.348241], [-6.096965, 53.347869], [-6.089966, 53.347379]]}, "properties": {"route": null, "routes": [], "category": null, "colour": null, "route_colour": null, "pdf_colour": "#ed1c24", "stroke": "#ed1c24", "stroke-width": 2, "source": "pdf-future", "phase": "future"}}, {"type": "Feature", "geometry": {"type": "LineString", "coordinates": [[-6.032338, 53.347463], [-6.032543, 53.347293], [-6.034111, 53.347513], [-6.036458, 53.347374], [-6.039099, 53.347736], [-6.041676, 53.347884], [-6.043067, 53.347833], [-6.044055, 53.347723], [-6.044541, 53.34739], [-6.045866, 53.347107], [-6.047438, 53.346956], [-6.04893, 53.346623], [-6.052471, 53.346143], [-6.056292, 53.346028], [-6.058779, 53.346093], [-6.061425, 53.345699], [-6.063392, 53.345282], [-6.063808, 53.345342], [-6.063952, 53.345534], [-6.063535, 53.346208], [-6.063048, 53.346527], [-6.063082, 53.346641], [-6.065819, 53.34657], [-6.067168, 53.346856], [-6.07019, 53.347076], [-6.073239, 53.347651], [-6.073963, 53.347659], [-6.074668, 53.347562], [-6.076371, 53.346934], [-6.077452, 53.346769], [-6.078265, 53.34682], [-6.080094, 53.347151], [-6.084697, 53.346969], [-6.08998, 53.347338]]}, "properties": {"route": null, "routes": [], "category": null, "colour": null, "route_colour": null, "pdf_colour": "#ed1c24", "stroke": "#ed1c24", "stroke-width": 2, "source": "pdf-future", "phase": "future"}}, {"type": "Feature", "geometry": {"type": "LineString", "coordinates": [[-6.015596, 53.347864], [-6.015961, 53.348056], [-6.016536, 53.348787], [-6.017287, 53.349067], [-6.020456, 53.3493], [-6.02272, 53.349351], [-6.022993, 53.349586], [-6.023301, 53.350449], [-6.023638, 53.350572], [-6.027712, 53.349678], [-6.032875, 53.349162], [-6.034548, 53.349264], [-6.038714, 53.349922], [-6.043823, 53.350144], [-6.045382, 53.350286], [-6.045676, 53.350149], [-6.045551, 53.349642], [-6.045671, 53.349504], [-6.045875, 53.349436], [-6.049616, 53.349128], [-6.052362, 53.348721], [-6.053122, 53.348548], [-6.055311, 53.34781], [-6.056873, 53.34777], [-6.062141, 53.347393], [-6.063476, 53.34739], [-6.064573, 53.347502], [-6.07082, 53.348618], [-6.072097, 53.348773], [-6.073196, 53.348751], [-6.07605, 53.348392], [-6.078789, 53.34846], [-6.079988, 53.348627], [-6.081009, 53.349022], [-6.081616, 53.349486], [-6.082853, 53.350734], [-6.083744, 53.351299], [-6.084886, 53.351647], [-6.087001, 53.351939], [-6.087724, 53.352111], [-6.088424, 53.352445], [-6.089427, 53.353171], [-6.090216, 53.353497], [-6.090863, 53.353627], [-6.092978, 53.353751], [-6.094798, 53.353997], [-6.102302, 53.35561], [-6.103137, 53.3557], [-6.104174, 53.35569], [-6.106588, 53.35539], [-6.109206, 53.355533], [-6.112574, 53.355182], [-6.114541, 53.35517], [-6.116124, 53.355393], [-6.122651, 53.356804], [-6.125254, 53.35715], [-6.128589, 53.357199], [-6.12991, 53.357148], [-6.131576, 53.356836], [-6.132796, 53.35646], [-6.132993, 53.356546], [-6.133412, 53.356945], [-6.133763, 53.357486], [-6.133665, 53.35753], [-6.132245, 53.357333], [-6.130854, 53.356983]]}, "properties": {"route": null, "routes": [], "category": null, "colour": null, "route_colour": null, "pdf_colour": "#ed1c24", "stroke": "#ed1c24", "stroke-width": 2, "source": "pdf-future", "phase": "future"}}, {"type": "Feature", "geometry": {"type": "LineString", "coordinates": [[-6.066324, 53.336014], [-6.068664, 53.335823], [-6.075257, 53.335677], [-6.075513, 53.335792], [-6.075781, 53.336362], [-6.07649, 53.337198], [-6.076963, 53.33735], [-6.078578, 53.336946], [-6.08278, 53.33549], [-6.08311, 53.335452], [-6.086278, 53.336777], [-6.088078, 53.337209], [-6.0947, 53.337959], [-6.098242, 53.338465], [-6.099456, 53.338473], [-6.10082, 53.338336], [-6.103644, 53.338416]]}, "properties": {"route": null, "routes": [], "category": null, "colour": null, "route_colour": null, "pdf_colour": "#ed1c24", "stroke": "#ed1c24", "stroke-width": 2, "source": "pdf-future", "phase": "future"}}, {"type": "Feature", "geometry": {"type": "LineString", "coordinates": [[-6.113582, 53.37875], [-6.114887, 53.377933], [-6.117743, 53.378053], [-6.118307, 53.377886], [-6.118833, 53.376947], [-6.119833, 53.373977], [-6.119982, 53.373695], [-6.120252, 53.373614], [-6.12141, 53.373757], [-6.137703, 53.376574], [-6.14257, 53.377157], [-6.147174, 53.378151], [-6.148382, 53.37848], [-6.148439, 53.378611], [-6.148232, 53.379099], [-6.147585, 53.37972], [-6.14719, 53.380229], [-6.146878, 53.381707], [-6.144881, 53.382581], [-6.144443, 53.382915], [-6.143885, 53.383558]]}, "properties": {"route": null, "routes": [], "category": null, "colour": null, "route_colour": null, "pdf_colour": "#ed1c24", "stroke": "#ed1c24", "stroke-width": 2, "source": "pdf-future", "phase": "future"}}, {"type": "Feature", "geometry": {"type": "LineString", "coordinates": [[-6.096828, 53.397088], [-6.097261, 53.39719], [-6.09758, 53.397177], [-6.09776, 53.397091], [-6.097989, 53.396782], [-6.099069, 53.396409], [-6.101607, 53.395752], [-6.102186, 53.395815], [-6.102595, 53.395674], [-6.105794, 53.396123], [-6.106798, 53.396324], [-6.107389, 53.39655], [-6.107758, 53.396541], [-6.108062, 53.396371], [-6.107899, 53.395913], [-6.108385, 53.395111], [-6.108886, 53.394567], [-6.10946, 53.394137], [-6.110776, 53.39424], [-6.11123, 53.394568], [-6.111293, 53.394983], [-6.111456, 53.395117], [-6.112528, 53.395409], [-6.11332, 53.39541], [-6.114979, 53.396019], [-6.115402, 53.395951], [-6.116058, 53.395501], [-6.116897, 53.395084], [-6.117, 53.394905], [-6.116976, 53.394769], [-6.116577, 53.394539], [-6.114567, 53.39452], [-6.114158, 53.394437], [-6.113692, 53.393879], [-6.112261, 53.393396], [-6.11204, 53.393208], [-6.111679, 53.392638], [-6.110692, 53.392173], [-6.111275, 53.391559], [-6.112176, 53.390918], [-6.112831, 53.390233], [-6.11373, 53.389167], [-6.114052, 53.388497], [-6.115165, 53.387285], [-6.116184, 53.385871], [-6.115815, 53.385567], [-6.11312, 53.384276], [-6.112245, 53.383512], [-6.111647, 53.383218], [-6.11046, 53.382806], [-6.109659, 53.382272], [-6.111839, 53.381742], [-6.113061, 53.381348], [-6.116229, 53.379549], [-6.117489, 53.378707], [-6.115558, 53.3786], [-6.114663, 53.379194]]}, "properties": {"route": "6", "routes": ["6"], "category": "radial", "colour": "#9467bd", "route_colour": "#2ca02c", "pdf_colour": "#ed1c24", "stroke": "#2ca02c", "stroke-width": 2, "source": "pdf-future", "phase": "future"}}, {"type": "Feature", "geometry": {"type": "LineString", "coordinates": [[-6.096454, 53.320591], [-6.097598, 53.319818], [-6.09845, 53.319458], [-6.105513, 53.3178], [-6.119363, 53.314868], [-6.123171, 53.313956], [-6.124332, 53.313438], [-6.125587, 53.312204], [-6.126489, 53.311682], [-6.127146, 53.311465], [-6.128949, 53.311309], [-6.132032, 53.311219], [-6.132518, 53.311278], [-6.13303, 53.311539], [-6.136046, 53.311713]]}, "properties": {"route": null, "routes": [], "category": null, "colour": null, "route_colour": null, "pdf_colour": "#ef3b2c", "stroke": "#ef3b2c", "stroke-width": 2, "source": "pdf-future", "phase": "future"}}, {"type": "Feature", "geometry": {"type": "LineString", "coordinates": [[-5.980751, 53.275744], [-5.979447, 53.276204], [-5.976847, 53.277392], [-5.976525, 53.277825], [-5.976475, 53.2783], [-5.976603, 53.278738], [-5.976967, 53.279148], [-5.977478, 53.279527], [-5.978874, 53.280029], [-5.984202, 53.280523], [-5.989533, 53.281765], [-5.993359, 53.281903], [-5.994713, 53.28214], [-5.99744, 53.282841], [-5.998637, 53.283304], [-6.001343, 53.284614], [-6.002482, 53.284947], [-6.00463, 53.285053], [-6.011961, 53.286438], [-6.016853, 53.287007], [-6.025013, 53.287067], [-6.02786, 53.286931], [-6.029051, 53.287016], [-6.03097, 53.287426], [-6.034913, 53.289003], [-6.036899, 53.289663], [-6.04008, 53.290372], [-6.041234, 53.290492], [-6.042959, 53.290446], [-6.048364, 53.289886], [-6.050485, 53.28955], [-6.056477, 53.288115], [-6.057275, 53.288018], [-6.058406, 53.288035], [-6.059825, 53.288217], [-6.07366, 53.290661], [-6.073925, 53.290655], [-6.078962, 53.291609], [-6.080042, 53.291639], [-6.081614, 53.291394], [-6.082389, 53.291195], [-6.083313, 53.290774], [-6.083999, 53.290355], [-6.084986, 53.289641], [-6.089556, 53.285537], [-6.089901, 53.285309], [-6.090892, 53.284947], [-6.091974, 53.28475], [-6.093338, 53.284717], [-6.094318, 53.284831], [-6.096966, 53.285494], [-6.098799, 53.285813], [-6.106028, 53.286383], [-6.112622, 53.287021], [-6.113829, 53.286902], [-6.114745, 53.28661], [-6.115426, 53.286119], [-6.116134, 53.285068], [-6.116792, 53.284394], [-6.117728, 53.283938], [-6.118685, 53.283753], [-6.11933, 53.283725], [-6.120403, 53.283818], [-6.124702, 53.284473], [-6.12573, 53.284801], [-6.127527, 53.285677], [-6.129024, 53.286148], [-6.130074, 53.286357], [-6.136158, 53.287362], [-6.143728, 53.28822], [-6.152847, 53.289191], [-6.154242, 53.289278], [-6.156129, 53.289167], [-6.161451, 53.288295]]}, "properties": {"route": "B4", "routes": ["B4", "L33"], "category": "spine", "colour": "#d62728", "route_colour": "#3cb44b", "pdf_colour": "#009bdf", "stroke": "#3cb44b", "stroke-width": 2, "source": "pdf-future", "phase": "future"}}, {"type": "Feature", "geometry": {"type": "LineString", "coordinates": [[-6.086336, 53.277686], [-6.086313, 53.277938], [-6.086494, 53.278365], [-6.086412, 53.278517], [-6.084433, 53.278893], [-6.084729, 53.279631], [-6.084974, 53.279799], [-6.085374, 53.279882], [-6.086694, 53.279663], [-6.087574, 53.279718], [-6.08833, 53.279856], [-6.089227, 53.280228], [-6.08968, 53.280563], [-6.089628, 53.281261], [-6.089736, 53.281711], [-6.09047, 53.282601], [-6.090559, 53.283709], [-6.090501, 53.284117], [-6.090667, 53.284608], [-6.089087, 53.285697], [-6.088899, 53.285738], [-6.087301, 53.285589], [-6.084629, 53.285761], [-6.083621, 53.285897], [-6.082928, 53.286283], [-6.081653, 53.286354], [-6.08162, 53.286425], [-6.082144, 53.28744], [-6.082201, 53.288132], [-6.082148, 53.288691], [-6.081945, 53.289512], [-6.081696, 53.290143], [-6.081531, 53.290254], [-6.079209, 53.28995], [-6.07718, 53.289253], [-6.076514, 53.289195], [-6.075147, 53.289266], [-6.073349, 53.289026], [-6.07314, 53.289149], [-6.073646, 53.290796], [-6.073132, 53.290971], [-6.063336, 53.290596], [-6.063257, 53.290663], [-6.062933, 53.291786], [-6.062346, 53.292346], [-6.061536, 53.294765], [-6.061229, 53.295321], [-6.061063, 53.295384], [-6.058386, 53.295294], [-6.057261, 53.296006], [-6.05728, 53.296246]]}, "properties": {"route": null, "routes": [], "category": null, "colour": null, "route_colour": null, "pdf_colour": "#66ae3e", "stroke": "#66ae3e", "stroke-width": 2, "source": "pdf-future", "phase": "future"}}, {"type": "Feature", "geometry": {"type": "LineString", "coordinates": [[-6.058598, 53.296237], [-6.059133, 53.29594], [-6.061312, 53.296058], [-6.061358, 53.296207], [-6.061924, 53.29652], [-6.062166, 53.296822], [-6.062221, 53.297228], [-6.061997, 53.297817], [-6.061966, 53.298109], [-6.062067, 53.298381], [-6.062291, 53.298623], [-6.062908, 53.298935], [-6.065315, 53.299544], [-6.066669, 53.300033], [-6.067541, 53.300188], [-6.068626, 53.300147], [-6.06969, 53.300788], [-6.071335, 53.301125], [-6.073406, 53.301121], [-6.075449, 53.300931], [-6.076485, 53.301067], [-6.077351, 53.301306], [-6.078217, 53.301769], [-6.078813, 53.302387], [-6.078795, 53.302481], [-6.07822, 53.302872], [-6.077945, 53.303288], [-6.078835, 53.303617], [-6.082886, 53.304315], [-6.086043, 53.304457], [-6.08732, 53.305064], [-6.088058, 53.305305], [-6.089028, 53.306028], [-6.089934, 53.306547], [-6.091554, 53.306654], [-6.094504, 53.307068], [-6.096524, 53.307124], [-6.098086, 53.307258], [-6.101507, 53.308174], [-6.103773, 53.308928], [-6.105456, 53.310023], [-6.106041, 53.310297], [-6.109997, 53.311304]]}, "properties": {"route": null, "routes": [], "category": null, "colour": null, "route_colour": null, "pdf_colour": "#66ae3e", "stroke": "#66ae3e", "stroke-width": 2, "source": "pdf-future", "phase": "future"}}, {"type": "Feature", "geometry": {"type": "LineString", "coordinates": [[-6.025249, 53.285242], [-6.025447, 53.285244], [-6.026164, 53.284842], [-6.027927, 53.285026], [-6.03384, 53.28426], [-6.036373, 53.284868], [-6.037836, 53.284982], [-6.040168, 53.285438], [-6.041538, 53.28594], [-6.041833, 53.286266], [-6.04212, 53.286907], [-6.042431, 53.287267], [-6.043658, 53.288136], [-6.044062, 53.288689], [-6.044381, 53.28898], [-6.045387, 53.289523], [-6.046628, 53.288798], [-6.048345, 53.288341], [-6.049484, 53.28769], [-6.050024, 53.287766], [-6.050927, 53.288292], [-6.051336, 53.288195], [-6.051732, 53.287976], [-6.05207, 53.287662], [-6.052206, 53.287403], [-6.052225, 53.287003], [-6.052316, 53.286946], [-6.056371, 53.287057], [-6.056383, 53.286968], [-6.055073, 53.285703], [-6.054771, 53.285308], [-6.054544, 53.284492], [-6.054538, 53.284325], [-6.054644, 53.284249], [-6.055701, 53.284242], [-6.05685, 53.284388], [-6.059965, 53.285303], [-6.060616, 53.285581], [-6.061933, 53.28637], [-6.064043, 53.287206], [-6.064268, 53.287376], [-6.063185, 53.288118], [-6.06288, 53.288461], [-6.062741, 53.288747], [-6.062691, 53.289104], [-6.062763, 53.289458], [-6.063377, 53.290344], [-6.063452, 53.29065], [-6.062991, 53.292281], [-6.06217, 53.294663], [-6.061796, 53.295449], [-6.061338, 53.295933], [-6.059036, 53.295834], [-6.058499, 53.296144]]}, "properties": {"route": null, "routes": [], "category": null, "colour": null, "route_colour": null, "pdf_colour": "#662484", "stroke": "#662484", "stroke-width": 2, "source": "pdf-future", "phase": "future"}}, {"type": "Feature", "geometry": {"type": "LineString", "coordinates": [[-6.025144, 53.285208], [-6.036015, 53.288435], [-6.039375, 53.289571], [-6.039519, 53.289538], [-6.039635, 53.2894], [-6.039719, 53.289062], [-6.039238, 53.285404], [-6.039424, 53.285332], [-6.040222, 53.285455], [-6.04148, 53.285895], [-6.04181, 53.28624], [-6.04207, 53.286836], [-6.042326, 53.287164], [-6.04287, 53.28763], [-6.043654, 53.288129], [-6.044039, 53.288663], [-6.044351, 53.288953], [-6.045404, 53.289583], [-6.045975, 53.290193], [-6.046871, 53.291365], [-6.046755, 53.291424], [-6.046034, 53.291347], [-6.045604, 53.291441], [-6.045028, 53.291829], [-6.044742, 53.292275], [-6.044809, 53.292426], [-6.045289, 53.292752], [-6.04684, 53.293541], [-6.045875, 53.294453], [-6.045922, 53.294649], [-6.046217, 53.294885], [-6.046262, 53.29512], [-6.047, 53.295193], [-6.049672, 53.295089], [-6.050365, 53.295243], [-6.05104, 53.295591], [-6.049438, 53.296655], [-6.049837, 53.296855], [-6.0499, 53.296978], [-6.049856, 53.297067], [-6.048772, 53.297566], [-6.047672, 53.298405], [-6.047751, 53.298594], [-6.047998, 53.298745], [-6.05008, 53.29933], [-6.053174, 53.298461], [-6.053718, 53.298485], [-6.054383, 53.298804], [-6.05688, 53.298166], [-6.05985, 53.296466], [-6.059514, 53.296439], [-6.058887, 53.29685], [-6.058243, 53.296786]]}, "properties": {"route": null, "routes": [], "category": null, "colour": null, "route_colour": null, "pdf_colour": "#662484", "stroke": "#662484", "stroke-width": 2, "source": "pdf-future", "phase": "future"}}]}