{"type":"FeatureCollection", "features": [
{"type":"Feature","geometry":{"type":"LineString","coordinates":[[-6.156836533064384,53.389454352348835],[-6.155718063378811,53.389825590346526],[-6.153599443769871,53.39015748735133],[-6.15220044930569,53.39020164905913],[-6.139587416303554,53.38973298603944],[-6.138213214385796,53.389716945621885],[-6.135461650290901,53.38958914669158],[-6.134166714186661,53.38959143028372],[-6.117843520285133,53.390183335458374],[-6.116841955006916,53.39017995190672],[-6.095483241586831,53.389643996162555],[-6.091697115436394,53.38951282066069],[-6.085360714673963,53.38910002306256],[-6.084134223418098,53.388990025595646],[-6.07369544453805,53.38752986034299]]},"properties":{"route":"6","routes":["6","H3","L81"],"category":"radial","colour":"#9467bd","route_colour":"#2ca02c","pdf_colour":"#7a4e9f","source":"pdf-future","phase":"future"}},
{"type":"Feature","geometry":{"type":"LineString","coordinates":[[-6.165464896542218,53.44689830466322],[-6.165471094013552,53.44655915590463],[-6.165472218577519,53.446474367909936],[-6.165473159006111,53.44638958062916],[-6.165474459029513,53.446220010281294],[-6.1654748044104934,53.44613522825015],[-6.165474937228441,53.44605044900482],[-6.165474850376442,53.4459656730633],[-6.165474536747581,53.445880900943536],[-6.165470872325235,53.445541861041704],[-6.165433373006403,53.44480299599837],[-6.165149156413799,53.4424014886491],[-6.1648348832184405,53.44094528560112],[-6.164403486375308,53.43949150060902],[-6.161989734388315,53.4334327773451],[-6.161021114597159,53.430865687340585],[-6.159033285084433,53.42537403263141],[-6.156753413728791,53.417604096324936],[-6.155801273261985,53.41463838778589],[-6.1532086324339765,53.40721234183831],[-6.152386626167012,53.404978002026326],[-6.151743924306234,53.40284973757742],[-6.151593521497494,53.401483951674315],[-6.151610190883523,53.4007017140832],[-6.152325955229445,53.396417143893515],[-6.1524521682157545,53.395836234690364],[-6.152633232677232,53.39521248086646],[-6.153170881024214,53.393976107466635],[-6.154077642792699,53.392543986785974],[-6.1548415481008245,53.3916490901277],[-6.155497263380049,53.39097907851964],[-6.157143910438364,53.38962992507948]]},"properties":{"route":"D1","routes":["D1","N6","X77"],"category":"spine","colour":"#d62728","route_colour":"#f58231","pdf_colour":"#7a4e9f","source":"pdf-future","phase":"future"}},
{"type":"Feature","geometry":{"type":"LineString","coordinates":[[-6.248680951540372,53.35150301613134],[-6.2484353040841185,53.35159069001095],[-6.246705171964527,53.35219517381712],[-6.246308954025652,53.35233247921585],[-6.246156058502141,53.352392849033656],[-6.246134744984906,53.352401883147984],[-6.246113566007542,53.352411016254045],[-6.246092522358304,53.35242024719453],[-6.2460508441972316,53.35243899794953],[-6.241059358239389,53.35472131658253],[-6.240430391212863,53.355565211911454],[-6.240333189490516,53.35649438099087],[-6.240584344741481,53.357348537510596],[-6.241293317351431,53.35814795060331],[-6.241837087827942,53.358606207482886],[-6.24229093839687,53.358889451132264],[-6.242836716562914,53.35917376780957],[-6.243995445994033,53.359604803433236],[-6.245017177526176,53.35986857752675],[-6.246155722408725,53.36003843208996],[-6.24823474743792,53.36021926443894],[-6.250225135792353,53.36044216094656],[-6.252956030455468,53.36067409920764],[-6.254749729762932,53.360755919875686],[-6.256215209449218,53.36096398998101],[-6.258035074940769,53.36138494579149],[-6.2597019589692895,53.36181282737492],[-6.264497153908042,53.36303355223834],[-6.265825017103931,53.36325741478746],[-6.268088638027442,53.363431702449724],[-6.270225861761374,53.36344035283163],[-6.272154726049952,53.36348573981795],[-6.272349914335263,53.36348919736643],[-6.272544541700595,53.36349363230158],[-6.272927495248127,53.363506703175545],[-6.273294349846163,53.36352749012713],[-6.275163723446066,53.363823029458715],[-6.279279302984352,53.364831073141644],[-6.281261711687584,53.365358306838566],[-6.283597937565135,53.366263297748716],[-6.288881297864185,53.3688193516751],[-6.290148061060277,53.36925994954594],[-6.291541732273412,53.36953677657189],[-6.292641283981864,53.36961049477901],[-6.294275263767655,53.36960346929708],[-6.295938087243453,53.3697794435196],[-6.301995271936246,53.370979715343424],[-6.302916990760775,53.37113835167457],[-6.307673889219269,53.37206289857744],[-6.309609980823046,53.37238122861464],[-6.3112935994296535,53.37262664250747],[-6.317809959108269,53.373380762534914],[-6.319159253854379,53.3734917952607],[-6.3216027826425565,53.3735985998618],[-6.332532829010194,53.37362180059586],[-6.335090479997455,53.3736081699856],[-6.339772048660409,53.37336747091102],[-6.341498607536573,53.373370225450024],[-6.344267788567935,53.373698291816986],[-6.3459621709604885,53.37408298536812],[-6.34763909551258,53.37464106474161],[-6.354417505747465,53.377388533325146],[-6.356258926124403,53.378078987410845],[-6.358293024612867,53.37867641956592],[-6.36268877399467,53.37970981886229],[-6.364504006769163,53.38006113755554],[-6.365686849284955,53.38021412247322],[-6.367205297288495,53.38031843025759],[-6.368253224838258,53.38031366161884],[-6.370125464098897,53.38020504869888],[-6.377219623093417,53.37946231853439],[-6.380676084246501,53.37911125204148],[-6.384817225572663,53.37845583205237],[-6.392411408646326,53.376597670520816],[-6.396514904985487,53.37565477956416],[-6.398073015745405,53.375464603641944],[-6.400279544039004,53.375499058805204],[-6.403050712072905,53.37585283629611],[-6.408754158425159,53.37685801485242],[-6.411955614453067,53.37739947791975],[-6.430059563622736,53.38062392235258],[-6.430577630834877,53.38061335500466],[-6.4330321559417,53.38113463705632],[-6.437914733693748,53.382006886079985],[-6.440410951136727,53.382474941527036],[-6.442519567035889,53.382533187942535],[-6.44476989686795,53.38220318581511],[-6.4461026866588975,53.38195104571753],[-6.447148786787223,53.38165168483453],[-6.448905491635472,53.380846665124864],[-6.450243899026363,53.38002766526684],[-6.4521710577816185,53.378633547336335],[-6.4563837225622605,53.37490219001811],[-6.459174699254565,53.37232770224372],[-6.461093088942393,53.370620750404484],[-6.4617669950155765,53.3701767068949],[-6.4637009476123986,53.36946942525671],[-6.465813431685756,53.36908527236982],[-6.4684751222431744,53.36902065983434],[-6.4703884018479005,53.36924345262543],[-6.4715168123793,53.3694906749873],[-6.4755587921243025,53.370537355738406],[-6.477280726964861,53.37087928418895],[-6.479136914671039,53.371161896057274],[-6.4819939889250495,53.371429694472845],[-6.486363452816131,53.37173254508357],[-6.493248994171367,53.37227352588291],[-6.504710841432137,53.37339811589575],[-6.5061225890180605,53.37351897516176],[-6.5073201464437895,53.373463358583194],[-6.508478128857237,53.37328552482318],[-6.5102684412227925,53.372715732623],[-6.511596820565987,53.371757835732105],[-6.512979449090152,53.36970540231712],[-6.513759423548184,53.368828484139485],[-6.514264831885727,53.36839078711968],[-6.5146199466143955,53.36819526857474],[-6.515433521807057,53.367752855357594],[-6.51690829775339,53.36729206186294],[-6.517960230309177,53.36713947450095],[-6.520131154500345,53.36711223225193],[-6.526534759221468,53.36800420222677],[-6.528703763499368,53.36834226361852],[-6.5297053523272615,53.36854531711134],[-6.530335724784417,53.3687175412345],[-6.531712583755211,53.36918552236721],[-6.535220302326123,53.37089492698217],[-6.536787160969216,53.37142600954563],[-6.538142551897584,53.37181584376501],[-6.540193388059362,53.37222171070824],[-6.545675207182629,53.3731975407305],[-6.552069903994595,53.37418453177106],[-6.556332282000598,53.37462030875834],[-6.560348813740394,53.375075091661664],[-6.565113136987483,53.37566355522579],[-6.575628988187268,53.37680727586682],[-6.580405673477036,53.37729297800489],[-6.584892322240642,53.37777831262167],[-6.5872738084449365,53.3779233824088],[-6.589401780318942,53.37789280474221],[-6.590876136553217,53.37773279283125],[-6.597252442304903,53.37676850374171],[-6.597927658101215,53.37666341860033],[-6.598264532377737,53.376609737966],[-6.598432735425843,53.37658255779484],[-6.59860076310537,53.376555129973184],[-6.598768600934962,53.37652743869013],[-6.598936234433263,53.376499468134824],[-6.599103649118916,53.37647120249636],[-6.599270830510566,53.376442625963875],[-6.599437764126856,53.37641372272648],[-6.5996044354864285,53.3763844769733],[-6.599985827333157,53.376315747288075],[-6.601447785286924,53.37600595993727]]},"properties":{"route":"35","routes":["35","36","57","58","86","87","C3","L52","L54","L58","L59","L62"],"category":"radial","colour":"#9467bd","route_colour":"#bcbd22","pdf_colour":"#009bdf","source":"pdf-future","phase":"future"}},
{"type":"Feature","geometry":{"type":"LineString","coordinates":[[-6.078531039777534,53.208996800285604],[-6.07875675378447,53.209268299836054],[-6.078933606145572,53.20947869871717],[-6.079073181560419,53.20964226565327],[-6.079655250558478,53.210291398213485],[-6.08129555018945,53.21206828070931],[-6.083646619807413,53.21494423475353],[-6.083944439320086,53.21529600680004],[-6.084095152327161,53.21547149972518],[-6.084246867806476,53.215646770625405],[-6.084552707097064,53.21599676647257],[-6.085632706124734,53.2172191726168],[-6.0867541034804,53.21851997427125],[-6.087492639276414,53.219488160926545],[-6.090326070584622,53.22377819129132],[-6.091295626023004,53.225962449181445],[-6.092729004904561,53.22895828048133],[-6.096499015589307,53.235241231642796],[-6.097553191698994,53.237304323860755],[-6.098407911083492,53.238791797009554],[-6.099369295326706,53.24007175401667],[-6.099879045906308,53.24249381746057],[-6.100037225930666,53.2459195548817],[-6.0995177963461344,53.24759103796764],[-6.098153303769988,53.24987814426219],[-6.097677425970556,53.25111523868079],[-6.097139284997457,53.25372473420913],[-6.096750513756118,53.258257054018706],[-6.096449508389441,53.26172094059096],[-6.095598495093865,53.26429198655302],[-6.093785562802653,53.26637417065523],[-6.093021873337364,53.26802501772951],[-6.092891657941439,53.268136577769795],[-6.091326264694488,53.26903081238903],[-6.084828281244956,53.271127543211534],[-6.082591585560913,53.27190086204695],[-6.082101610713719,53.27274676586993],[-6.082125317049767,53.273425112251196],[-6.082477189157131,53.274385211090404],[-6.083040373616425,53.27511295332117],[-6.084651709710047,53.27619214595674],[-6.087032895323366,53.277080250818315],[-6.088681610240999,53.27748181009119],[-6.090225577117957,53.27773467938622],[-6.098277340104384,53.27939315414991],[-6.103073256484669,53.28081316496456],[-6.106530531045497,53.281870395370376],[-6.1094836442361515,53.28260033412736],[-6.1135739713580275,53.28387332894779],[-6.1149360963965576,53.28494922655581],[-6.115236275389354,53.285439799631185],[-6.115539702465673,53.28619059593482],[-6.115767518729023,53.28751418667587],[-6.115875075827148,53.2891147179203],[-6.115797851831503,53.28932217954248],[-6.115619962002488,53.28982419708299],[-6.115545561435817,53.290449201977616],[-6.115599999642833,53.29094483381746],[-6.11590480477195,53.29150468196148],[-6.117734280517257,53.29282086996078],[-6.120278659639062,53.29444114570284],[-6.121300358941639,53.29491328244199],[-6.122080489230679,53.29522681887075],[-6.123117653026664,53.29569083490025],[-6.124281801806868,53.296173719877316],[-6.125423666542057,53.29660417254402],[-6.126668953248379,53.296966237299706],[-6.1279384652722495,53.29721590301135],[-6.129448220240117,53.297407091144514],[-6.130204023732964,53.29744239755441],[-6.130976069903904,53.297451409289],[-6.132587151579045,53.2973571467753],[-6.1385791130915,53.29669724444676],[-6.139756527374818,53.296589208481855],[-6.14096748821753,53.296507662255564],[-6.141489735600057,53.296496359428644],[-6.142758577076175,53.29652856879979],[-6.143827937840827,53.29661063399055],[-6.144760984663434,53.29673420682546],[-6.146704502808572,53.29713921926452],[-6.147476516254805,53.29734828035377],[-6.148392905668439,53.29763732117215],[-6.15322032255766,53.29928384757946],[-6.155980084725172,53.300098101024055],[-6.158104091142602,53.300670472401414],[-6.159627315885359,53.301027094075366],[-6.166153265829931,53.30246768486752],[-6.168843146454345,53.3031945389679],[-6.170264293182594,53.30363693888565],[-6.171625786247451,53.30409604127089],[-6.177429366950892,53.30619755839818],[-6.183695448917356,53.308503751617025],[-6.1860699486872806,53.309513569875854],[-6.188346420388266,53.31065271059374],[-6.193713086366562,53.31367864721695],[-6.1988636290641566,53.31670245930294],[-6.204025513607169,53.31967421951216],[-6.206046277432586,53.320888259732534],[-6.208003228395323,53.322084566552974],[-6.21217897475651,53.324862140940255],[-6.216770959163298,53.32783555019066],[-6.217711496026169,53.32843760442245],[-6.224488045255987,53.33295749436314],[-6.226010671688325,53.33391388422572],[-6.229666815709234,53.33634656382062],[-6.231872793961294,53.3375714774167],[-6.233393377642454,53.33830206957077],[-6.235352967800182,53.33912438175785],[-6.23771071300422,53.34010790628317],[-6.239219773876219,53.34069881175026],[-6.23939234297579,53.34073600972575],[-6.241321709726044,53.341366606715155],[-6.242537469457698,53.34173702620467],[-6.244125760584316,53.34215529102141],[-6.2475119217011645,53.34288157309055],[-6.24798115792972,53.34297403208456],[-6.248754473924305,53.34320880837418],[-6.249265361079188,53.34344093168912],[-6.249621172533863,53.343653435866266],[-6.251600981368501,53.34513665494793],[-6.2530490860609245,53.34632661200869],[-6.253285467525919,53.34659031663483],[-6.253484172943873,53.34696626330092],[-6.253538998651928,53.347610134200806],[-6.253531887118575,53.34783075444311],[-6.253527971762535,53.347861663234305],[-6.253523598314844,53.34789424397928],[-6.253514014026272,53.34796153641847],[-6.253495254048716,53.348084450708896],[-6.25348364338739,53.34815670990712],[-6.253365538533947,53.34842497616835],[-6.253142647563005,53.348735118083326],[-6.252915175159068,53.34897600958291],[-6.25240633850351,53.34937848292862],[-6.249371587228752,53.350994121570025],[-6.2482163195447935,53.351406448204926],[-6.246025332010466,53.352172011416485],[-6.241499667822512,53.35423955580483],[-6.2377258200563475,53.35626367946478],[-6.235192502912115,53.35758983833808],[-6.234928047126444,53.35775201571779],[-6.22722200516129,53.36174662863782],[-6.216154973112283,53.36752703580299],[-6.213895464729993,53.36861323014262],[-6.2123106285678595,53.36923760503545],[-6.208304497000775,53.37045128939543],[-6.206961281340295,53.3708179252592],[-6.205547547717304,53.371279431272406],[-6.202972525764712,53.37226586339346],[-6.196566039878705,53.3753200399279],[-6.194377736274861,53.37631969748589],[-6.193072751670036,53.376791160198316],[-6.192143059325666,53.377119138050325],[-6.191569781163089,53.37728641007901],[-6.189376721945184,53.377825801206846],[-6.187965007554298,53.378104655698365],[-6.177220439006436,53.37988254730863],[-6.175106579244143,53.38024889925766],[-6.173108857118615,53.38072967474521],[-6.171482414238337,53.38120609667939],[-6.16918462091836,53.38198740173904],[-6.1677789478922795,53.382562069757924],[-6.165697406304063,53.3835459728912],[-6.163352666277947,53.384926517202004],[-6.162421044639662,53.38561940041634],[-6.158776511413907,53.38838200804703],[-6.158198252989743,53.38882043533188],[-6.157143765128752,53.38962970620028]]},"properties":{"route":"6","routes":["6","8","81","97","98","B3","B4","L13","L21","L26","N2","N6","S6","S8"],"category":"radial","colour":"#9467bd","route_colour":"#2ca02c","pdf_colour":"#8dc63f","source":"pdf-future","phase":"future"}},
{"type":"Feature","geometry":{"type":"LineString","coordinates":[[-6.078531039777534,53.208996800285604],[-6.077628599745115,53.207863813152024],[-6.0763509265311235,53.2060368069054],[-6.075305966806173,53.20469958171617],[-6.074418716676057,53.203669494511665],[-6.0738510925786215,53.20308917883789],[-6.072727096886091,53.20197292123098],[-6.072484294784377,53.201710740945806],[-6.0723665627711725,53.201596075910864],[-6.07226838184665,53.201517635942885],[-6.072164828163498,53.201447487562795],[-6.072054382277538,53.20137918255669],[-6.071556466619788,53.201124291051386],[-6.070999435373787,53.200898472646955],[-6.069782635458477,53.20051335115945],[-6.068247331080689,53.20026927906693],[-6.065371402534385,53.200094046501626],[-6.063552468627971,53.199774374859004],[-6.062029876921141,53.19935089937882],[-6.0605403736124215,53.19869670965403],[-6.057098541860929,53.196916979589744],[-6.055848541467062,53.196174301955715],[-6.054300233775766,53.19511429778171],[-6.053108114716211,53.19387853367692],[-6.052517365437729,53.19313414272331],[-6.052253269533312,53.191664657109655],[-6.052041425358185,53.18955724756923],[-6.051928359030271,53.18927520511004],[-6.050116765385126,53.18609709539128],[-6.0497382552672,53.18518880031739],[-6.04872539850699,53.182003430100806],[-6.048641559794408,53.18107384532361],[-6.048772446897578,53.180221888262494],[-6.049447597592875,53.1787885812411],[-6.051125535898109,53.17638270348488],[-6.051178155151251,53.176182379685734],[-6.050939519328009,53.174193353921595],[-6.049732253428625,53.16887893343874],[-6.049546212180425,53.16820412665854],[-6.04803424715735,53.16507226117583],[-6.0479174977341135,53.16491447146155],[-6.041932004200771,53.15975963291626],[-6.040635093677154,53.15867834496845],[-6.03959894381582,53.157736350488385],[-6.038487941542002,53.15644221188581],[-6.0371324385794205,53.15527209635858],[-6.033400113936518,53.15279261990636],[-6.031245976037194,53.151419769576755],[-6.030063129390843,53.15041016613522]]},"properties":{"route":"L14","routes":["L14"],"category":"local","colour":"#2ca02c","route_colour":"#aec7e8","pdf_colour":"#653f86","source":"pdf-future","phase":"future"}},
{"type":"Feature","geometry":{"type":"LineString","coordinates":[[-6.157143850802188,53.38962970720031],[-6.15819833866318,53.38882043633191],[-6.15877659615404,53.38838199697044],[-6.162421129379795,53.385619389339745],[-6.16335275101808,53.38492650612541],[-6.165697491044196,53.383545961814605],[-6.167779033565716,53.382562070757956],[-6.169184706591796,53.381987402739064],[-6.17148249897847,53.3812060856028],[-6.173108942792051,53.380729675745236],[-6.175106664917579,53.38024890025768],[-6.177220524679872,53.37988254830866],[-6.187965093227733,53.37810465669839],[-6.189376806685317,53.37782579013025],[-6.1915698668365255,53.377286411079034],[-6.192142459611612,53.377119131050144],[-6.193072837343473,53.37679116119834],[-6.194377821014994,53.376319686409296],[-6.196566125552141,53.375320040927924],[-6.202972611438148,53.37226586439349],[-6.205547632457437,53.371279420195805],[-6.206960638789523,53.370817917759005],[-6.208304581740908,53.37045127831884],[-6.212310714241296,53.369237606035476],[-6.2138955504034294,53.368613231142646],[-6.216155058785719,53.36752703680302],[-6.227221404513934,53.36174660956102],[-6.234928131866577,53.3577520046412],[-6.235192587652248,53.357589827261485],[-6.237725905729784,53.35626368046481],[-6.241499752562645,53.35423954472824],[-6.246025417683902,53.35217201241651],[-6.24821640521823,53.35140644920495],[-6.249371672902188,53.35099412257005],[-6.252406423243643,53.34937847185203],[-6.2529152598992015,53.34897599850632],[-6.2531427323031386,53.34873510700673],[-6.253365624207383,53.34842497716838],[-6.253483729060826,53.34815671090715],[-6.253499645349458,53.348056985056246],[-6.253509162654298,53.347994806719136],[-6.2535189971275615,53.347927776572114],[-6.253528075507711,53.347861664445276],[-6.25353199576864,53.347830755711335],[-6.253535324533213,53.347802240168726],[-6.253539106869291,53.34761012987003],[-6.253484257684006,53.34696625222433],[-6.253285553199356,53.346590317634856],[-6.253049171734361,53.34632661300871],[-6.251601066108634,53.345136643871335],[-6.249621289006305,53.343653835394754],[-6.249265445819321,53.34344092061253],[-6.24875460243446,53.34320880987422],[-6.247981242669853,53.34297402100797],[-6.247511279150392,53.34288156559035],[-6.244125876123455,53.342155678473276],[-6.24253758593014,53.34173742573316],[-6.241321795399481,53.34136660771518],[-6.239392428649226,53.34073601072578],[-6.2392198894153585,53.34069919920213],[-6.237710070453447,53.340107898782975],[-6.235353053473618,53.33912438275787],[-6.23339346331589,53.3383020705708],[-6.231872878701427,53.33757146634011],[-6.229666901382671,53.33634656482065],[-6.226010757361761,53.33391388522575],[-6.224488130929424,53.33295749536317],[-6.217711581699605,53.32843760542248],[-6.216771044836734,53.32783555119069],[-6.212179060429946,53.32486214194028],[-6.208003314068758,53.322084567553],[-6.206046363106022,53.32088826073256],[-6.204025599280605,53.319674220512184],[-6.198863714737593,53.31670246030296],[-6.193713172039998,53.31367864821698],[-6.188346506061702,53.31065271159377],[-6.186070034360717,53.30951357087588],[-6.183695534590792,53.30850375261705],[-6.177429452624328,53.30619755939821],[-6.171625871920887,53.30409604227091],[-6.170264421692749,53.30363694038569],[-6.168843232127782,53.303194539967926],[-6.166152622345856,53.302467665290706],[-6.159627400625492,53.30102708299877],[-6.158104176816038,53.30067047340144],[-6.155980169465305,53.30009808994746],[-6.153220408231095,53.299283848579485],[-6.148392990408572,53.29763731009555],[-6.147476601928242,53.2973482813538],[-6.146704618347711,53.29713960671639],[-6.1447611011358765,53.296734606353944],[-6.143828066350982,53.29661063549059],[-6.142758661816308,53.2965285577232],[-6.14148982034019,53.29649634835205],[-6.140967572957663,53.29650765117897],[-6.139756612114951,53.29658919740526],[-6.138579240668351,53.29669723387018],[-6.1325872363191785,53.297357135698704],[-6.130976155577341,53.29745141028903],[-6.1302041522431185,53.297442399054454],[-6.129448305913552,53.29740709214454],[-6.127938550945686,53.297215904011374],[-6.126669038921816,53.29696623829973],[-6.12542375128219,53.29660416146743],[-6.124281887480304,53.29617372087735],[-6.123117737766798,53.295690823823655],[-6.122080574904115,53.295226819870784],[-6.121300474480778,53.29491366989385],[-6.120278745312499,53.294441146702866],[-6.117734366190693,53.2928208709608],[-6.115904889512083,53.29150467088488],[-6.115600085316269,53.29094483481749],[-6.11554564617595,53.29044919090102],[-6.115620046742621,53.2898241860064],[-6.115797937504939,53.28932218054251],[-6.115875161500584,53.289114718920324],[-6.11576760440246,53.287514187675896],[-6.11553978813911,53.286190596934844],[-6.115236361062791,53.28543980063121],[-6.114936182069994,53.284949227555835],[-6.113574057031464,53.28387332994782],[-6.109483729909588,53.282600335127384],[-6.106529931331443,53.281870388370194],[-6.103073340291498,53.28081314181135],[-6.098276740390331,53.279393147149726],[-6.0902256627913935,53.277734680386246],[-6.088681695914435,53.277481811091214],[-6.087032980996803,53.27708025181835],[-6.084651795383483,53.27619214695677],[-6.0830404891555645,53.27511334077303],[-6.082477274830567,53.27438521209043],[-6.082124672632389,53.27342508059776],[-6.082101696387156,53.27274676686996],[-6.082591745803377,53.271901274152064],[-6.084828365051786,53.27112752005832],[-6.0913263503679245,53.26903081338906],[-6.0928917864515935,53.26813657926983],[-6.093022001847518,53.26802501922954],[-6.093785648476089,53.26637417165526],[-6.095598580767302,53.264291987553044],[-6.096449592196271,53.26172091743775],[-6.096750599429554,53.25825705501873],[-6.097139411641005,53.25372471155593],[-6.097677511643992,53.251115239680814],[-6.098153389443424,53.24987814526222],[-6.099517882019571,53.24759103896766],[-6.100037343336411,53.24591996648681],[-6.099879131579744,53.242493818460595],[-6.099369381000142,53.24007175501669],[-6.098407994890322,53.23879177385634],[-6.09755327737243,53.23730432486078],[-6.096499101262744,53.23524123264282],[-6.092729090577997,53.228958281481354],[-6.091293417637145,53.22593276584954],[-6.090323892064465,53.22374889441126],[-6.087784078722175,53.219919365143284]]},"properties":{"route":"6","routes":["6","8","81","97","98","B3","B4","L13","L21","L26","N2","N6","S6","S8"],"category":"radial","colour":"#9467bd","route_colour":"#2ca02c","pdf_colour":"#8dc63f","source":"pdf-future","phase":"future"}},
{"type":"Feature","geometry":{"type":"LineString","coordinates":[[-6.371801822773137,53.29973821216487],[-6.373311786890989,53.29869625468828],[-6.3742906623273266,53.29817809305773],[-6.375024625137677,53.29793340614212],[-6.380730431701072,53.29662168179163],[-6.384295458774024,53.295752949258464],[-6.3853787821452945,53.29549649568447],[-6.385741334959197,53.295413725541444],[-6.386104592027358,53.295332120284826],[-6.38683317510851,53.29517194290021],[-6.395350070087479,53.293375364932935],[-6.399611230468171,53.292496326841274],[-6.402185191856233,53.291937550445475],[-6.402540843798333,53.29186136293114],[-6.402896692582874,53.29178546324444],[-6.403608838972677,53.29163428695402],[-6.406102344156243,53.291105401811215],[-6.4094796165213195,53.290370216203115],[-6.412463824732277,53.289665550177006],[-6.413913086221888,53.28928275335985],[-6.415598358126119,53.28859387065016],[-6.416369247346596,53.28794710496872],[-6.417140634748956,53.28707939802319],[-6.417246022976259,53.286962728919185],[-6.417300466939006,53.286905244216754],[-6.417356339838732,53.286848496743715],[-6.417534499941665,53.28668395767347],[-6.417631704124074,53.286607543703624],[-6.417684452694749,53.286570306909454],[-6.4177395289203885,53.28653364780722],[-6.4179765604023675,53.2863917517894],[-6.418038362425161,53.28635720375064],[-6.418100527111852,53.28632292244532],[-6.418285922170188,53.28622116066587],[-6.418462791257185,53.28611993373641],[-6.419152828934157,53.28570692597769],[-6.420344457389154,53.28531126370203],[-6.420897751559137,53.28522675161013],[-6.42310493004434,53.28508303529803],[-6.424491451473486,53.28510964992319],[-6.4261755228643125,53.2849464048477],[-6.428193136253677,53.28495219023376],[-6.428699110585506,53.28502409467301],[-6.4296372364356476,53.285455896039046],[-6.4310242478380815,53.28545582236689],[-6.4343094367814775,53.285722515771624]]},"properties":{"route":null,"routes":[],"category":null,"colour":null,"route_colour":null,"pdf_colour":"#ef3b2c","source":"pdf-future","phase":"future"}},
{"type":"Feature","geometry":{"type":"LineString","coordinates":[[-6.47584722088368,53.27885070075922],[-6.4747224272264,53.27956720779237],[-6.474349754984835,53.28011993723315],[-6.474274487602536,53.28089422175576],[-6.474071800683004,53.28121196256533],[-6.472276055081459,53.28198186777265],[-6.471625042365447,53.28195431473371],[-6.468126682045997,53.282061738368625],[-6.4655550661824375,53.282206457694656],[-6.464285595542609,53.28235076443583],[-6.461959011313206,53.28277056512591],[-6.4605954810434145,53.283202368726606],[-6.458686223123176,53.28403493584137],[-6.4577846970205615,53.28427917956214],[-6.456982083699536,53.284318702484285],[-6.455172337921931,53.284178824658035],[-6.453747567178115,53.2842346761777],[-6.452932917444979,53.28441605527883],[-6.4519907448971265,53.285154728393955],[-6.4515656395754934,53.28512850644042],[-6.4499338224729,53.28399284533997],[-6.448693621000406,53.28272372881261],[-6.447807545424212,53.28257253426874],[-6.445867620242539,53.28272963090804],[-6.444749684565709,53.28256468596536],[-6.443322396781966,53.28225334618403],[-6.44219828245859,53.281913870034934],[-6.441647695371146,53.281448003803455],[-6.441202425202124,53.28129729757038],[-6.440341863355158,53.28132096894982],[-6.439376060392139,53.281682983286615],[-6.438729658450696,53.28208014068622],[-6.437878271557144,53.28306492504807],[-6.43726028744236,53.28406673055985],[-6.436692518365768,53.285553956099626],[-6.436558267025179,53.28713860667741],[-6.436247374839695,53.288216760981584],[-6.4362468491498035,53.289134102287974],[-6.435937920148645,53.28972709116781],[-6.43486050091129,53.29085528894897],[-6.434558292558666,53.29098224017261],[-6.429592325099365,53.29159298942972],[-6.428158422850663,53.29171241689211],[-6.425340746643721,53.291859500878466],[-6.425065098436906,53.292021945783226],[-6.4250600544153835,53.292301413580354],[-6.4250628482432575,53.29233961712885],[-6.425067362662666,53.29265930798986],[-6.425094021412448,53.29281697734672],[-6.425580903929417,53.293179688347074],[-6.426198377156321,53.2930761807223],[-6.426994756704984,53.29328237707121],[-6.427159648337984,53.29359338344368],[-6.426479510579986,53.294452699108824],[-6.425595512160824,53.29510813373568],[-6.423847449066857,53.29678453579526],[-6.421290025558094,53.29962912596413],[-6.42008594799746,53.300787854685375],[-6.4179681521258125,53.30207135689859],[-6.417202955110419,53.30241486369413],[-6.416237198507041,53.3028154611493],[-6.415987116956101,53.30291568674149],[-6.415854590391401,53.30296838094133],[-6.415718978813479,53.303022039962016],[-6.415581711357034,53.30307609671729],[-6.415444217156764,53.30312998412093],[-6.41517426506354,53.30323498252828],[-6.406826563195854,53.306182327809175]]},"properties":{"route":"58","routes":["58","D2","N7","W6","X58"],"category":"radial","colour":"#9467bd","route_colour":"#2ca02c","pdf_colour":"#faa619","source":"pdf-future","phase":"future"}},
{"type":"Feature","geometry":{"type":"LineString","coordinates":[[-6.226186287905493,53.42030291236545],[-6.228390169424498,53.41571190438497],[-6.2287730215144625,53.414835936672404],[-6.228987322240361,53.41433905070033],[-6.229214308562598,53.413811289186334],[-6.229452057337973,53.413258946531876],[-6.2299521496753165,53.412105695407384],[-6.23099686548669,53.40978117313681],[-6.231998388509464,53.40776832558168],[-6.232965819218839,53.406245906384875],[-6.233956462026234,53.40491919966425],[-6.234543639457106,53.40423582646894],[-6.236815575293632,53.40181732616018]]},"properties":{"route":"N8","routes":["N8","X76","X77","X79","X83","X84","X85"],"category":"orbital","colour":"#1f77b4","route_colour":"#c49c94","pdf_colour":"#faa619","source":"pdf-future","phase":"future"}},
{"type":"Feature","geometry":{"type":"LineString","coordinates":[[-6.370718852306254,53.38239935843849],[-6.37315860319443,53.383230764486406],[-6.373550614520212,53.38336380626305],[-6.373720314570263,53.38342104560183],[-6.373871182021171,53.38347160179928],[-6.374112532553807,53.38355117844531],[-6.374201072349661,53.38357945573144],[-6.3743500583248895,53.383628395294274],[-6.375761511491505,53.384207010721845],[-6.381102814642843,53.3866763170473],[-6.383228903890005,53.38767506097577],[-6.386099981766228,53.38903596379737],[-6.386236721971199,53.38910078245614],[-6.38637347767009,53.38916558743903],[-6.386647050967558,53.38929514496273],[-6.386920732494472,53.38942461353958],[-6.387057623480171,53.38948930733892],[-6.387194553086671,53.389553970340714],[-6.387331525168452,53.38961859969135],[-6.387394345152524,53.389801424342],[-6.386049064016074,53.39054459989244],[-6.38435151075257,53.39157681671969],[-6.383586089024968,53.39209723606045],[-6.383298549034468,53.392311123890615],[-6.383157273333797,53.39241925070549],[-6.3830872003216905,53.39247354828163],[-6.383017481493007,53.39252797852025],[-6.383322085153579,53.3928595779774],[-6.383094434116628,53.393125982371075],[-6.38159233682373,53.39372701308594],[-6.380744627890468,53.39425279540092],[-6.379490392092732,53.3951859958124],[-6.378910644214622,53.395843061117255],[-6.3793101055737305,53.39634799045054],[-6.379830536490781,53.396602628343466],[-6.383224147240673,53.39752490053715],[-6.384299888043266,53.39774048307504],[-6.385423092873416,53.397378831812475],[-6.389765151504657,53.39614451518522],[-6.390457423593093,53.396038088621204],[-6.391267712042614,53.396184750157545],[-6.391629775781891,53.39644643346436],[-6.391733813124935,53.39657488683913],[-6.391928069259501,53.396832465786574],[-6.391953908416442,53.39686599714076],[-6.391978673713324,53.396897461098796],[-6.392024188153308,53.39695251884437],[-6.392105061538542,53.39704393005252],[-6.39212887395782,53.397070386574335],[-6.3921536678703434,53.39709767230312],[-6.3922052879032325,53.39715350681969],[-6.392405414170127,53.39734878507013],[-6.393398945927582,53.39797643501159],[-6.394467083244379,53.398461414583764],[-6.395600427024904,53.3987949596904],[-6.39653078403186,53.39926011818839],[-6.397843944734941,53.40042698762851],[-6.3986158886198785,53.40083535479906],[-6.402112107377837,53.40247418330577],[-6.402517137595747,53.40272535233273],[-6.402659713288304,53.40279944555433],[-6.4028238525078045,53.40286936274727],[-6.4028862585422575,53.402894342926245],[-6.402951234155023,53.402919786324844],[-6.4046654996939765,53.40352874535937],[-6.406343121879344,53.40401896127035],[-6.409490670934494,53.4047539315286],[-6.411157066685301,53.40506366827369],[-6.4177620602265915,53.40597836071764],[-6.4193920882307385,53.40625161061173],[-6.4221786340043145,53.406982066112484],[-6.423932815661957,53.40728354139675],[-6.429756581247825,53.40806635298165],[-6.431662563339495,53.40841478168639],[-6.434833471513401,53.409112058644695],[-6.434906472881537,53.40920694710895],[-6.4339340966363325,53.409908632417675],[-6.432759613701449,53.411161773006576],[-6.431301935188998,53.412618585481596],[-6.430960517381786,53.41284212720046],[-6.429643095968637,53.413263797663156],[-6.428849701414874,53.413937286966174],[-6.428689973889715,53.414843190451386],[-6.4288276542823155,53.4168335066825],[-6.4289908401731655,53.41707949215665],[-6.4295907629557085,53.41724411227583],[-6.4318755026017955,53.41726524883992]]},"properties":{"route":"35","routes":["35","L61","L63","X61"],"category":"radial","colour":"#9467bd","route_colour":"#bcbd22","pdf_colour":"#faa619","source":"pdf-future","phase":"future"}},
{"type":"Feature","geometry":{"type":"LineString","coordinates":[[-6.356303504358944,53.322280315216815],[-6.358697823038473,53.32144164051637],[-6.363959878130494,53.319552134058654],[-6.364257406939763,53.31946495186612],[-6.364365807833354,53.3192748163823],[-6.36437265064066,53.319218549815666],[-6.364377104319717,53.31915827243508],[-6.364387087711211,53.31896224259242],[-6.364401885724622,53.31882775846272],[-6.364761595665491,53.31817854565218],[-6.365127767180389,53.317848160348234],[-6.36595858498863,53.31754657431449],[-6.367954956220003,53.317501874592445],[-6.369197928261009,53.31735247262933],[-6.370221539397578,53.31719326881257],[-6.370888324364943,53.31708301776319],[-6.371414749153667,53.31699397954384],[-6.371538124576617,53.31697300229754],[-6.371654178207938,53.31695324150161],[-6.371856261131822,53.31691877631473],[-6.372096532255614,53.316886137817356],[-6.372127039243634,53.31688310919815],[-6.372157644908641,53.31688031987567],[-6.372219144522656,53.3168754659588],[-6.372343242657965,53.31686870490305],[-6.37291071531727,53.31684124797235],[-6.373417063803234,53.31676034292784],[-6.379461284073474,53.315321733263],[-6.3883939913392505,53.313115017659946],[-6.388957584801152,53.313203438042635],[-6.3899620585179715,53.3138411934501],[-6.390532625853705,53.3141125870474],[-6.391479600406969,53.31449806424776],[-6.392615458402949,53.314823655970514],[-6.394936507137242,53.315994953348806],[-6.395808054708216,53.31613045321248],[-6.396936021172206,53.31654636594827],[-6.398065624635124,53.316812514835945],[-6.401624041592331,53.31740342902574],[-6.4030978783673325,53.317831918343956],[-6.404397007199858,53.31844280204871],[-6.406151353465253,53.32028206406567],[-6.406640851493385,53.3214552243771],[-6.408856421295356,53.320895836260505],[-6.41053936755474,53.320590986262694],[-6.411471682734704,53.32035363045829],[-6.415497347495542,53.31910740227462],[-6.416413431532484,53.31887769979835],[-6.417607977284439,53.31871921448748],[-6.418742108059036,53.318807394257476],[-6.420299321710399,53.31856635624891],[-6.421167386285682,53.318588549494464],[-6.421731098869473,53.318891842708766],[-6.422193870066173,53.31969535794111],[-6.422351135973869,53.319935081494776],[-6.422424645621572,53.320029609103884],[-6.422464239093625,53.32007928540617],[-6.422483904448288,53.320103845189585],[-6.422503161817887,53.32012788358797],[-6.422521770904302,53.320151148746426],[-6.42255608303511,53.32019435192392],[-6.422584918455767,53.32023143988284],[-6.422646316420165,53.320312204278565],[-6.422711825800075,53.320398703722326],[-6.422780748408325,53.320489945529545],[-6.422852386057744,53.320584937015646],[-6.423076607381302,53.3208824827015],[-6.423226863371378,53.32108139566931],[-6.423504100871845,53.321444802985646],[-6.423844576585536,53.32184116711303],[-6.424414787059403,53.322237185596485],[-6.426094195534319,53.32297870817487],[-6.426778341906441,53.32339403537369],[-6.427205168149921,53.32422122613895],[-6.427111414324859,53.32486820585572],[-6.4260153273462315,53.32746206238589],[-6.42524507314699,53.32909346786135],[-6.424570382131343,53.32936561523737],[-6.423327768251633,53.32930783871487],[-6.4218928544829605,53.32913675241064],[-6.416802692775629,53.328325469209],[-6.412358199919963,53.328327421713325],[-6.411719857678938,53.32820598233554],[-6.4115179673410125,53.32780203893946],[-6.412459926472924,53.32589827950347],[-6.412586934330475,53.325157641432305],[-6.41219441714272,53.32437311893996],[-6.411407512772438,53.323759776055084],[-6.4092479243549985,53.32277970463239],[-6.40835963402386,53.32305423976776],[-6.407196054730005,53.32313449789059],[-6.4062667700778135,53.32345534320325],[-6.405365854357293,53.324428539625295],[-6.4057344096340785,53.325381122069295],[-6.4060847723091605,53.32598746898419],[-6.406077004435859,53.32607636695442],[-6.406025268471369,53.32612582932326],[-6.4059872404739515,53.326145499429586],[-6.405941908999535,53.326160853175075],[-6.405916692708401,53.32616669055889],[-6.40425566612195,53.32653120943989]]},"properties":{"route":"57","routes":["57","58","D3","N7","X55"],"category":"radial","colour":"#9467bd","route_colour":"#c5b0d5","pdf_colour":"#faa619","source":"pdf-future","phase":"future"}},
{"type":"Feature","geometry":{"type":"LineString","coordinates":[[-6.344347755583872,53.305683171442475],[-6.3456439589885925,53.30487158200753],[-6.346557947681147,53.30400452933496],[-6.346847025606058,53.30349318426126],[-6.34703494201153,53.30260186419142],[-6.347308755336476,53.3020054306599],[-6.3471591831974425,53.30186421506218],[-6.345009959268598,53.301368918779616],[-6.34383232468501,53.30100981854269],[-6.339221590765172,53.299302940513705],[-6.336701306524596,53.29834497197251],[-6.335910549443514,53.29782055025232],[-6.335617361671931,53.297442384092584],[-6.335502073935605,53.29664311548503],[-6.335810359760728,53.2960924918064],[-6.336723157557438,53.29513126058416],[-6.336972407963134,53.29465792895014],[-6.337634639340244,53.29269283257375],[-6.33766214733162,53.29201103895879],[-6.337195424098857,53.290657092400785],[-6.336957312925842,53.29057009427291],[-6.334071529456475,53.2908107844781],[-6.33388030406174,53.29074096019642],[-6.333865373848928,53.290713021397316],[-6.333849075761519,53.29068256920312],[-6.333831728822662,53.29065019515294],[-6.333776585128914,53.29054745725765],[-6.333655928669419,53.29032359390258],[-6.333111813664352,53.289534418400926],[-6.333476424861236,53.289125905851684],[-6.334847228855171,53.28885703000329],[-6.3349439494305715,53.288725513199395],[-6.334246934710683,53.287490938456735],[-6.334349953600077,53.2870007099621],[-6.335678958265129,53.28609282724291],[-6.336859436007173,53.28553144484583],[-6.338320711766996,53.28501131607351],[-6.34074589181905,53.28387940410172],[-6.342361727705732,53.28295717326313],[-6.343312305848586,53.28258061910595],[-6.349103461427502,53.28162211115754],[-6.351988447438716,53.28133534121447],[-6.35195087766005,53.28092174809119],[-6.351231634452658,53.279535881160896],[-6.350519532648993,53.27862232842288],[-6.350016150192787,53.278275016648884],[-6.350030071070331,53.27822716916939],[-6.3500937936066775,53.278177560807165],[-6.350208803720313,53.278032618404836],[-6.350330944656159,53.27790679819874],[-6.350366821813271,53.277877474289895],[-6.350404741967963,53.27784906551282],[-6.350486523726732,53.27779511870335],[-6.35057591484575,53.277745208469106],[-6.350623346700753,53.277721845411065],[-6.3506725402383,53.27769958550887],[-6.350885993497129,53.2776222042055],[-6.350935106369423,53.277607577525664],[-6.350984600002077,53.27759301206044],[-6.351083634664236,53.277564466847394],[-6.351274229386385,53.27751253380548],[-6.3515642069053655,53.27745181337561],[-6.359382750309342,53.27769854458931],[-6.363468350954793,53.27781217096425],[-6.366381076040899,53.27786554740053],[-6.367283711365624,53.27792234343474],[-6.3675090987688625,53.27779015185467],[-6.367336206613164,53.27727920106661],[-6.366670877068986,53.27629212674666],[-6.3662435982299925,53.27543246182986],[-6.366153155004781,53.27400450525622],[-6.365994902518167,53.273385837882174],[-6.3652405142245465,53.27267051160963],[-6.362933049117339,53.27155627379595],[-6.362453041008958,53.27145227584445]]},"properties":{"route":"85","routes":["85","D4","S6","S8","X47"],"category":"radial","colour":"#9467bd","route_colour":"#2ca02c","pdf_colour":"#faa619","source":"pdf-future","phase":"future"}},
{"type":"Feature","geometry":{"type":"LineString","coordinates":[[-6.467473109243481,53.217811795149736],[-6.466536374488654,53.2180123732585],[-6.465261827614906,53.2184782669849],[-6.464501150888226,53.21893355643874],[-6.4634545416300195,53.21985363437192],[-6.461359733100273,53.221954680937266],[-6.459762852295538,53.22319449651206],[-6.459344536453045,53.22367038462363],[-6.458390485098051,53.22530716114951],[-6.457539575584879,53.22640978534052],[-6.454121089436905,53.22996498665846],[-6.452013636071074,53.2320382309826],[-6.450306011678768,53.23328783023563],[-6.449606369661477,53.23373473456175],[-6.448218199072209,53.23436337175335],[-6.4468475395392,53.23595375517763],[-6.44584659433474,53.23806363647232],[-6.445555626423118,53.238926100767024],[-6.445820643108837,53.239351832432504],[-6.447075330311123,53.24087915787588],[-6.447400941817509,53.24159027557504],[-6.447366906568472,53.24260163768326],[-6.447588342120004,53.24334458594748],[-6.447615086217286,53.244696827978096],[-6.448341348159886,53.24619151315729],[-6.44846553697666,53.24661835153078],[-6.448715010541645,53.248505366303185],[-6.448759743383844,53.2493099333455],[-6.448224707877022,53.25050172207162],[-6.445506373879192,53.25394006700378],[-6.444359277258787,53.25452157035811],[-6.444074056948089,53.25555051365434],[-6.443546851187109,53.25593161562425],[-6.442904286959992,53.25673580078965],[-6.442079114337556,53.257028389029685],[-6.441736446846035,53.25744802549015],[-6.441540086621133,53.258107873745395],[-6.441569060172612,53.258991116518885],[-6.44145857637456,53.25956815656906],[-6.440521624538857,53.26049798556442],[-6.439985297378199,53.262123538163806],[-6.439765005233096,53.26257000183782],[-6.43922284895261,53.26305829587118],[-6.4387635863296655,53.263693818213774],[-6.437595303980134,53.26438263217628],[-6.436920406227276,53.26506756005291],[-6.436340792242387,53.266188019526425],[-6.435266331725689,53.26689020152683],[-6.433898333349826,53.268135927367574],[-6.432219740255598,53.269098845999935],[-6.4310301999829225,53.27000222167154],[-6.429843702667943,53.271072067486244],[-6.428161654240567,53.27229241597096],[-6.4261237223948955,53.274015354306954],[-6.425416436118656,53.27446404681567],[-6.424510443213745,53.27462014686214],[-6.422487098147753,53.27482483559967],[-6.419956082711708,53.275179399675416],[-6.4185816741543515,53.275537234951486],[-6.416427891986342,53.27658390078974],[-6.41586171338399,53.27659173811866],[-6.412018831869867,53.27633752426636],[-6.408468374891658,53.27590791345488],[-6.407220618088951,53.27579600337839],[-6.4003428080768785,53.27530308873624],[-6.398493991816746,53.27533214023008],[-6.397436427059329,53.275482028505316],[-6.396219777692715,53.27586547621916],[-6.395138699061477,53.276375725634026]]},"properties":{"route":"L44","routes":["L44"],"category":"local","colour":"#2ca02c","route_colour":"#ffbb78","pdf_colour":"#faa619","source":"pdf-future","phase":"future"}},
{"type":"Feature","geometry":{"type":"LineString","coordinates":[[-6.452946153906385,53.34986710512566],[-6.453988005379276,53.35004462907289],[-6.454166410447507,53.35007405262967],[-6.454342828708494,53.350102727991356],[-6.454673869645899,53.35015490184233],[-6.4557923248107025,53.350320503496555],[-6.457529132070296,53.350661144187946],[-6.459645538499523,53.35119624996053],[-6.461892534785623,53.35198673754018],[-6.463180570153541,53.35251672340938],[-6.465785708450367,53.353738986269676],[-6.4660423997018945,53.353925376427846],[-6.4663208167113995,53.35416032911163],[-6.4663925441031385,53.35421534288146],[-6.466426698258243,53.35423909977029],[-6.466528180632283,53.35438787588647],[-6.46655439636675,53.35442166972968],[-6.466584359897796,53.354456749052055],[-6.466656621327586,53.35452829806904],[-6.4666994647153055,53.354563534731035],[-6.466747146877561,53.35459759080695],[-6.466858118503627,53.354659695135304],[-6.470624946442185,53.35619181007441],[-6.472743132761941,53.356823362075346],[-6.472931901520053,53.35687227813158],[-6.473141484258137,53.356925726316746],[-6.473213235895156,53.3569441680495],[-6.473284729547732,53.356962517037985],[-6.47342718485207,53.35699887703892],[-6.473711661125116,53.35706982693439],[-6.474218192545748,53.35718581837124],[-6.476812278897821,53.357697182824474],[-6.4797600721440105,53.35833103233027],[-6.48098437952154,53.35865039347992],[-6.487917773816767,53.36030774877119],[-6.490826132515162,53.360950082991415],[-6.491819349865075,53.36125200675402],[-6.4919766368685705,53.36143112364942],[-6.4918878050444695,53.36249199403358],[-6.49212920781489,53.362908737479536],[-6.492848014198735,53.36312149279562],[-6.494413506856127,53.36314922500365],[-6.49471231281072,53.36310731113708],[-6.495050867370893,53.36305042749778],[-6.495103072605326,53.36304179464568],[-6.495147578712145,53.363034856386044],[-6.495481732275146,53.36298539009863],[-6.498709109615375,53.3622651290594],[-6.499042536303389,53.36269591995239],[-6.498950481580865,53.363794205655545],[-6.499286058559385,53.36449879268448],[-6.500036640178888,53.36497851858972],[-6.501261242698908,53.365361074613986],[-6.502884462355921,53.36552743939313],[-6.503341245563096,53.36538105656275],[-6.503393853338387,53.36533293640449],[-6.503410800246764,53.3653178983785],[-6.503427750066434,53.365303176069],[-6.5034787571758725,53.36525939338407],[-6.503513033473512,53.365229015075],[-6.503582742465595,53.365159966611444],[-6.503600492402836,53.365140096162094],[-6.503618399452296,53.36511888036827],[-6.503684977303983,53.3650270954221],[-6.503727728331166,53.36495348474286],[-6.503746512316565,53.36491575298176],[-6.503763336197045,53.36487781709026],[-6.503807544377908,53.36473023447918],[-6.503806445712615,53.36460419481726],[-6.502445250209762,53.363482601698905],[-6.5058866374684925,53.361641474922635],[-6.507158649966732,53.36102248859471],[-6.508808042751264,53.36031749339888],[-6.50968466743997,53.35976538708481],[-6.5099659864728014,53.35944164379285],[-6.510445163676612,53.35848905467973],[-6.5107857358036325,53.358066338242615],[-6.511750387706777,53.35732270885048],[-6.512242096506926,53.356681931302944],[-6.5128363235964075,53.35513251498303],[-6.513247977559596,53.35440018160806],[-6.514086652569034,53.35356176397836],[-6.515515292276567,53.352543012113365],[-6.516010869233436,53.351983362544395],[-6.516201435057534,53.35152910297629],[-6.516545659709501,53.35004718865791],[-6.5170066706769205,53.349185982103876],[-6.518075539076273,53.34830887666121]]},"properties":{"route":"52","routes":["52","C3","C4","L54","L58","X25","X26","X31","X32"],"category":"radial","colour":"#9467bd","route_colour":"#c5b0d5","pdf_colour":"#faa619","source":"pdf-future","phase":"future"}},
{"type":"Feature","geometry":{"type":"LineString","coordinates":[[-6.473041267303852,53.35690835226104],[-6.4731444834204686,53.35693096574998],[-6.473248902932004,53.356953228751024],[-6.473461194105205,53.35699646496123],[-6.473898478809787,53.357076109916854],[-6.474350592863653,53.357143473877024],[-6.475144547369771,53.35721376461843],[-6.475379071854843,53.35722253775409],[-6.475650339407762,53.35723077487573],[-6.476273823607453,53.35724550779117],[-6.47661140019938,53.35725193694207],[-6.476956439749466,53.357257696793155],[-6.47763962761442,53.35726707531011],[-6.477963135874445,53.35727062733309],[-6.478264826982938,53.35727337677045],[-6.4787734776356425,53.357276334602595],[-6.479124812285093,53.35727555561809],[-6.479286479336908,53.357282848127355],[-6.480512264172224,53.35736680804275],[-6.480551569430183,53.357365548862056],[-6.480625707730924,53.35735657259997],[-6.480750962164226,53.35731595568818],[-6.48086692683947,53.357147164834885],[-6.48076341986608,53.35626151480098],[-6.480885820588927,53.3552231313288],[-6.481552189240306,53.35457839507837],[-6.482884314484549,53.35379940423346],[-6.4964684083197675,53.347144558154405],[-6.498112739293288,53.34650031771967],[-6.499601904076212,53.34612588972555],[-6.505007023680223,53.34505955531005],[-6.51291941443789,53.343452469024676],[-6.516082911389558,53.34283369992527],[-6.525218311477485,53.34100025308107],[-6.533378454634614,53.339349828487684],[-6.53618030989026,53.338779144944496],[-6.536882644334026,53.33863493025086],[-6.5375851040841635,53.338490091929245],[-6.538989153612411,53.3381985321924],[-6.543053932820167,53.33732236587437],[-6.543325633095431,53.337354165808414],[-6.544070394568886,53.33769101061077],[-6.544633339478697,53.337934407673345],[-6.544671777114015,53.33795246013491],[-6.544707061277733,53.33797193496853],[-6.544739122970536,53.337992697025676],[-6.544833765046287,53.33808591451874],[-6.54484739480205,53.33829305107897],[-6.543354580230644,53.34019792194799],[-6.543413234554572,53.340375022367496],[-6.544716515624005,53.341119820785025],[-6.548103006949706,53.34273763796027],[-6.548547974607153,53.34304782042043],[-6.54887671401129,53.343663498281224],[-6.548847433363841,53.344036268716714],[-6.548483719310495,53.34499046801273],[-6.548499265357934,53.345973149292156],[-6.549338216430452,53.34721254499879],[-6.54981049185533,53.34768139601979],[-6.5508955044399855,53.348390875419426],[-6.551755616139433,53.34905113026106],[-6.55227357921935,53.349336933444434],[-6.552598995655376,53.34948950949101],[-6.55270632116486,53.34954022904157],[-6.552810326145742,53.34959048593026],[-6.5530017812161,53.349688668291506],[-6.5532228516970745,53.34982657542858]]},"properties":{"route":"C3","routes":["C3","C4","L58","W6","X27","X28"],"category":"spine","colour":"#d62728","route_colour":"#4363d8","pdf_colour":"#faa619","source":"pdf-future","phase":"future"}},
{"type":"Feature","geometry":{"type":"LineString","coordinates":[[-6.470177392662985,53.33570366478645],[-6.470165540669543,53.3365029652495],[-6.470160605805913,53.336545082694144],[-6.470148801614769,53.3365849682568],[-6.470130441536218,53.33662253119713],[-6.470075307477318,53.336690326249396],[-6.469655223766591,53.336850453495636],[-6.467924033767682,53.33689629028062],[-6.466028263576298,53.337247183019926],[-6.462330370304642,53.337415846419134],[-6.46187572465004,53.337308042718696],[-6.461398372190896,53.33755976105389],[-6.4589496522337475,53.337839509668015],[-6.4577146172616375,53.337895613324925],[-6.4567508504067455,53.33785550250776],[-6.456479423654582,53.33900681912831],[-6.4560103997308715,53.342480795142194],[-6.455802774638504,53.34361643805312],[-6.45569495522224,53.34425370981165],[-6.455660126093872,53.344466435812485],[-6.455255554366163,53.34726919919088],[-6.454841582449789,53.34828244940513],[-6.4543705188394345,53.348973589231036],[-6.45439220405242,53.34944410288223],[-6.454336391062717,53.34964366990688],[-6.454252551309269,53.349728539732006],[-6.454198617650782,53.349766030828626],[-6.454137425102698,53.349799763040664],[-6.454069536388697,53.34982938911265],[-6.453995514232462,53.349854561789115],[-6.453831320488018,53.34989015793361],[-6.453553097146649,53.34990147029723],[-6.45134249458898,53.34975593970921],[-6.450294159029836,53.34971763252574],[-6.448577851766763,53.34973545659563],[-6.447727733528599,53.34981511629884],[-6.4446394305066965,53.35028393719405],[-6.442407985305143,53.35071983789994],[-6.440840637209181,53.35111457145912],[-6.439351954362822,53.35165476598101],[-6.43786750628966,53.352295449864485],[-6.431633669575712,53.355191750893376],[-6.430173912864256,53.355943443438576],[-6.429472061525219,53.35678299822379],[-6.429353640752023,53.356852570528766],[-6.4293204301504385,53.356868459273194],[-6.429285847455555,53.356883721687],[-6.429212705925909,53.356912318326934],[-6.428144515150335,53.35730388966292],[-6.427262112780168,53.35755293564337],[-6.425942609509515,53.3578238292435]]},"properties":{"route":"52","routes":["52","C1","L51","L53","N4","X25","X26","X27","X28"],"category":"radial","colour":"#9467bd","route_colour":"#c5b0d5","pdf_colour":"#faa619","source":"pdf-future","phase":"future"}},
{"type":"Feature","geometry":{"type":"LineString","coordinates":[[-6.277373516243079,53.30308892318371],[-6.2771575650676175,53.30146999662701],[-6.276903946124907,53.30055886383324],[-6.276952086751797,53.29975542997086],[-6.277604575538276,53.29851091266166],[-6.2777351165371815,53.29775091107734],[-6.277771203136623,53.29763572492595],[-6.277781831491435,53.297613383708665],[-6.277793587778622,53.297591283833746],[-6.277820468585669,53.29754782411912],[-6.277949509286442,53.29740390569955],[-6.278882554013246,53.296599801775024],[-6.279792996413693,53.29616812342301],[-6.2803244859720895,53.29559937508728],[-6.280626019723537,53.29427025917078],[-6.280861105854029,53.29385365780764],[-6.2816682703768905,53.29320079181079],[-6.282253155352044,53.292362349612446],[-6.282580155985486,53.29167015482906],[-6.283543608636434,53.28929989142961],[-6.283891207641208,53.288634190522195],[-6.2843977901795185,53.288130463666164],[-6.28543688138622,53.28753115409949],[-6.286877277315069,53.286469879470935],[-6.287606334985305,53.28567924320883],[-6.288239545263697,53.28461244452115],[-6.289299176458491,53.283484058426595],[-6.289410702163803,53.283349442827436],[-6.289678575660337,53.283014125976166],[-6.289707017259409,53.28282280466829],[-6.289677440317651,53.28276161573313],[-6.2896512675115,53.282733427274195],[-6.289616063093101,53.2827079433408],[-6.289445444748908,53.28265597259212],[-6.2863242112823725,53.282251022455206],[-6.284655017864978,53.28223548699506],[-6.282090906868659,53.28233409677281],[-6.279576000748029,53.28229405490238],[-6.2771957248063694,53.282368153742006],[-6.276876158101882,53.28237547945851],[-6.276786773872114,53.28237681569373],[-6.2766347772793365,53.28237873600664],[-6.276017664851286,53.28238695273911],[-6.275897355038592,53.28237574722577],[-6.275805580780939,53.28236021548613],[-6.275756149763508,53.282348912606665],[-6.275706292738369,53.282334861970014],[-6.2754673701825014,53.28213501601419]]},"properties":{"route":"74","routes":["74"],"category":"radial","colour":"#9467bd","route_colour":"#ff9896","pdf_colour":"#faa619","source":"pdf-future","phase":"future"}},
{"type":"Feature","geometry":{"type":"LineString","coordinates":[[-6.1965846953215316,53.27909691351361],[-6.195964041009114,53.27892362038468],[-6.195770724236205,53.27862681538575],[-6.1971891283868015,53.277027891704726],[-6.197867967995466,53.27670251186832],[-6.1985155466879736,53.276211807548755],[-6.199473420747761,53.27590281678576],[-6.20104104893658,53.275918265958346],[-6.20216755895977,53.276192052963644],[-6.207389407440525,53.277823823929495],[-6.209415272837804,53.27836587713659],[-6.210826723104241,53.27797028738668],[-6.211395503087211,53.27784449308165],[-6.211528543034146,53.27781709923421],[-6.211595914129151,53.277804729571535],[-6.21166381891497,53.27779324968181],[-6.211940269113233,53.27775630183603],[-6.213448983568434,53.277685446918234],[-6.214732741196488,53.27752958349303],[-6.218316847864496,53.27724248327573],[-6.218752602961169,53.27720130964819],[-6.219236726464909,53.2771508067072],[-6.2193631401549885,53.277143332145904],[-6.219531823535567,53.27715485183735],[-6.219580921575927,53.27716288122459],[-6.219605149173816,53.2771676657927],[-6.219629126596763,53.277172957771356],[-6.2197950806527995,53.27722703474233],[-6.220643845680151,53.278292502072325],[-6.221449967183458,53.27886842453471],[-6.222028615477668,53.27951897250057],[-6.223354606424736,53.282003242025574],[-6.224303820283242,53.28282016034532],[-6.225478845898076,53.28429226785176],[-6.225814561519446,53.28456109828966],[-6.227608394005542,53.28499094939655],[-6.228252117984448,53.28526590773764],[-6.229636165403491,53.28625478040716],[-6.229917625623992,53.28629862233043],[-6.230979346940694,53.28577369791222],[-6.23261655485125,53.28479251132984],[-6.234029391552446,53.28375433232708],[-6.234505093117686,53.28312546155663],[-6.234912022425248,53.281742545128104],[-6.23511677410406,53.2797838672995],[-6.2352513006761106,53.27971548171161],[-6.235833581730232,53.2795467462251],[-6.236105481446047,53.279465574903206],[-6.236375638629878,53.27937476610384],[-6.24374446001635,53.275889785766054],[-6.244838097292327,53.27558660315555],[-6.245582899384681,53.27552115430453],[-6.246134741195379,53.27582349418157],[-6.246208129798374,53.276883119928065],[-6.245922368500814,53.27775634805019],[-6.246249971685241,53.27998363946703],[-6.246855493868559,53.28102074037262],[-6.247704529992397,53.28158308003869],[-6.249242213188687,53.28184460813224],[-6.249905326211302,53.28185052632215],[-6.25100922150906,53.281840393706425],[-6.25257824323302,53.28184131240422],[-6.252717563264022,53.2818411590157],[-6.252857364631698,53.281840959176805],[-6.252994516259614,53.28184070769434],[-6.253125887071333,53.28184039937509],[-6.253358761940436,53.28183959145346],[-6.253454003844949,53.28183908146467],[-6.253530940627521,53.28183849386628],[-6.253585521195707,53.28183868939427],[-6.253765833315722,53.28174799699564],[-6.253892799978321,53.280577529787436],[-6.254189310318952,53.27971084383777],[-6.254742250700473,53.279098294278384],[-6.2552956855019435,53.278700563738326],[-6.2555022097637325,53.278592584695645],[-6.256308550036715,53.27813823848576],[-6.2567611130510885,53.27800553740035],[-6.257024689663215,53.27802871852302],[-6.257895642564066,53.27852604145231],[-6.259853971697687,53.27936237385733],[-6.261727320289822,53.279966724248446],[-6.267264814492297,53.28155206703393],[-6.269245599844523,53.28204047859602],[-6.270249026466732,53.28220055025629],[-6.272016637227878,53.28231625791511],[-6.274967250524611,53.28236231230812],[-6.275468338427814,53.282177325438774],[-6.2751214981263574,53.28055437189022],[-6.275199082756701,53.27950966432589],[-6.27535918746832,53.27926424609963],[-6.276199945568606,53.27902816520037],[-6.277121201255021,53.279084534278674],[-6.279653938550503,53.27878893758238],[-6.281046059692302,53.27881562492292]]},"properties":{"route":"74","routes":["74","80","87","A2","L33","L35","S8"],"category":"radial","colour":"#9467bd","route_colour":"#ff9896","pdf_colour":"#faa619","source":"pdf-future","phase":"future"}},
{"type":"Feature","geometry":{"type":"LineString","coordinates":[[-6.194571663573301,53.295272872091594],[-6.193344257365131,53.29435208519475],[-6.192404012442466,53.293807184624356],[-6.187822215446901,53.2914144455764],[-6.1867667619784585,53.29080017318134],[-6.186887729687207,53.29054390948108],[-6.189209759139282,53.2902285909718],[-6.192108003577271,53.28959922133167],[-6.1929885814843955,53.289534039972594],[-6.194092272067613,53.28968663680098],[-6.195665133759932,53.29028411322269],[-6.196932581080609,53.29055673928789],[-6.198188934445911,53.29051418567568],[-6.198492015952247,53.290440488471596],[-6.198642877907807,53.29035268631834],[-6.198698775425074,53.29029926173783],[-6.198739794748259,53.290240411577514],[-6.198754290113539,53.29020916833215],[-6.200040435839952,53.286086613995955],[-6.200045513254123,53.28602145824312],[-6.200048524559998,53.2859557796078],[-6.2000499097875394,53.28589017206078],[-6.2000482434709925,53.285759200835805],[-6.200030253995007,53.28549844809102],[-6.19989641893975,53.28451336040414],[-6.200003534962085,53.28332120522263],[-6.200822374643757,53.2819099842377],[-6.201537913244888,53.281028646144094],[-6.201464324450956,53.280547762343005],[-6.200888798281539,53.28022622345752],[-6.1986619200732775,53.279688026977425],[-6.19780639233151,53.27945229903372],[-6.197011769876607,53.279220866613656],[-6.195609868110147,53.27882812461267],[-6.195483929820218,53.27879320138466],[-6.195368556939442,53.27876054591709],[-6.194603835235818,53.27850443438119],[-6.19382176378393,53.27785025683347],[-6.193553115606964,53.27738952799409],[-6.193490986055503,53.27689770699974],[-6.193904016991395,53.27645339353342],[-6.196554325496816,53.2772485724307],[-6.197082023714621,53.27713612591936]]},"properties":{"route":"86","routes":["86","L13","L25"],"category":"radial","colour":"#9467bd","route_colour":"#7f7f7f","pdf_colour":"#faa619","source":"pdf-future","phase":"future"}},
{"type":"Feature","geometry":{"type":"LineString","coordinates":[[-6.178035310233176,53.239746467839666],[-6.179397347980821,53.241007245238414],[-6.180088158441855,53.242029043140796],[-6.18040973400373,53.242896817393465],[-6.181155585305074,53.24380081230054],[-6.181632874558355,53.244170240524106],[-6.182509958488825,53.24461350213847],[-6.182860540057864,53.24496794378215],[-6.183260955430182,53.245890474339],[-6.183603922712837,53.24637459516581],[-6.183506719312072,53.24711040196474],[-6.183667953323884,53.2474450692335],[-6.184535576988618,53.24832294461749],[-6.185454403092018,53.24883130934328],[-6.188478879082822,53.250024623188104],[-6.188887513658711,53.250389068886555],[-6.190726535791049,53.25143218811445],[-6.191688533902428,53.251881792077235],[-6.194793565453475,53.252937606161154],[-6.196512201958771,53.25348576761542],[-6.197841580777337,53.25420107280888],[-6.199076589138929,53.255051505629076],[-6.200502460746503,53.255604873794226],[-6.200832093025688,53.256440868541645],[-6.201989107989559,53.2577212437808],[-6.2021962713665335,53.258444550828855],[-6.202003367024348,53.25891210189456],[-6.20156051438633,53.25931608140306],[-6.2002351475632524,53.260057964014614],[-6.199659004205211,53.26080162371064],[-6.198657802371116,53.26152716592004],[-6.197912097079428,53.26235579109517],[-6.197750986241141,53.26280348551798],[-6.197992967419169,53.263409980238045],[-6.199328034253976,53.26481584680504],[-6.199917849353632,53.26556907682876],[-6.201388042767797,53.26671755981533],[-6.2029497035921635,53.26768403647344],[-6.204179456925036,53.268142175375424],[-6.206441633075548,53.26885777019135],[-6.207735522537644,53.26938663042191],[-6.208287607953053,53.26981913693347],[-6.207657328360336,53.27054636550271],[-6.206847816415592,53.270961339246185],[-6.205033289446151,53.2714399099365],[-6.2039671772844045,53.27156847405221],[-6.2020474751702,53.27154804950438],[-6.200620086831363,53.27128184492197],[-6.199841484409891,53.27145513312386],[-6.199426792423415,53.272063819701465],[-6.198874234277484,53.27253575185155],[-6.198253064352166,53.27272815295171],[-6.195296565542783,53.273210309791004],[-6.1935406406075,53.27345099473071],[-6.193361620914377,53.273530519078264],[-6.193308865415268,53.273610817130354],[-6.193305908975847,53.273655256156616],[-6.193310788336767,53.27367798021518],[-6.193320097419288,53.273700824273725],[-6.193333979724294,53.273723626059486],[-6.193870038512855,53.27482401738843],[-6.193911853989424,53.27556894641604],[-6.193795076952957,53.2761360578375],[-6.193788640931902,53.276158873792824],[-6.193780398899812,53.27618275451207],[-6.1937550934342624,53.27624439343546],[-6.193565057200688,53.27663228102541]]},"properties":{"route":"L13","routes":["L13"],"category":"local","colour":"#2ca02c","route_colour":"#ff7f0e","pdf_colour":"#faa619","source":"pdf-future","phase":"future"}},
{"type":"Feature","geometry":{"type":"LineString","coordinates":[[-6.184383214709055,53.29122488820902],[-6.182950111166603,53.29161469830661],[-6.181131197417479,53.29200732590097],[-6.179412748421836,53.2920789949089],[-6.177863096973529,53.29176185458098],[-6.175314747423877,53.29089921875058],[-6.174033254827627,53.2906279276251],[-6.1728636978680065,53.29051182090455],[-6.172298558029486,53.29049895039629],[-6.1715029756613475,53.29050125228678],[-6.171244434778245,53.29049931342903],[-6.171096182349771,53.29049725540559],[-6.170775359777148,53.29049205817579],[-6.17070834327845,53.290490994552876],[-6.170641713033824,53.290490018614264],[-6.170120236636753,53.29048867877275],[-6.167134725096874,53.29079502979087],[-6.166123478390106,53.290800585278205],[-6.164603897371559,53.29063323880766],[-6.164428611488446,53.29059759169239],[-6.164257559194989,53.290558754417106],[-6.163753325417551,53.29042310210207],[-6.163416973126696,53.290322453129605],[-6.163249688932415,53.29026998045332],[-6.163083203997495,53.290216329793026],[-6.162428326230403,53.2899937594522],[-6.162268139626519,53.2899370779772],[-6.162109673095687,53.28988036216031],[-6.161953080106856,53.289823802608566],[-6.161798514128973,53.28976758992899],[-6.161413633026789,53.28962596190268],[-6.161332943175528,53.28959409149746],[-6.1612539099351356,53.28956142479073],[-6.161100422915246,53.28949397604051],[-6.160809034117024,53.28935253216747],[-6.159983179531455,53.28890438965874],[-6.15974850196303,53.28878505389392],[-6.159628557122163,53.28872857176805],[-6.159505927442137,53.2886745609988],[-6.159443383724613,53.28864856382266],[-6.158095870120935,53.28810206185465],[-6.157060852956939,53.28791341361176],[-6.156882019141721,53.28792641954293],[-6.156851776847125,53.28792953071],[-6.156821386247892,53.28793285556161],[-6.156760124818012,53.28794006248301],[-6.156206219018547,53.28800943828782],[-6.155720769789618,53.288028153492796],[-6.155013428259031,53.2879665310734],[-6.15210754834734,53.28750230121484],[-6.151540474618845,53.28746229442615],[-6.150333040764989,53.28763832865976],[-6.1501904377855805,53.287606826877536],[-6.1501231314101314,53.287585457124905],[-6.150059231078346,53.28756050613908],[-6.149943876448247,53.28750035449132],[-6.149848829700244,53.287427359981194],[-6.14981031422108,53.28738635541741],[-6.147845110469451,53.28507887805159],[-6.146269758874627,53.282773764417676],[-6.146246308486593,53.28273083214132],[-6.146224133905979,53.28268819047756],[-6.146203200779706,53.28264577942732],[-6.146183474754691,53.28260353899152],[-6.146164921477857,53.282561409171095],[-6.146129328870912,53.28243645129171],[-6.146120988833094,53.28241452967754],[-6.146109036275438,53.28239345834743],[-6.146093695512353,53.282373335467526],[-6.145726976777828,53.282241572500034],[-6.14435565110063,53.282411738145875],[-6.143919254571079,53.282496987947894],[-6.143811449728269,53.28251907515189],[-6.143704131094549,53.2825412738655],[-6.143319283722889,53.28262107367287],[-6.143008549581922,53.282683129178395],[-6.139576688256646,53.283352998755454],[-6.13679307820367,53.283859484096794],[-6.135933556658483,53.28405922346966],[-6.134452116253855,53.28460603559251],[-6.133985981666202,53.284920404252624],[-6.1338834486764515,53.28495906479121],[-6.133854465511069,53.28496533569185],[-6.133824477224441,53.284970191371166],[-6.133762154979315,53.284975542010365],[-6.133475799875026,53.28493655198746],[-6.129235085796117,53.283952105210986],[-6.127008073223351,53.28327703816242],[-6.126148349077953,53.28292562593413],[-6.125995491013776,53.282865568519945],[-6.125843465513945,53.28280711742344],[-6.125540566319566,53.282694946503376],[-6.1239657587653165,53.28220500242814],[-6.123804373872655,53.282143704100754],[-6.123761078536313,53.28212599378105],[-6.123705679640674,53.282102673745335],[-6.123694014213574,53.282097810019074],[-6.123668472149637,53.28208726345822],[-6.123469702909127,53.28200708997492],[-6.123336377373331,53.28197194013125],[-6.1232907052906524,53.28196685331839],[-6.123245191265585,53.281964921464],[-6.123156493011448,53.28197013876898],[-6.122900803457468,53.28209801324374],[-6.122380519555546,53.28314521443869],[-6.1220474886634495,53.28369832741311],[-6.121871920961496,53.28397881719221],[-6.121783225881609,53.2841192016955],[-6.121645130818889,53.28433722311115],[-6.1215462440891475,53.284493697570426],[-6.121349730619172,53.284807670192585],[-6.121253445053243,53.28496405284856],[-6.121206088444423,53.28504184924564],[-6.121159367716225,53.285119289396526],[-6.120980520077532,53.2854240931546],[-6.118224726394817,53.29023716925538],[-6.117676084836627,53.29037013537354],[-6.116306964942964,53.28984507067046],[-6.115992047010345,53.28972004136129],[-6.115835666198123,53.289656870023705],[-6.115680196673993,53.28959323616171],[-6.114336591115556,53.289029895771165],[-6.1133750993003515,53.28873888206748],[-6.110049229670232,53.28807286817085],[-6.108459788599062,53.28747764310243],[-6.107845675098552,53.2874014211253],[-6.103713357537567,53.28726352402774],[-6.099306315576441,53.286907406324254],[-6.096944403500345,53.28640772906581],[-6.095592681186497,53.285691159384925],[-6.0948070831571295,53.28535038825005],[-6.0945773995598636,53.28508525547452],[-6.094525576222931,53.28495836502105],[-6.094505437203495,53.284893997267766],[-6.094496308777446,53.28486183213502],[-6.094487616472476,53.284829774498405],[-6.094450725407429,53.28462763435815],[-6.094549544130949,53.28266709809082],[-6.0944776737535795,53.28212990168272],[-6.0941867421483655,53.28137919434488],[-6.094149078370591,53.28036724757647]]},"properties":{"route":"E2","routes":["E2","L21","L25"],"category":"spine","colour":"#d62728","route_colour":"#911eb4","pdf_colour":"#faa619","source":"pdf-future","phase":"future"}},
{"type":"Feature","geometry":{"type":"LineString","coordinates":[[-6.146244661522308,53.282727640385254],[-6.14623165724879,53.28270292320443],[-6.146219080760626,53.28267829164758],[-6.146206925014292,53.28265373407341],[-6.146195182966266,53.28262923884067],[-6.146172911791041,53.28258038883432],[-6.146152210886762,53.28253164849833],[-6.146133023905244,53.282482924702485],[-6.146123980526711,53.282458539903935],[-6.146115294498297,53.282434124316595],[-6.146098966317734,53.28238515421044],[-6.146091310078537,53.28236057640908],[-6.146080482502314,53.28232405278935],[-6.146064203013671,53.28226361867917],[-6.146006356672885,53.28201150938428],[-6.1459546504554785,53.28184621810855],[-6.1455166057839525,53.281404615173344],[-6.145317093964881,53.28129547080241],[-6.145254040553147,53.28126352016945],[-6.145242368053224,53.28125766839096],[-6.145230192363229,53.28125157460892],[-6.145217567825613,53.28124526543905],[-6.145191189577311,53.28123210739851],[-6.145060409481322,53.28116696055275],[-6.144902754380597,53.281086974929664],[-6.144895373695684,53.28108296950891],[-6.144862148534865,53.28106473318507],[-6.144828411839963,53.28104624829147],[-6.144794216013675,53.28102754149186],[-6.144724656577717,53.280989568829554],[-6.14443853411753,53.28083413468826],[-6.144169693906489,53.28068865011452],[-6.144107877414372,53.2806551705612],[-6.144077799247372,53.28063886112446],[-6.144048336947846,53.28062286938037],[-6.143808842417223,53.280492066558985],[-6.142804738210865,53.27995582550423],[-6.13770406206529,53.27724172582016],[-6.137642586662191,53.277208941482336],[-6.137553809639371,53.27716172015211],[-6.137442405772526,53.277102536658035],[-6.1373130498373545,53.277033865828685],[-6.137170416609553,53.27695818249262],[-6.13701918086482,53.27687796147839],[-6.136421708230514,53.2765611972112],[-6.1362975815365814,53.27649541023464],[-6.136192900979902,53.2764399345513],[-6.136112341336171,53.27639724498974],[-6.136060577381088,53.27636981637852],[-6.13604228389035,53.27636012354621],[-6.129515866170986,53.27289878363932],[-6.12855820372439,53.27239300705348],[-6.127931971782467,53.27210851087552],[-6.1275543689514524,53.271974523406264],[-6.127307459727842,53.271898559006374],[-6.127234037385807,53.27187540754237],[-6.1271612886195586,53.27185159422221],[-6.126877227682158,53.27174988800701],[-6.126807995572141,53.27172288962631],[-6.12673949654883,53.27169527907754],[-6.126604737436277,53.271638254601214],[-6.126344452665075,53.2715172240111],[-6.124800278896501,53.27073623853292],[-6.124302616071971,53.27049108023271],[-6.123525799920062,53.27011117178403],[-6.1234138871567545,53.27005636886574],[-6.123358110984709,53.27002903108771],[-6.123302444754664,53.27000172711389],[-6.122218437055116,53.26946676742011],[-6.121609167931365,53.26920706920035],[-6.121153534160551,53.269136113250724],[-6.121056295647871,53.26911742859717],[-6.120962988295408,53.26909440184147],[-6.120873954724231,53.26906729184776],[-6.12035665680953,53.26873447902807],[-6.1202799216086285,53.26799395783123],[-6.119601784379986,53.26747128369289],[-6.119433082986823,53.267033659803396],[-6.1198001100220765,53.26655846563311],[-6.121016909695965,53.2661629111757],[-6.1219324861041065,53.265055497610085],[-6.1228813746576805,53.26363432756635],[-6.123197398014246,53.2626185268024],[-6.123067752463595,53.26212927539061],[-6.122256190572943,53.261129731918224],[-6.121091853625597,53.26021705755272],[-6.118716470800147,53.25851950784495],[-6.1178186327794934,53.25802318477768],[-6.115013870718887,53.257224302664305],[-6.114776391618149,53.25713529604257],[-6.114713812647178,53.2571026662117],[-6.114653598347537,53.2570671472818],[-6.114543264790311,53.25698916597912],[-6.114371166338838,53.256592906117426],[-6.114846970251405,53.25571758956397],[-6.116080973600275,53.25386032255871],[-6.115850731372914,53.25380779087481],[-6.114088612930781,53.25425257340809],[-6.112564199096934,53.254460939604606],[-6.108766745134647,53.254800110731374],[-6.108392502994894,53.254730128959714],[-6.107699829156989,53.25385142917797],[-6.107639510843247,53.25375272077991],[-6.107612539104592,53.25370247351158],[-6.107587655766831,53.253651497619906],[-6.1075084582559915,53.25343830916246],[-6.10744197431237,53.25294657873655],[-6.107464112544217,53.25189950799983],[-6.107329544337867,53.25110109936019],[-6.106893055189665,53.24994145576906],[-6.1064396847204385,53.24918927662634],[-6.106351067761922,53.249064540737095],[-6.1062587623041225,53.24894005893579],[-6.1060943858309775,53.24872810586773],[-6.105834153164261,53.24837577759206],[-6.10552554080806,53.24793780652965],[-6.1054435733394286,53.24782784686204],[-6.105420485534531,53.24779912999849],[-6.105396170241866,53.247769996572984],[-6.1053434789678915,53.24771062846948],[-6.104815271342956,53.24730325644477],[-6.105137193830524,53.246593005390075],[-6.104909406144425,53.24525722459316],[-6.105003571900697,53.24460119004478],[-6.105506384227128,53.243697638553776],[-6.105488243415751,53.243208320544554],[-6.1059011023476035,53.242337298550524],[-6.1055829437891,53.23963972340778],[-6.10530881603635,53.23873660863475],[-6.105600430439598,53.23789871030464],[-6.105492336272462,53.23769431082241],[-6.105314935979868,53.23763796044021],[-6.105206532763587,53.2376170747332],[-6.105089385929077,53.2376004087111],[-6.104185082116036,53.23756110390437]]},"properties":{"route":"98","routes":["98","B4","L11","L22"],"category":"radial","colour":"#9467bd","route_colour":"#c7c7c7","pdf_colour":"#faa619","source":"pdf-future","phase":"future"}},
{"type":"Feature","geometry":{"type":"LineString","coordinates":[[-6.439442477934339,53.388687871105645],[-6.436947012764876,53.388341730743456],[-6.432402236836815,53.38754027044719],[-6.426232708975929,53.38652097120946],[-6.4202653548457755,53.38544651713963],[-6.417977314795067,53.385059675143665],[-6.417534053576969,53.38518536602628],[-6.416880480592305,53.38679132798103],[-6.416728282169257,53.38781544678101],[-6.41686831967956,53.38852045286914],[-6.4193802183900885,53.388184072238836],[-6.420632365964908,53.38819363429553],[-6.42362968548584,53.388469695034686],[-6.424721918047075,53.38862216116187],[-6.42574669125144,53.388897391016165],[-6.42662462948306,53.38936217847831],[-6.426979596280698,53.389688621547606],[-6.427316971187918,53.39059065467719],[-6.4271769733466035,53.391791479863706],[-6.426841164485166,53.39249882260403],[-6.425491866759637,53.39431685207928],[-6.424450507061818,53.395544130375654],[-6.423463732876767,53.396916047882584],[-6.422513943263872,53.39795618990458],[-6.421555349057672,53.39857768908094],[-6.420904408936872,53.39886528382777],[-6.420714818733847,53.39906770812575],[-6.420536118512882,53.399191483552514],[-6.42047768430043,53.39921480149053],[-6.420446651120037,53.39922516334618],[-6.42041446729612,53.399234623314],[-6.420381177883116,53.3992431535348],[-6.419186182611757,53.39943390902678],[-6.417690412954678,53.39940310790569],[-6.415857575965707,53.398996226175896],[-6.414020864001621,53.398282360814754],[-6.4131670947905794,53.39803327000948],[-6.408574157509257,53.39684981470448],[-6.407552963268421,53.39628584972324],[-6.40696427244653,53.39557088683572],[-6.4068482207373005,53.39517244380937],[-6.4069597404742185,53.39441788153398],[-6.407456448342005,53.3933592957005],[-6.407293623071703,53.39260274184703],[-6.406758649380401,53.392044583317556],[-6.406026540309898,53.391690089254986],[-6.406022918384955,53.39168902065186],[-6.406012576467454,53.39168608929001],[-6.4059963003433875,53.39168170684074],[-6.405949088619535,53.39167023536515],[-6.405818029276758,53.39164799290206],[-6.405602230560069,53.39167999648606],[-6.404235642702019,53.39266986799249],[-6.402967710560375,53.39342999529595],[-6.400840812723783,53.39458929935733],[-6.399855456403645,53.395258624439585],[-6.399828468286653,53.39527361514531],[-6.399799370592857,53.39528658259656],[-6.3997358453097,53.395306507999216],[-6.399447302847542,53.395308292608306],[-6.3993765452481535,53.39528986214562],[-6.399342746548807,53.395277898284405],[-6.399310334194641,53.39526412209111],[-6.396625118406198,53.39402611573028],[-6.390237807576305,53.39098025546229],[-6.388513708196193,53.39016171605694],[-6.387420971290322,53.38964626527033],[-6.38712974654819,53.38950871863289],[-6.387056924062191,53.38947431574375],[-6.386911245158025,53.38940548623916],[-6.386838384633684,53.38937105840929]]},"properties":{"route":"B1","routes":["B1","B2","L61","L64","N8","X61"],"category":"spine","colour":"#d62728","route_colour":"#3cb44b","pdf_colour":"#faa619","source":"pdf-future","phase":"future"}},
{"type":"Feature","geometry":{"type":"LineString","coordinates":[[-6.373279370461243,53.3830799025106],[-6.373525810365881,53.383160101368524],[-6.373764250192444,53.3832118494376],[-6.373885796927278,53.383228164742675],[-6.3740078775167195,53.38323819914046],[-6.374250588180136,53.38323969995113],[-6.3743696922144695,53.38323130373255],[-6.374486278024124,53.38321690134369],[-6.374912178619532,53.38310060377062],[-6.375090181053811,53.3830082037531],[-6.37516777473572,53.38295368133149],[-6.375276010335819,53.382871357418914],[-6.375387056377352,53.382791558826355],[-6.375612297785255,53.382646925778666],[-6.375938225711216,53.38249509221582],[-6.376355221936576,53.3824425649392],[-6.377461433678296,53.38257404033469],[-6.379753240485112,53.38324354971879],[-6.381534525568561,53.38352300591597],[-6.3827713552353185,53.38386979339113],[-6.383703732606517,53.38423699885923],[-6.385909164056233,53.3852577962193],[-6.38731563878659,53.38641341959811],[-6.387617568127317,53.386473085701326],[-6.387872657127361,53.38641676019299],[-6.387979239612067,53.38639468933894],[-6.388084218563536,53.38636882055599],[-6.3882309277030815,53.386319398500184],[-6.388592135554214,53.386088732902365],[-6.390787191772685,53.38425434349878],[-6.391940667833317,53.38359524390145],[-6.394840231308297,53.38234018144323],[-6.39598559665475,53.38191646832669],[-6.399257990073019,53.38096006550369],[-6.400677398847802,53.38071916752718],[-6.401869774470246,53.380776781091214],[-6.404218052968703,53.38051591386708],[-6.405186979769083,53.38047803594202],[-6.407409819662383,53.38067630396747],[-6.409448769087959,53.38052021576386],[-6.409745134572192,53.38029910780801],[-6.408506398678438,53.37850712587168],[-6.4082812895345524,53.377677952310265],[-6.408286904470887,53.377263036812735],[-6.408361789274853,53.37689023346586],[-6.408424744264929,53.376707803558325],[-6.408504944105204,53.37652776708044],[-6.409001738840365,53.37582773925116],[-6.410032022621182,53.37498365934604],[-6.410911234722223,53.37446569023662],[-6.411573244349322,53.37404258203733],[-6.411614160319645,53.37401741330236],[-6.411655448273955,53.37399299126967],[-6.411736139562843,53.37394897693574],[-6.411841212802963,53.373904740855814],[-6.412434132687602,53.37376801064004],[-6.4129422008061,53.37346017668553],[-6.413413807180428,53.37271424878908],[-6.413387341379186,53.371499966186036],[-6.413509036462801,53.37095141882034]]},"properties":{"route":"37","routes":["37","L61","N4","W4"],"category":"radial","colour":"#9467bd","route_colour":"#8c564b","pdf_colour":"#faa619","source":"pdf-future","phase":"future"}},
{"type":"Feature","geometry":{"type":"LineString","coordinates":[[-6.50289423897014,53.36553335712517],[-6.504767544779681,53.365744869979494],[-6.506189475240488,53.36610897661079],[-6.506644944328925,53.36608756434801],[-6.5068897271048955,53.36599019958626],[-6.506978552867048,53.36592196112472],[-6.506996633197014,53.365903208036976],[-6.507012946832065,53.365883840997704],[-6.507027435646857,53.36586389172562],[-6.507656528566967,53.36515575766198],[-6.508402965102507,53.364919283774704],[-6.510939423065863,53.36439074318939],[-6.5137346654859964,53.36372494792176],[-6.515857070543584,53.363688712883025],[-6.517722920362357,53.36318754411863],[-6.51862118744638,53.36320154029728],[-6.520644759164724,53.363707085758456],[-6.521809293380025,53.36373091996119],[-6.523846393382228,53.363259913613206],[-6.524862611666579,53.36315582734845],[-6.5253715650628,53.36321347107053],[-6.52787380032147,53.363979649278455],[-6.529276891037364,53.36404343606098],[-6.533302735102907,53.363731695506914],[-6.534424146948231,53.363798627097424],[-6.533959824511775,53.364413133638884],[-6.532869212325384,53.364991814843975],[-6.530938140744309,53.365718537050526],[-6.53002557799082,53.3663154485886],[-6.5293456099074145,53.367013781971984],[-6.528622422721976,53.36794352607713],[-6.528474143383194,53.36812825217966],[-6.528387070393174,53.36823492058935],[-6.528297687320011,53.368345841537796],[-6.528113277514612,53.36857800272011],[-6.52744235777239,53.369434913171695],[-6.526805102217027,53.37020014175983],[-6.526866565486738,53.370516896504874],[-6.526912668489825,53.3705714912229],[-6.526966573535355,53.370624647962536],[-6.527094124621074,53.37072371814176],[-6.52748539825632,53.370894965081995],[-6.530495329975765,53.37154704934337],[-6.534499235677723,53.372154340643014],[-6.536956997979225,53.37268589820229],[-6.538392041985712,53.3728836769208],[-6.541016375383193,53.37308053277781],[-6.542927871429802,53.37337066840535],[-6.545569086423022,53.3738668850974],[-6.548524594323153,53.3743522772789],[-6.552185773326794,53.37490553713578],[-6.555803287008664,53.37525630365556],[-6.563661111026995,53.376160952655034],[-6.56667064163883,53.376444539086485],[-6.568651252432995,53.37674777083314],[-6.571968506810948,53.37749059631631],[-6.573430827646074,53.377717661983574],[-6.576936652265714,53.37815527597203],[-6.579401415224345,53.378374266711866],[-6.580218958938836,53.378515672237526],[-6.582504123956581,53.37913792320642],[-6.583934035068453,53.37939863483332],[-6.586016764879238,53.37953585212],[-6.588007145844617,53.3794985213676],[-6.588849986629799,53.379541741170854],[-6.59320280452176,53.380040120873865],[-6.595448526384566,53.38009551097412],[-6.597716509538769,53.380052203205686],[-6.599303395734738,53.38007484953157],[-6.600434182340764,53.380186960578115],[-6.601387474099205,53.379918923945375],[-6.6016613761751675,53.379755431233995],[-6.601744351990528,53.37965472027313],[-6.601771724887997,53.37960112256767],[-6.601789451129305,53.3795459343984],[-6.601615701939216,53.37913943433772],[-6.599895473479394,53.37800376626211],[-6.599245515915126,53.37746327355192],[-6.598710570523764,53.37688959673181],[-6.598487462907185,53.37659291172779],[-6.598294590950949,53.37629104763299],[-6.597835343843532,53.37505257992398],[-6.5978994037580145,53.37381436507447],[-6.598000892001597,53.37351264321314],[-6.598122671444366,53.37321520110931],[-6.598186031050156,53.37306659479365],[-6.59825085493946,53.372918116123266],[-6.5983170063827075,53.37276980346403],[-6.598384348650332,53.37262169518177],[-6.598522058740436,53.372326245211575],[-6.598805752712154,53.37173948589216],[-6.599558529077825,53.37021459245002],[-6.600113347597239,53.36898146377952]]},"properties":{"route":"52","routes":["52","C3","L59","X25","X26"],"category":"radial","colour":"#9467bd","route_colour":"#c5b0d5","pdf_colour":"#faa619","source":"pdf-future","phase":"future"}},
{"type":"Feature","geometry":{"type":"LineString","coordinates":[[-6.217205613195229,53.47389988046467],[-6.216697423480971,53.47403825921064],[-6.212905496152527,53.473219061562915],[-6.211391884191413,53.473051317602085],[-6.210383889540308,53.47309446711473],[-6.209190402833516,53.473405298254036],[-6.200330508345871,53.477420961717726],[-6.1989720440534,53.47757045504791],[-6.196563141211189,53.47757590970219],[-6.193144721416301,53.4772829382551],[-6.191569285721279,53.47705310127368],[-6.18981106443217,53.47668657244917],[-6.187865100279607,53.476211475987135],[-6.186712176355334,53.47598767567722],[-6.18433363451758,53.475682580921095],[-6.181223314769614,53.47506965745301],[-6.1798134216484035,53.47502902153865],[-6.1777606244839305,53.4750964525318],[-6.174468662470544,53.4752972256771],[-6.173374322974512,53.475514952822245],[-6.172345223853412,53.47584405379872],[-6.169745906361136,53.476864004363385],[-6.166976320385853,53.47802875600228],[-6.166526441728883,53.4784566817799],[-6.166228723465888,53.479531399673995],[-6.166019478786503,53.47985562834973],[-6.16455643129522,53.48017504372991],[-6.1639254416648805,53.48021471508914],[-6.162904500749519,53.48011347742629],[-6.1623830414030385,53.48016737185088],[-6.16170109287672,53.48050480847251],[-6.161227846608398,53.481030615036865],[-6.160823178398261,53.481958451433854],[-6.160610693634384,53.483103163773386],[-6.160175433220299,53.48331340083971],[-6.157841990923324,53.483627419503],[-6.1567105652629115,53.48384530644105],[-6.155463826766694,53.484196569405825],[-6.15247943174096,53.48590828569425],[-6.151149609858675,53.48682843729603],[-6.150610576772483,53.48704400946517],[-6.149576549924757,53.487198501302295],[-6.148350502416381,53.48723263921896],[-6.146028466997856,53.48720672988539],[-6.144694141889624,53.48726030768367],[-6.1426841183967635,53.48749620838939],[-6.135550445615496,53.4882266106864],[-6.130414798018653,53.488459838474206],[-6.129722237405475,53.48839221779153],[-6.128669216669461,53.48806034608937],[-6.127704767920885,53.48791557707888],[-6.124520587420611,53.488137006457755],[-6.1221285228430355,53.48813458553927],[-6.120953816902477,53.488022229836865],[-6.1203840839689265,53.487659532126806],[-6.1188328132413945,53.48764322112834],[-6.118602593091107,53.487701176665794],[-6.118524883257172,53.48776787158517],[-6.118499593252034,53.48784982879567],[-6.118502704489472,53.48787184429816],[-6.118509610980008,53.48789378687134],[-6.118930562409089,53.488072942728195],[-6.11986403131966,53.488039162308226],[-6.120380462341657,53.488340859036924],[-6.1214349596605935,53.488521322056066],[-6.124112013053876,53.488593638016965],[-6.124366929306184,53.4886680492802],[-6.124409961244892,53.489264513414525],[-6.12572772718476,53.48975669260696],[-6.1268830895854665,53.49046936263596],[-6.127975347388066,53.49131675663081],[-6.128249905764563,53.49172960907984],[-6.12853523371965,53.49285994822917],[-6.128743191170734,53.49319958202476],[-6.131053653274829,53.49427902614855],[-6.13189306850681,53.49447029880224]]},"properties":{"route":null,"routes":[],"category":null,"colour":null,"route_colour":null,"pdf_colour":"#faa619","source":"pdf-future","phase":"future"}},
{"type":"Feature","geometry":{"type":"LineString","coordinates":[[-6.275714370620403,53.45047750829528],[-6.276704731685877,53.450634961043335],[-6.277142877525549,53.451609708599584],[-6.277497702388308,53.452163435342186],[-6.279088582379456,53.453063866088534],[-6.279741207740987,53.45414095966575],[-6.2790704207035715,53.454307485654944],[-6.277650491611515,53.45403579195498],[-6.274363137182897,53.45390871169357],[-6.273458156395054,53.45391065751092],[-6.270433572593193,53.45435101353961],[-6.269737345700142,53.45436120253885],[-6.266516190580599,53.45407211512503],[-6.265089204947554,53.45414305606473],[-6.264177459886816,53.45426095858249],[-6.264329130431288,53.45510763142326],[-6.264048985038387,53.45541013963276],[-6.262761464186633,53.45544635158562],[-6.260026830399292,53.45586436240342],[-6.258998953999969,53.45593312826797],[-6.2573640384284746,53.4558393809183],[-6.254348340287123,53.45545751986838],[-6.25395875267587,53.45555994488177],[-6.252299119023707,53.45779571825126],[-6.251857629678113,53.45860935291119],[-6.2518537468799025,53.459315330550105],[-6.252381575684956,53.46110163679816],[-6.25237008161041,53.46160995602557],[-6.251986995510441,53.462219970411866],[-6.251627093099474,53.46250579032052],[-6.251122443863631,53.462708256774526],[-6.251109301507015,53.4627101290215],[-6.251093806066288,53.46271221523144],[-6.251048075010131,53.462717840828205],[-6.250915058959785,53.46273016155183],[-6.250686250442491,53.462730988558896],[-6.250245923233312,53.462590091606636],[-6.248885841508653,53.46159622067058],[-6.246697702848475,53.460586967839085],[-6.24459321459734,53.45914739869849],[-6.243025749539804,53.458280307403435],[-6.241404101342746,53.45775221023293],[-6.236003697600049,53.456366101091696],[-6.235125695012692,53.456094435003024],[-6.233889866341138,53.455590889498815],[-6.233254496103435,53.45542083379572],[-6.23180711358159,53.4553954025687],[-6.2297866304313905,53.45530974628471],[-6.229819415214926,53.45497693814993],[-6.230264313738054,53.45470407841402],[-6.231428479159256,53.45190263677813],[-6.229536091793443,53.45108820194591],[-6.228984668869531,53.450440105822196],[-6.228011797384703,53.45007951953511],[-6.224750771717365,53.44994984611995],[-6.2246288521573305,53.44979660299634],[-6.225794326072401,53.449031060833356],[-6.227545993308683,53.44832889088777],[-6.228968855331472,53.44786812411969],[-6.23394794415214,53.44634984805251],[-6.234430896856598,53.446126538179236],[-6.236206001650242,53.444982102368876],[-6.236942872254256,53.44402605023211],[-6.23726524671417,53.442837723957155],[-6.237298401464352,53.441512767465476],[-6.237146515021492,53.44130544393048],[-6.237053168507891,53.441278482501545],[-6.236895368791549,53.44127248770705],[-6.236433435403459,53.44140023578159],[-6.23557680181488,53.441774169534824],[-6.233773922343416,53.4422470125511],[-6.232688097458255,53.442387741864074],[-6.23152932465466,53.44276255673838],[-6.230477693530975,53.44344644148203],[-6.23005173526375,53.443449034457046],[-6.228180681993588,53.44209177905064],[-6.2271664477896005,53.441448341089405],[-6.226047932348714,53.44092772759783],[-6.224825425885791,53.440490705730824],[-6.223681659638951,53.44019901688167],[-6.223323623045156,53.44013068291326],[-6.223292441932901,53.44012482648994],[-6.2232614880798005,53.44011904225042],[-6.2231700092596665,53.44010211128182],[-6.2223133742900165,53.43996992552341],[-6.221273675587957,53.439851378822354],[-6.21802286406638,53.439598820746305],[-6.216353377614702,53.43938204089196],[-6.215258047875986,53.43923641197621],[-6.215294842852746,53.439140915386865],[-6.2153316347001155,53.43904541805401],[-6.215405196532861,53.43885441874987],[-6.215552145433657,53.438472384732364],[-6.21590926746959,53.437540752797844],[-6.2165014714725295,53.43621576911283],[-6.216847457957739,53.43556281481526],[-6.2170328500486,53.435238899861986],[-6.21712863677201,53.43507760516038]]},"properties":{"route":"197","routes":["197","21","A4","L81","L82","X77","X79","X84"],"category":"radial","colour":"#9467bd","route_colour":"#ff9896","pdf_colour":"#faa619","source":"pdf-future","phase":"future"}},
{"type":"Feature","geometry":{"type":"LineString","coordinates":[[-6.23090802337382,53.410146296327625],[-6.229570788922435,53.41300653047059],[-6.229356512692444,53.413464602227826],[-6.229150964668317,53.41390390115797],[-6.228789908289352,53.41467509716997],[-6.227968074054967,53.41642358692442],[-6.22717138840832,53.418134823404735],[-6.225638986952109,53.421486501361194],[-6.225165813576402,53.42258256526584],[-6.224510982315275,53.4241798522937],[-6.224373739247958,53.42451309662929],[-6.224236824712582,53.42484266076474],[-6.223480335958395,53.42654414113069],[-6.222920310553919,53.42760525204405],[-6.22275279495239,53.42789920105392],[-6.222668680305678,53.428041719122994],[-6.222585241589936,53.4281791432947],[-6.222423133436174,53.42843234112554],[-6.222142584286273,53.42880797389149],[-6.2199232939333635,53.43106621467495],[-6.2191440776273295,53.431944205029595],[-6.218593691326457,53.432735156806615],[-6.218008223786508,53.43365228854603],[-6.21734352523773,53.4347313605251],[-6.217231482503115,53.43491308991876],[-6.217129192716043,53.43507759958393],[-6.217069228928251,53.43517441892884],[-6.216677836473226,53.43585827742095],[-6.216251190503607,53.436713734998364],[-6.213811011282564,53.438331491047784],[-6.213729973905893,53.438718823948065],[-6.214486377674825,53.43913369013651],[-6.216353248171244,53.4393820273153],[-6.21802273415627,53.43959880113133],[-6.221274105360818,53.439851370373944],[-6.222313898339773,53.43996977116271],[-6.223169922186275,53.44010209216686],[-6.223297201722886,53.44012532631255],[-6.223335363311922,53.44013369307787],[-6.223464363258429,53.440184941356485],[-6.223560128572436,53.44040633536561],[-6.223059885864911,53.4412461950652],[-6.222605934219078,53.44136978841724],[-6.219371560401683,53.44083821508158],[-6.21891569769301,53.441009626730164],[-6.218489277108424,53.44322227847634],[-6.218153185415996,53.44340062029145],[-6.215661261926837,53.44348722624792],[-6.214762288797892,53.443765504187645],[-6.214890977336787,53.44415911299283],[-6.2143762658793635,53.4448086889216],[-6.2141257271403525,53.44577884465591],[-6.214105137837498,53.44723906397702],[-6.2143043357304055,53.447949643465165],[-6.214398258211773,53.448971832757394],[-6.2141459290869925,53.4491343323191],[-6.214099042786781,53.44914544406852],[-6.21405113371072,53.449154753153216],[-6.213955244144112,53.44916751178664],[-6.2138224696819755,53.44917030761541],[-6.212253859229006,53.449079250679446],[-6.208145477868389,53.44869369753277],[-6.204463608058227,53.44838306057469],[-6.202584554300581,53.448129198196476],[-6.201411704971006,53.44789602686905],[-6.199376291410653,53.44737507060504],[-6.19517717945596,53.44615424188909],[-6.1946626776834375,53.44611393460754],[-6.194526328627197,53.446138848410946],[-6.194462512204037,53.44615689751471],[-6.19440228994772,53.446178546888426],[-6.194294694226223,53.4462322628514],[-6.194207674043923,53.446299229111304],[-6.19404933029126,53.446494934610726]]},"properties":{"route":"L81","routes":["L81","N8","X77","X79","X83","X84","X85"],"category":"local","colour":"#2ca02c","route_colour":"#c7c7c7","pdf_colour":"#faa619","source":"pdf-future","phase":"future"}},
{"type":"Feature","geometry":{"type":"LineString","coordinates":[[-6.141734594660286,53.431500538102824],[-6.137463813951985,53.4318406296792],[-6.136610977988796,53.43169086383003],[-6.1361814873089475,53.431172042269],[-6.1357381241418825,53.431031615003555],[-6.132855921181752,53.43072912388757],[-6.130703282204343,53.430593686237856],[-6.130331448547173,53.43071823811485],[-6.130301028562944,53.43076364870488],[-6.130267878215794,53.43081315216202],[-6.13019548714475,53.43092131626048],[-6.130041048479804,53.43115242327447],[-6.1298111849314685,53.43149895321266],[-6.129603380944161,53.43185043043868],[-6.129208849086817,53.432818482354016],[-6.128706761055336,53.433430881862186],[-6.128760524545976,53.43374220310524],[-6.129396346094847,53.43444302527566],[-6.1297137220817195,53.435125810018455],[-6.129770369404655,53.435953933539],[-6.13034919650168,53.43819746609493],[-6.13159868485228,53.43942241591291],[-6.132551043473264,53.44001843199108],[-6.13501427029492,53.44085045311379],[-6.136851556212877,53.44153087601861],[-6.139223675825067,53.44217759129687],[-6.1410042424986875,53.442327409188174],[-6.141896921732254,53.442687399721194],[-6.142961541342648,53.443707916842676],[-6.143738269162393,53.44409428748322],[-6.147804497900163,53.445212330314874],[-6.149516336950098,53.445822369392374],[-6.15192576639573,53.446448447989525],[-6.154146540128608,53.446857333804765],[-6.15513351526201,53.44695176517804],[-6.156287260140805,53.446954309475124],[-6.1577152718094705,53.446701632325244],[-6.1596756221101705,53.44673471896229],[-6.1613474968372035,53.44659936500824],[-6.161922330007204,53.44651786782414],[-6.162339005336493,53.44645630965929],[-6.16264114209836,53.44641118075511],[-6.164145783784115,53.446181267211756],[-6.1650554285876815,53.446043012069794],[-6.165559753856707,53.44596648815551],[-6.166087700646853,53.44588644588403],[-6.168294997163024,53.445552281300806],[-6.171834979815619,53.445017300186365],[-6.1724094679447,53.44501593371181],[-6.173088140708029,53.44526361381867],[-6.184790169957687,53.4488873193453],[-6.185583521077662,53.44920066848379],[-6.186720317384139,53.44998440774043],[-6.187042545760866,53.450495929941816],[-6.189632271953673,53.451115258628235],[-6.190099679514268,53.45102068657377],[-6.191996634857834,53.44881658679175],[-6.192569021769886,53.447986185115894],[-6.193387099419711,53.44734811837854],[-6.19382426912339,53.446808007296866],[-6.194048972198011,53.44649473134639],[-6.194325496697542,53.446143706356786],[-6.194339161878451,53.446123549639005],[-6.194354696534356,53.44608217204312],[-6.194341455764688,53.44599921528763],[-6.19412566228171,53.44585394104235],[-6.1914992910729785,53.44510489734552],[-6.188514420838724,53.44415398420256],[-6.186263785135737,53.4435042141764],[-6.181959276361679,53.44218167203151]]},"properties":{"route":"20","routes":["20","H2","L81","X77","X78"],"category":"radial","colour":"#9467bd","route_colour":"#98df8a","pdf_colour":"#faa619","source":"pdf-future","phase":"future"}},
{"type":"Feature","geometry":{"type":"LineString","coordinates":[[-6.141734594660286,53.431500538102824],[-6.137463813951985,53.4318406296792],[-6.136610977988796,53.43169086383003],[-6.1361814873089475,53.431172042269],[-6.1357381241418825,53.431031615003555],[-6.132855921181752,53.43072912388757],[-6.130703282204343,53.430593686237856],[-6.130331448547173,53.43071823811485],[-6.130301028562944,53.43076364870488],[-6.130267878215794,53.43081315216202],[-6.13019548714475,53.43092131626048],[-6.130041048479804,53.43115242327447],[-6.1298111849314685,53.43149895321266],[-6.129603380944161,53.43185043043868],[-6.129208849086817,53.432818482354016],[-6.128706761055336,53.433430881862186],[-6.128760524545976,53.43374220310524],[-6.129396346094847,53.43444302527566],[-6.1297137220817195,53.435125810018455],[-6.129770369404655,53.435953933539],[-6.13034919650168,53.43819746609493],[-6.13159868485228,53.43942241591291],[-6.132551043473264,53.44001843199108],[-6.13501427029492,53.44085045311379],[-6.136851556212877,53.44153087601861],[-6.139223675825067,53.44217759129687],[-6.1410042424986875,53.442327409188174],[-6.141896921732254,53.442687399721194],[-6.142961541342648,53.443707916842676],[-6.143738269162393,53.44409428748322],[-6.147804497900163,53.445212330314874],[-6.149516336950098,53.445822369392374],[-6.15192576639573,53.446448447989525],[-6.154146540128608,53.446857333804765],[-6.15513351526201,53.44695176517804],[-6.156287260140805,53.446954309475124],[-6.1577152718094705,53.446701632325244],[-6.1596756221101705,53.44673471896229],[-6.1613474968372035,53.44659936500824],[-6.161922330007204,53.44651786782414],[-6.162339005336493,53.44645630965929],[-6.16264114209836,53.44641118075511],[-6.164145783784115,53.446181267211756],[-6.1650554285876815,53.446043012069794],[-6.165559753856707,53.44596648815551],[-6.166087700646853,53.44588644588403],[-6.168294997163024,53.445552281300806],[-6.171834979815619,53.445017300186365],[-6.1724094679447,53.44501593371181],[-6.173088140708029,53.44526361381867],[-6.184790169957687,53.4488873193453],[-6.185583521077662,53.44920066848379],[-6.186720317384139,53.44998440774043],[-6.187042545760866,53.450495929941816],[-6.189632271953673,53.451115258628235],[-6.190099679514268,53.45102068657377],[-6.191996634857834,53.44881658679175],[-6.192569021769886,53.447986185115894],[-6.193387099419711,53.44734811837854],[-6.19382426912339,53.446808007296866],[-6.194048972198011,53.44649473134639],[-6.194325496697542,53.446143706356786],[-6.194339161878451,53.446123549639005],[-6.194354696534356,53.44608217204312],[-6.194341455764688,53.44599921528763],[-6.19412566228171,53.44585394104235],[-6.1914992910729785,53.44510489734552],[-6.188514420838724,53.44415398420256],[-6.186263785135737,53.4435042141764],[-6.181959276361679,53.44218167203151]]},"properties":{"route":"20","routes":["20","H2","L81","X77","X78"],"category":"radial","colour":"#9467bd","route_colour":"#98df8a","pdf_colour":"#faa619","source":"pdf-future","phase":"future"}},
{"type":"Feature","geometry":{"type":"LineString","coordinates":[[-6.130271384515264,53.4308126993962],[-6.1302877248062675,53.43078507406011],[-6.130299212882864,53.43076547461163],[-6.130312958466781,53.430741858989116],[-6.130381358085931,53.430621386688905],[-6.1304738415216455,53.430440484424516],[-6.130488522114515,53.43039973521187],[-6.1304949058489795,53.43037622700264],[-6.130501285532657,53.43034957401024],[-6.13055443670907,53.43003831299757],[-6.130684141868297,53.429512005769766],[-6.131026983176858,53.42886720937928],[-6.133493080655439,53.42616540617709],[-6.136622907659305,53.42305140131446],[-6.139369126023681,53.420246680035376],[-6.1400164375901705,53.41977583579916],[-6.140396113241984,53.41952268513053],[-6.1421577599454285,53.4184758217171],[-6.144176824980683,53.417159302204325],[-6.147168959763383,53.41535132128078],[-6.147233507809328,53.41517519438218],[-6.147195819920467,53.415098829144476],[-6.14715953243271,53.415057148760006],[-6.14710931629732,53.415013487308926],[-6.146960199227403,53.41492127353837],[-6.146857848864756,53.414873247384605],[-6.14660327745826,53.414769907715474],[-6.146315047142728,53.414668287040705],[-6.144830213211767,53.41429763367098],[-6.144135875385197,53.414008112559955],[-6.1431009612485745,53.41332004107264],[-6.141817612802295,53.412172161337494],[-6.140793437388685,53.410952792151406],[-6.140321830994078,53.410095266258985],[-6.140091351333242,53.40873337555213],[-6.139812123925674,53.40785600242961],[-6.139346400569144,53.40707032642616],[-6.137826120558876,53.404826251221216],[-6.135960152952912,53.40317446752097],[-6.133759696874023,53.40113626548236],[-6.132779986234315,53.399986119612635],[-6.132133006175993,53.39951210474421],[-6.131029566272286,53.398542187640246],[-6.129964031264866,53.39783650827948],[-6.128724539064114,53.39670024741223],[-6.128278983521358,53.39608319971909],[-6.127900736982801,53.395448997466225],[-6.1277322104195076,53.395139239037746],[-6.127652283584505,53.394988606238115],[-6.127454159616099,53.39461297659192],[-6.126546959379048,53.39280029266562],[-6.125784547466026,53.39142247530394],[-6.12547438960772,53.39075022514765],[-6.12525389407859,53.39015238249969],[-6.1251856433596075,53.38999827476762],[-6.125147413251591,53.38992262080519],[-6.125127033723093,53.38988512685242],[-6.124299362013604,53.388636594939534],[-6.12408050889778,53.38811924261139],[-6.124094920338919,53.38779890763658],[-6.124143907711264,53.387594832488325],[-6.124158443266751,53.38754539311267],[-6.124173319669588,53.38749667151401],[-6.124201187547355,53.3874073435541],[-6.12424874232453,53.387285588374624],[-6.124380623049379,53.38702495203895],[-6.124389268219335,53.38700801622149],[-6.124397847103246,53.38699154984014],[-6.124414734557645,53.38696048309639],[-6.124532921773401,53.38680088268201],[-6.124582493034369,53.38674566478607],[-6.124608676937592,53.38671798742839],[-6.124635398302773,53.38669077488897],[-6.124741737585066,53.38659422928488],[-6.124842117094839,53.38653145643216],[-6.12539366021243,53.38640595602168],[-6.129112617868005,53.38597593340926],[-6.13143034616783,53.3856156513494],[-6.133619956943673,53.385151291101934],[-6.135684738502843,53.384696321434525],[-6.1361550572751025,53.38459338222251],[-6.136391180151141,53.384542039170675],[-6.1366278647090935,53.38449085212985],[-6.137579010089657,53.38428873869991],[-6.139008699242659,53.38399679922426],[-6.1408002215256206,53.38359333932021],[-6.142037372163417,53.3832715634606],[-6.142430399659093,53.38316039322793],[-6.142814039118367,53.383047186531975],[-6.14425819645614,53.382573027232645],[-6.144928470730724,53.38232247055586],[-6.146323451695457,53.38177960364446],[-6.146916686408137,53.381552149206996],[-6.147065513461518,53.38149568596432],[-6.147214475547108,53.38143945625668],[-6.1476250846243214,53.38128559472651],[-6.147774261595262,53.381228766833075],[-6.148615087000021,53.380905255761895],[-6.150222088881534,53.38036558153231],[-6.15153990804139,53.37985188027817],[-6.156995869696864,53.37748246326642],[-6.158382177708238,53.376820587390206],[-6.1603542791976,53.37563614134929],[-6.162198778352746,53.37427033002307]]},"properties":{"route":"6","routes":["6","H2","H3","L81","X77","X78"],"category":"radial","colour":"#9467bd","route_colour":"#2ca02c","pdf_colour":"#faa619","source":"pdf-future","phase":"future"}},
{"type":"Feature","geometry":{"type":"LineString","coordinates":[[-6.416937224188928,53.40213210793544],[-6.419855519264666,53.40271863451622],[-6.422706382202316,53.40308481441208],[-6.425470275885485,53.40347536420225],[-6.428676167608952,53.403971165338355],[-6.431049878141852,53.404441551785155],[-6.438080789198257,53.405954234886906],[-6.438828788439721,53.405734048946876],[-6.440593030701245,53.40626834418896],[-6.442134865722471,53.4065438147582],[-6.444041641646579,53.406778608145174],[-6.448111082585349,53.407501121067824],[-6.45404614716678,53.40774148557868],[-6.454642543204123,53.40795865397498],[-6.455414469673249,53.40841420864296],[-6.4570574189996055,53.40912006091104],[-6.457871271462575,53.409343847924255],[-6.459153202900626,53.41032153677561],[-6.460166568056862,53.41100900441019],[-6.4614954253536006,53.4117754148048],[-6.462735340885209,53.411850478536664],[-6.46611715847479,53.41220199651969],[-6.469339907548753,53.41269993659915],[-6.471370172006717,53.41291925291457],[-6.475069063620721,53.41300130559181],[-6.477201486706177,53.41315523704811],[-6.477773669085801,53.41326535759705],[-6.480345745462902,53.413981585357654],[-6.484131604404946,53.414965539334446],[-6.485235548485906,53.41541018851518],[-6.48821060894782,53.41628958747454],[-6.4894139240301305,53.416843713202994],[-6.491886861333515,53.41856605060652],[-6.4934090286691335,53.419216304453506],[-6.496398422802453,53.419998838900106],[-6.49856967079151,53.42060828772826],[-6.500511587425211,53.42109537360369]]},"properties":{"route":"L64","routes":["L64","N3","X62"],"category":"local","colour":"#2ca02c","route_colour":"#d62728","pdf_colour":"#faa619","source":"pdf-future","phase":"future"}},
{"type":"Feature","geometry":{"type":"LineString","coordinates":[[-6.415055778343483,53.35776006120909],[-6.417071826758969,53.357982320397],[-6.419027460766844,53.358058970729715],[-6.423411473825454,53.35806787710045],[-6.425494628759606,53.35790510589056],[-6.426036514881261,53.35781311301134],[-6.426789559128065,53.35766611018257],[-6.427773062058272,53.35768356767175],[-6.429884082995043,53.3583854529575],[-6.430967850476311,53.358590249955576],[-6.4334412569327855,53.35867427029163],[-6.435435575174126,53.358617563864286],[-6.437864119586318,53.35870736338614],[-6.44033951815564,53.35895288178761],[-6.442116591132798,53.359024841428294],[-6.443457443154452,53.358933730317375],[-6.444129982711322,53.35877729985424],[-6.4453680176776125,53.358316851472416],[-6.446858647969257,53.357221831691085],[-6.447965020668265,53.356530694162245],[-6.448896371005978,53.35605851705709],[-6.450094687822484,53.355688272605235],[-6.451291609839073,53.355570672937674],[-6.453886815387336,53.355532017857826],[-6.454327404273675,53.355509001881195],[-6.454551748513007,53.355496090307845],[-6.454665446607781,53.3554894151957],[-6.454780357648273,53.35548264398877],[-6.454876088336957,53.35547681067243],[-6.4552343474264635,53.35544939942056],[-6.45787793097709,53.35510604409656],[-6.461192501313064,53.354431354951146],[-6.462407941244578,53.35430221912878],[-6.463814863398059,53.35435383554743],[-6.465608943802501,53.3546262468769],[-6.46635854046167,53.35463971412039],[-6.466525311249684,53.35459359741869],[-6.466584643263184,53.35456914320081],[-6.466639030521732,53.35454506316568],[-6.466666776890839,53.354533061829265],[-6.466694706132833,53.35452118297245],[-6.466805467524638,53.35447634272374],[-6.466832222902287,53.354466164051836],[-6.466858325861312,53.354456542974305],[-6.466908017662482,53.354439263678834],[-6.467023311770717,53.354406247110994],[-6.467159671031186,53.35434699961988],[-6.467196663834635,53.35432775053853],[-6.4672342891028896,53.35430754045909],[-6.467348316043849,53.35424521365893],[-6.4674226496320175,53.35420631808398],[-6.46749316831308,53.354173345140744],[-6.4675263361502875,53.354160097012695],[-6.467557757164928,53.35414955037057],[-6.468488301957006,53.3539322855046],[-6.4688788018061,53.35350564377299],[-6.468175193969147,53.3521166780293],[-6.468085373978288,53.35144785171567],[-6.468220409506963,53.350806636887384],[-6.4685160971736275,53.35033445813595],[-6.469397420626517,53.34938453381934],[-6.469566218448052,53.348980605554694],[-6.470119204335599,53.34686633876825],[-6.470463586673791,53.34627449397789],[-6.47048257420257,53.34622687013177],[-6.47049927220824,53.34617862241078],[-6.4705163469366695,53.34612547578345],[-6.470520570234636,53.346111869573896],[-6.470524747579727,53.34609825445028],[-6.470528865072334,53.34608468986613],[-6.470535647967101,53.34606664947417],[-6.470627589793223,53.345976127247134],[-6.472989600292918,53.34564321439005],[-6.476486922276797,53.34521285548067],[-6.477353037338533,53.34516010280518],[-6.477634198520866,53.34496017371158],[-6.477392229396779,53.34182917713728],[-6.477334214186478,53.3393001150093],[-6.477209275398925,53.33922590032953],[-6.472966796685026,53.33905229239496],[-6.472558044720022,53.33875213165566],[-6.472535166681156,53.33758512097506],[-6.471708873917027,53.33747268812574],[-6.470341665993845,53.33693008453853],[-6.470176897449584,53.33675776909002],[-6.470101786140374,53.33578585479013]]},"properties":{"route":"52","routes":["52","C2","C3","L51","L54","N4","X25","X30","X31","X32"],"category":"radial","colour":"#9467bd","route_colour":"#c5b0d5","pdf_colour":"#faa619","source":"pdf-future","phase":"future"}},
{"type":"Feature","geometry":{"type":"LineString","coordinates":[[-6.24770035659833,53.465750290896956],[-6.245314453168912,53.46546347468332],[-6.244025403875681,53.46514615032315],[-6.24260398512941,53.464697393888365],[-6.241081853495521,53.46433708282256],[-6.239673363928664,53.46415868398351],[-6.236980457676307,53.46396349419706],[-6.234085426235475,53.46380760028004],[-6.231848113727716,53.46388932920788],[-6.23121232233871,53.463428371890615],[-6.230823471976783,53.46227222131451],[-6.23052842783488,53.460876185999034],[-6.230079445389618,53.4606736555347],[-6.228288662872054,53.46080180651206],[-6.2277762833498835,53.46073588599625],[-6.227554736791027,53.460620103151484],[-6.227511974147334,53.46058424484229],[-6.227475166770811,53.46054601429198],[-6.227405004588059,53.460419053184886],[-6.227291269042031,53.45997381835515],[-6.227667449681866,53.459372498521766],[-6.22885502530481,53.45883922870358],[-6.229211255258287,53.45852899144863],[-6.229603446550425,53.456129253839265],[-6.229760163332315,53.455668995226524],[-6.229876434525788,53.455402762034474],[-6.229904964608597,53.455340321052894],[-6.22993245124226,53.45528098142334],[-6.229982637436311,53.45517451507121],[-6.230103331806483,53.4550603904941],[-6.230277946562248,53.455004959683485],[-6.230346250959686,53.45499707145628],[-6.230381790791941,53.454995325718926],[-6.2304193675022805,53.454993504659654],[-6.230491297269971,53.45498490430602],[-6.2307880987558235,53.4547996174401],[-6.231793323260684,53.45241921612034],[-6.231864486824703,53.452277860334924],[-6.23194033793053,53.452134041457875],[-6.232219392978647,53.451642839253935],[-6.2325475607047585,53.45118156623065],[-6.233483865810233,53.45037917064052],[-6.233790679502333,53.4503088656467],[-6.23430531660622,53.45024449941865],[-6.2349152375906165,53.450097816932626],[-6.235162287011692,53.45000777637181],[-6.236464909564833,53.44883061618376],[-6.238025250138742,53.44823990525469],[-6.238892023061151,53.44778115480048],[-6.239373441374743,53.447657422990865],[-6.240586112307987,53.44760362919588],[-6.244636242508961,53.447829405025615],[-6.246304720713048,53.44810389952906],[-6.2481892927180045,53.448590039523275],[-6.249296391379373,53.44881294565102],[-6.250794349736522,53.44896733290662],[-6.252918814241334,53.44955455951295],[-6.254073211632921,53.44955985450421],[-6.254459084084282,53.44933445755765],[-6.254811116988723,53.44878139218593],[-6.255118429433952,53.4473812520398],[-6.255378850986277,53.44670046750055],[-6.254797292077971,53.44634414641789],[-6.252680520823076,53.44598165729955],[-6.25091750882349,53.44558089231253],[-6.2498889584030035,53.44517613545445],[-6.248013120024151,53.444123116300865],[-6.246708647660164,53.442969976413],[-6.244797183835098,53.44171619921344],[-6.243303050488329,53.441073813013006],[-6.2422702556650815,53.440909314986605],[-6.241077055991713,53.440945415217136],[-6.23973690134005,53.441090252217215],[-6.239063184867534,53.44120682735002],[-6.238902813262621,53.44122850497059],[-6.238818869195572,53.44123694614142],[-6.2387758140292755,53.44124043588898],[-6.238731982082417,53.44124338834349],[-6.238703348869557,53.44124503290042],[-6.238532529472951,53.44124186674906],[-6.238410579868336,53.44124028152769],[-6.238365254142692,53.4412397455436],[-6.238318011983637,53.441239209733574],[-6.238269106288356,53.441238676475145],[-6.238008476170053,53.441236131670685],[-6.238001163353323,53.441234823734824],[-6.2379798947782845,53.44123131778074],[-6.23794567525766,53.441226240588705],[-6.237842402630559,53.44121387961187],[-6.237524657789243,53.441197881134684],[-6.237112236843778,53.441226942240526],[-6.23689061908649,53.44127090574248],[-6.236779475231245,53.44130243946166]]},"properties":{"route":"21","routes":["21","22","L81","X79"],"category":"radial","colour":"#9467bd","route_colour":"#1f77b4","pdf_colour":"#faa619","source":"pdf-future","phase":"future"}},
{"type":"Feature","geometry":{"type":"LineString","coordinates":[[-6.275568778497971,53.45077221549066],[-6.276462123379853,53.45069052127067],[-6.27713383257311,53.452100045776994],[-6.277564495638844,53.45245996728292],[-6.278841794164862,53.4531284720667],[-6.279464961850016,53.45416054543136],[-6.277548503390733,53.45387078352196],[-6.27356214810518,53.453745264961896],[-6.2703703487949465,53.45419607304203],[-6.268467581499822,53.45410699594601],[-6.267062421888626,53.45392769492227],[-6.264582086588284,53.45402909675195],[-6.263853877698147,53.4543215039438],[-6.264097163913214,53.45501070554867],[-6.262760572367949,53.455007944868115],[-6.261599597510487,53.455124572203076],[-6.260056203844257,53.45540228231179],[-6.2589121798548595,53.45549751574756],[-6.257443894500543,53.455409220915314],[-6.254462300012232,53.455030839613556],[-6.253842013119639,53.4550520730495],[-6.253255961012456,53.45535238861563],[-6.251517854023632,53.457693045693404],[-6.251166734085812,53.458292986509655],[-6.251044689636972,53.45896055215125],[-6.251153420687196,53.45964920836614],[-6.251620842998493,53.46118704836315],[-6.251482853534649,53.46178919574777],[-6.251078382575853,53.46216636239253],[-6.250189880698868,53.461496964211854],[-6.2492571314871075,53.46092832923294],[-6.247837937764681,53.46031739919862],[-6.247007989753462,53.45986189713822],[-6.2452018253715655,53.45858303002528],[-6.243889908730298,53.45786363112335],[-6.242124350781856,53.457249303957894],[-6.236480048672683,53.45579644516233],[-6.233968630750498,53.45489716049747],[-6.232331979396286,53.454684206591075],[-6.2331965186879845,53.45272406010931],[-6.233351892806747,53.45242075997657],[-6.233383390442191,53.45236236147933],[-6.233414716173662,53.452304733625326],[-6.233477237814479,53.45219173409931],[-6.233604463036207,53.45197436954115],[-6.233948537323909,53.45150229827664],[-6.234671643361478,53.45081142203864],[-6.2347374488729885,53.45066245246377],[-6.234714583300943,53.45045580223207],[-6.234711792479617,53.450419685645194],[-6.234710596456826,53.45038358076296],[-6.234713172273746,53.450311651471424],[-6.234739479625863,53.450170632292966],[-6.234750731461088,53.450136326856175],[-6.23476394502864,53.450102523842],[-6.234815814792492,53.45000474273267],[-6.235996323028018,53.448198387507304],[-6.2364743515868675,53.447314522637264],[-6.236499697231267,53.4467862089897],[-6.236292434679228,53.44615644881645],[-6.23727060088537,53.44553822789568],[-6.238014371578207,53.444767636764716],[-6.238610543721472,53.443478219604984],[-6.238724155191649,53.44263774825244],[-6.238731178819318,53.44205352417261],[-6.238725735920978,53.441766198752184],[-6.23871285464139,53.44111882777164],[-6.238711003486899,53.44107081074008],[-6.238708724099554,53.441021018203124],[-6.23870254086674,53.44091654510817],[-6.238681298251688,53.4406911163002],[-6.238549838918564,53.44008827629668],[-6.237956670411356,53.438751526113876],[-6.237480506518772,53.43688392308778],[-6.2368917041605565,53.43370200119763],[-6.236920119521034,53.432338884766594],[-6.2373395740849595,53.4313652183392],[-6.237307553794397,53.431015709780105],[-6.237276050677982,53.43097478239495],[-6.2372386319474575,53.43093527204109],[-6.237146282395171,53.43086146654891],[-6.237030974639726,53.43079622154682],[-6.236964858155252,53.43076741180559],[-6.236948947885841,53.43076090365203],[-6.236830109006701,53.43071616653652],[-6.236679556312586,53.430661318364244],[-6.236502111742884,53.43059798898925],[-6.2340303965486665,53.429769769550106],[-6.232039986368621,53.42930379692853],[-6.230457473673483,53.42904019619941],[-6.229203682867187,53.42892064028249],[-6.227490908985562,53.42885554276286],[-6.22562288192527,53.4287076705836],[-6.223872426516534,53.42847280525111],[-6.2231320988090095,53.4283247366347],[-6.222811551814272,53.42824339097335],[-6.222530136767386,53.428157303508726],[-6.221152529558959,53.42742461382811],[-6.220624789814564,53.42692867757782],[-6.22036051566938,53.4264066089094],[-6.220378376152348,53.424777015366274],[-6.2193445186835055,53.420787721059696],[-6.219368452134128,53.41957185398502],[-6.219796380785467,53.41840075338597],[-6.219979816579945,53.41725907467042],[-6.219970713982401,53.41612145254862],[-6.219724817691514,53.41557534487316],[-6.219021085673554,53.415184943212076],[-6.2187277488694646,53.413803849224024],[-6.218809204523486,53.41291166454596],[-6.219310817866469,53.41187306196887],[-6.219665120239212,53.41033389307415],[-6.22027774956401,53.40947639149031],[-6.220750427788655,53.409057556777],[-6.22217697838701,53.408643194853035],[-6.221903429376792,53.40808886073412],[-6.219746191634195,53.407631423854355],[-6.2194478772802055,53.40743553947679],[-6.219395691408895,53.40735479895068],[-6.2193763958339465,53.40731316710841],[-6.219361975715601,53.40727145883938],[-6.219488795061439,53.405951121871006],[-6.219697977146525,53.40546167508555],[-6.220223994997766,53.404758757860186],[-6.220908888962995,53.40407316706441],[-6.220784552045565,53.403547121591174],[-6.219522439971562,53.40275183501531],[-6.219023491671083,53.4018279775502],[-6.218945347997656,53.40122812551188],[-6.21916974007916,53.40088008710813],[-6.220523696453132,53.39987089247404],[-6.2207510669106245,53.399485887784465],[-6.220273084509012,53.398445421529914],[-6.218626627516356,53.39635664748017],[-6.218472333829294,53.39560002828172],[-6.219710852865333,53.39376120189754],[-6.21971884347847,53.39371863135034],[-6.219718231458844,53.39367577728181],[-6.219683998267175,53.39359241941775],[-6.219523120895639,53.393485261443026],[-6.2179290283480295,53.39288829865503],[-6.2182696442586085,53.39216992087019],[-6.218372518075925,53.39146256184416],[-6.218389530864189,53.390600755741254],[-6.218388061670183,53.389914906655775],[-6.2183876273132626,53.389840390873275],[-6.218386921628138,53.3897700951163],[-6.218384451506844,53.3896504216966],[-6.218380161773438,53.38957240243199],[-6.218375094079901,53.3895425230937],[-6.218375659227687,53.38952831480707],[-6.218378857909525,53.38951207455155],[-6.218615702796716,53.389349813404664],[-6.222836296922125,53.39015538299293],[-6.223855123081369,53.39038156256843],[-6.224200590552034,53.39031387254137],[-6.224957852513833,53.38972468989703],[-6.226230353969366,53.38956834262672],[-6.228162632217888,53.38965183972076],[-6.227300328713944,53.3893060739672],[-6.226804778911096,53.388826250552285],[-6.226726907732114,53.38839000831996]]},"properties":{"route":"197","routes":["197","22","A4","L82","L85","X84"],"category":"radial","colour":"#9467bd","route_colour":"#ff9896","pdf_colour":"#66ae3e","source":"pdf-future","phase":"future"}},
{"type":"Feature","geometry":{"type":"LineString","coordinates":[[-6.30252932486511,53.37173560471445],[-6.302785568380518,53.37395045067899],[-6.302794651500114,53.37404414731575],[-6.302796570088723,53.374083848242186],[-6.302796317080558,53.374119052691434],[-6.302767244840434,53.37421893247833],[-6.302604562539364,53.374268085317645],[-6.3008536528241885,53.374206085443234],[-6.29925242806091,53.37428307630094],[-6.297853873696015,53.37441461710045],[-6.295115042866782,53.37459144741237],[-6.293967974507696,53.37457374621528],[-6.292493249411021,53.37413419835288],[-6.2907753741693675,53.37403827628141],[-6.29052218799447,53.374189075334144],[-6.2917730067848545,53.37557275032491],[-6.291434673308664,53.37606073185775],[-6.291618765250355,53.37676427339363],[-6.2917852472843725,53.377221673684765],[-6.292113368940353,53.377756492164345],[-6.292782566516081,53.378413101612345],[-6.293336767153245,53.378797541469545],[-6.295253981300634,53.37974271900359],[-6.296738441855804,53.38063222948649],[-6.302029003056292,53.384206847460796],[-6.305187789488502,53.38629173069572],[-6.306114295529151,53.386982371185866],[-6.305277859190698,53.387502612380686],[-6.305356328446406,53.387773957431925],[-6.305362174308281,53.38780344532787],[-6.30536240131296,53.387832286944985],[-6.3053572613042475,53.38786031203147],[-6.305331887621853,53.38791323160522],[-6.305227817223674,53.38800178130485],[-6.304968625299265,53.38807095201591],[-6.3039754159697265,53.388088367182476],[-6.303607342334184,53.388069861883054],[-6.3034513878519585,53.38806174474556],[-6.303371059004483,53.3880575355547],[-6.303290313606645,53.38805328958166],[-6.302845443524796,53.38802971388609],[-6.30260008794448,53.388157714828836],[-6.30269348671591,53.38879704630151],[-6.3033207283503945,53.38936177662685],[-6.3043327649960546,53.389777429412305],[-6.305060561861922,53.39067215073058],[-6.3063684027019145,53.39288959158264],[-6.306959364848885,53.393539021578874],[-6.308706450894525,53.39454508263885],[-6.309191572611059,53.395012575121854],[-6.3092660828825595,53.395907281307764],[-6.308627425843421,53.397092308084005],[-6.308448171091326,53.39780756508334],[-6.308406831717188,53.399790492177736],[-6.308413921002362,53.39984288445688],[-6.3084200597150994,53.39987197639147],[-6.308427530438907,53.399902517763],[-6.30844527581265,53.399966505537606],[-6.308474433287007,53.40006433748118],[-6.308483637515037,53.40009599825824],[-6.308492087566736,53.400126582733535],[-6.308512385474797,53.40023094122088],[-6.308749790961494,53.400753226307565],[-6.308174421351776,53.40201197010741],[-6.307473648802109,53.402997871434245],[-6.307084858145847,53.40331753481822],[-6.307100375758526,53.40360001170581],[-6.3074824188817775,53.40406112264779],[-6.307817258500997,53.404485165402846],[-6.307876747404275,53.404556383352016],[-6.307937380692942,53.40462657749856],[-6.308063243501608,53.404763900925424],[-6.309215065207771,53.40556482064459],[-6.313564909116575,53.407171643490045],[-6.314267237638718,53.40752668182392],[-6.314925287360737,53.40824083598411],[-6.315392245858284,53.40972995396952],[-6.315223363123102,53.411061987417376],[-6.315288162191664,53.411483152139084],[-6.315819508512012,53.41296553238161],[-6.315876820909028,53.41389536129507],[-6.31572596810917,53.415518151667605],[-6.315881488185997,53.41734191415691],[-6.3157831663493855,53.41810015121016],[-6.315431019960836,53.41919725319294],[-6.314483015023886,53.4212251844964],[-6.313922383160023,53.422990114365],[-6.313202698556743,53.423920889759955],[-6.312043054085993,53.42483355886478],[-6.310649585197595,53.42562636910323],[-6.310901152231585,53.426218388038244],[-6.310617409861475,53.426689822486665],[-6.3106314202162554,53.4277306948368],[-6.310412245007702,53.42830740686616],[-6.3093135002190674,53.428753963846866],[-6.308912578796508,53.42913376279019],[-6.308983228400722,53.430350627748034],[-6.308772933196001,53.430812125414086],[-6.307962301736458,53.431414874833855],[-6.307509637147779,53.43222939625353],[-6.306716791862567,53.432703983597094],[-6.306338182774088,53.433061180110215],[-6.306452411729846,53.433557032498975],[-6.306796539410707,53.434011071519684],[-6.30884875375107,53.435977083082456],[-6.3096626699119716,53.4366915235859],[-6.309442031870038,53.43689217986406],[-6.303831504656746,53.43659222698399],[-6.3040316259798646,53.43764629850684],[-6.304585566015911,53.43850117551378],[-6.304334496038649,53.43912891628583],[-6.304441271828677,53.439697586883746],[-6.304422230118195,53.44104228963919],[-6.304316808451792,53.441846820347536],[-6.304470160527459,53.44225228128291],[-6.305584751017239,53.443528533119476],[-6.305848278828719,53.44625554780291],[-6.306460478499783,53.44868920079846],[-6.306287325074711,53.44879867300021],[-6.304424816759285,53.44881528372001],[-6.302122818285006,53.44900665841773],[-6.301151028428457,53.449216329103855],[-6.3006445679301795,53.44909575683293]]},"properties":{"route":"24","routes":["24","F1","F3","L89","N2","N6"],"category":"radial","colour":"#9467bd","route_colour":"#ffbb78","pdf_colour":"#66ae3e","source":"pdf-future","phase":"future"}},
{"type":"Feature","geometry":{"type":"LineString","coordinates":[[-6.382874527714916,53.35660613690345],[-6.3809356534362145,53.356541987165926],[-6.379170108805822,53.35633437210068],[-6.375855848263032,53.355631069900554],[-6.373692288641964,53.35495503868286],[-6.3735902475847475,53.35441495608607],[-6.3746870152175505,53.35384458540922],[-6.375418338959453,53.353372350892755],[-6.3755031857052735,53.35332038796164],[-6.375993899064101,53.352999853644576],[-6.376330261670751,53.352804713091246],[-6.3796787324873945,53.351518591044474],[-6.380328106746119,53.350989766062206],[-6.380305331430791,53.350471573140794],[-6.379723169841176,53.3489371293464],[-6.379653070960346,53.34806199222513],[-6.380089686824891,53.34710778009449],[-6.380985890297177,53.34612441134525],[-6.381324408446336,53.34549436819273],[-6.381193400414641,53.345019615150335],[-6.380498325095499,53.344548834098276],[-6.3797684045125544,53.3442679913949],[-6.377508202924282,53.343812771146204],[-6.374775405166337,53.34343657633484],[-6.3725542696842306,53.34321721290388],[-6.363841025019451,53.3425511679053],[-6.362871897907572,53.342586513899214],[-6.3601118390281295,53.34237749511846],[-6.3583735598387285,53.342243638460275],[-6.357629547747054,53.34218613558526],[-6.356816244891689,53.342123222430686],[-6.356755581832385,53.34211855678099],[-6.356297713485449,53.3420823723019],[-6.353924185208256,53.34192721355726],[-6.352619406916241,53.341900120618334],[-6.350158526846422,53.34200794939059],[-6.35005297787621,53.34215735795551],[-6.35076053127332,53.34309236117664],[-6.3520090782421335,53.34387789857516],[-6.35240654283294,53.3441940991699],[-6.352834231716643,53.34472888534438],[-6.353151031315974,53.345425662629616],[-6.354823738675474,53.34740779834873],[-6.355066305920628,53.34787005637086],[-6.355027560305197,53.34826695259914],[-6.3548108596372925,53.34885628320958],[-6.354580444702018,53.349803673078206],[-6.355649175237712,53.35004981272011],[-6.358179267322571,53.350795747783735]]},"properties":{"route":"60","routes":["60","80","G2","L55","S4"],"category":"radial","colour":"#9467bd","route_colour":"#7f7f7f","pdf_colour":"#66ae3e","source":"pdf-future","phase":"future"}},
{"type":"Feature","geometry":{"type":"LineString","coordinates":[[-6.132309070874665,53.29601004444154],[-6.13211729661613,53.29378063026115],[-6.132235263465177,53.29333164171565],[-6.134423551880202,53.289985697512485],[-6.134512051353859,53.28973083287948],[-6.134131862130692,53.28822642218467],[-6.13418481490356,53.28775104812444],[-6.134307593594778,53.28750830034984],[-6.1343493530520705,53.287421870051446],[-6.134388499495333,53.287336746745346],[-6.134459147402843,53.28716984634135],[-6.134490745898629,53.28708778185909],[-6.134519925443461,53.28700644960042],[-6.134593435529915,53.28676540924418],[-6.134660526955127,53.28644555590734],[-6.134756264855454,53.285257111802466],[-6.135144380098781,53.285144374528016],[-6.137422617842193,53.28526615497716],[-6.138633831128166,53.28545474501495],[-6.1394167630085965,53.28569376379514],[-6.143079834380572,53.287040418594174],[-6.144459545070882,53.287581408975214],[-6.144679746868028,53.28768127343746],[-6.145151505168402,53.2879011962505],[-6.145339721149538,53.2879884470553],[-6.145433906358273,53.28803187427455],[-6.145528203595104,53.28807515461926],[-6.146219373050116,53.28838280434882],[-6.146620340570854,53.28839345718989],[-6.147909838248632,53.28798189895323],[-6.14930619019486,53.287556229426784],[-6.149574320788655,53.28747849054698],[-6.149722754065318,53.287436144073055],[-6.149799619947354,53.287414421031606],[-6.149877892848528,53.28739245315061],[-6.150021718418174,53.28710313078032],[-6.1496389311337225,53.28672250844417],[-6.1481910569144365,53.28500012263723],[-6.14657172574861,53.28260212059365],[-6.146521600071288,53.28248925867642],[-6.146499308484284,53.282431797374166],[-6.146478909501847,53.28237352541621],[-6.146306444681275,53.28176251131602],[-6.146253714393314,53.28166561975151],[-6.146143156606652,53.281529390760454],[-6.146090998398438,53.28145368486357],[-6.1460493381733405,53.281388361484076],[-6.146035146201944,53.28136662649272],[-6.146020807935251,53.28134490647836],[-6.145962067750124,53.28125811910407],[-6.145947054882908,53.28123643115957],[-6.145931918470779,53.28121474106601],[-6.145916662305469,53.28119304596905],[-6.14585451594703,53.28110615846033],[-6.145806088545035,53.28103549627669],[-6.145573709610825,53.280532947123376],[-6.145295074319565,53.27937351873363],[-6.1452445189946605,53.27920730489068],[-6.145213348614019,53.27912518197976],[-6.1451773234416125,53.279044097295056],[-6.144900059987651,53.27866428051822],[-6.142607218274142,53.27677762787135],[-6.141764232582131,53.276251244413224],[-6.141109995641312,53.275447126945956],[-6.140326955068724,53.27472901438838],[-6.138669654631123,53.27290644373075],[-6.138603178121851,53.272821264634814],[-6.138537649884386,53.27273579006276],[-6.138408725775676,53.27256425611256],[-6.138090542399551,53.27213552879438],[-6.137841570717082,53.27181505170783],[-6.137540158443875,53.27147331647069],[-6.137075077889287,53.27082008936749],[-6.136766759629873,53.270477030620604],[-6.135471573455429,53.26948139298065],[-6.134947790397266,53.26919766443703],[-6.134969722474074,53.268435302129305],[-6.134840235300029,53.26805295716062],[-6.134576846475039,53.26754443027859],[-6.134525927860976,53.26744463207243],[-6.13447740704466,53.26734500013918],[-6.134322828163464,53.2669441112737],[-6.134276713450854,53.266422598163025],[-6.134437008637396,53.265530027898194],[-6.134780104904227,53.264661544973464],[-6.13501303660418,53.264350164373276],[-6.135176108763458,53.26417218445458],[-6.135265030767094,53.26408065938158],[-6.135357251709269,53.263988601296035],[-6.136067530062811,53.26333708385172],[-6.13668472987896,53.26328458692497],[-6.13846053681347,53.263955437897955],[-6.1396599498514455,53.264492706752854],[-6.142258544533835,53.26577634345652],[-6.143435301788175,53.266161380937895],[-6.144475565101068,53.26627581532754],[-6.145294836780895,53.26652526626292],[-6.146071482671971,53.266946545150056],[-6.14614503446058,53.26698094372334],[-6.1462200403473215,53.267014164515324],[-6.146373852118093,53.267077513142254],[-6.147958198068679,53.26764797591944],[-6.152005517044319,53.269456827385206],[-6.152676234122335,53.269373199003965],[-6.153261553773069,53.268123184736986],[-6.15389437630961,53.26715383389408],[-6.155316508646298,53.26534965188578],[-6.155472140744643,53.26506123437901],[-6.156442166564518,53.264050538391274],[-6.156989172055445,53.26310802637757],[-6.157234151060544,53.26142060262281],[-6.156431927923643,53.260497505148216],[-6.156435624980008,53.26004017490154],[-6.157486856178266,53.2585918344245],[-6.157980463867862,53.256844671682884],[-6.15847636313709,53.25569441874659],[-6.159028000299772,53.25556444265185],[-6.1613584651458835,53.25622265841719],[-6.16263902237643,53.25648787305216],[-6.163097274217078,53.256392786909],[-6.163908220993787,53.255507941103026],[-6.164429479418371,53.255420709184634],[-6.166022002141489,53.2559208652141],[-6.168642886273326,53.25725182912232],[-6.169077546940464,53.25740773974728],[-6.171192481035424,53.25777251301188],[-6.173596112080399,53.25836815083981],[-6.175914056145169,53.25883555483764],[-6.176134404926088,53.259046863925455],[-6.1757462451828244,53.26029369369013],[-6.175969127196363,53.26052836746122],[-6.177191202487179,53.26085407688922],[-6.181896018000532,53.26183862986475],[-6.182252080556173,53.261799347800775],[-6.182877806614816,53.26132305891444],[-6.183371374088214,53.26059618921606],[-6.183735159498776,53.260530864537394],[-6.184334790410323,53.26075885958607]]},"properties":{"route":"B4","routes":["B4","E1","E2","L26","L27"],"category":"spine","colour":"#d62728","route_colour":"#3cb44b","pdf_colour":"#66ae3e","source":"pdf-future","phase":"future"}},
{"type":"Feature","geometry":{"type":"LineString","coordinates":[[-6.229355557120663,53.340698416406376],[-6.228237263547103,53.34070277119641],[-6.224193966230688,53.341088098486736],[-6.223223544048044,53.340441166855854],[-6.221514528640213,53.33960916150104],[-6.220972958558061,53.339268574427216],[-6.220567533412533,53.33843282112733],[-6.219666280441552,53.337279845418266],[-6.219174555706247,53.335799261371946],[-6.218755268663662,53.335491629021774],[-6.217068013541977,53.335195357970925],[-6.215839187835047,53.33458579793945],[-6.213672692058556,53.333266992846916],[-6.212080492677939,53.332233608896594],[-6.212159701608595,53.331543809442906],[-6.212034128874475,53.33059556211026],[-6.211974533845616,53.330419818199545],[-6.211909826488335,53.33025822349199],[-6.211767195214562,53.32997456668895],[-6.211443909412586,53.32954497854936],[-6.210505185940387,53.328918987807214],[-6.210158163483096,53.32851839274697],[-6.210547400351469,53.32795113714623],[-6.210571596748654,53.32735905667474],[-6.210188641392269,53.32644144223456],[-6.2082357984912635,53.32503436053815],[-6.207692398039085,53.32424090429434],[-6.207228790420422,53.32395840794667],[-6.206796416789528,53.32341115673604],[-6.205414603843358,53.32194689339134],[-6.206630847211558,53.32088094211186],[-6.206910617228027,53.32079010713981],[-6.2089979708685945,53.32067056393086],[-6.209091019517193,53.32048622396754],[-6.207569052928376,53.319728322999275],[-6.2069641043101065,53.31931665003868],[-6.206848082614519,53.31908385667176],[-6.206840627266761,53.31902362218763],[-6.206842208165146,53.3189632035666],[-6.206873311131721,53.31884307455403],[-6.206943056376991,53.31872599091435],[-6.206992940123746,53.31866937900944],[-6.207053108763705,53.31861447392787],[-6.207643016716582,53.31833447137336],[-6.208383939799717,53.31815471424214],[-6.209760402392374,53.31749259444243],[-6.215191519363845,53.31448890298193],[-6.215226573484445,53.31421513178537],[-6.214537149898392,53.31368976811709],[-6.213016126877602,53.31204173333824],[-6.212294047264089,53.311402399623205],[-6.210778701731441,53.31060519748676],[-6.209704638487387,53.30959896496205],[-6.20817036810139,53.3088877467057],[-6.2060745723537964,53.30781655084006],[-6.203687733439833,53.30646076050221],[-6.201158923903146,53.304957986449054],[-6.199382498443107,53.30380121356935],[-6.198153128990892,53.30276357910861],[-6.197475169977068,53.30193527844104],[-6.196085770157537,53.29998087804409],[-6.195290956215717,53.29871173175768],[-6.194958477511965,53.29795993591442],[-6.194914543713528,53.29783175388467],[-6.194897671740349,53.29778058675361],[-6.194889352336172,53.29775502070329],[-6.194881099403966,53.29772946461956],[-6.19477452081222,53.29739232866163],[-6.19466819687914,53.297081947950545],[-6.194371807033422,53.29648526541258],[-6.193467959906623,53.295494818094774],[-6.192496287971106,53.29475498214672],[-6.191636042683317,53.29425811007126],[-6.1871896940367375,53.291937641083805],[-6.18558763414457,53.290983382693064],[-6.185660364533479,53.29065408924686],[-6.1870707040415605,53.290274135828255],[-6.18933072047141,53.28997409433991],[-6.191040264188709,53.28957296479765],[-6.192438383797979,53.28933980306425],[-6.1938781365484985,53.289407704984264],[-6.194679543456852,53.28963921375641],[-6.196222708981698,53.290217465132585],[-6.197032076963,53.29034356887122],[-6.197836284375574,53.29030072953766],[-6.198148662691633,53.2897103959806],[-6.199284604494611,53.28606888513253],[-6.1992923748566096,53.28598021040728],[-6.199296204052535,53.28588467760423],[-6.199293348989407,53.2856929705004],[-6.199158779621541,53.284632791156],[-6.199127066139672,53.28391574018671],[-6.199259502978738,53.283226781907125],[-6.200112114716642,53.28174351203758],[-6.20082323498798,53.28086918892134],[-6.200571985525003,53.280598340528925],[-6.198470529769801,53.28009344101371],[-6.194807034207481,53.279068390361225],[-6.1941099857945945,53.27881452648171],[-6.193111517329625,53.27798619109712],[-6.192796724851327,53.27742763203252],[-6.192805863517679,53.276542047920444],[-6.192899963913318,53.27636041982203],[-6.193126514037161,53.2760174915516],[-6.193158319237208,53.27597250271539],[-6.193170004328509,53.275957811864565],[-6.193176064429303,53.27595052419341],[-6.193182273841089,53.27594327516925],[-6.19350850043892,53.27555045942313],[-6.193489512835089,53.27482893906433],[-6.193083415888548,53.27393145065262],[-6.193101206690108,53.27379708827301],[-6.193191186833657,53.27372666024235],[-6.193255503597254,53.2737011610642],[-6.193291894394998,53.273691419255115],[-6.193330878514988,53.273683903231046],[-6.193372284740935,53.27367877844076],[-6.194980088553622,53.27348577060128],[-6.198766710024627,53.272848387457145],[-6.199332379502758,53.27256810341575],[-6.200224478177655,53.27154227496928],[-6.200571639510578,53.27149339488163],[-6.2024458831311975,53.27179956746874],[-6.204052998058273,53.27178039713673],[-6.20518016635488,53.27164286415755],[-6.206246019428466,53.271409776605914],[-6.207226595867665,53.271077080882165],[-6.208141523628307,53.27053945912965],[-6.208628654502896,53.269940529207474],[-6.20861856213365,53.2697227338243],[-6.207936064879381,53.269202770336456],[-6.206506494923905,53.26863625065141],[-6.204062234336727,53.267859934994526],[-6.202808287747344,53.26733343988334],[-6.20207965630763,53.26686920348359],[-6.200513661536736,53.26569985655055],[-6.199647995307799,53.26470476444263],[-6.198335007512476,53.263326291217254],[-6.198142963149965,53.262949279404936],[-6.1982671529966655,53.26244827730802],[-6.1989584668120425,53.26167725138307],[-6.200025662727679,53.26088991200989],[-6.200516354277913,53.26022189410975],[-6.201843856342364,53.25946995816487],[-6.202353137207607,53.259007674874674],[-6.202575952719786,53.25847321548083],[-6.20233671608301,53.25764441872445],[-6.201534912834063,53.25678940855927],[-6.200948652303482,53.25599336183129],[-6.200759221009057,53.25545521057052],[-6.199529361969562,53.255011334296725],[-6.198053681780304,53.254028609866324],[-6.196517606985402,53.2532319546344],[-6.194969079954565,53.25275315342541],[-6.1919122004729745,53.25171496148038],[-6.191001253064228,53.2512924767847],[-6.1892315311173105,53.25030015172234],[-6.188788719794996,53.24990895126017],[-6.18568298975057,53.24866706074685],[-6.184903053289232,53.24825386203439],[-6.183910655380936,53.247173122852416],[-6.183987859805648,53.24637241004076],[-6.1836180719435765,53.24582771522473],[-6.183368556623921,53.245124529293335],[-6.182820592046664,53.24449948719075],[-6.181506107984795,53.24372299690352],[-6.180809476968507,53.24288788193985],[-6.18048494269914,53.2420319552994],[-6.179717134345783,53.24089820192417],[-6.178723107100379,53.23996747350867],[-6.1780115975317695,53.239443510250595]]},"properties":{"route":"82","routes":["82","86","B2","C1","C3","C4","L13","L25","S2","S6"],"category":"radial","colour":"#9467bd","route_colour":"#ffbb78","pdf_colour":"#66ae3e","source":"pdf-future","phase":"future"}},
{"type":"Feature","geometry":{"type":"LineString","coordinates":[[-6.454806892578017,53.35529518689102],[-6.454798847221972,53.35536399839229],[-6.4547893251344,53.355417894082926],[-6.454783872524118,53.35544634950669],[-6.454778205975534,53.35547541050342],[-6.454772510818171,53.35550477746363],[-6.4547617759951965,53.35556323083647],[-6.454748117542872,53.35567062632595],[-6.455114566327021,53.35662078885245],[-6.454824224712946,53.35698591361316],[-6.452784557235161,53.357371002307595],[-6.4513242237477275,53.35753827744221],[-6.451067276116521,53.35777083554544],[-6.451624919166497,53.35903792096193],[-6.45219241989899,53.359436721056504],[-6.452928726570026,53.35958210781657],[-6.455067213218611,53.35920718296764],[-6.456185309023355,53.35916198187261],[-6.4584957153408755,53.35947538918206],[-6.46033480029733,53.360199032951094],[-6.461292100668572,53.3608360804092],[-6.461377788413833,53.36137706324481],[-6.461245008261037,53.362097555448315],[-6.461422046674185,53.363092494185466],[-6.461715919000122,53.363560621091814],[-6.46279268898322,53.364724927521756],[-6.462853754512199,53.36576150204212],[-6.463050071980732,53.367053071110426],[-6.462936987295892,53.3678193409396],[-6.463256905532852,53.36866202537766],[-6.463161525358888,53.36892067792421],[-6.461450705972334,53.369962531907504],[-6.4601943888686275,53.37092139917369],[-6.459779261546435,53.37101184868996],[-6.456689806944064,53.37072234635437],[-6.454050146591882,53.370872172322954],[-6.450631112893471,53.37113996384428],[-6.4495613015190605,53.3713090805315],[-6.448281541175006,53.37204971844278],[-6.447153770018685,53.37218748277741],[-6.445817134600101,53.37217406512363],[-6.445599551663005,53.37235505806231],[-6.446156443931715,53.37332784207043],[-6.446638736216837,53.374387533464215],[-6.446723008507992,53.37595907309466],[-6.446394853710501,53.37782498306039],[-6.4457016091185535,53.3796883659338],[-6.445232566787683,53.37984659461457],[-6.443750629075149,53.37970439600496],[-6.442544560671901,53.379379911512174],[-6.441084655727806,53.37927226134826],[-6.440482635111675,53.37913038251937],[-6.43875032565567,53.37854488376045],[-6.437579879528436,53.37800844810049],[-6.435957158746467,53.377769467811014],[-6.433178871465953,53.377910901928274],[-6.432394516400916,53.37784609269976],[-6.429561985906841,53.37744090706814],[-6.4290515087529965,53.3777041951817],[-6.4296534997043695,53.37973753628188],[-6.429814828866648,53.38021909943719],[-6.429947130691458,53.380600406155786],[-6.4299742975463445,53.38067815586832],[-6.429997136837239,53.38074339623894],[-6.430029868708617,53.380836668524125],[-6.4299346581280385,53.3810018321172],[-6.428504716619434,53.381267340957415],[-6.419764602894378,53.38091506379236],[-6.4169735459419135,53.38067963761047],[-6.416048093923254,53.38078535127025],[-6.415272779524817,53.38069722261913],[-6.413335624633223,53.380680542025424],[-6.410152418905892,53.38046824529859],[-6.410113620336105,53.38046632625265],[-6.4100387533555185,53.38046900907977],[-6.409905666206784,53.3804978815824],[-6.409751888570985,53.38062903936079],[-6.409747191426454,53.38065052195424],[-6.4097431126116735,53.38068021204316],[-6.409739989543204,53.38070192053701],[-6.409739221507824,53.3807069770001],[-6.409738456954644,53.3807118643598],[-6.409737695078416,53.380716572196484],[-6.4097114785664635,53.380839324663974],[-6.409613944591039,53.38118852284424],[-6.409110982553607,53.38283234173325],[-6.408106748770065,53.38372347615411],[-6.407780018483886,53.384458411728176],[-6.406435492884945,53.38851920544997],[-6.405849002541883,53.38965780168998],[-6.405467183056476,53.38984594043168],[-6.4007271281982625,53.38962687765802],[-6.400088330437565,53.38972705772312],[-6.398047057075544,53.39105964962842],[-6.398083205775557,53.39152740127373]]},"properties":{"route":"B1","routes":["B1","B2","B4","L52","L54","N4"],"category":"spine","colour":"#d62728","route_colour":"#3cb44b","pdf_colour":"#66ae3e","source":"pdf-future","phase":"future"}},
{"type":"Feature","geometry":{"type":"LineString","coordinates":[[-6.396259308068935,53.354161736686315],[-6.39871284102529,53.35287340164126],[-6.399500355780173,53.35236624119037],[-6.4071292420709165,53.35252685143987],[-6.407819600896256,53.35255902906243],[-6.407856590728755,53.3525604302626],[-6.4079032903611335,53.35256165200658],[-6.408021845851364,53.35256345037315],[-6.4083317695145405,53.352563719351394],[-6.408685801099096,53.35255812795286],[-6.410284237393811,53.352512362807],[-6.412794595748959,53.352942555863564],[-6.4139913180418295,53.35287490132188],[-6.415834050355925,53.35251855190597],[-6.417560588652068,53.352493627429375],[-6.419000996221327,53.35262232611155],[-6.420074489443984,53.35286873407519],[-6.421591915191339,53.35311199534723],[-6.423846935184159,53.35335514346746],[-6.424621255605989,53.35337304017691],[-6.424858709191407,53.353373645551414],[-6.424965276374799,53.35337354232033],[-6.42506128170599,53.35337334599355],[-6.425144883600486,53.35337318970849],[-6.425267510741421,53.35337352981308],[-6.425322639094219,53.35337299224985],[-6.425485298577518,53.3533663667926],[-6.4256975562048035,53.353354158267365],[-6.425814682237582,53.353346641869166],[-6.425935085304526,53.353338547521865],[-6.4277505422347225,53.35321365460242],[-6.428903832493389,53.353112490207025],[-6.429781791527359,53.352933644827196],[-6.430740354575738,53.35245022948495],[-6.4311770165682525,53.351903667234836],[-6.431473225627422,53.351006541880416],[-6.43189353386954,53.35083748430525],[-6.4353575389920055,53.351219510788205],[-6.436100993927597,53.35111247756538],[-6.4378906134111915,53.3506680163659],[-6.439929008342818,53.350040705905755],[-6.441013817592728,53.35005939709317],[-6.442004017086385,53.349901983409644],[-6.443721060725841,53.349145375992684],[-6.443791408494347,53.34887472432781],[-6.443159501171307,53.34867692858948],[-6.442977968354794,53.34843056767541],[-6.443753936025027,53.34808962109656],[-6.446266130939887,53.34667705116634],[-6.447131122427001,53.34593444422512],[-6.448318346505576,53.34424821721649],[-6.4486656818561245,53.3440154454305],[-6.449921514115191,53.34394060061901],[-6.455079654280806,53.343992218116554],[-6.455314153121598,53.34421957113486],[-6.454874167722392,53.34723663430109],[-6.454490699850288,53.348181441316314],[-6.453983237804027,53.34894435025256],[-6.454038436683493,53.3495124172472],[-6.454091839725016,53.349653099575484],[-6.454125945261571,53.34974411598873],[-6.454143201926056,53.34978964149253],[-6.454160610547541,53.34983517173936],[-6.454178183145676,53.349880701637886],[-6.454195931740106,53.349926226096784],[-6.454232004996439,53.35001723833042],[-6.454250353697637,53.35006271592251],[-6.454268926473719,53.35010816770968],[-6.454306792329123,53.350198973503964],[-6.454435675315746,53.350476392698184],[-6.4547639136917585,53.351124282446655],[-6.454319227304544,53.35230567422952],[-6.454510140651223,53.35314257595743],[-6.454409887546149,53.35371637300893],[-6.454605844240193,53.35442567642188]]},"properties":{"route":"C2","routes":["C2","G2","L51","L53","L54","N4","X25"],"category":"spine","colour":"#d62728","route_colour":"#4363d8","pdf_colour":"#66ae3e","source":"pdf-future","phase":"future"}},
{"type":"Feature","geometry":{"type":"LineString","coordinates":[[-6.152703943149639,53.399819029122604],[-6.153542738085062,53.399855606932924],[-6.157105520025736,53.40018136113593],[-6.158700611827538,53.40029569624168],[-6.1634432685875575,53.40023221214878],[-6.166343683981479,53.400052977715255],[-6.168362607305588,53.400068732391624],[-6.172342035867262,53.40056426277412],[-6.1742443473076225,53.40071797785361],[-6.179105763841039,53.40084559254364],[-6.179831976456681,53.4009251339361],[-6.18167874817716,53.4014299312729],[-6.182025820222503,53.40093297073747],[-6.18315665877668,53.399830121572776],[-6.184120507808042,53.3990818648469],[-6.1865930601751495,53.39755025615967],[-6.18720653253404,53.39708207524222],[-6.188081296781412,53.39622240455608],[-6.188861594109506,53.39522411357601],[-6.189417207617761,53.39514176092482],[-6.190540172247227,53.39547274635042],[-6.191060216070265,53.39564170991274],[-6.193528995021297,53.39591258910227],[-6.195902559716775,53.396026363424006],[-6.198057619056438,53.39634174372206],[-6.199341126520823,53.396717749371206],[-6.203478102244528,53.39825542653775],[-6.206214760281963,53.39907894488509],[-6.2076436092276435,53.39940016036337],[-6.208912235160527,53.399591947813654],[-6.209306456118259,53.39932840623102],[-6.209196629428944,53.39808062392841],[-6.209359877712609,53.397056286102234],[-6.209837050993566,53.39548765404084],[-6.210415549846456,53.395281441384185],[-6.211510465687702,53.39544567680683],[-6.213915480475636,53.394501199874945],[-6.214570368296897,53.3939918128939],[-6.215270940930505,53.39306855214977],[-6.215791237990272,53.39254246045756],[-6.217166315656391,53.393013974154236],[-6.217679761959552,53.393043296454444],[-6.218921209023001,53.39349272938622],[-6.219577623821095,53.39369297645202],[-6.219794980063539,53.39376661088889],[-6.220019267316884,53.39384486900939],[-6.222390124802425,53.394672638377756],[-6.22396491016985,53.39504050108435],[-6.227078049260493,53.39546670378942],[-6.227354360848309,53.39454073307785],[-6.227817268450192,53.39358072112732],[-6.228393820484279,53.39264884269538],[-6.227362047006132,53.392312982206526],[-6.225553616345623,53.39183030981815],[-6.224779882965874,53.3913317345349],[-6.224679770734371,53.39100764589244],[-6.224689790012156,53.390924884145804],[-6.224714783992743,53.39084254389121],[-6.2250624368605525,53.39028162180246],[-6.225885702575296,53.38996370066888],[-6.228724024960774,53.39007171757508],[-6.229075448207734,53.39002031804226],[-6.229315733057802,53.38963060030383],[-6.2291223155106135,53.38938996024799],[-6.228096702735501,53.389234164252386],[-6.227552188465845,53.38895329924528],[-6.227442384785405,53.38869431994205],[-6.2274525575714925,53.387836879276385],[-6.2275343652255755,53.38727947611914],[-6.227807177868867,53.386978910572005],[-6.229416641043641,53.38632916589096],[-6.229988455609871,53.38592719169194],[-6.231117238634839,53.384312616175386],[-6.231316950121865,53.38388202944642],[-6.231353788665038,53.38382736334633],[-6.231390731720878,53.38379578878971],[-6.231412509129532,53.38378162450361],[-6.231436308535393,53.38376861427418],[-6.231683122586388,53.38371256404568],[-6.233272662432995,53.383709947825984],[-6.234700662503262,53.38361946501654],[-6.236073008792422,53.383407352568575],[-6.238209757764259,53.38290643304762],[-6.2389828828011105,53.382606365572585],[-6.239715338895503,53.38193204772317],[-6.240334204467431,53.380831134090194],[-6.240876421675238,53.380128006387125],[-6.24148246407337,53.379383953885096],[-6.241793993090538,53.37902345867374],[-6.242117583085202,53.37890996166899],[-6.244201777376039,53.37931270212308],[-6.246675100823154,53.37989800715794],[-6.246778854348106,53.37992747842875],[-6.246881577304118,53.37995744902604],[-6.2470869235370134,53.38001980118897],[-6.247518161480105,53.38016054031054],[-6.247733401663659,53.38026216317118],[-6.24831118289525,53.38071343022883],[-6.2564718067716925,53.38343551458396],[-6.25848547450656,53.384122453130175],[-6.259223562535356,53.38369261207106],[-6.2616496012310305,53.38454055115391],[-6.262376421135702,53.38469686642609],[-6.263530372337523,53.38471758449185],[-6.264276448833744,53.38432803211269]]},"properties":{"route":"8","routes":["8","A1","D1","D2","D3","D4","L80","L82","N4","N8"],"category":"radial","colour":"#9467bd","route_colour":"#ff7f0e","pdf_colour":"#66ae3e","source":"pdf-future","phase":"future"}},
{"type":"Feature","geometry":{"type":"LineString","coordinates":[[-6.079355705611825,53.20874247640356],[-6.079610894413838,53.209132137489334],[-6.080402165605854,53.209036594864266],[-6.082443231477954,53.20885195972584],[-6.085226548863692,53.20861033327204],[-6.086892118941831,53.20846435736157],[-6.087284905248694,53.208429486070564],[-6.087471297110117,53.20841284230805],[-6.0876494552956295,53.20839685943236],[-6.087809693996834,53.20892498618319],[-6.088317094845812,53.20966421100321],[-6.088699884696229,53.20989836360978],[-6.088931991228381,53.21000518096066],[-6.089053372032566,53.21005838430219],[-6.08921452073704,53.21012945018853],[-6.089283944801036,53.210160057277704],[-6.089425766511551,53.210222043117206],[-6.090312986799174,53.21053793338294],[-6.091319895253061,53.21074081166095],[-6.092013299334365,53.211025701209365],[-6.092564095963789,53.21143702089868],[-6.092862018285447,53.21138848920111],[-6.093601329496817,53.210727363206836],[-6.096240029183486,53.21039106003333],[-6.097241994800492,53.210040393144446],[-6.0979550348528075,53.20913936605854],[-6.099807723882893,53.20780607135878],[-6.100729572033528,53.206974628812574],[-6.101655493765338,53.20637538639551],[-6.10261918816873,53.20612178518348],[-6.104499680350389,53.20576941629145],[-6.10568383275066,53.20525939434617],[-6.107324199043001,53.204657550285766],[-6.107812157082684,53.204245626660615],[-6.108455610161658,53.20311642610998],[-6.109356160178227,53.20203119677078],[-6.1098361305700415,53.20117818210273],[-6.110280959225763,53.20079745365472],[-6.111007569224626,53.20067331842471],[-6.112148866477844,53.20067582081584],[-6.112552195571463,53.20041443116747],[-6.112462464080707,53.199601408207215],[-6.112621446649843,53.19919943416261],[-6.113186321240403,53.19841605716987],[-6.114261617602674,53.19733198926909],[-6.115202422534379,53.196155649361785],[-6.115563040375914,53.19543622449986],[-6.1158112369934425,53.19459330344633],[-6.115680672766006,53.193481467006976],[-6.115463751035996,53.19285851973456],[-6.114748367224936,53.19182219367175],[-6.1127987353238336,53.18980205088814],[-6.1123010909846585,53.1891539550569],[-6.111797326968244,53.18880605585073],[-6.110431581468415,53.18834669221317],[-6.109694562266059,53.18758636125818],[-6.109580715950534,53.18715543616905],[-6.109890367496366,53.186641825529684],[-6.110788315651649,53.186209688881235],[-6.111120794102212,53.186701724481935],[-6.1112575160910385,53.187624662325824],[-6.111783690149852,53.18832064896063],[-6.112836026188848,53.18886906167484],[-6.113054810939359,53.189702062897695],[-6.1138127765591035,53.19061406017142],[-6.114963422121692,53.19174680758029],[-6.115555651067523,53.19257709040503],[-6.115929699503601,53.19341679604649],[-6.116121112880723,53.19420568144723],[-6.1181701687287235,53.194627741223535],[-6.119455817041151,53.19504642164622],[-6.1201514911493975,53.19517928946621],[-6.121792786514138,53.194882922019715],[-6.122975284439918,53.19494933808292],[-6.12365899151599,53.19479601284021],[-6.124347426119669,53.19419417361202],[-6.12505018875386,53.19398808933893],[-6.126676275594965,53.19412296742866],[-6.128511380431354,53.194080216735166],[-6.129830573234799,53.19443411406804],[-6.130840182029275,53.19453078777037],[-6.132471397249085,53.195117313023104],[-6.13379470574087,53.19510185348201],[-6.13506918726657,53.19541023582296],[-6.135682700343751,53.195667929596766],[-6.137267342963162,53.19663773213527],[-6.1378478431355665,53.19683354667336],[-6.139352592392979,53.19680846666263],[-6.141379624739038,53.1969063456311],[-6.1426882277203685,53.196842058221165],[-6.143427052668116,53.19700734429062],[-6.1445823067633505,53.19752541604304],[-6.145394411458346,53.19766643199471],[-6.148127335083281,53.19784107523636],[-6.1487289095093445,53.19725345819015],[-6.149697694550561,53.19698682132143],[-6.15026477443212,53.19697458355313],[-6.150446283135956,53.19697451249055],[-6.150677256109499,53.19697572337372],[-6.152988288979236,53.19699762980965],[-6.154439441867629,53.19698644068761],[-6.157380251386421,53.196813984972714],[-6.1581277902583,53.19685436319186],[-6.164150266690765,53.19754829051479],[-6.168218109868964,53.19804187664458],[-6.1695278865061445,53.19836142365756],[-6.170928416369817,53.19965667801351],[-6.1724024108214515,53.20058029594668],[-6.173494238049752,53.20056070202262],[-6.174977345822198,53.19986450887433],[-6.176611886672623,53.19931461781674],[-6.177577564605272,53.198753395158505],[-6.177852284446548,53.19840036101638],[-6.178465134541633,53.19803155229357],[-6.179012112694629,53.197271667154375],[-6.1800589148038485,53.19616501326005]]},"properties":{"route":"1","routes":["1","E1","L15","X1","X2"],"category":"radial","colour":"#9467bd","route_colour":"#f7b6d2","pdf_colour":"#66ae3e","source":"pdf-future","phase":"future"}},
{"type":"Feature","geometry":{"type":"LineString","coordinates":[[-6.224317988650297,53.22705221935577],[-6.221928094895084,53.226073173072606],[-6.220825332861665,53.225681618000785],[-6.2169118442326825,53.22450744748623],[-6.214661314790221,53.223880535680586],[-6.212728852201674,53.223548190313046],[-6.211564139967548,53.223509420033544],[-6.210045029892585,53.22382775962602],[-6.208351946132348,53.22444090481745],[-6.207335968890579,53.224689742766415],[-6.206239576502968,53.22479056803133],[-6.202718116028359,53.22478410436618],[-6.203353679652924,53.22635805187971],[-6.203982683615822,53.22775363772598],[-6.2044918862579586,53.22951639707774],[-6.2052294894772055,53.231267063615],[-6.205196576806008,53.23284901828258],[-6.2052899052953325,53.23399109276445],[-6.205468734706421,53.234557708657036],[-6.206248076314147,53.23582444259521],[-6.206227894191356,53.23614728417614],[-6.205851740844427,53.2366677792819],[-6.20594314468443,53.23734858441657],[-6.206565911611419,53.238383697330804],[-6.206800070911179,53.238974648725915],[-6.20742236052701,53.241089504164876],[-6.20777575723313,53.24202411221159],[-6.207789733535084,53.24263168902291],[-6.207589082076862,53.243791388273024],[-6.207836252127099,53.24435039006578],[-6.207966362272697,53.24519582835674],[-6.207257168117422,53.245869128042486],[-6.207175977526058,53.2462620440979],[-6.207463305873927,53.24708385525383],[-6.20719818395261,53.24739559390668],[-6.205933933876965,53.24753467265539],[-6.204858320285495,53.24822787279775],[-6.2048492650355405,53.24877629008496],[-6.205148706218365,53.24918910668633],[-6.206309575778169,53.250114781224696],[-6.208633026106396,53.25217081868727],[-6.211163923975872,53.25427450445376],[-6.212069379595,53.25464747706193],[-6.213707229547623,53.25480547670465],[-6.214980548557023,53.254789842179925],[-6.216149100683924,53.25518900830535],[-6.217129086535791,53.255736941621535],[-6.218275048711943,53.25666240379951],[-6.21915687330773,53.25766198361479],[-6.219302017104219,53.258079613608125],[-6.219955179653885,53.25899821385511],[-6.21996654002964,53.25977362787323],[-6.220223393843526,53.260293376919904],[-6.219799538902615,53.26119424763496],[-6.219897446751564,53.26182774067285],[-6.221344562946342,53.263120446696014],[-6.221735136954173,53.26336293114853],[-6.22453352031173,53.26417089887803],[-6.226144198986892,53.26487937391226],[-6.228387095424303,53.265607163718045],[-6.229093535376697,53.26601189860805],[-6.2294045043856725,53.266384854243334],[-6.229492506944997,53.26659818997037],[-6.229498917412875,53.26662425692152],[-6.229499805407151,53.26664964466032],[-6.229495455801453,53.26667418687304],[-6.229431378851473,53.266760574188645],[-6.229138421735702,53.266842204195484],[-6.228008496429523,53.26685989695338],[-6.227079085557243,53.267040406705235],[-6.2255482128980875,53.26746886471289],[-6.22348184365038,53.26750717301536],[-6.21852534113127,53.267328201970074],[-6.218223589502209,53.26751231748613],[-6.218343781066858,53.26917444508747],[-6.218541816395987,53.27021846478747],[-6.218482851074648,53.2709482989083],[-6.2182291268606225,53.27198354867304],[-6.2181112779272265,53.27307432177061],[-6.21819848499877,53.273758877885605],[-6.218229598219741,53.27387525432474],[-6.218265699486144,53.27399346710268],[-6.2183531834646795,53.274236269162174],[-6.218944257364383,53.27538304224508],[-6.219300187003174,53.2762247386485],[-6.219437152944152,53.27664617101596],[-6.219585144758675,53.277126195285945],[-6.219592178006474,53.27714867925784],[-6.21959923341994,53.277171140971284],[-6.2196134225067725,53.27721599083172],[-6.219858913997691,53.277781062988645],[-6.2201844270476805,53.278183108520935],[-6.221362230488618,53.27907483693127],[-6.221767155015079,53.27957134922006],[-6.222891787073506,53.28173320293764],[-6.2233496038847695,53.28231627604306],[-6.224204101695098,53.283029940662736],[-6.225058736424554,53.284157375566544],[-6.22576179006055,53.28473398829503],[-6.22700438847865,53.28499472052282],[-6.227901143529123,53.2852927594695],[-6.229476545798469,53.286398511535324],[-6.229889155596168,53.286864721098134]]},"properties":{"route":"86","routes":["86","87","L33","L35"],"category":"radial","colour":"#9467bd","route_colour":"#7f7f7f","pdf_colour":"#66ae3e","source":"pdf-future","phase":"future"}},
{"type":"Feature","geometry":{"type":"LineString","coordinates":[[-6.23798230047689,53.2938140774324],[-6.239701087083775,53.29431491094334],[-6.240619071027307,53.29449684431624],[-6.2494633334825505,53.295940358713025],[-6.249553269402023,53.2959419100926],[-6.249604245791966,53.2959274557153],[-6.249615077709869,53.29592215200012],[-6.249624972486476,53.295916225900136],[-6.249641606076878,53.2959026138729],[-6.250150698432419,53.29533024958286],[-6.251268586103312,53.29481986507842],[-6.252836729705501,53.29431323088416],[-6.257783897304851,53.29261120069747],[-6.258668816802813,53.29243937443881],[-6.259590349960042,53.29238988312488],[-6.261487432326153,53.29253612365999],[-6.2618799522464785,53.292414620304605],[-6.261755142179358,53.29091285736015],[-6.2615094960423665,53.29012765271733],[-6.260865607501761,53.289668227819035],[-6.258866003136195,53.289240908748766],[-6.258538286653232,53.288681331074],[-6.258732904313778,53.287662024649144],[-6.258728142439299,53.28704302546121],[-6.258365819156891,53.28602324141993],[-6.257912692755852,53.28542463831079],[-6.25734990618498,53.28501890789701],[-6.254810031969212,53.28384109258577],[-6.254116898500064,53.28335921563942],[-6.253564737714021,53.282624286447025],[-6.253455845760032,53.28222664166943],[-6.2534569500315715,53.28216089513888],[-6.253476179188152,53.28181992499277],[-6.253511835415892,53.28155583634647],[-6.253609798714453,53.28055511433583],[-6.2539228630733215,53.27964629504678],[-6.254506949291103,53.279001154842284],[-6.255017731192673,53.27862920635189],[-6.255325184579751,53.27846228382766],[-6.256101768875844,53.278022189818564],[-6.256106482305297,53.27801949385071],[-6.256135522965921,53.27800361035416],[-6.256200416830371,53.27797865923208],[-6.256272212230678,53.27796273983461],[-6.256426034734472,53.277957726917094],[-6.256576044668522,53.277988033008896],[-6.256643074356649,53.27801626237307],[-6.256673449907071,53.27803361668043],[-6.257896618741685,53.27873237035101],[-6.259707687356731,53.279493318495206],[-6.2616045863656575,53.28010557478544],[-6.2679113166720635,53.281900180085685],[-6.26995221833816,53.28232356946281],[-6.2724015952764525,53.28248526582764],[-6.275339110473332,53.28252939536767],[-6.275527165845769,53.2825187186242],[-6.27573439827885,53.282417285538756],[-6.2757590360346995,53.282379409479965],[-6.275766334385475,53.28235916231357],[-6.275770056633475,53.2823381802149],[-6.275759294954765,53.282206266111864],[-6.275686374825618,53.28161959375355],[-6.275433654023113,53.28071299036408],[-6.275479839464066,53.27954124766102],[-6.276086371503449,53.279190195847285],[-6.277219291740921,53.2792429601229],[-6.279767459290207,53.27894843316606],[-6.281051305636391,53.27897488134487]]},"properties":{"route":"74","routes":["74","80","A2","A4","L35","S6","S8"],"category":"radial","colour":"#9467bd","route_colour":"#ff9896","pdf_colour":"#66ae3e","source":"pdf-future","phase":"future"}},
{"type":"Feature","geometry":{"type":"LineString","coordinates":[[-6.275749635108387,53.28213184353179],[-6.2757610295593365,53.28231583406629],[-6.275764415258046,53.28233826807415],[-6.275771709644696,53.282360096899424],[-6.275782701448147,53.282381204571024],[-6.27581493222091,53.28242079256885],[-6.275914466838048,53.28248621199256],[-6.276165931454832,53.282537212472704],[-6.276651963563376,53.282538542037294],[-6.277448582834302,53.282518704837386],[-6.278759894937228,53.282462919967074],[-6.279708398926105,53.282455612294314],[-6.282120698252239,53.28249363970222],[-6.2851739726068905,53.28238262703635],[-6.286992457417923,53.282473019380774],[-6.289325223260066,53.28278886083288],[-6.289537125261506,53.28277532647061],[-6.289607468546836,53.28275232553467],[-6.289638390069188,53.28273766850903],[-6.289666091293744,53.282721111153634],[-6.289748423248715,53.28259042986234],[-6.289587250854987,53.28186951873946],[-6.289479780647703,53.28043348055146],[-6.288990902763501,53.279898378981024],[-6.2888035944669225,53.2793450107378],[-6.288935379113832,53.278372598130595],[-6.288886925844269,53.27748873220243],[-6.289140067479938,53.276849963116724],[-6.2899959759917214,53.27624185789112],[-6.290413766059019,53.2756880733484],[-6.290640773506759,53.27460971371756],[-6.290323366631861,53.2736217604819],[-6.290105582377702,53.27261885599941],[-6.290095959661249,53.272063086066645],[-6.2895067147697,53.270504116334294],[-6.289551867767599,53.27018659432346],[-6.28924458005574,53.26967810782074],[-6.288666972228944,53.268126667626085],[-6.2880330645402065,53.26741310410121],[-6.287838388787567,53.26663115531098],[-6.287317511570463,53.26562890951721],[-6.287278288108458,53.265149081141224],[-6.287772924938923,53.263736865804084]]},"properties":{"route":"L35","routes":["L35"],"category":"local","colour":"#2ca02c","route_colour":"#e377c2","pdf_colour":"#66ae3e","source":"pdf-future","phase":"future"}},
{"type":"Feature","geometry":{"type":"LineString","coordinates":[[-6.400655681429128,53.39151066182741],[-6.401300525903277,53.39106271970619],[-6.401819742851068,53.39093079664103],[-6.405776635006356,53.391130387236245],[-6.406014293814042,53.391401907334746],[-6.406096137707188,53.39148930364211],[-6.406171211229997,53.39152084130659],[-6.40620024873016,53.391529422222646],[-6.406210505836261,53.39153203674999],[-6.406219444148114,53.39153408686958],[-6.406684403042143,53.39176485719801],[-6.4071483780594445,53.392063495451026],[-6.407621854750697,53.39265336894102],[-6.407744609205281,53.39319569673428],[-6.407664208724606,53.39369131174465],[-6.407291077820195,53.394594506521706],[-6.407334850543936,53.3955235141933],[-6.407865039768096,53.39616853062444],[-6.408785079630678,53.39667717293718],[-6.409376783531652,53.39686619195887],[-6.4116772208001365,53.39741123495885],[-6.413546419784695,53.397902696205776],[-6.414669772032049,53.39827124115361],[-6.41602780797116,53.39880990946223],[-6.417738750802796,53.3991912489922],[-6.418846877785872,53.39923437378437],[-6.419862983543712,53.3991284133159],[-6.420187869639042,53.39913547511952],[-6.420359002659105,53.39918065977345],[-6.4204356269002565,53.39921388962287],[-6.420471032623225,53.39923308517494],[-6.420504245193356,53.39925397114401],[-6.422071225570514,53.40028559573757],[-6.42270733213718,53.40051313680023],[-6.424882916505669,53.400961231702986],[-6.425938973426466,53.40108932282864],[-6.429618460680351,53.40104107655813],[-6.43192046486981,53.400733418797934],[-6.432827298341747,53.40067070726803],[-6.434539859100543,53.40074624477635],[-6.436717374625533,53.40122306654291],[-6.4377809452863115,53.40161870399642],[-6.438956075524649,53.402309483759915],[-6.439516932115232,53.402794780410346],[-6.440109309667194,53.403501748378005],[-6.4400505916939474,53.40372511925789],[-6.438924921501841,53.40450080513679],[-6.4384380173689815,53.40522147233217],[-6.438572459368967,53.40540965616166],[-6.440669260263768,53.40605755326163],[-6.441818269369276,53.4062794652352],[-6.444097199182527,53.40656802675719],[-6.445603246584707,53.40681257344459],[-6.447480705053364,53.407188144381486],[-6.448642195612741,53.407324586440396],[-6.453751475370849,53.40748493537814],[-6.454438888442643,53.40762046393658],[-6.455650675695036,53.408253766619254],[-6.457172342996614,53.408916016419866],[-6.458384604950484,53.40934714070205],[-6.459692978983605,53.410372095278795],[-6.461630742811398,53.41156902068294],[-6.4644256254485555,53.41178534245903],[-6.466672456617104,53.412062225078316],[-6.4692605640938945,53.41246950424474],[-6.470751168917464,53.412654566444886],[-6.472487783021339,53.41274121411667],[-6.475096909508571,53.4127881698328],[-6.4772843779477425,53.412947520346236],[-6.484156925158076,53.41474055827313],[-6.485662032737926,53.41532077650133],[-6.488457073916424,53.41614700598559],[-6.489660388532082,53.41670112567574],[-6.4921339108321945,53.418423635260545],[-6.493656189267755,53.41907372505147],[-6.496644898480236,53.41985625753617],[-6.4990485792541515,53.42052271906363],[-6.5009991735235735,53.42092436844461]]},"properties":{"route":"B2","routes":["B2","L61","L64","X61"],"category":"spine","colour":"#d62728","route_colour":"#3cb44b","pdf_colour":"#66ae3e","source":"pdf-future","phase":"future"}},
{"type":"Feature","geometry":{"type":"LineString","coordinates":[[-6.4003970915566235,53.39198271932302],[-6.40135882161748,53.39128900510911],[-6.4018829722548105,53.39110296452298],[-6.4051761406613625,53.39128095394122],[-6.405432815169611,53.391542943177015],[-6.404531411334196,53.39222061163369],[-6.403006936706116,53.39315899118847],[-6.400761806741962,53.394370265028954],[-6.399671886973247,53.395092930803735],[-6.399619365194759,53.39512078682196],[-6.399161442437136,53.395383499904455],[-6.399097792823769,53.39563065332522],[-6.399697581381744,53.39630237653631],[-6.400440452264999,53.39690562849273],[-6.401675081719538,53.397703593363815],[-6.403043543896514,53.398437610956584],[-6.405712114446583,53.39960619028],[-6.405758806032502,53.39974170460897],[-6.405255250759313,53.40077749145938],[-6.404072133625991,53.40198532417443],[-6.403364343888752,53.40262191466079],[-6.40375780845812,53.402968547128026],[-6.405398758808524,53.40351008527334],[-6.407343469447802,53.40403370659506],[-6.409912857924222,53.404618311593126],[-6.41130859505216,53.40486787609425],[-6.416958202433097,53.405643469293494],[-6.419590500572932,53.40606904792125],[-6.42173776070333,53.40665700681979],[-6.423400939588287,53.406983043471364],[-6.429122302134437,53.40775262520505],[-6.431689117018944,53.408195827983945],[-6.4349587094320935,53.40891338629174],[-6.435224565500333,53.40934111859972],[-6.43428144867014,53.410015785136686],[-6.432998408755016,53.41138187643781],[-6.431699490961997,53.412678405486965],[-6.431045654155958,53.41307953414586],[-6.429885841280886,53.413438238372066],[-6.429212016628403,53.41401976836834],[-6.4290723587111644,53.414850736643906],[-6.4292092011212,53.41683907034744],[-6.4295163041344665,53.41702705807631],[-6.431847978479207,53.41704975947239],[-6.431984325801748,53.41694499764945]]},"properties":{"route":"L63","routes":["L63","L64","N3","N8"],"category":"local","colour":"#2ca02c","route_colour":"#2ca02c","pdf_colour":"#66ae3e","source":"pdf-future","phase":"future"}},
{"type":"Feature","geometry":{"type":"LineString","coordinates":[[-6.131544876851402,53.29599021694513],[-6.131532101951623,53.295597859341186],[-6.131417992661335,53.29428469340594],[-6.131378659487624,53.293482079447934],[-6.131520732926819,53.29315117005552],[-6.133692702214702,53.28983335245326],[-6.133682707363516,53.28934471492783],[-6.133429653854809,53.28852277662453],[-6.133370918561852,53.28787191129219],[-6.133442459402561,53.287620621840595],[-6.133568667584275,53.28737104957658],[-6.133607892371476,53.287290113638385],[-6.133644634344285,53.287210458569476],[-6.1337108665243365,53.287054453346904],[-6.1337404550703845,53.28697783434692],[-6.133836439580794,53.286677445881864],[-6.133999051523977,53.28554630793018],[-6.1339416976311245,53.28533633252549],[-6.133905947187289,53.285180842275174],[-6.13387964391748,53.28505054741293],[-6.133867190165486,53.28498644794836],[-6.133861347581584,53.2849559783041],[-6.133855841124362,53.2849270641838],[-6.13361426091145,53.28474118313626],[-6.129686181103507,53.28383091975395],[-6.128298102201873,53.28347153191298],[-6.127307444973139,53.283139769753014],[-6.12699036126139,53.28301281563668],[-6.126680434708453,53.28288378393075],[-6.126526386779035,53.28282088490593],[-6.1263725584018385,53.28275909323544],[-6.125753580228109,53.282523442130326],[-6.12433639546447,53.28207975896656],[-6.124309439123659,53.28206953544637],[-6.124281929092538,53.28205857140989],[-6.124225567235809,53.28203466899742],[-6.124109711279578,53.28198069727984],[-6.124080560351436,53.28196628009477],[-6.124051494285886,53.28195161681211],[-6.123993936019016,53.28192179916334],[-6.1239533480851716,53.28189806413485],[-6.123918442540738,53.28187267914363],[-6.1238892006574925,53.281845920222004],[-6.123973246557974,53.281518122354214],[-6.1245934305933805,53.2812842871781],[-6.128187063434837,53.27941626047366],[-6.128173271079969,53.2792377921835],[-6.1248463757430285,53.27759098371806],[-6.124193657777626,53.27708353070034],[-6.124070490115744,53.276611215634595],[-6.124529770154973,53.27610880567726],[-6.128349063648835,53.27423565667489],[-6.127954124600577,53.27396358108078],[-6.125500908552759,53.27329383819261],[-6.1250482686931225,53.27301071990619],[-6.1253141924310075,53.27250496346419],[-6.126813331709514,53.27178501499053],[-6.1268421772225,53.271768759597215],[-6.126866953909828,53.271751124060394],[-6.12688767523736,53.27173229560312],[-6.126930276266718,53.2716487970309],[-6.126794141720031,53.27146415639272],[-6.124914064408386,53.27051543040261],[-6.1244129446057345,53.27026902729904],[-6.1241638452402,53.27014713896544],[-6.123929298608066,53.27003248127004],[-6.123874005451647,53.27000544000947],[-6.123818728096506,53.26997839553986],[-6.123763466455145,53.269951346729016],[-6.123156600485503,53.26965319948436],[-6.122494866889126,53.26932557697275],[-6.121752204839746,53.26901054718857],[-6.121238980196627,53.268929821450186],[-6.121052025224698,53.26888396001738],[-6.120995645117537,53.268863401901534],[-6.1209426078815055,53.268840482904295],[-6.120768372801326,53.268728493353926],[-6.120663154010033,53.26798638247167],[-6.119907710413164,53.26734589264595],[-6.119914993285688,53.2668467204437],[-6.120207467889683,53.266652431174634],[-6.121256530155303,53.266339424443174],[-6.121571520933166,53.26611237067407],[-6.122392704728291,53.26499429182933],[-6.12335892123655,53.26350296687795],[-6.123556085327881,53.26289980110371],[-6.123541802130383,53.262362631149564],[-6.123172476558345,53.261665411529144],[-6.122717455025342,53.26115589406548],[-6.1215537996942295,53.260211198479595],[-6.118999117282969,53.25838496288368],[-6.118037306359934,53.25785438395963],[-6.11721242767927,53.257583589126575],[-6.11511199642353,53.25701815886762],[-6.11484221618419,53.25700391134867],[-6.114710701634033,53.25704261689792],[-6.114683212613782,53.2570569773452],[-6.11465844269148,53.257073083524176],[-6.1146032637674494,53.25713123698979],[-6.113209927394321,53.259462673921725],[-6.112791092812596,53.259592781623184],[-6.112253701764178,53.259449798259084],[-6.1118205732591235,53.259091947193575],[-6.109008951057284,53.25603899907257],[-6.107467453605102,53.25421390066831],[-6.1072948002206555,53.253986946298944],[-6.107255323416612,53.253929565678014],[-6.107217823176541,53.253871858882384],[-6.107149756282606,53.25375532804049],[-6.107025498372131,53.25343960821689],[-6.106912999950867,53.25132630961144],[-6.106613644498206,53.2503084892652],[-6.106243336910098,53.24959952899451],[-6.104855819768585,53.24773102536725],[-6.104734836666111,53.247621811959256],[-6.104653313484856,53.247555458109574],[-6.104610571425871,53.247521572018016],[-6.104589114959183,53.247504730133016],[-6.104567757602895,53.247488061765665],[-6.104541367583762,53.247466214279605],[-6.104459540747106,53.2473733939441],[-6.104445123801656,53.24734914198379],[-6.104433165343191,53.24732459556146],[-6.104416709050208,53.247274867907855],[-6.104428558096782,53.247125080863434],[-6.104647127771743,53.246304214892426],[-6.104426775680787,53.245246245202324],[-6.104509078558735,53.244590746657],[-6.1049572341411595,53.243876410326955],[-6.105031482140287,53.243104578754284],[-6.1054231008394675,53.24238484014094],[-6.105249541067232,53.24051274821488],[-6.105072265619435,53.23946389018079],[-6.104806355803147,53.238558554093906],[-6.105166696066402,53.23764507848854],[-6.1051770948854625,53.237586837204354],[-6.105185847835783,53.237528476636236],[-6.10519946178141,53.23741147475401],[-6.10525765973762,53.23682586230081],[-6.105237935026432,53.23639705076061],[-6.1052120027839685,53.23627859635288],[-6.105201863699483,53.23622822579897],[-6.105192126734314,53.236176102325445],[-6.10515857779089,53.235954067108686],[-6.105136973652872,53.235719936671934],[-6.105095303588218,53.234079126519276],[-6.105165125919757,53.23155763349275],[-6.105365899279265,53.23033570935265],[-6.105607613877591,53.22949071439307],[-6.105488798178024,53.228720974965974],[-6.1051800252538175,53.22810262673144],[-6.10455739517891,53.22742189077064],[-6.10200103857661,53.22570000542313],[-6.101214426542809,53.22506103533216],[-6.1005018791476875,53.22420196617611],[-6.099915228055887,53.22310744153812],[-6.09950668573714,53.2225303479226],[-6.099218534302239,53.22187329486902],[-6.0988427900833715,53.22001924577455],[-6.098618464897808,53.21855723338854],[-6.0983050631241245,53.21793942283906],[-6.097263800316912,53.21635162049144],[-6.096535680805237,53.21537943898136],[-6.096080461338078,53.214924396189836],[-6.0952265222714646,53.21437200027262],[-6.095149026913605,53.21432731392266],[-6.095070815465849,53.21428252433792],[-6.09471466908305,53.21407917093237],[-6.094318040297897,53.213846228324066],[-6.093761140975782,53.213451270972676],[-6.0928408956548745,53.212375047094554],[-6.09195767104887,53.21159855196094],[-6.090970761548065,53.21110162844813],[-6.089831146138121,53.210849466633825],[-6.089099835434749,53.21061618505925],[-6.0889165777227126,53.21054526873544],[-6.088826041258461,53.21050833383185],[-6.0887364180119015,53.21047048762025],[-6.088306855153061,53.21026950808634],[-6.087426706328181,53.209590268441914],[-6.087020827271324,53.20887188534383]]},"properties":{"route":"98","routes":["98","B4","E1","L11","L14","L22"],"category":"radial","colour":"#9467bd","route_colour":"#c7c7c7","pdf_colour":"#66ae3e","source":"pdf-future","phase":"future"}},
{"type":"Feature","geometry":{"type":"LineString","coordinates":[[-6.087050749615736,53.207732264823406],[-6.08706218360463,53.20769266470255],[-6.087074413941051,53.20765042685241],[-6.0871007448244745,53.20755993636048],[-6.0871572556096565,53.20736818498356],[-6.087256618661349,53.20704791084571],[-6.087386122254861,53.20673379652179],[-6.08849575284513,53.20509858125263],[-6.08848794414565,53.2049067174567],[-6.087235441427424,53.20342063582272],[-6.085898631314315,53.201628480779796],[-6.084712623868024,53.200682777191076],[-6.083896776224781,53.199738404196545],[-6.083499682239371,53.198565974624444],[-6.083273806668415,53.19830543092343],[-6.081701391613279,53.19699998212858],[-6.08195021220787,53.1966814555553],[-6.083234739457544,53.19654676938696],[-6.08571437359258,53.19614510166112],[-6.085972744120609,53.19580680441141],[-6.085341181944517,53.19450541308681],[-6.085329113151228,53.19418467546408],[-6.08566827457523,53.193854080712384],[-6.085635258815573,53.19334035765646],[-6.085966015810403,53.1931518076632],[-6.0884498160223695,53.19301767505909],[-6.091696747488442,53.19274475800865],[-6.093022758884555,53.19269725329658],[-6.0940694709248815,53.192757874110114],[-6.095716127227079,53.19299840147843],[-6.101712707239171,53.194146910856674],[-6.102147057619545,53.19405987107384],[-6.103427954260566,53.19278542170465],[-6.103949734714877,53.19215988747441],[-6.105585127947527,53.18998997129791],[-6.106257503777283,53.188563567864676],[-6.106573069699881,53.18808339416764],[-6.106637987209581,53.188005460427036],[-6.106707153349738,53.18792832846596],[-6.1068274754860905,53.18780664485076],[-6.106892220784939,53.18774690466253],[-6.1069599284411415,53.187687960430466],[-6.107103949436329,53.187572644464545],[-6.107424444432857,53.18735359493363],[-6.108877191057865,53.18669613915003],[-6.109866341442185,53.186416544133785],[-6.110614556475627,53.18606326368938],[-6.111546111205602,53.18546668794173],[-6.112482698137258,53.18446663235037],[-6.113172390243348,53.18332909679602],[-6.113876864447623,53.18144017819095],[-6.114117671752494,53.18011458878969],[-6.11406950881328,53.17944658910483],[-6.113506701490323,53.178143802546835],[-6.112565740025714,53.17692189081843],[-6.110044195330611,53.17407398284394]]},"properties":{"route":"E1","routes":["E1","L1","L11","L12","L2"],"category":"spine","colour":"#d62728","route_colour":"#911eb4","pdf_colour":"#66ae3e","source":"pdf-future","phase":"future"}},
{"type":"Feature","geometry":{"type":"LineString","coordinates":[[-6.1256307357415265,53.293763928658194],[-6.125597935691652,53.293748911298344],[-6.125565080652369,53.29373326622058],[-6.125523089045464,53.29371313329414],[-6.125356045633594,53.29363283054695],[-6.125224210347623,53.293569731866384],[-6.124851441203267,53.29339633444155],[-6.118780773939841,53.291051990984705],[-6.1184556625296525,53.29054726336572],[-6.121442620227046,53.28533333896351],[-6.121590864224848,53.28508618629406],[-6.121745832168587,53.284834871101665],[-6.121905364075008,53.2845806024128],[-6.122067299960862,53.284324589253906],[-6.122229479842893,53.284068040651434],[-6.122545931662487,53.28355817322159],[-6.123086723992735,53.282585210202996],[-6.123276504771357,53.282141459037504],[-6.12334368137266,53.281934497633294],[-6.123389502137622,53.28173909105005],[-6.1232172791690544,53.280799260154694],[-6.121968829276889,53.27769209722608],[-6.121600839809045,53.27643116969352],[-6.121366681306713,53.275169983136834],[-6.1212246818988465,53.273906981060655],[-6.120972440623674,53.2705800519913],[-6.120964657087136,53.270433055810194],[-6.120958228808898,53.270286110373],[-6.120937200382983,53.26964236113914],[-6.120943794465426,53.2691014013059],[-6.121035374654824,53.26810890600768],[-6.121019015591891,53.26795980933949],[-6.120196911275426,53.267100511277434],[-6.1204554280884045,53.26681993284241],[-6.121501348302334,53.26651334693756],[-6.1219190404022115,53.26621447922286],[-6.123566134906154,53.263861444782826],[-6.123854489965933,53.26325615431599],[-6.123947209577929,53.26247721417538],[-6.123720598350848,53.261885788768666],[-6.123524048917055,53.261594627343726],[-6.123416412565264,53.26145807773383],[-6.123301419210448,53.261324280899636],[-6.123179556128796,53.26119301657931],[-6.123051310596499,53.26106406451105],[-6.122777621284728,53.26081221608337],[-6.122175093405802,53.26032657473239],[-6.119127095559245,53.258146710144224],[-6.118265473395859,53.25768942905055],[-6.11557207115809,53.25690955625771],[-6.115128878972791,53.25637380484823],[-6.116205063021252,53.25466569759265],[-6.116411961332095,53.25439048281052],[-6.116516773574995,53.25425656276323],[-6.116622588129681,53.25412466569186],[-6.117057273268334,53.253610778366415],[-6.117513610603717,53.253103143459185],[-6.117751302647215,53.25284514186331],[-6.117872775178271,53.25271395248997],[-6.117996092302334,53.25258086881308],[-6.118117116154618,53.252449215840436],[-6.1187191856089616,53.25178934712842],[-6.119224677569016,53.251270031067406],[-6.120538665155454,53.25014156298312],[-6.120588699450594,53.25011189738081],[-6.1207262137170915,53.25003407379944],[-6.120809333721168,53.249988113183306],[-6.12089912232761,53.24993891825883],[-6.122241932747522,53.24920451570402],[-6.125345204590284,53.247533578032424],[-6.125373556785498,53.24733779266439],[-6.123032846510549,53.2453225698974],[-6.124684099358477,53.24450484479035]]},"properties":{"route":"98","routes":["98","B4","L11","L14","L21","L22","X2"],"category":"radial","colour":"#9467bd","route_colour":"#c7c7c7","pdf_colour":"#66ae3e","source":"pdf-future","phase":"future"}},
{"type":"Feature","geometry":{"type":"LineString","coordinates":[[-6.132186413427247,53.296018928914116],[-6.1320459925786395,53.29600337574675],[-6.131936379546441,53.295990725168956],[-6.1318762898163754,53.295983580651296],[-6.131814734350399,53.29597607614136],[-6.131584701228343,53.295945250582385],[-6.131538951658538,53.295938040413716],[-6.131500990183113,53.295931307973824],[-6.131472359107119,53.29592519288289],[-6.130335881442901,53.29557842218942],[-6.129400867173839,53.295246158507695],[-6.128910658289755,53.295063662172],[-6.128418873571889,53.29487646082686],[-6.12559978349863,53.29374774920036],[-6.125552004079739,53.29373181312776],[-6.125452805047282,53.293709315202264],[-6.125351396394223,53.293698964977594],[-6.125250950887319,53.29370034094326],[-6.125154641293328,53.29371302158878],[-6.125065640379005,53.29373658540364],[-6.1249871209111095,53.29377061087737],[-6.124895934848597,53.29384034264411],[-6.123734703576303,53.29513743968311],[-6.123714470866446,53.29535588973863],[-6.123751740487593,53.29540195669709],[-6.123803018113698,53.29544452884577],[-6.123833739801059,53.29546413024606],[-6.1238677593365995,53.29548240899945],[-6.123905008669301,53.295499215457774],[-6.125780208150343,53.2962363358903],[-6.126932919299682,53.29657122188944],[-6.1281120467246115,53.2968032301449],[-6.130193928937871,53.2970121727888],[-6.1308957657277885,53.297020365002055],[-6.132017575798143,53.29696426242892],[-6.132440244365408,53.29669006753714],[-6.132411680620599,53.29632046258246],[-6.1323837845443485,53.29620077401613],[-6.132407672160265,53.29612527897841],[-6.132638737973467,53.29593978037239],[-6.132658111102429,53.29591175300604],[-6.132666098398438,53.295897347654],[-6.1326864229428075,53.2958375982981],[-6.132689105059604,53.295791131749695],[-6.132516083512208,53.29396948020437],[-6.132604657473695,53.293401097067516],[-6.134764817475454,53.29010239307001],[-6.135180485557308,53.29001144621303],[-6.136733732910244,53.29045597930028],[-6.1380706133833565,53.29063467650002],[-6.13999850126741,53.29068520850507],[-6.140792341886045,53.29052300889294],[-6.144288284011251,53.289403588316034],[-6.144962359518041,53.289185731048235],[-6.145299159721918,53.28907655408221],[-6.145635898059063,53.288967311546656],[-6.145972646904184,53.28885807843049],[-6.146646465617195,53.28863994041201],[-6.146983680234504,53.28853118548753],[-6.147321194858627,53.288422739938106],[-6.1491416719212975,53.28785476074067],[-6.149590486443967,53.28772276510704],[-6.149931366350911,53.28762527604395],[-6.150116629379101,53.2875733000033],[-6.150306328709796,53.287520937738485],[-6.151415358414376,53.28725497886714],[-6.152322741433024,53.28731450048533],[-6.155224090674306,53.287776051443785],[-6.1556947926576795,53.28781237642718],[-6.156174973988666,53.287791075945535],[-6.156325888747848,53.28777298233765],[-6.156551312393843,53.28774289372218],[-6.156626616544187,53.28773315321212],[-6.156702175439712,53.28772400522299],[-6.157183909722577,53.287697612803505],[-6.157870893941069,53.287797316909675],[-6.159725723948775,53.28850662222508],[-6.159863236021553,53.2885673727268],[-6.159996835015975,53.28863055281782],[-6.16012720702154,53.28869573557482],[-6.160255038127746,53.28876249407448],[-6.160381014424092,53.2888304013935],[-6.160754675348973,53.28903674703353],[-6.160880093300878,53.28910498039682],[-6.161007086890421,53.28917222796291],[-6.161544539414957,53.28942282178882],[-6.1642350901845075,53.290322908275726],[-6.164570900339088,53.2904026865698],[-6.164743269306341,53.29043702814659],[-6.164918128349746,53.29046776295204],[-6.16563517752752,53.290556008592446],[-6.167078025626482,53.29058026165701],[-6.168952098997401,53.29035717408286],[-6.170124598645419,53.290272880699604],[-6.170541079724506,53.290273439915204],[-6.170645523076235,53.290274770945075],[-6.170750011095276,53.290276361956565],[-6.171063320328909,53.290281612336926],[-6.171271641304402,53.29028442783491],[-6.172539414546655,53.29028655617616],[-6.1735625943326236,53.29035069457577],[-6.175623982317906,53.290752998747614],[-6.178044966115189,53.29157947685966],[-6.17940436922135,53.29186237447136],[-6.180989723186582,53.29180263250162],[-6.1829564140303,53.29137358992438],[-6.184406267303949,53.29095332855074],[-6.185018691675028,53.29056141089635],[-6.18715941528665,53.29003932880961],[-6.188552396654765,53.28988203707875],[-6.191372634562066,53.28927507500722],[-6.192076451118078,53.289163500175846],[-6.193333972218475,53.28912561680135],[-6.194038623090871,53.289222451799525],[-6.196156668621965,53.289969162818814],[-6.197370184445668,53.29014007827321],[-6.197687002807542,53.28997284290589],[-6.1985378225529635,53.287200982921966],[-6.198887808434753,53.28621191662901],[-6.199129952709146,53.28604643806596],[-6.199215806097631,53.28602044374334],[-6.199261777984576,53.28601018970433],[-6.1993095975987105,53.286001870310386],[-6.199605340903327,53.28597060252691],[-6.199668759554927,53.2859644517337],[-6.199732102888691,53.28595844421377],[-6.199856920598606,53.285947073683445],[-6.199976508024863,53.28593692031531],[-6.200033313504057,53.28593243424811],[-6.200087579159258,53.285928413488726],[-6.200231029670658,53.285919679781635],[-6.200829377284246,53.28588455071846],[-6.203161906503336,53.2854805135905],[-6.205531540291725,53.285530302138135],[-6.207746567046882,53.2857831218478],[-6.209555197373532,53.28610532631444],[-6.211881981320669,53.28679629447042],[-6.212977620193122,53.28707178790521],[-6.214216737884113,53.287185449913736],[-6.21577544921511,53.2877831675819],[-6.2186150041718715,53.2882837620302],[-6.2215556366391835,53.28918311923014],[-6.223932745486147,53.28999911456692],[-6.22461143564374,53.290171608142],[-6.226733859282678,53.290539556325875],[-6.227459383726777,53.29047540138524],[-6.228118544427904,53.29015409244969]]},"properties":{"route":"86","routes":["86","L25","L26"],"category":"radial","colour":"#9467bd","route_colour":"#7f7f7f","pdf_colour":"#66ae3e","source":"pdf-future","phase":"future"}},
{"type":"Feature","geometry":{"type":"LineString","coordinates":[[-6.105910791549547,53.18708743894083],[-6.106597294387143,53.1878320164758],[-6.106699045588984,53.18793441826652],[-6.106728727508495,53.18796568239841],[-6.106755705682901,53.18799614578072],[-6.106831991926565,53.18825668462453],[-6.10601993213928,53.189963862742644],[-6.104217279700182,53.19236732108393],[-6.103743683069296,53.19292168627588],[-6.102337367289505,53.194317765203174],[-6.10246516577421,53.19460400376744],[-6.102499296328578,53.19461656871002],[-6.102643408191024,53.194665634739756],[-6.1027857169780475,53.19471638597457],[-6.103475214687549,53.19499032808867],[-6.106286519952548,53.196286535252774],[-6.106407260982893,53.196533071895345],[-6.105670264361373,53.19780779815],[-6.104935982547869,53.19867570291832],[-6.103014205001217,53.200274792108935],[-6.101678211175748,53.20108591744236],[-6.101001376641545,53.20126375194681],[-6.099898732418837,53.20117485774837],[-6.098294977841115,53.20031413085866],[-6.096674482641341,53.1993266299957],[-6.09664636761086,53.199310688236544],[-6.096584642805058,53.19928429020186],[-6.096446494176936,53.19925382688056],[-6.096140051669922,53.19929823915954],[-6.095252995477402,53.19976035466433],[-6.09431360678817,53.200579928210225],[-6.093817030364355,53.2016383066253],[-6.09326214380077,53.20223274560721],[-6.091707987198679,53.20287990988273],[-6.090834074349338,53.203320390276474],[-6.09014482385995,53.203799274434154],[-6.08911642261643,53.204853542392286],[-6.088021871381534,53.206334371743665],[-6.087445478790323,53.207591787890685],[-6.087288577307605,53.207673975140075],[-6.087174975480645,53.207695822123384],[-6.087113751907533,53.20770348509743],[-6.087051505371232,53.2077092910646],[-6.085059477080888,53.20774118017588],[-6.081577055191415,53.20792592302826],[-6.07892824440283,53.20818474309225],[-6.078705572632918,53.20843388290773],[-6.079332792144228,53.209233107171855],[-6.079473101090857,53.20929886255401],[-6.079515918170166,53.20930593363969],[-6.079560188165539,53.20930945600333],[-6.079607578102487,53.20931087876226],[-6.079932336697764,53.20928770954857],[-6.080206595291235,53.209251211922044],[-6.0802564640920975,53.20924469125786],[-6.080303626095372,53.209238946294526],[-6.080347633090351,53.20923419820941],[-6.0807242258499095,53.20919878728566],[-6.081102008465833,53.209165948938555],[-6.081196558162157,53.20915798844972],[-6.081291127642692,53.20915008683549],[-6.081574845625956,53.20912653141753],[-6.0818583486781,53.209102772108636]]},"properties":{"route":"E1","routes":["E1","L12"],"category":"spine","colour":"#d62728","route_colour":"#911eb4","pdf_colour":"#66ae3e","source":"pdf-future","phase":"future"}},
{"type":"Feature","geometry":{"type":"LineString","coordinates":[[-6.303168358817037,53.370747014048916],[-6.303201914381701,53.37095329075073],[-6.30320979128406,53.37112480800412],[-6.303208922290005,53.37115393357255],[-6.303205602585723,53.37127317574475],[-6.303204751593034,53.37139285849363],[-6.303209787106341,53.3716332947877],[-6.3032952458186715,53.37260011634321],[-6.303430634814418,53.373641807689694],[-6.303800688973632,53.373802692019396],[-6.30600553855273,53.373740622208686],[-6.307436831590275,53.373817038505024],[-6.309192975040409,53.37412065484189],[-6.310627751243879,53.37448655032467],[-6.3125627722687,53.374784815733584],[-6.313062861327547,53.37514515293256],[-6.315116973656772,53.37607392232226],[-6.316907858354741,53.376489523315804],[-6.318328099785292,53.376975390284564],[-6.319068306681731,53.377518065061565],[-6.3206403122493935,53.37923361952933],[-6.321991036076817,53.38029547113428],[-6.322023177148864,53.3805482799948],[-6.320307661537223,53.38181265452131],[-6.319984738512977,53.381868356023745],[-6.3182008272910215,53.38150489940847],[-6.317191130883009,53.38142641721777],[-6.3177780542992945,53.38279801502202],[-6.31788095580214,53.38424280850379],[-6.317933616004793,53.38653488488787],[-6.318191500045754,53.38674150417371],[-6.3203144668482345,53.38720198185111],[-6.323616765749825,53.38780353503824],[-6.325115495498815,53.38818793567217],[-6.325377177226313,53.388326337916205],[-6.325425415056876,53.38907471609983],[-6.327107487820768,53.38968973377234],[-6.3290391075776915,53.39053234410633],[-6.330369747682408,53.39152510073888],[-6.331473128104749,53.39185335246795],[-6.333615613990442,53.39231858043811],[-6.334924101355104,53.39272030109323],[-6.336595992853332,53.39351551373322],[-6.338527117508163,53.394559271347916],[-6.338634108177602,53.39462450476552],[-6.338686054755097,53.39465813101272],[-6.338736675525486,53.39469246238748],[-6.338962193085721,53.394875538851565],[-6.339410060995336,53.39557147512085],[-6.339432013465261,53.3956274349538],[-6.339438127151459,53.395688584623365],[-6.339437672959429,53.395703772125444],[-6.339436556974336,53.39571867677412],[-6.339432602129694,53.39574715173673],[-6.339419638475737,53.39579536390108],[-6.339347173523709,53.39599476557357],[-6.3393742971591545,53.39607950132595],[-6.340091296104723,53.396721538222394],[-6.341256936669989,53.39755723046838],[-6.344153865677151,53.39930492252263],[-6.347693961337842,53.40138374565813],[-6.348989969330583,53.40201824439706],[-6.350789808161764,53.40259322580963],[-6.351808457148862,53.40384380909191],[-6.3523935321942755,53.40468178244576],[-6.353739369535915,53.40575404121127],[-6.354084830888863,53.40630985698923],[-6.354093770965804,53.40679153568507],[-6.353468277763682,53.40821099602329],[-6.353628748429177,53.4087769321026],[-6.354095707939086,53.40925920218915],[-6.35595457329957,53.40957131201871],[-6.359455442376051,53.41043457964691],[-6.3627297714466735,53.41112945990754],[-6.3653693370257995,53.41145916852117],[-6.3669542459399775,53.41200716966292],[-6.368650707907606,53.41202458654919],[-6.369688635559488,53.41241014754858],[-6.371116713338481,53.413314112006915],[-6.37140706409384,53.413673584864256],[-6.371530319564023,53.41654486620864],[-6.371761533751973,53.41791720718798],[-6.372648463281779,53.41969665582727],[-6.372200455182578,53.4204241351806],[-6.3728148566552525,53.42091752294379],[-6.374035520873097,53.42090564466505],[-6.374907341541501,53.421064400944985],[-6.3771013703764625,53.42191407440667],[-6.381019633705032,53.42328350506499],[-6.381614786397743,53.42326758375695],[-6.3823652099987775,53.42246616949632],[-6.383116979798097,53.42228641013913],[-6.383753472196209,53.4222856280429],[-6.384340887163488,53.42194506043832],[-6.385200381091475,53.42168312555484],[-6.388008349005089,53.421801900862256],[-6.388425430926903,53.4216147163591],[-6.389176685815871,53.42040550495417],[-6.389420721226628,53.41979647348469],[-6.389436076682464,53.41972669491938],[-6.3894479221621925,53.41966066241629],[-6.389459819857164,53.41954438222509],[-6.3894538876392195,53.41945672616772],[-6.389378563558046,53.41907873063228],[-6.389597067403201,53.41841898944582],[-6.390281881464964,53.41731854730788],[-6.390927829350108,53.41658970950026],[-6.391957240083294,53.415718733255375],[-6.394005310691269,53.41573572432321],[-6.394652694436807,53.41586157069313],[-6.395472031570764,53.41646799790956],[-6.395660678949223,53.41722001832764],[-6.3971131788874676,53.41763163550386],[-6.398101237077187,53.41761557060426],[-6.398786738341291,53.41773945019008],[-6.400974131374633,53.41859274338428],[-6.401591680498804,53.41848522012549],[-6.4025827502889054,53.41779917926349],[-6.403604748186063,53.41734599936959],[-6.403871841433023,53.41701655142248],[-6.403642445344908,53.41673955370591],[-6.402782926708775,53.416636307922374],[-6.400612292114123,53.41667064724418],[-6.399988940779109,53.41662696216704],[-6.399336727790601,53.41635461559055],[-6.398945668318042,53.41575852645768],[-6.398182554790222,53.41534793863085],[-6.396942626336085,53.41501530988005],[-6.396035540987084,53.41441105082783],[-6.3957593918434545,53.413853146954935],[-6.39535627532797,53.41350018856237],[-6.394290359724861,53.41309989075495],[-6.393960815006074,53.412875287604805],[-6.394003041757566,53.41252126734345],[-6.394846422307187,53.41168353625328],[-6.396283301080309,53.410660792138174],[-6.396390229816337,53.410400059539484],[-6.395877826662916,53.41017726105361],[-6.394190539070841,53.40979382672505],[-6.392377127691841,53.40951591756212],[-6.389720188818218,53.40902515014131],[-6.388028209353016,53.40863414918966],[-6.382236199318546,53.40709956034906],[-6.3810190528305695,53.40675504635306],[-6.3782081644867175,53.4057310669646],[-6.378143909765118,53.40539859997789],[-6.379652743091125,53.404511929084514],[-6.380202892070127,53.40393654027914],[-6.380908905303596,53.402678706517065],[-6.381479292543478,53.401244801050915],[-6.3819937734562515,53.400478538910406],[-6.382701751771292,53.39988223226643],[-6.383211012889893,53.39960880581449],[-6.383461003921632,53.39944758841882],[-6.383516284548112,53.3994144005545],[-6.383584281410199,53.39937714609381],[-6.383662814078063,53.399336652676055],[-6.383842765111812,53.399249259526435],[-6.3839398226180375,53.39920401507314],[-6.3840386942107274,53.399158842219904],[-6.384233157936181,53.399072021870744],[-6.384633322485467,53.39889935371012],[-6.385758308275648,53.39854874573608],[-6.388532586215555,53.39792219440655],[-6.391764001010047,53.39724967706352],[-6.392110322830716,53.39708381948393],[-6.392125686298096,53.39706903660733],[-6.392138778258992,53.39705439406286],[-6.392139454265835,53.39705400378462],[-6.392170427284225,53.39701306169587],[-6.392197407057578,53.39698934700024],[-6.3923487639976475,53.39691742265126],[-6.39540430374021,53.39626478471811],[-6.396836594361279,53.39586262883415],[-6.398308031959184,53.39525867876388],[-6.399126569011816,53.394771650113796],[-6.399346411755108,53.394649673812026],[-6.400246606117096,53.39404854557957],[-6.401980255658605,53.393113844840045],[-6.404166682803908,53.3917667518703],[-6.404075500231515,53.3916573614509],[-6.4020984360572,53.39154374289592],[-6.400937566030007,53.3923699322316],[-6.4000765831610575,53.39238402459906]]},"properties":{"route":"B3","routes":["B3","F3","L61","L62","N4","N8"],"category":"spine","colour":"#d62728","route_colour":"#3cb44b","pdf_colour":"#66ae3e","source":"pdf-future","phase":"future"}},
{"type":"Feature","geometry":{"type":"LineString","coordinates":[[-6.529495543224097,53.32314761323941],[-6.5290641124641375,53.32323588160848],[-6.529035888891397,53.32324095768383],[-6.529007214741476,53.32324469415305],[-6.528978220976969,53.32324711106757],[-6.5289197984545675,53.323248066438325],[-6.528804880388838,53.32323502478694],[-6.528631805091028,53.32316757488503],[-6.527904867507772,53.32269849265861],[-6.527333136521015,53.32268628094145],[-6.526244007384369,53.3233737662551],[-6.5267110700896795,53.32373742533276],[-6.529584828296888,53.32312335359503],[-6.529632332420663,53.323114464410324],[-6.52972923561373,53.32310355628402],[-6.52992456420734,53.323108242185775],[-6.5303081942841334,53.32323775831405],[-6.530943416096057,53.32369007756582],[-6.531826147259382,53.32460931819332],[-6.534855399403739,53.3300073167207],[-6.535168054852481,53.33101296611204],[-6.535395171620589,53.33259820621021],[-6.535617698340949,53.33306066769121],[-6.536377346436997,53.333704264295314],[-6.538068564027722,53.33445661032441],[-6.543752130206496,53.3367527418377],[-6.544899074023591,53.337269727045424],[-6.545393772639295,53.33724545052728],[-6.546278301399364,53.3367232182056],[-6.548687537402963,53.33554694638126],[-6.550463127577037,53.334400373981744],[-6.5518206086263895,53.333892221197296],[-6.553211957937308,53.333749133856884],[-6.555052399978372,53.3340185068179],[-6.5598137913975,53.334989619302966],[-6.5642212012899375,53.33596755607741],[-6.5644341230371825,53.3362819886929],[-6.55886421927466,53.34179139307165],[-6.558170156849537,53.342270623204605],[-6.556898855296078,53.34275194471629],[-6.555904825763255,53.342910853266645],[-6.555678469667447,53.34315411549107],[-6.5571814297593995,53.346493729388186],[-6.557360403302429,53.347142861434875],[-6.557300029419817,53.34776927908295],[-6.556749912583398,53.348404015560426],[-6.556088235856378,53.34875416268038],[-6.555043308981874,53.34910367272979],[-6.552906248149377,53.349537018683385],[-6.552821639672552,53.34957800346569],[-6.552798232622428,53.34959279222531],[-6.552777862544474,53.349608652083425],[-6.552726715088139,53.349758411871605],[-6.55388142711204,53.35075991681896],[-6.55457059720648,53.35176469430636],[-6.55467316451716,53.3525630455477],[-6.554658632388538,53.35370511939625],[-6.554787768621123,53.35423746464068],[-6.555254375723529,53.35496761122117],[-6.556381530777144,53.35592667465608],[-6.556411280070325,53.35606633402678],[-6.556387880240312,53.356099087369834],[-6.55635207310021,53.35612876016976],[-6.5563295054687565,53.356142095124916],[-6.555688877122032,53.356481362202274],[-6.553504766092787,53.357831670227455],[-6.552370483640639,53.35831176050813],[-6.551437507351181,53.35852228265152],[-6.5504466982116645,53.35860501147158],[-6.5494123626598535,53.35856897435114],[-6.548329983241075,53.358425680047084],[-6.54423901326948,53.35762668191233],[-6.542252081673095,53.357502316601774],[-6.5404457049039575,53.35768287402138],[-6.540174492935541,53.357839036202144],[-6.539492352725943,53.35986407633008],[-6.538967444700765,53.36056370462504],[-6.538343625585511,53.361051883613584],[-6.537340102737498,53.3616233663593],[-6.536483413962926,53.3622131141372],[-6.535420573267425,53.3632226545285],[-6.535280982195422,53.36346694877387],[-6.535101937810193,53.36358805146041],[-6.535042878320147,53.363601063083664],[-6.535011632786052,53.36360535724168],[-6.534979446101535,53.36360810670006],[-6.534878759462661,53.363606559898294],[-6.533720992421373,53.36351765817838],[-6.532724566158121,53.36353813915822],[-6.530433879170182,53.36374959098538],[-6.528929620677765,53.363835730991795],[-6.527658510497994,53.36371444018378],[-6.526285350921965,53.363237831255546],[-6.524855327343177,53.362940849524215],[-6.5238963891578035,53.363014310598096],[-6.522103551674433,53.36346593331734],[-6.521445346657459,53.363535907056445],[-6.520400307724201,53.36344695794417],[-6.5187227678137525,53.362997595082],[-6.517372229067445,53.36302212203247],[-6.515509644381396,53.363510794885215],[-6.513357018424731,53.36355575238349],[-6.510545272801619,53.364241344110155],[-6.508239419106539,53.36471906269505],[-6.5073848784221,53.3649943801045],[-6.506668735079081,53.3657764030092],[-6.506652648779651,53.36579687887815],[-6.506610404122798,53.36583296888629],[-6.506556618165859,53.365862196946836],[-6.5064234852824905,53.36589824494724],[-6.506155744593305,53.365879935705365],[-6.504904319491485,53.36554587794014],[-6.503655735574092,53.365347072610035],[-6.5034875310733185,53.365334757153825],[-6.503315059777259,53.365325589139836],[-6.50295543171457,53.365317129646506]]},"properties":{"route":"L59","routes":["L59","W6","X25","X27"],"category":"local","colour":"#2ca02c","route_colour":"#e377c2","pdf_colour":"#66ae3e","source":"pdf-future","phase":"future"}},
{"type":"Feature","geometry":{"type":"LineString","coordinates":[[-6.536351686717409,53.333689724202415],[-6.536506600618304,53.33394355839026],[-6.536474149756752,53.333971072053636],[-6.5364536296373235,53.33398348385794],[-6.53641586377285,53.33400369933952],[-6.536402649085264,53.33401059131554],[-6.536389126990064,53.33401754460374],[-6.5363611740778715,53.33403159808734],[-6.5360471092641825,53.33418079609571],[-6.535906648243616,53.334276743962924],[-6.535557746758741,53.3348656353746],[-6.535778070784918,53.336076013104986],[-6.535689233132294,53.337158079081036],[-6.535900646395435,53.33779479012292],[-6.536111871878822,53.33809755438758],[-6.536250032697915,53.33826296806798],[-6.536568959450386,53.33870594350517],[-6.5364183440998715,53.33890740846506],[-6.521904061836258,53.3418516860789],[-6.513107506541696,53.34364345695032],[-6.512806006855462,53.343802980662],[-6.513487404923355,53.34548118997819],[-6.514236492903192,53.34629882406102],[-6.515359716911038,53.34697249574581],[-6.5176846550781296,53.34786010895644],[-6.517798712033449,53.34818150747302],[-6.516661461704156,53.349081734720734],[-6.516111146818292,53.3502061724058],[-6.515851663006908,53.3513875481054],[-6.515558698442493,53.35203409802546],[-6.5149614983511555,53.352602815117606],[-6.51364953523693,53.35352016792791],[-6.513048850540589,53.35410025717056],[-6.512621530858337,53.35475101660026],[-6.511868711296677,53.356621238077096],[-6.511487031814078,53.3571415521633],[-6.5103696703238905,53.35803235054973],[-6.509596131709527,53.35937117301191],[-6.509176113828182,53.35979417368733],[-6.508335819918774,53.360249471619625],[-6.506180089272307,53.36119050407165],[-6.503853408176703,53.36244714394865],[-6.50221096045291,53.36328081806162],[-6.502370970550475,53.36382772145088],[-6.503444032842823,53.36465392858584],[-6.503413177106166,53.36483766004519],[-6.50338682821185,53.36489073660506],[-6.503354784589045,53.36494476724842],[-6.5032771316691145,53.36505188399654],[-6.50323328162756,53.36510306670678],[-6.503187255368661,53.365151396711454],[-6.503092192709974,53.36523569181506],[-6.502955267786509,53.365316946747164]]},"properties":{"route":"C4","routes":["C4","L58","X32"],"category":"spine","colour":"#d62728","route_colour":"#4363d8","pdf_colour":"#66ae3e","source":"pdf-future","phase":"future"}},
{"type":"Feature","geometry":{"type":"LineString","coordinates":[[-6.097396155641379,53.21201914817759],[-6.096929864637096,53.21144755738621],[-6.097052867218094,53.21125208049003],[-6.100038773635001,53.210564992934],[-6.100402946015648,53.210582690999814],[-6.10093849971187,53.21102098149141],[-6.100796257258536,53.211192999480836],[-6.097396155641379,53.21201914817759],[-6.097548895357591,53.21237233550258],[-6.0970301551303185,53.21309029418049],[-6.097108616904154,53.21396932943306],[-6.096863461736062,53.21413647393018],[-6.096151690865167,53.214162553080065],[-6.096004074465711,53.21417913326361],[-6.095845881270709,53.21420149572017],[-6.095554169954198,53.21424429476403],[-6.095449470816103,53.21425948757927],[-6.095343978317464,53.21427450128297],[-6.095137663612368,53.21430244972729],[-6.095040366592814,53.21431461365369],[-6.094949326586526,53.21432505684009],[-6.094866306186957,53.214333393879386],[-6.094762720414563,53.21434031157359],[-6.094570723059677,53.214293159159496],[-6.093253899937083,53.21337377906141],[-6.092415731946339,53.21237531517328],[-6.09175903875475,53.21182587832522],[-6.090882030809177,53.21131167521185],[-6.089004147410144,53.21082979014463],[-6.088807586481946,53.21075641941685],[-6.088710278073709,53.21071809185285],[-6.088613816500675,53.21067874439212],[-6.088239420529979,53.21051227913239],[-6.0878038060876545,53.210280670772164],[-6.086867897564395,53.209364654767604],[-6.086628702774538,53.208655796081295],[-6.0825754968343,53.20903212435748],[-6.081838294834716,53.209099941789255],[-6.081455251959009,53.209134658053806],[-6.081059835947134,53.20917007981922],[-6.080599340258381,53.20921085240535],[-6.0804981515110255,53.209220251598325],[-6.080397059093828,53.209229982214964],[-6.080346531879987,53.20923491646308],[-6.080296008193822,53.20923986715422],[-6.080245481183713,53.20924481215075],[-6.080144389785176,53.20925459650947],[-6.079718099089181,53.20929320677968],[-6.079606922245173,53.20930834762614],[-6.079554681228575,53.20931728579534],[-6.079504247635838,53.20932717632606],[-6.079407530182724,53.209349936064726],[-6.079029330363441,53.20948514911216],[-6.078991167145197,53.20949396708828],[-6.078953378751955,53.209502917119444],[-6.078693888487599,53.2095666712263],[-6.078107588988406,53.209697123356804],[-6.077804985549316,53.20973852397163],[-6.076184959299903,53.20773983317515],[-6.074946957279664,53.2061224774539],[-6.073424614813679,53.20404887889559],[-6.072707743247476,53.20338760121585],[-6.071365363439711,53.20236520986177],[-6.071414890290884,53.202144987389566],[-6.071753644294212,53.202008783824716],[-6.072073731270197,53.201682001727825],[-6.072189808088305,53.20157892948267],[-6.072238884631622,53.201538834730165],[-6.072288981464954,53.20149948671801],[-6.072392026223372,53.20142271117526],[-6.073997677514456,53.20044662665765],[-6.075031086586701,53.19996430800319],[-6.080134262788407,53.19846463672398],[-6.081228483964278,53.19811345363829],[-6.0813274988633985,53.19779400694071],[-6.080447399697976,53.19695778674815],[-6.080375652200564,53.19638327226596],[-6.0798083048903715,53.19566212151129],[-6.079116063535835,53.19506708761211],[-6.076793662790323,53.1935311848761],[-6.074422786164415,53.192177825295715],[-6.073714150322865,53.19155555305696],[-6.073954964450809,53.19126024401051],[-6.078665474378685,53.1905229196324],[-6.0795314650733365,53.19035841359965],[-6.083649458321657,53.18945745714522],[-6.085113111486,53.18922587125604],[-6.087551607031265,53.18903816927738],[-6.0922478704784995,53.18897346092426],[-6.0938031003569275,53.18885635861598],[-6.096226548419589,53.18852867335442],[-6.098823264141309,53.18796082156356],[-6.099902667273363,53.18763964204171],[-6.102254784779291,53.18682241688206],[-6.103939565027223,53.18647769685698],[-6.104911128315808,53.1863544280752],[-6.105929075774131,53.186336558282804],[-6.106079244908055,53.18634473205331],[-6.106234503073968,53.18635594424637],[-6.106560279819715,53.186388354675415]]},"properties":{"route":"L14","routes":["L14","L15","X1","X2"],"category":"local","colour":"#2ca02c","route_colour":"#aec7e8","pdf_colour":"#66ae3e","source":"pdf-future","phase":"future"}},
{"type":"Feature","geometry":{"type":"LineString","coordinates":[[-6.122695660455385,53.249196051649406],[-6.12119498537629,53.250011190719114],[-6.12088887934857,53.25017880620645],[-6.120639998930518,53.250170375039005],[-6.119783773756493,53.2496436298102],[-6.118435466229086,53.24875441754537],[-6.116725554413211,53.24775246530306],[-6.115020570590461,53.24690090156327],[-6.113993915564027,53.24623227325369],[-6.112588976470847,53.245034044850875],[-6.111838737763975,53.24419106894415],[-6.110963060152721,53.242885531827234],[-6.110243378874523,53.241691172824645],[-6.109126719039272,53.24020695148145],[-6.1083776489024855,53.23894147050926],[-6.107528562812697,53.23847055226565],[-6.106759956194469,53.23788613065267],[-6.105499672031938,53.23666992486678],[-6.105386651377395,53.2365302864092],[-6.105257269399548,53.236339894794725],[-6.105217374095147,53.23628242836364],[-6.10520702335301,53.23626814519808],[-6.105196515121126,53.236253889533735],[-6.105175012741448,53.236225448957285],[-6.104912038280997,53.23587445053785],[-6.104747824659919,53.23550863512981],[-6.104709733497804,53.234064837619385],[-6.104760060055469,53.23186003634652],[-6.105023331088235,53.23014368598156],[-6.1052145325582625,53.2295294576009],[-6.105127620568633,53.22879732022267],[-6.104855388548424,53.228224998379254],[-6.104327428377911,53.22760498887414],[-6.101756808438003,53.225865173136775],[-6.100987860106752,53.225253866812075],[-6.100365910147592,53.22459974135914],[-6.099556668915396,53.22317393726739],[-6.0990447613629515,53.22241485284006],[-6.0986544596726535,53.221117372783766],[-6.098255195236993,53.218636921912385],[-6.097950401482516,53.218012997679175],[-6.096918032039757,53.21643696592488],[-6.095855924444558,53.215112206878764],[-6.0948991874318335,53.21448075417737],[-6.094847464741498,53.21439770206132],[-6.094878850720891,53.21435354937411],[-6.094909264736845,53.214336480861704],[-6.094927896304133,53.2143297513326],[-6.094948713502484,53.21432443553368],[-6.094971643275539,53.21432069139903],[-6.095145450526333,53.21430136383497]]},"properties":{"route":"E1","routes":["E1","L11","L14","X1","X2"],"category":"spine","colour":"#d62728","route_colour":"#911eb4","pdf_colour":"#66ae3e","source":"pdf-future","phase":"future"}},
{"type":"Feature","geometry":{"type":"LineString","coordinates":[[-6.347448806231566,53.48587372452716],[-6.34591453210442,53.48593103499962],[-6.343102850592634,53.485596092533115],[-6.340145017395559,53.485326266683366],[-6.337648099532701,53.48493932891194],[-6.334284760197325,53.48414261814751],[-6.331024704748321,53.48370050347337],[-6.3289014356567765,53.4835574348026],[-6.327217928726143,53.483336827785045],[-6.324261037227677,53.48305310074721],[-6.321669515966848,53.48265331325606],[-6.319943931317112,53.4826178137307],[-6.31836636624485,53.482199944865606],[-6.317467333430526,53.48211206394266],[-6.315233656168246,53.48213594524279],[-6.310723903810486,53.48212335318651],[-6.309755204173738,53.48196112995019],[-6.306770454880831,53.48089923374328],[-6.305814584213193,53.48026084048904],[-6.305672882579165,53.47980625067175],[-6.3059456719414655,53.47908313065741],[-6.305817990321901,53.47842330128812],[-6.305012226915426,53.477937919500164],[-6.301092449503315,53.47721722055723],[-6.300007813553613,53.4768865162672],[-6.297112827301344,53.47570079192264],[-6.294273569584961,53.47480235606462],[-6.2915469397034185,53.47412863095845],[-6.289396552778419,53.47340320555232],[-6.2879028302121736,53.4726751051054],[-6.284872503843093,53.47157183985248],[-6.283140847537135,53.47090052693629],[-6.282462490879101,53.47070488788026],[-6.278925862030601,53.47005972409898],[-6.268214202378768,53.46801847449457],[-6.264997613676846,53.467452028562334],[-6.2634131782639395,53.46712753310602],[-6.261499846349512,53.46659898461207],[-6.25741916862778,53.46518136295525],[-6.254151632815306,53.46411207644815],[-6.252578165740158,53.463428932809855],[-6.2516779400191975,53.46290691391355],[-6.25145937613782,53.462817608971335],[-6.251215072406851,53.46274670066905],[-6.251156642424522,53.46272935676739],[-6.251099187712762,53.46271103162861],[-6.250987278530499,53.46267154732976],[-6.250775982137883,53.46258201047752],[-6.248911987779644,53.461318983560226],[-6.247325501768367,53.46062360628305],[-6.246387570835331,53.46009850391122],[-6.244245516412566,53.45861228759659],[-6.243393699373427,53.45817796126456],[-6.24215434034158,53.457733161821565],[-6.236387022970179,53.45623993882369],[-6.235234821839482,53.455888559989624],[-6.234217580924625,53.455466903802126],[-6.233225190076644,53.4552016404607],[-6.232490337129311,53.45516869914808],[-6.231761765522445,53.45518297797886],[-6.230671914382662,53.455153651199836],[-6.230472358122162,53.45510134202136],[-6.230407484509225,53.45504157349606],[-6.230393467479789,53.455007197934115],[-6.2303917387232755,53.454989379633986],[-6.230393786877544,53.45497132853277],[-6.230399804746579,53.45495318528924],[-6.2314403232201805,53.45251166585672],[-6.231502611607618,53.45238104833154],[-6.231561926391482,53.45225566919543],[-6.231606305981963,53.45216173585902],[-6.231629030800194,53.45211361246015],[-6.231651705234915,53.45206558343775],[-6.2317163732467495,53.45192855410614],[-6.231474999914031,53.451626838471206],[-6.230328086603606,53.451281155759595],[-6.2296973973821315,53.450922374217626],[-6.229258448012889,53.45039259564076],[-6.22846749011286,53.44997746103563],[-6.225200361703324,53.44983571568122],[-6.225289783411921,53.44959558369546],[-6.226604794525347,53.44888226591625],[-6.2286478110780195,53.44815305535795],[-6.234030089461961,53.44650815723728]]},"properties":{"route":"197","routes":["197","21","A4","L82","X84"],"category":"radial","colour":"#9467bd","route_colour":"#ff9896","pdf_colour":"#66ae3e","source":"pdf-future","phase":"future"}},
{"type":"Feature","geometry":{"type":"LineString","coordinates":[[-6.118228484823913,53.48788386738975],[-6.118502462926998,53.487872041317104],[-6.119891843856842,53.48782144156111],[-6.120839536066017,53.48822589634484],[-6.1219482621841905,53.48834242678429],[-6.12358685656465,53.48838595254133],[-6.124716654051052,53.48834340591878],[-6.127196025958641,53.48814003820572],[-6.1285311411476195,53.48825523466696],[-6.129467692887295,53.48855668824409],[-6.130535346727445,53.48867335009077],[-6.135706126984202,53.48843430228165],[-6.138480704681946,53.48816146472499],[-6.144979104329808,53.48746010091167],[-6.146708414964266,53.48741801094251],[-6.149407285779155,53.48742599296535],[-6.150730692153442,53.487253182716564],[-6.151420042882555,53.486991426428],[-6.152017227196002,53.48652436347342],[-6.153080003000715,53.48587462799089],[-6.15571109536472,53.48436966459074],[-6.156867571099587,53.484047593223885],[-6.157961313554138,53.483836271736024],[-6.160386168763506,53.48350122483761],[-6.1609607481081134,53.4832285821935],[-6.161236212883666,53.48186297446273],[-6.161478190585922,53.48129610820676],[-6.161952012507689,53.48069087910366],[-6.162903358538144,53.480328455689595],[-6.1638732512616095,53.48042936666489],[-6.165137904253378,53.48030582278747],[-6.166221486911492,53.48004535957476],[-6.166540486959983,53.479775171822695],[-6.1668113414243155,53.47866676059043],[-6.167307536112678,53.478160678949855],[-6.169946871110523,53.47705458702934],[-6.172741691203051,53.47596650724786],[-6.174548639747389,53.47551027618536],[-6.177955532972613,53.47530392601576],[-6.179882252963687,53.47524316572098],[-6.181157151682655,53.47527902637038],[-6.184315866314201,53.47590019652616],[-6.185873688877653,53.47608177355079],[-6.187242864180522,53.476307184036244],[-6.190328513177124,53.477033173052945],[-6.192386874569131,53.477401638999574],[-6.194161547726628,53.4776043153416],[-6.196525251137964,53.477788258965944],[-6.198405605868325,53.47781122862314],[-6.200377107049027,53.477646498472595],[-6.20133780560767,53.47727261549582],[-6.202891759578126,53.47655040494416],[-6.209393810983555,53.473595857561875],[-6.210380740205604,53.473320861636275],[-6.211290882401759,53.473262944645846],[-6.213419227312263,53.47353463974435],[-6.2168751458745,53.47430938428824],[-6.217555190982358,53.47399904940119]]},"properties":{"route":null,"routes":[],"category":null,"colour":null,"route_colour":null,"pdf_colour":"#66ae3e","source":"pdf-future","phase":"future"}},
{"type":"Feature","geometry":{"type":"LineString","coordinates":[[-6.237950908241091,53.42546573081258],[-6.237940322960113,53.425433665237335],[-6.237931834876421,53.425401399393984],[-6.237925327964476,53.425369013018376],[-6.237920686198738,53.42533658584637],[-6.237917793553666,53.4253041976138],[-6.2379165340037215,53.42527192805652],[-6.237916791523364,53.42523985691039],[-6.237918450087054,53.42520806391125],[-6.237921393669252,53.42517662879496],[-6.237925506244418,53.42514563129736],[-6.237930671787012,53.42511515115431],[-6.2379367742714935,53.425085268101654],[-6.237943697672324,53.425056061875246],[-6.237951325963963,53.42502761221093],[-6.237959543120871,53.42499999884457],[-6.237968233117508,53.424973301512],[-6.237970782988482,53.42496591860715],[-6.2379732516074355,53.42495853404691],[-6.237977953448167,53.42494375779549],[-6.23798647405311,53.424914161615646],[-6.238006954700054,53.42483311286746],[-6.238172939249078,53.42470449332825],[-6.238309944568075,53.42467856655312],[-6.238386038931839,53.42467765975471],[-6.23842524509518,53.424680528107864],[-6.2489689336633445,53.42577423302188],[-6.249429500980625,53.42574059594977],[-6.250018657883267,53.42534801748084],[-6.249956742393055,53.424828178975936],[-6.249006103550651,53.42417736988706],[-6.24828677059286,53.42386137586409],[-6.2441571312473885,53.42276030519741],[-6.242778469414419,53.421915122393926],[-6.23881940457557,53.42084371550636],[-6.2382258554682535,53.42082356406498],[-6.237788466392497,53.421088846667395],[-6.237621688827461,53.42250949036725],[-6.237998843680179,53.42443152193055],[-6.238019409619798,53.42458016811897],[-6.238017846858754,53.424728259362205],[-6.237995161637919,53.4248752135457],[-6.237976212555351,53.42494808232923],[-6.237964891424828,53.42498433280956],[-6.237956583939914,53.42501069759296],[-6.237948767179325,53.42503790156736],[-6.2379415483745895,53.42506587126587],[-6.2379293335587915,53.425123813967744],[-6.237920797344748,53.42518393796358],[-6.237916797584686,53.42524565551836],[-6.23791819213083,53.42530837889708],[-6.23792583883541,53.42537152036472],[-6.237932274825933,53.42540306421469],[-6.2379405955506515,53.42543449218628],[-6.237950908241091,53.42546573081258],[-6.238522625537771,53.427818169386654],[-6.238430041392441,53.42888760938302],[-6.237964918416868,53.42987353006909],[-6.237567667488694,53.430496653725456],[-6.237379311887758,53.43078251554716],[-6.237296311387298,53.43090696987922],[-6.237224042357023,53.43101451541507],[-6.236966311598447,53.43139443973783],[-6.236562388416466,53.4324556701843],[-6.236561578500782,53.43369605870694],[-6.237381551380949,53.437962676239216],[-6.237702494705135,53.438946521287406],[-6.2382247037164,53.4401097371841],[-6.238351980889621,53.44069392582612],[-6.2383727528652475,53.44091343778317],[-6.238378888968445,53.44101533680528],[-6.238381184339283,53.44106393221317],[-6.238383074985957,53.441110809699325],[-6.238395760600426,53.441756202633336],[-6.238397156255188,53.441827158953515],[-6.238401552082567,53.442113425709465],[-6.238350681030017,53.44308919915333],[-6.238185877037323,53.44377243643319],[-6.237491208360196,53.444956214195265],[-6.236926220646664,53.44547919816351],[-6.236061019286726,53.44601515163476],[-6.235955663400143,53.44623019095346],[-6.23618630217044,53.44697049967649],[-6.236053439061394,53.44751400903148],[-6.235657211930528,53.44816757581743],[-6.234871041050154,53.44936912793322],[-6.23445024692987,53.450015203309285],[-6.234364533277168,53.45014860594599],[-6.2343258087518105,53.45020933612944],[-6.234290132322724,53.45026566041599],[-6.234063654667009,53.45058366351577],[-6.233308912306489,53.45130829799408],[-6.232938388693323,53.45181505226444],[-6.232804405746469,53.45204353192011],[-6.232738973883385,53.452161760630965],[-6.232706252906992,53.45222196893993],[-6.232673378111199,53.45228294340184],[-6.232513916133824,53.45259372007161],[-6.231679573778886,53.45448746298956],[-6.231475998264679,53.45486338157468],[-6.2314045492226064,53.4549550645537],[-6.231378126126994,53.454984568781725],[-6.231348977172976,53.455012997478796],[-6.23120709206768,53.45511512300076],[-6.23112235444787,53.455158648432196],[-6.231076881497768,53.45517838087309],[-6.231029470407189,53.45519670420032],[-6.230480043977188,53.45532067222949],[-6.230441011731405,53.4553335584039],[-6.230403678443911,53.455347755400894],[-6.2303345714788,53.45537990422781],[-6.230180056692761,53.45550319194504],[-6.230025311795246,53.45593307305901],[-6.229721343760349,53.457591116749555],[-6.229673444062511,53.45828658615551],[-6.229491730226008,53.458735234461976],[-6.229083557764846,53.45902172976967],[-6.228051661589512,53.459465630188305],[-6.227671470801314,53.459905616895256],[-6.227779918145299,53.46038862578927],[-6.227715565535027,53.46052678333485],[-6.227601446814414,53.460579803113326],[-6.2275668523105265,53.460590410050884],[-6.227530376771501,53.46060001744307],[-6.227452872376742,53.46061635290628],[-6.226394083458866,53.46083898596476],[-6.226402922935912,53.461662459281],[-6.2261680291836115,53.46257547397614],[-6.2255181221207,53.46366335912799],[-6.22306216085314,53.4673929712339],[-6.221746794136502,53.46912396841794],[-6.220784181253427,53.47025661063511],[-6.218736925397417,53.47254394460165],[-6.2173573305954655,53.47424487001568]]},"properties":{"route":"21","routes":["21","22","A4","L82","L83","L85","N8","X79"],"category":"radial","colour":"#9467bd","route_colour":"#1f77b4","pdf_colour":"#66ae3e","source":"pdf-future","phase":"future"}},
{"type":"Feature","geometry":{"type":"LineString","coordinates":[[-6.1546932365702,53.41543536604677],[-6.152960055838387,53.41532204635956],[-6.149602485487402,53.41528521578989],[-6.1481830238933775,53.415149438748905],[-6.147582688109914,53.41497715364304],[-6.147255928318757,53.41491142514677],[-6.147211235397407,53.41490615335787],[-6.147166530039023,53.414902675676196],[-6.146990651775766,53.414906243586294],[-6.146948184887677,53.414911389614154],[-6.14690662582474,53.4149181910186],[-6.1468268446824466,53.41493666747018],[-6.146654015159047,53.41501020916531],[-6.143505698865637,53.416916307666476],[-6.141947220731444,53.41793856192796],[-6.1392608178261625,53.41959559803344],[-6.139061374480316,53.42011832215583],[-6.136186972523252,53.423050078319804],[-6.133158866142718,53.42606331466252],[-6.1315812700493755,53.427748554695874],[-6.13069124591385,53.428766595746964],[-6.130362528088965,53.429352605160666],[-6.130047422685658,53.430531819116545],[-6.130043530739577,53.43055611409968],[-6.130044624081643,53.43058020765444],[-6.130060828799599,53.43062703830287],[-6.130142745556516,53.4307100085235],[-6.130278167666592,53.43076869496268],[-6.130318624973141,53.43077816190166],[-6.130361254075995,53.43078517088431],[-6.130405820517501,53.43078953386665],[-6.1328417744153985,53.43094369248413],[-6.1356893349654245,53.43124261801522],[-6.1362000301063295,53.431724238301946],[-6.137279348889113,53.43206921941117],[-6.142632518697563,53.431640357700566],[-6.14559422719009,53.43145692716696],[-6.1467412617800115,53.43135050285966],[-6.148921320751847,53.43100237062162],[-6.149742589401025,53.43093344581746],[-6.15108141799693,53.43096088925469],[-6.153352688434358,53.43083645973669],[-6.156493527595392,53.43080462401843],[-6.15897925700785,53.43066363763863],[-6.159401657655618,53.430830671152684],[-6.159857045128002,53.43204146732725],[-6.15915304510173,53.43312698982447],[-6.1589470405233016,53.43394574507542],[-6.158675584770785,53.438036544614334],[-6.15874542185856,53.43889127957874],[-6.159047571006856,53.43946862635887],[-6.160261884526214,53.44092397112884],[-6.160613440965319,53.44168387364332],[-6.160988470450636,53.44360351511309],[-6.161903669672447,53.4461417179804],[-6.161969781968682,53.44633730371844],[-6.162033709021724,53.446533058566416],[-6.162080719442276,53.4466878012422],[-6.162090488843739,53.44671176220526],[-6.162104511957937,53.44673461458093],[-6.162122484069804,53.44675624360507],[-6.162169056426297,53.446795372542184],[-6.162296181648532,53.44685390057572],[-6.1625768349581955,53.44687387824454],[-6.164275833077095,53.4466149514988],[-6.165336985913364,53.44645360988205],[-6.165862468132728,53.446373860145755],[-6.166411995771318,53.44629053327516],[-6.172063091759235,53.4454359438157],[-6.172732390131459,53.44563116409545],[-6.183923457394549,53.4490859843838],[-6.184819087346521,53.449393323441754],[-6.185956580103868,53.45007885948281],[-6.18640050729771,53.45070610561781],[-6.187053595071347,53.45097989015018],[-6.189388305387972,53.45151376221275],[-6.190106362410971,53.45154252913927],[-6.1907898732479465,53.451230433558436],[-6.192771546507261,53.44891771858413],[-6.193391453169219,53.448080907181414],[-6.194113293520334,53.44751818047237],[-6.1948687654717425,53.44653953836333],[-6.195376243658435,53.446446224339624],[-6.199689951131884,53.44769542952931],[-6.201871484654695,53.44821969023279],[-6.204458769561664,53.44859917010369],[-6.208129267808621,53.44890795949066],[-6.2122118288781145,53.449291318956824],[-6.213052833506227,53.449352810275215],[-6.213551021089763,53.44938570040264],[-6.21406931778746,53.44941950389842],[-6.214320936246678,53.449435951111184],[-6.2147789717709685,53.44946634236993],[-6.2153454441996265,53.44950818527973],[-6.219457011700225,53.449840449208395],[-6.223761877164571,53.45000575062361],[-6.225226985287101,53.45016360185677],[-6.227782628067797,53.45023532990365],[-6.228724477760773,53.45057477691213],[-6.229199597106645,53.451099901411524],[-6.229743330461258,53.45142338332161],[-6.23030001172551,53.45159514545083],[-6.2311041469793915,53.45191231544288],[-6.231271496111107,53.45197679441294],[-6.231350572629727,53.45200555793241],[-6.23142524328979,53.45203119234515],[-6.231570019852611,53.45207364292421],[-6.231661931904127,53.45209555363072],[-6.23176730440917,53.45211845076434],[-6.2318832029013596,53.452141964165946],[-6.232006692914313,53.452165723676444],[-6.232264709636985,53.45221250038766],[-6.232393367413942,53.45223477727016],[-6.232517878846136,53.45225581962511],[-6.232635309467187,53.452275257293394],[-6.232742724810713,53.45229272011591],[-6.23302686604211,53.45233745597312],[-6.233436675247746,53.45243238252345],[-6.233705625245163,53.45236435518301],[-6.234284498766693,53.45151853419079],[-6.234905078037625,53.45093604610058],[-6.235026903119844,53.450590472463304],[-6.235650658977115,53.45035610878548],[-6.236221442032355,53.44996480036011],[-6.236930269463259,53.44920662856935],[-6.238470781240985,53.44860544863749],[-6.239350402382014,53.448146808752405],[-6.240726585965894,53.44803398319974],[-6.244666169918445,53.448264040666594],[-6.245640581724824,53.44841017655453],[-6.24808589849487,53.44902231514372],[-6.249317475884735,53.44925273236738],[-6.250640943556286,53.44938278003267],[-6.252855103320014,53.44999222673642],[-6.2535245461737405,53.45006653042731],[-6.2543994192275925,53.44996284612933],[-6.255150813817429,53.44954234701167],[-6.255411206324282,53.449212028096994],[-6.255686834415271,53.448454575693155],[-6.255874871492094,53.44747118514129],[-6.256127425139346,53.44681335057097],[-6.25607261113932,53.44643336797641],[-6.255571635900983,53.446092719536864],[-6.2545820988436365,53.4458527624074],[-6.252882050128046,53.445574211366754],[-6.251261276118666,53.44520946781831],[-6.249445837550562,53.44439279278714],[-6.248254934198388,53.44358144293024],[-6.248182199888273,53.44313391478047],[-6.2502722247585,53.4423630293452],[-6.252342759049551,53.44128469232987],[-6.25308312474145,53.44081508318376],[-6.254393419155114,53.439813963258565],[-6.255399146839292,53.43914055858369],[-6.25987691761821,53.43600601603032],[-6.260311452487697,53.43556370722809],[-6.260004552298006,53.43470826052698],[-6.257423913468025,53.433320282261676],[-6.257028116002923,53.43288636385348],[-6.256637254276988,53.432769311709784],[-6.255711512147725,53.43293552033303],[-6.254011503220594,53.43345395288622],[-6.253026920011735,53.43365048928455],[-6.252102522467434,53.433729449372045],[-6.249663741218238,53.43370549246474],[-6.2483078780575205,53.433596593830416],[-6.247406329281273,53.433410079039206],[-6.245416035070149,53.43269282585751],[-6.244560400262428,53.43243933238056],[-6.242891695648085,53.43219895388108],[-6.241242944021015,53.43215010386463],[-6.240005049663164,53.431958390593884],[-6.2392888000327655,53.431719977591605],[-6.238065704162553,53.43108742468617],[-6.237893352583841,53.43063548198508],[-6.238550505188338,53.42957854582645],[-6.23882895639398,53.42884884750834],[-6.238905895638313,53.42782956479302],[-6.238666157059577,53.42676549873765],[-6.238509653540259,53.42614846621739],[-6.2383271271753475,53.425442226282144],[-6.238318082825736,53.42541421574811],[-6.2383120840429545,53.42539227106376],[-6.238307196020286,53.42536967220676],[-6.238307917787403,53.42516810978869],[-6.2383191116712124,53.42511279833867],[-6.238326353231207,53.42508453184176],[-6.238334689409754,53.42505588903751],[-6.238344118861725,53.42502689308136],[-6.238356854686256,53.42498715498395],[-6.238368053508053,53.42494710251074],[-6.238377714976764,53.42490674491903],[-6.238385838742037,53.42486609146609],[-6.238392424453521,53.42482515140925],[-6.238397471760866,53.42478393400579],[-6.238400980313717,53.42474244851301],[-6.238402949761725,53.42470070418821],[-6.238403379754538,53.42465871028869],[-6.238373611532627,53.42440202423106],[-6.238003495071621,53.422524730314045],[-6.238134317215197,53.42118738041774],[-6.238660945305905,53.421033397219375],[-6.242631478356999,53.4221081052231],[-6.243356346953767,53.42264082206944],[-6.244013028544725,53.42295411204605],[-6.248141908866983,53.424054775684056],[-6.248717539730782,53.4243078165502],[-6.249668178106534,53.42495861960076],[-6.249698808557398,53.425218734117344],[-6.249015065934746,53.425562631908285],[-6.2388297909012165,53.4245063214989],[-6.238423990462593,53.424628222737994],[-6.238405503104983,53.4246716514995],[-6.238402615879656,53.42469506861336],[-6.238400907640222,53.42473760036536],[-6.238395338506433,53.42480081742041],[-6.238392681004389,53.424821737293634],[-6.238389623224645,53.42484258190303],[-6.238386165337815,53.42486335183385],[-6.238382307514511,53.42488404767135],[-6.238378049925349,53.42490467000076],[-6.238373392740942,53.42492521940734],[-6.238368336131905,53.42494569647633],[-6.238357025322393,53.424986435942536],[-6.238344118861725,53.42502689308136]]},"properties":{"route":"20","routes":["20","21","22","A4","L81","N8","X77","X78","X79","X83"],"category":"radial","colour":"#9467bd","route_colour":"#98df8a","pdf_colour":"#66ae3e","source":"pdf-future","phase":"future"}},
{"type":"Feature","geometry":{"type":"LineString","coordinates":[[-6.147801212669567,53.415039496460345],[-6.147384481900552,53.41447399819923],[-6.146250075782232,53.414094646482894],[-6.144998036597093,53.41379971503521],[-6.143734272372922,53.412984450102805],[-6.142568005681188,53.41190230980827],[-6.141499199903638,53.41054239534687],[-6.141141607133593,53.40975891995613],[-6.141014400402746,53.408546866180544],[-6.1407869711413285,53.40785559130193],[-6.1387687190864515,53.404692410726405],[-6.137211899004589,53.40336555988885],[-6.13451630805684,53.40090454696473],[-6.133787987916977,53.40005470255155],[-6.133096657577365,53.39905188865053],[-6.1318593355846085,53.39804161096374],[-6.130289139232823,53.39692428733959],[-6.129201167556521,53.39626700224395],[-6.1285994197794365,53.395817428619644],[-6.128473458141354,53.3957204328578],[-6.128344852564294,53.395619711868854],[-6.1280903551135095,53.39541352664113],[-6.1278572184676126,53.39521173779939],[-6.127755313896662,53.39511651229294],[-6.127666733667133,53.39502721020658],[-6.12759413915909,53.39494543964818],[-6.127220633839336,53.394458683838494],[-6.12685128455575,53.39409172014088],[-6.126109992076596,53.39352411282064],[-6.124781719128693,53.39265974849109],[-6.121906451454605,53.391373233302815],[-6.119429503563223,53.390459153277824],[-6.118813673232204,53.390238032869334],[-6.1186607780475555,53.390183607530155],[-6.118515020512747,53.39013185657294],[-6.118258343773848,53.39004104275806],[-6.1179783212872785,53.38994282220162],[-6.117326333123057,53.38997159001192]]},"properties":{"route":"H2","routes":["H2","L81","X78"],"category":"spine","colour":"#d62728","route_colour":"#f032e6","pdf_colour":"#66ae3e","source":"pdf-future","phase":"future"}},
{"type":"Feature","geometry":{"type":"LineString","coordinates":[[-6.495175624647781,53.36312197252009],[-6.495076197368719,53.36304213135279],[-6.4949811310900305,53.36298332923123],[-6.4945992326508755,53.36291321604965],[-6.492894738264452,53.362948113869344],[-6.492269188823199,53.36254247869347],[-6.492400691853412,53.36135825893914],[-6.492202430055977,53.36114783989051],[-6.4898173507308705,53.3604574064392],[-6.4858498902867225,53.35957216256333],[-6.480055510274354,53.35822056342694],[-6.476508183655054,53.357417305617716],[-6.475802013841692,53.357275946471034],[-6.475541728900831,53.357222010296894],[-6.4752535118285195,53.35716163233398],[-6.474619897232073,53.357026606163394],[-6.472298950714581,53.35648158600954],[-6.471233705300751,53.35611597980261],[-6.467290242617784,53.354585041068724],[-6.467145420738079,53.35451603339725],[-6.466958811800571,53.35447399730968],[-6.466897374286879,53.354465805852804],[-6.466829503047496,53.35445912607063],[-6.4666028428212,53.35444999579506],[-6.466529382012445,53.354449998490345],[-6.4664573473259415,53.354451084888844],[-6.465974231073972,53.35446784912682],[-6.465537150703653,53.3544468619887],[-6.463483457917597,53.35412632395549],[-6.462848972161832,53.3541016805753],[-6.460577485826227,53.35431126355227],[-6.45786504218411,53.35488028870744],[-6.455207863826471,53.35524574039452],[-6.454058591018225,53.35532458497972],[-6.451071234322137,53.355389565027885],[-6.44982609388182,53.35554412226587],[-6.44840809744073,53.35604339647723],[-6.446818186744112,53.35696535203439],[-6.445500707467337,53.357931459265174],[-6.444397669797352,53.3584456155799],[-6.443328474614316,53.35871498336979],[-6.442305857953514,53.35884908529979],[-6.440382259277799,53.35878344226931],[-6.4367672521947545,53.3584449222359],[-6.43195591256631,53.35845573776962],[-6.4308837923166635,53.358367411635015],[-6.430294995579582,53.35817672228706],[-6.4296954062631935,53.3571371869036],[-6.429600668694592,53.35706049135319],[-6.429440693480505,53.35693536814529],[-6.429342478301857,53.35685945636892],[-6.429235437566381,53.356777209917176],[-6.429122065892256,53.3566905528697],[-6.429004857897665,53.35660140930616],[-6.428768911419804,53.35642335894953],[-6.4285475550782465,53.35625845148457],[-6.428448584754033,53.35618573653562],[-6.428360745818438,53.35612207954858],[-6.428286532889642,53.35606940460309],[-6.426333445260787,53.35474589994367],[-6.425202609752121,53.35353275455155],[-6.425124939391748,53.35340647224372],[-6.425064364672444,53.35328581768341],[-6.424976764214668,53.35293794392827],[-6.425084372181553,53.35164406533688],[-6.4254855065081715,53.350556194513025],[-6.429422179684445,53.34252311538101],[-6.4307943192679655,53.33965986146412],[-6.430544855641304,53.339529827044025],[-6.428088695480367,53.33920502832035],[-6.425284922591599,53.33867413149413],[-6.420633625685407,53.33840935851967],[-6.419218625096407,53.33846297391049],[-6.418070715161135,53.338803919625796],[-6.4173194015616755,53.339202623949035],[-6.416518493381837,53.34092126644949],[-6.416017298805786,53.34091227525319],[-6.41487190477635,53.34062417532971],[-6.4134274057355505,53.34036823053656],[-6.410953696425001,53.340189149821484],[-6.410868995922888,53.34017059905488],[-6.410804649226596,53.34015002791955],[-6.410770102230014,53.34013624781119],[-6.410735357763244,53.34011991250704],[-6.4105738699429065,53.3399198132705],[-6.410327466895517,53.33794106835387],[-6.4100411848310435,53.336976348615394],[-6.408742662979331,53.334462117017395],[-6.408055566807482,53.33271535486555],[-6.407646905229994,53.33133667429556],[-6.407208419389836,53.32911324181106],[-6.406477406852037,53.32712064156612],[-6.406116569910895,53.326437312914315],[-6.40604290731597,53.326330652934786],[-6.405973856863551,53.32623695470782],[-6.405905501697749,53.3261392218243],[-6.405648012339531,53.32572950100955],[-6.405437561322503,53.32534145482936],[-6.40512239464521,53.32458450924316],[-6.404702880812767,53.32447022225815],[-6.4039641708161295,53.324629240837844],[-6.401413493217827,53.32582430773065],[-6.399316814701791,53.32673726903944],[-6.396856193664068,53.32750718982653],[-6.396532639541242,53.32749085615899],[-6.396404867701135,53.327413919370635],[-6.396333462416615,53.32736328312147],[-6.396296881735933,53.32733629410521],[-6.396260151273984,53.32730837004376],[-6.3961182652787345,53.327190006584935],[-6.395956479002152,53.32700721757166],[-6.395659275980046,53.3264256689706],[-6.395560675084235,53.32546065808647],[-6.395764289204384,53.32373315245476],[-6.39533644080724,53.322977710377856],[-6.394977546551611,53.32296398569077],[-6.394828224252123,53.32297669885136],[-6.394600359319371,53.322999927672576],[-6.394526853456588,53.32300702719597],[-6.39445602389165,53.323013074800414],[-6.394102324289391,53.323014925457116],[-6.393059648780785,53.32260457376973],[-6.392783521553092,53.32221398505776],[-6.392685676690249,53.3220448867351],[-6.392645685768208,53.32196946814487],[-6.392611221308279,53.32190112005451],[-6.392600414808475,53.321882744775756],[-6.391873714050687,53.32184403707779],[-6.391383569114853,53.32229140970681],[-6.391161271617143,53.32275598036733],[-6.391229778466242,53.323366958742625],[-6.3908306775184,53.32384722771259],[-6.389899942503117,53.32430929507742],[-6.388204855692686,53.32478255710214],[-6.383414731402479,53.32665325692208],[-6.3826747254659475,53.32589697853396],[-6.381022381195801,53.32477698357288],[-6.3785319552306285,53.32341445102785],[-6.3758338425011045,53.32175894521972],[-6.375877569429836,53.321591135352925],[-6.376930277484784,53.320647960764674],[-6.3775833508709034,53.31956412612614],[-6.377553768374809,53.319411806241426],[-6.377465225858494,53.319349293362826],[-6.377359397850589,53.31931298427431],[-6.37732577917499,53.31930107614593],[-6.377295257213488,53.31928864582965],[-6.3771548230905335,53.31920069643414],[-6.376930318787972,53.31901273238353],[-6.376141102360693,53.318746304260536],[-6.372745103723174,53.31813097172214],[-6.372055970719308,53.31785883149329],[-6.372039242448551,53.31783312549907],[-6.372022607377533,53.31780450042782],[-6.3719890839746505,53.317739948719634],[-6.37185510524912,53.31747556251853],[-6.371565649827333,53.31711172268076],[-6.37149542608421,53.317038995271176],[-6.371459075755595,53.317005348565765],[-6.371421942121264,53.316974273498204],[-6.371225635587212,53.316877430732916],[-6.369999622474032,53.317027878046005],[-6.368651364143163,53.316859998647416]]},"properties":{"route":"57","routes":["57","60","9","C1","C3","C4","D3","G1","L53","L54","W4","X25","X26","X30","X31","X32"],"category":"radial","colour":"#9467bd","route_colour":"#c5b0d5","pdf_colour":"#66ae3e","source":"pdf-future","phase":"future"}},
{"type":"Feature","geometry":{"type":"LineString","coordinates":[[-6.4698747906705405,53.335840336390454],[-6.469786189759946,53.33652206760595],[-6.46929935896097,53.33667598073007],[-6.4681987787160065,53.33667570819767],[-6.466097831884082,53.33701636005541],[-6.462566694122898,53.33723108110336],[-6.461774920287867,53.33712128691577],[-6.460696342849036,53.33749084959764],[-6.4590098581395035,53.3376397599932],[-6.457649492985944,53.337675667181614],[-6.456374279292016,53.33762047839071],[-6.456289432131227,53.33762238663805],[-6.456207202382944,53.33762737996296],[-6.456059401484801,53.3376488211757],[-6.455912370487032,53.33771786689061],[-6.455514756808623,53.33995737002616],[-6.455090391945425,53.343050903385546],[-6.4544901351339785,53.34328923740441],[-6.452597616698615,53.34332307549547],[-6.449096910560936,53.343296484972505],[-6.450214945252781,53.34214275355123],[-6.450221225644705,53.34141188923316],[-6.450070990298123,53.341240839708206],[-6.448404892572403,53.34018985871321],[-6.445824447737119,53.33920965899049],[-6.4442205266931145,53.33880897614026],[-6.4417270542592275,53.338321679486945],[-6.440084043890504,53.33823661745744],[-6.438450867532026,53.338287785726585],[-6.436949417548853,53.33853505593219],[-6.435813601215486,53.338816554092986],[-6.4345521611881935,53.33922272361334],[-6.433735512967375,53.33923461108422],[-6.432416814129163,53.33912199825187],[-6.4319372440035645,53.33906746739529],[-6.43169917344884,53.33903939188363],[-6.431467271947382,53.33901155388356],[-6.4312453090351065,53.33898453657046],[-6.431037054247926,53.33895892311971],[-6.430532233996091,53.33889633769537],[-6.4279921079512725,53.338542956643685],[-6.426346035403998,53.33858772320442],[-6.425037596264405,53.33847560364486],[-6.420813403365524,53.33824915536256],[-6.419266723486547,53.33825900479508],[-6.417818196318364,53.33866933768968],[-6.417140927870355,53.33903086948038],[-6.416803531854453,53.3394767493966],[-6.416294500036822,53.34063490656169],[-6.415930271115814,53.34071224549429],[-6.4137934906755785,53.34023669171929],[-6.410989115704162,53.340045810236035],[-6.4108380124098545,53.340077557770925],[-6.410758852472084,53.34012227006707],[-6.410721912587203,53.34015454875885],[-6.410688082151338,53.340194475969874],[-6.410615367985428,53.340367899894225],[-6.4102246048630604,53.342185342148554],[-6.408545060010455,53.348223114391644],[-6.408091053118689,53.3499767659016],[-6.407978956914044,53.35083314916158],[-6.4079854976807615,53.35132272249987],[-6.407893401715492,53.35242772254262],[-6.40789374073958,53.35250108499444],[-6.4078814611664425,53.352556230799756],[-6.407869574035908,53.35258558988358],[-6.407852826360179,53.35261489223253],[-6.4075346714638215,53.35273982619251],[-6.399774974330763,53.3525745278289],[-6.396977097804467,53.35403438775938]]},"properties":{"route":"C1","routes":["C1","C2","D1","G2","L51","L53","L54"],"category":"spine","colour":"#d62728","route_colour":"#4363d8","pdf_colour":"#66ae3e","source":"pdf-future","phase":"future"}},
{"type":"Feature","geometry":{"type":"LineString","coordinates":[[-6.124994393227296,53.29373320201219],[-6.124590736700954,53.29354621339569],[-6.118364258490826,53.29114441514281],[-6.117514803652098,53.29055962833896],[-6.1161618423849555,53.29004271005674],[-6.115827734978861,53.28991056296285],[-6.115661797997762,53.28984375176596],[-6.115496725930773,53.289776376069945],[-6.114548740868497,53.28937109308891],[-6.113256127793606,53.28893903887528],[-6.109901465052846,53.28826622365525],[-6.108368412647342,53.28768288599954],[-6.107428429191614,53.28759761472606],[-6.103519109136415,53.28746611976976],[-6.09938423795642,53.28713357581573],[-6.098351742667883,53.286965771671156],[-6.096533281853239,53.2865139801955],[-6.095708570617791,53.286032884287806],[-6.094644268776436,53.28555462770561],[-6.094313057867691,53.28529400864236],[-6.094155042895608,53.284999194806765],[-6.094109642147086,53.28484773243649],[-6.0940919405048355,53.28477211060755],[-6.094078383257031,53.284696357935736],[-6.094153496933155,53.28237546485316],[-6.093789951102469,53.28134184164697],[-6.093710807257872,53.28057630166566],[-6.0938146043443,53.280150069644975],[-6.0941416743388475,53.27997807646766],[-6.095711816123102,53.27992377826836],[-6.097812509867036,53.27950296513586],[-6.098263982905105,53.27939057840555],[-6.098358688348521,53.27936768469895],[-6.098454489275622,53.27934610185829],[-6.098648929109932,53.279306384068796],[-6.099046021402268,53.27923734711511],[-6.099246879976464,53.27920608912688],[-6.099347494958482,53.27919085113717],[-6.09954853572366,53.27916055128405],[-6.099648737271341,53.27914524706764],[-6.099748576772098,53.27912967842266],[-6.099841061675939,53.27911415839187],[-6.099887510049621,53.279105921892146],[-6.09993410733364,53.279097535519554],[-6.099980862249868,53.279089125111604],[-6.100074879866443,53.279072735539664],[-6.100265190448493,53.27904520482197],[-6.100650563666488,53.27903513758079],[-6.102952340825622,53.27920148591552],[-6.104130371482428,53.27920039001876],[-6.107619263165777,53.27836959821069],[-6.108475931730771,53.278028379360656],[-6.109031003494854,53.27757741376682],[-6.109621640317847,53.27689063628235],[-6.110854814315992,53.275263968971416],[-6.1115842979249715,53.27480830463938],[-6.115080169355072,53.27338324306877],[-6.1157929086637175,53.27300607497515],[-6.1165420003980655,53.272355330323045],[-6.116423533432174,53.27208111473138],[-6.11584952412607,53.27187978645757],[-6.115462043107718,53.2717519563777],[-6.115267030556836,53.27168909091308],[-6.115169310198487,53.27165791386956],[-6.115071486709635,53.271626904730944],[-6.114679755320727,53.27150450891094],[-6.112814821926258,53.271018185832475],[-6.110496400062907,53.27161907323741],[-6.109263127001697,53.27203924543397],[-6.108470187718169,53.272443618092524],[-6.1075036564752425,53.27316511179415],[-6.107041405571712,53.2732209739696],[-6.106291099113801,53.27282491448986],[-6.104839862036833,53.27249322463159],[-6.100704421448117,53.27186327227314],[-6.100408013341113,53.271629719045336],[-6.10040506623535,53.27103127018379],[-6.100069685163951,53.270631935026415],[-6.100202159443141,53.26981888106849],[-6.100673289559205,53.269022887307614],[-6.10079018465681,53.26793226251716],[-6.1003293139140204,53.26722715119411]]},"properties":{"route":"98","routes":["98","L21","L22"],"category":"radial","colour":"#9467bd","route_colour":"#c7c7c7","pdf_colour":"#66ae3e","source":"pdf-future","phase":"future"}},
{"type":"Feature","geometry":{"type":"LineString","coordinates":[[-6.2542132533251,53.34985891638974],[-6.253474659865345,53.35005567412646],[-6.253259903978263,53.350175406971374],[-6.253098929201292,53.35025091510349],[-6.2530540756850845,53.35027130653383],[-6.253008836655042,53.35029179832649],[-6.252963941318639,53.35031213778315],[-6.252878098556655,53.35035134889525],[-6.25273876353372,53.35041741413566],[-6.251396242857926,53.350623544839806],[-6.251378203238751,53.35062012297996],[-6.25031280646213,53.350417121024655],[-6.2500219724776915,53.350491610516464],[-6.249655987768715,53.35031969735111],[-6.250305727160865,53.34922395527555],[-6.25090310713534,53.34856816553844],[-6.251175935169066,53.34848261916097],[-6.251522455858428,53.34851189436685],[-6.251626282658275,53.348508396717044],[-6.251737359836791,53.34850163623624],[-6.251972459593353,53.34848081626577],[-6.2527000848540215,53.348396655734426],[-6.252941366218252,53.34844142854032],[-6.2531587923515755,53.348614170015054],[-6.253212949584595,53.34866528179471],[-6.253264836806216,53.34871636707758],[-6.253357420632709,53.34881206403063],[-6.253472494804833,53.3489389455785],[-6.2559828783592035,53.351861560939554],[-6.256227277987476,53.35192055552529],[-6.257305890991013,53.35169592143305],[-6.257539326378619,53.351748332807176],[-6.258237624439144,53.35255565714211],[-6.258154767711176,53.352672511808336],[-6.2558773586326355,53.35329946872255],[-6.2534834161368815,53.354088761100854],[-6.250887931604212,53.35505519071262],[-6.249790220412628,53.35562189244589],[-6.249498028123889,53.35575828365925],[-6.249431549934489,53.35578410005554],[-6.249397701334608,53.35579665931625],[-6.24938072047756,53.355802836623276],[-6.249363738418317,53.355808939966565],[-6.249313058796536,53.355826763102655],[-6.24919395349551,53.355855147256726],[-6.248682167516966,53.35575692267414],[-6.240279329398773,53.35008176007878],[-6.239058660834363,53.34972036878241],[-6.232930147169678,53.34932108012264],[-6.231474207333786,53.34924137904298],[-6.2303444869603855,53.349179676991085],[-6.229727966892434,53.34914606279789],[-6.229098882974593,53.349111815553165],[-6.2255345243730735,53.34891911444497],[-6.22479547233133,53.348747974201146],[-6.2247528025594026,53.347004213278844],[-6.225069193760318,53.34603078338719],[-6.225716941949813,53.345807494449595],[-6.230169822872486,53.34607726553451],[-6.230470073507195,53.346397887456725],[-6.230461105289397,53.34680108548929],[-6.230406275564587,53.347674503538414],[-6.2303413972176065,53.34860598192609],[-6.230316088062227,53.348956962824396],[-6.2303071231830645,53.34907987078823],[-6.230301344653014,53.34915862170036],[-6.230299297384649,53.349186389014655]]},"properties":{"route":"10","routes":["10","21","6","60","72","73","78","8","97","L91"],"category":"radial","colour":"#9467bd","route_colour":"#ffbb78","pdf_colour":"#66ae3e","source":"pdf-future","phase":"future"}},
{"type":"Feature","geometry":{"type":"LineString","coordinates":[[-6.467949556282988,53.21791407535304],[-6.467012821528161,53.218114653461804],[-6.465738274654413,53.21858054718821],[-6.464977597927733,53.21903583664205],[-6.463930988669526,53.21995591457523],[-6.46183618013978,53.222056961140574],[-6.460239288625865,53.22329677659036],[-6.459820994201731,53.22377266495194],[-6.4588669214283785,53.22540944122782],[-6.458016033333565,53.22651206566883],[-6.454597547185592,53.23006726698677],[-6.452490072401401,53.232140511060905],[-6.450782448009095,53.233390110313934],[-6.450082827410164,53.233837014890064],[-6.4486946354025365,53.234465651831655],[-6.447323997287887,53.23605603550594],[-6.446323052083427,53.23816591680063],[-6.446032084171804,53.23902838109534],[-6.446297079439164,53.239454112510806],[-6.447282383371612,53.24062602263349],[-6.447783057205527,53.24158179360641],[-6.447767967328544,53.24268136252085],[-6.447986133371837,53.24343164872748],[-6.4479963003906855,53.2447011329245],[-6.448745007179218,53.24623239513452],[-6.4490166509383675,53.24781432805475],[-6.4491399881798275,53.249111324803565],[-6.449014568638852,53.24975556836931],[-6.44848770770444,53.250716774055086],[-6.4460151085066055,53.25387604663822],[-6.444662713739516,53.25469352611675],[-6.444449645586622,53.25560752267773],[-6.443715925197287,53.25622481241005],[-6.443273340448123,53.25681406313077],[-6.442334330868693,53.257198311646995],[-6.441921584412724,53.25813564756525],[-6.441854721397073,53.25958469530087],[-6.440921927091857,53.26052728713102],[-6.4407199734630165,53.260912944526666],[-6.440170970548398,53.26258783547041],[-6.439607497266768,53.26311545874187],[-6.439106598815856,53.26380245601406],[-6.438102698035227,53.264361819128155],[-6.437269748671963,53.265167560285704],[-6.436770199101352,53.26621135261327],[-6.435604149399097,53.26700636098004],[-6.434225642169284,53.26825900552617],[-6.432506557700278,53.26925149517928],[-6.431356801996531,53.270125291579916],[-6.430172957424863,53.271193189579805],[-6.4285197467409025,53.27239400276506],[-6.426604181757472,53.27401472079288],[-6.425565514542513,53.274669670559604],[-6.424901241795013,53.274795802115484],[-6.422587671922013,53.27503580839362],[-6.4203121066158975,53.27534216429302],[-6.418718945874386,53.27574720867149],[-6.417153373234181,53.276573971778035],[-6.416623780515693,53.27677581225451],[-6.415714215175095,53.27679953150393],[-6.4121902273647615,53.27656612309634],[-6.407989588470548,53.27607773385426],[-6.401043310475412,53.275555277855545],[-6.399537200196457,53.27550461205156],[-6.398089295169259,53.27559884991225],[-6.39743256497323,53.27571980888764],[-6.396311705252758,53.27610393082257],[-6.394884316700279,53.27679742979262],[-6.394153637297974,53.27731855630747],[-6.393721974589487,53.27785269151311],[-6.392713373011795,53.27834836251418],[-6.392133368080603,53.27856207265015],[-6.391644376578045,53.27874546991974],[-6.391566672415869,53.27877458278915],[-6.391488681121852,53.278803723237196],[-6.391331900705003,53.278861955406704],[-6.390696472099353,53.27908941410311],[-6.387972577489383,53.27998176577884],[-6.38548120430608,53.280839301834995],[-6.3845020485868025,53.28123536463544],[-6.382342274328205,53.28256002047642],[-6.380615773458567,53.28366596015749],[-6.379226253810967,53.28420956536579],[-6.377753103306058,53.28458610175397],[-6.376398498460814,53.28480079672933],[-6.375035441202378,53.284933533125745],[-6.374570582186714,53.28507652138795],[-6.374394315598597,53.28543845681648],[-6.3727513710411205,53.286092970432435],[-6.371759030618225,53.28638550920779],[-6.370688421886002,53.286481694141436],[-6.370509478900946,53.28692439634579]]},"properties":{"route":"D2","routes":["D2","L44"],"category":"spine","colour":"#d62728","route_colour":"#f58231","pdf_colour":"#66ae3e","source":"pdf-future","phase":"future"}},
{"type":"Feature","geometry":{"type":"LineString","coordinates":[[-6.377431496413712,53.385511687058894],[-6.378561121655195,53.3860922272138],[-6.378631350232764,53.38638403607251],[-6.3772230707714765,53.38744221970182],[-6.376634683604484,53.38809920865954],[-6.377091027873925,53.38859968729012],[-6.377361501398866,53.38925146227466],[-6.378797744148855,53.389224487663654],[-6.381616386857289,53.389030260319544],[-6.383476898851137,53.389083123836436],[-6.384817887358895,53.38941203778739],[-6.385476716941203,53.389733775667644],[-6.385611033126013,53.38984996688475],[-6.385662036908178,53.38998007738031],[-6.385655228976722,53.39004583362921],[-6.385643560712838,53.39007809622649],[-6.385626311738747,53.39010964722377],[-6.3836909973220575,53.391326335775894],[-6.382469136198032,53.392197776086476],[-6.381946460864304,53.39261397932089],[-6.381691654950515,53.39282233335866],[-6.381565487461565,53.392926220197914],[-6.3814399922006455,53.39302977899941],[-6.381114915487921,53.39329673829037],[-6.380447024150545,53.39383237732564],[-6.379235939536697,53.394704314163675],[-6.377258060952809,53.395877320636004],[-6.375708542432931,53.39664560949574],[-6.373839774199941,53.397423783702884],[-6.370670574916076,53.39862551082531],[-6.369587684685015,53.3990789193872],[-6.367984286292187,53.39999411341202],[-6.366831076015352,53.40082891981738],[-6.366791592125536,53.400925794660004],[-6.366785512190461,53.40097603216039],[-6.366786148343127,53.40100148235486],[-6.3667893345255475,53.40102710834054],[-6.36679263660214,53.40105202608854],[-6.366793962553143,53.40107683965348],[-6.36677986236545,53.40117436147194],[-6.366615036077635,53.40139395324345],[-6.363841448658874,53.40355825245717],[-6.363933403414634,53.40380445309099],[-6.365918964691075,53.404583275827264],[-6.3660335846711655,53.404685736629304],[-6.36752968378499,53.40698245205945],[-6.368635577764278,53.40854066459389],[-6.369199502106543,53.409241078294976],[-6.3697647336586565,53.409600814409636],[-6.370816940847656,53.41004973263471],[-6.371989078003952,53.41083050220532],[-6.372731400534063,53.411105677094255],[-6.373310878804843,53.41099419460986],[-6.373983648784098,53.41025440086271],[-6.37499803541963,53.40935912849403],[-6.376458688922646,53.40845919979929],[-6.3771200871875235,53.40777888165002],[-6.377433241333884,53.407201439382185],[-6.377596963716362,53.40572689483902],[-6.377893272167305,53.40526099983245],[-6.37934387620159,53.40437169597494],[-6.379864566085741,53.40381921631784],[-6.380537803796158,53.40261447452579],[-6.381199860792066,53.40099133545205],[-6.38149353202013,53.40055147171888],[-6.382185467813627,53.399893645282056],[-6.383133620444726,53.39932563898935],[-6.383425630733637,53.39928858759865],[-6.383565582069536,53.39933210432477],[-6.383594831586949,53.39934899775755],[-6.383620842815613,53.39936821409064],[-6.383643144274467,53.39938971192396],[-6.384140881001632,53.3999146435996],[-6.385348864217849,53.40064713111545],[-6.385611737292341,53.40050074739537],[-6.384460083093468,53.399807666460816],[-6.3841990552827275,53.39954105437864],[-6.384033411531286,53.39935850433117],[-6.383948647274853,53.399263381964765],[-6.383906634561559,53.39921591690325],[-6.3838651938430155,53.39916891895425],[-6.38395613713143,53.39891220229024],[-6.384681061698655,53.398612025930895],[-6.386089761839439,53.398227942861375],[-6.389674417107049,53.39745084300732],[-6.3916917179737185,53.397060040923066],[-6.391868162782207,53.39691086801176],[-6.391923111176289,53.396873190809295],[-6.391953714183286,53.39685581422727],[-6.391986179570344,53.396839356421765],[-6.3921313125205526,53.396781874420704],[-6.395318800688732,53.39609425810539],[-6.396292144712607,53.39583975160109],[-6.397888870989645,53.395245909544315],[-6.397987959959964,53.39519086269087],[-6.3980857442016665,53.395133315340864],[-6.398901591054876,53.39466602498134],[-6.400071135321125,53.3939300510695],[-6.401568840750734,53.39310957201377],[-6.403594422180435,53.391894303340614],[-6.402270338519623,53.391728207341295],[-6.401145180768842,53.3925121478236],[-6.400019007505706,53.39253892801601]]},"properties":{"route":"35","routes":["35","L61","L62","N4","X61"],"category":"radial","colour":"#9467bd","route_colour":"#bcbd22","pdf_colour":"#66ae3e","source":"pdf-future","phase":"future"}},
{"type":"Feature","geometry":{"type":"LineString","coordinates":[[-6.375928851652221,53.38271138074377],[-6.376459720703762,53.38260328248764],[-6.37774949786551,53.38282152722262],[-6.379503239383006,53.383389884246476],[-6.381417750777847,53.38371683010742],[-6.382623894114712,53.38406139451017],[-6.38531237815099,53.38521731745001],[-6.386348073920292,53.38591474578774],[-6.38711287268327,53.38660785215015],[-6.387589188723201,53.38669482412833],[-6.388013529568147,53.38661477422146],[-6.388285121856763,53.3865517246709],[-6.388776610522158,53.38631123914664],[-6.3904036786890615,53.38492444055079],[-6.391378110119445,53.3841884247837],[-6.391930800713114,53.38388203649378],[-6.395187836939522,53.38246382031211],[-6.396534376372434,53.381989850208356],[-6.399097783438401,53.38124097151662],[-6.400176961854654,53.38099384785516],[-6.401953784722478,53.38095711430167],[-6.4041653508866,53.38071288737642],[-6.405387614688726,53.38069144388998],[-6.407087752871124,53.38083370598313],[-6.409196786024717,53.380724720509846],[-6.409436135863984,53.38071645390816],[-6.4096344415571505,53.38071137665459],[-6.409747865804203,53.380709158696654],[-6.40986823532619,53.38070738787991],[-6.409993623379082,53.38070623922583],[-6.410122103218844,53.38070588775589],[-6.410380631282851,53.380708276454314],[-6.410743443179583,53.380722213919825],[-6.4131780389258015,53.38088683425902],[-6.4155072232561,53.38091371276839],[-6.415874060737479,53.38114262094471],[-6.416219465692894,53.38246843301565],[-6.416944781480396,53.383912179041175],[-6.417046224915291,53.384346991949116],[-6.417024542613217,53.384526447976],[-6.416999366705197,53.38461580860111],[-6.416966289666951,53.38470445866101],[-6.416404994269639,53.38558571567028],[-6.416055491024711,53.38666108457644],[-6.415914570956631,53.387823311289516],[-6.4160474082199395,53.388761886116],[-6.416998906724862,53.389004711222796],[-6.419587850670944,53.38864466840888],[-6.4208928344514415,53.38868714886669],[-6.423282564844478,53.38890881505124],[-6.424792425145738,53.389143437068356],[-6.425762203882511,53.38950426602034],[-6.426257616808274,53.389959533445975],[-6.42644022723394,53.39041950503608],[-6.426346850484247,53.3916475725288],[-6.425829888666057,53.39269210951903],[-6.422222162108878,53.39726754362141],[-6.421660988459196,53.397810667305784],[-6.421001610191761,53.398207431217294],[-6.420061145290417,53.39855948468637],[-6.419012592814428,53.39876635712116],[-6.417785463876913,53.39873951428453],[-6.4171612944856635,53.39863007789955],[-6.41390025808437,53.39749861579643],[-6.409131722757947,53.39627499657061],[-6.408316072888491,53.39570936360718],[-6.408057756967021,53.395202724693085],[-6.408119634897614,53.394669091487465],[-6.408530095097187,53.39378392639608],[-6.408583415911331,53.392907523107574],[-6.40820392717933,53.39224952071029],[-6.40763371352122,53.39171375036182],[-6.406957372277934,53.39128222848431],[-6.406803012472343,53.391136928092706],[-6.406767269522672,53.39099618705445],[-6.406735449443199,53.39094576603597],[-6.406693453799566,53.390892508485244],[-6.406586469051981,53.39078218855585],[-6.406461381744248,53.39067463680393],[-6.406396757900429,53.390624839475045],[-6.406333258340696,53.39057926276715],[-6.406128169103453,53.39046268598962],[-6.406081336198421,53.3904603023242],[-6.406035629236182,53.3903627656442],[-6.4060128247495784,53.390326941628125],[-6.405984418455891,53.39028843676657],[-6.4059499614512525,53.39024843308006],[-6.405909004831791,53.390208112589114],[-6.405402611355471,53.390016288352044],[-6.400836214718308,53.38979654024574],[-6.400163088630586,53.38996518880841],[-6.398520021604316,53.391046951076376],[-6.39850921389138,53.39137893403041]]},"properties":{"route":"37","routes":["37","B2","L61","L64","N4","W4","X61"],"category":"radial","colour":"#9467bd","route_colour":"#8c564b","pdf_colour":"#66ae3e","source":"pdf-future","phase":"future"}},
{"type":"Feature","geometry":{"type":"LineString","coordinates":[[-6.178146280240739,53.24035889216133],[-6.179054598757176,53.24109041690602],[-6.179847312161433,53.24239315760996],[-6.179002617469269,53.24281744277586],[-6.175985519954062,53.24480919779577],[-6.173717966027554,53.246376202977125],[-6.171308362317758,53.24796419114145],[-6.168369992802746,53.25001481685732],[-6.166020479269738,53.25161741218131],[-6.16535386447606,53.252177010833066],[-6.164983938210762,53.25270725277998],[-6.165150134341178,53.253472290020355],[-6.165544895901178,53.25367809339708],[-6.1695291515877315,53.25373251487022],[-6.169542416968954,53.25392243944894],[-6.165500633436551,53.25386737061155],[-6.165140947304123,53.25402788028089],[-6.164783657162197,53.254806305959804],[-6.164316783616485,53.25513369601815],[-6.163581159940696,53.25538429448784],[-6.162893661374762,53.256137198906046],[-6.162465271564635,53.25622826582195],[-6.16149035890773,53.256025933942304],[-6.159187100253602,53.255374744285795],[-6.15874745646195,53.2553237930996],[-6.158103939948319,53.25563135980196],[-6.157523146085689,53.25703668111122],[-6.157252736196902,53.258175981433276],[-6.156952671872737,53.25880037152541],[-6.156126828268392,53.25983694026822],[-6.156006009906825,53.260264295670545],[-6.156157329479125,53.26070553066499],[-6.156846930160358,53.26136406392389],[-6.156611099333835,53.26306268636866],[-6.1560927831497185,53.26395056181171],[-6.155218249864583,53.26485604586847],[-6.154243814343937,53.26619984581593],[-6.153508223194262,53.26710162880896],[-6.15279807996674,53.26824093614564],[-6.152445789847409,53.26905552439805],[-6.151942462464653,53.26916924080923],[-6.149190163541428,53.267907799237285],[-6.146665016858397,53.266938692359226],[-6.146338490334375,53.26692888821365],[-6.146208459089856,53.2669816603186],[-6.14618338578158,53.26700028592434],[-6.146162019720791,53.26702097838083],[-6.1461447276306584,53.26704368459754],[-6.145958382570741,53.267336057981105],[-6.145440858261664,53.26792869435277],[-6.1452474862842905,53.2682414627596],[-6.145208980038911,53.26832264601347],[-6.145174967004902,53.26840526159052],[-6.145145726438159,53.2684894274219],[-6.145084392013583,53.26871467720796],[-6.145490422779882,53.26969828386027],[-6.147450572500696,53.272772074763374],[-6.14922024335049,53.275430456652806],[-6.149357661913416,53.275643002699184],[-6.149493963407563,53.27585576759471],[-6.149763078114799,53.2762820914661],[-6.15142219286359,53.27901805486918],[-6.15202352229091,53.279964772346794],[-6.152176915560505,53.280200919742974],[-6.152331573286774,53.2804368409611],[-6.1534754700945005,53.28215730809678],[-6.154396547884167,53.28358060635506],[-6.1545288519626205,53.28378380905716],[-6.154661789546547,53.28398690059398],[-6.154989330250053,53.28448379184835],[-6.1562637502852,53.28708564294864],[-6.1565539299543355,53.28736901718409],[-6.1584281952034665,53.287725558903404],[-6.159934147028768,53.28833405781422],[-6.160005863105318,53.28836496648806],[-6.16007631073952,53.28839643671826],[-6.160213717225953,53.28846084539024],[-6.16028083435072,53.288493675603284],[-6.160346999578211,53.28852685091519],[-6.1604767908864355,53.28859402037814],[-6.160603724240771,53.28866192086413],[-6.1606663170259,53.288696009954826],[-6.16072843273136,53.28873011945817],[-6.161102675553353,53.28893658415823],[-6.161883209649461,53.2893000817421],[-6.164489818564256,53.29015709708273],[-6.164717682606893,53.29020836992607],[-6.164835253475207,53.29023156521516],[-6.1649551037694765,53.290253114405395],[-6.165982782974512,53.29036456742722],[-6.167100325979679,53.290361541910954],[-6.169763616267578,53.290065381822465],[-6.17050859215177,53.29011103400139],[-6.170608606711421,53.29017859572121],[-6.170640123143037,53.29021938943562],[-6.170656954850158,53.29026353983579],[-6.170659311394764,53.290286564757736],[-6.1706610113762235,53.29049020579236],[-6.170634875184974,53.290787212270516],[-6.170587646947289,53.291123995082565],[-6.170572618099073,53.29134876937661],[-6.170497703410646,53.29368318618054],[-6.17074720282972,53.29496135237358],[-6.171333696244987,53.29688692972269],[-6.171627626037118,53.29849213558099],[-6.1714079981398475,53.299519977029405],[-6.170963637685287,53.30029455849625],[-6.170392335716388,53.30052012298609],[-6.17018374841148,53.30065012662453],[-6.170162312299489,53.3006687020334],[-6.170136616936383,53.30069163847056],[-6.170109755289696,53.30071544271673],[-6.170052894417561,53.30076521868971],[-6.169929151262144,53.30087038893359],[-6.169863714066796,53.300924039418966],[-6.169830420177699,53.30095074954943],[-6.16979686318498,53.30097723762295],[-6.169661810537814,53.301078789615715],[-6.1695333716108225,53.30115747626832],[-6.168262147642282,53.30165867985304],[-6.168155219685968,53.30199902450096],[-6.168760266650226,53.30240619847077],[-6.168659537509915,53.302768684959936],[-6.168877080373882,53.30310143775213],[-6.170095104050103,53.303646245473665]]},"properties":{"route":"L26","routes":["L26","L27"],"category":"local","colour":"#2ca02c","route_colour":"#ffbb78","pdf_colour":"#66ae3e","source":"pdf-future","phase":"future"}},
{"type":"Feature","geometry":{"type":"LineString","coordinates":[[-6.468697144348087,53.2977325957705],[-6.46929103738108,53.29709705223002],[-6.469799851209699,53.29611377076667],[-6.469713146407818,53.29515662363556],[-6.470185781196568,53.29435463956959],[-6.470774049663444,53.293621660845396],[-6.471468591758237,53.293434522268726],[-6.472487168086078,53.2936135923985],[-6.474235929700523,53.294139281283165],[-6.476241893367633,53.294454481411954],[-6.478124022656265,53.29451588778389],[-6.481787709742971,53.29506042746528],[-6.485794576858951,53.295368350451696],[-6.487270464476251,53.29564220380423],[-6.48971019747206,53.2962626166349],[-6.490623455512892,53.296384581189045],[-6.492394205849801,53.29750509730513],[-6.49330575394919,53.29888251993644],[-6.4940278976668955,53.299379890552586],[-6.495243529438138,53.299934246346226],[-6.4960192487646315,53.300150009747796],[-6.497229645361164,53.30033427633154],[-6.500721380608975,53.30045805798768],[-6.501251173593384,53.300771447462914],[-6.501225449860464,53.30187785884914],[-6.500910025486653,53.302595918092635],[-6.500173817576927,53.30383359185871],[-6.498944255033302,53.30553555874217],[-6.497721861115021,53.30704825166876],[-6.495064999454514,53.30957963758776],[-6.494501915927144,53.30999661341062],[-6.492661127869434,53.3108312019654],[-6.491387977669271,53.311645713396956],[-6.48894866012419,53.313594714917386],[-6.488226140185926,53.31411394121015],[-6.487187199363206,53.31471695855999],[-6.486622122237494,53.31492641421007],[-6.485426059107952,53.31512363192516],[-6.483000810569247,53.31531375622364],[-6.481842147794317,53.315501327566686],[-6.48040360558715,53.31604082643098],[-6.479543859485986,53.31609822372502],[-6.478173819417078,53.31601162626893],[-6.477011709279565,53.31621854929183],[-6.475250254529372,53.3171682889433],[-6.474716650591389,53.31730844411879],[-6.4736042174771296,53.31739846360195],[-6.471345255594295,53.31744702302174],[-6.470185943362077,53.317566606769425],[-6.4677948517349355,53.3183220104078],[-6.46516359233247,53.31864616204694],[-6.4640662358294,53.3188351764797],[-6.462292012039934,53.319604011704094],[-6.461878347786424,53.31962949444249],[-6.459379745632604,53.31899391746782],[-6.457890392668795,53.318760641476594],[-6.456765214302412,53.31877050299463],[-6.455428970256445,53.319554249220694],[-6.45340590320225,53.31986785294131],[-6.452314407148243,53.31988731032555],[-6.451556440877432,53.319724301909616],[-6.449282235136665,53.31859717551734],[-6.448537491960875,53.31838616150971],[-6.4467319872518125,53.31825590257483],[-6.444703270283654,53.318232087081746],[-6.443484065759877,53.318115911291],[-6.441400844347402,53.31781366176467],[-6.440103056590265,53.317688808508436],[-6.438550260576786,53.31769228411129],[-6.436863718366559,53.31778077603843],[-6.4348140463405885,53.31795404146868],[-6.433393164702885,53.31809599981984],[-6.4315817286755435,53.31844413483355],[-6.4298780486144524,53.318979786291344],[-6.428387861442037,53.31937709282477],[-6.426599079334637,53.31966617152598],[-6.423306281886858,53.320009670101335],[-6.422906956717032,53.32004408664649],[-6.422752144053985,53.32005757066239],[-6.422593899754798,53.32007140545649],[-6.422540417147654,53.32007608733237],[-6.4224865773148005,53.32008080160685],[-6.422432386273036,53.32008554663577],[-6.42237785003916,53.320090320774916],[-6.422267766062268,53.320099949807194],[-6.421986659757274,53.32000098737754],[-6.421368792411462,53.31894723042663],[-6.4203678876945585,53.318780164913974],[-6.41879045285725,53.31902255632266],[-6.417486784056523,53.31893631693985],[-6.416237818765155,53.319156237650006],[-6.415094371092194,53.319471816525045],[-6.412427834005049,53.32032705232624],[-6.410621367433723,53.32080850187196],[-6.409105963097214,53.321077069800026],[-6.407127108199597,53.321575445499],[-6.4069562941708815,53.3217317485005],[-6.406937893368324,53.322155241444065],[-6.406880416980565,53.32262072233093],[-6.406867106691815,53.322679501062034],[-6.406862169198597,53.32269309885854],[-6.406856234518079,53.322706102025144],[-6.406840667157362,53.322730012717905],[-6.40565725098809,53.32313147477053],[-6.40468465432687,53.3240457629094],[-6.403530512780297,53.324214089055616],[-6.399073760626968,53.32620994527304],[-6.396376823993012,53.327090334098294],[-6.396103860583928,53.32670672538729],[-6.395845878279378,53.325928246855504],[-6.3960381793622965,53.32357071809776],[-6.3957460965828306,53.32300943294399],[-6.39546284196837,53.322921563061975]]},"properties":{"route":"57","routes":["57","60","D3","L54","W6","X55"],"category":"radial","colour":"#9467bd","route_colour":"#c5b0d5","pdf_colour":"#662484","source":"pdf-future","phase":"future"}},
{"type":"Feature","geometry":{"type":"LineString","coordinates":[[-6.2342663445706945,53.273645349401235],[-6.235857158476841,53.273705834561454],[-6.238991712630111,53.273571832801984],[-6.241405820967274,53.27351941628282],[-6.242615053137148,53.27355128240779],[-6.24435780257783,53.2737069065708],[-6.246547569785938,53.27409905588303],[-6.2475886210269636,53.27437255234399],[-6.249416117476161,53.27497794945423],[-6.251392714758867,53.27577070607729],[-6.252945684672279,53.276543993778155],[-6.255233406296121,53.2780505676248],[-6.255296475861487,53.27812325795177],[-6.25530085015054,53.27813867603252],[-6.255302513740464,53.27815410545669],[-6.2552977702667105,53.27818451491526],[-6.2552564308113165,53.27824015233292],[-6.254217205241609,53.27889322676742],[-6.253581001651803,53.27960993834805],[-6.253273640245214,53.28052879652753],[-6.253094479973406,53.28179466828442],[-6.253074901418492,53.28213997801352],[-6.253073317890383,53.28220892637692],[-6.253333715360115,53.282907863513586],[-6.253788852958904,53.28345753160668],[-6.254410334944547,53.28391899852761],[-6.256539170251808,53.2848751268608],[-6.257333500284227,53.28532489845841],[-6.257957603023539,53.28598852847029],[-6.258364758924653,53.28720562390639],[-6.2583402986605545,53.28772385457741],[-6.258092906385242,53.28821251890321],[-6.257128421903474,53.288258417778195],[-6.255612983882822,53.28814879192825],[-6.252211567917947,53.28848166084885],[-6.248671480666863,53.28865684644964],[-6.248351708963693,53.28887413387219],[-6.248513043116645,53.290199723715574],[-6.248643020749345,53.29051926023973],[-6.249581402866489,53.291928202454415],[-6.249933862469421,53.292625586406245],[-6.25013123404486,53.29357939262869],[-6.249990219161942,53.294615714172565],[-6.24951095498326,53.29562674720368],[-6.249540732174068,53.29576335773552],[-6.2495804586504375,53.295856523524385],[-6.249605383728022,53.295905541906365],[-6.249633246172502,53.295954744082636],[-6.249696471584048,53.296049380225824],[-6.24973117876206,53.29609265439663],[-6.249767511728863,53.296131792769515],[-6.24992254359345,53.29622539032065],[-6.251743865137175,53.29659800501694],[-6.252514320854701,53.297019792265004],[-6.2529899416240635,53.29790063728509],[-6.252968243388735,53.298897664449754],[-6.25321840799348,53.29945573760576],[-6.254210522668055,53.30016297054471],[-6.259318015555594,53.30247149782493],[-6.260839952578635,53.30304512920226],[-6.261102429811963,53.30330646205025],[-6.260620129733995,53.30412110927558],[-6.2601531705637035,53.30439010119284],[-6.25830371169183,53.304810132284636],[-6.257440208317691,53.305189868086636],[-6.257732516316042,53.30557019210214],[-6.259396166600807,53.30567236984735],[-6.260348841181363,53.30590248255482],[-6.26206143644593,53.3067353748473],[-6.264085052099908,53.30737755775061],[-6.264738557111041,53.30783601724198],[-6.265885816474882,53.30908544352352],[-6.2662336028754515,53.309328643191954],[-6.267577966028679,53.3098260645624],[-6.268178789088475,53.31017767938039],[-6.268459970859812,53.31058383867236],[-6.269128953883773,53.31212757699588],[-6.268660478236124,53.31246251902521],[-6.2667548609257455,53.31285862339354],[-6.265521411665751,53.31301041858934],[-6.263134080158791,53.313174070405324],[-6.259272815410036,53.31350526881615],[-6.258993492576681,53.313639943931825],[-6.258971270612206,53.313692255349245],[-6.258968682407532,53.313719710420244],[-6.25897211095541,53.31374766881557],[-6.258998023011359,53.31380400682757],[-6.259149961009589,53.31396698724743],[-6.260421249927097,53.31582289998972],[-6.260740295188139,53.31659099554974],[-6.260683426450634,53.317090137746604],[-6.260184274573494,53.31834704861181],[-6.2602740877412,53.31914485755072],[-6.260753211716449,53.31991241502624],[-6.262312096762731,53.321911689725155],[-6.262415122763596,53.322100528124494],[-6.262424189864237,53.32212807875038],[-6.262431883575325,53.32215572448197],[-6.262443203275922,53.32221123683269],[-6.26244993892041,53.322322694076924],[-6.262024073643774,53.328066117635565],[-6.261927943392067,53.329042788240116],[-6.261960194691424,53.32996277919148],[-6.262567657659395,53.331654382416716],[-6.262692350442602,53.33198207064276],[-6.262767344093328,53.33217818734139],[-6.262805188230722,53.33227661068254],[-6.2628432947619395,53.33237521363611],[-6.2629988076120675,53.33277046584238],[-6.263160369911479,53.33316476891868],[-6.2632018792579185,53.33326283798663],[-6.263243882391696,53.33336060880093],[-6.263270698998398,53.333424473066664],[-6.263453531911647,53.33410747296352],[-6.263513083869597,53.33511440389057],[-6.263791745042829,53.33587246079365],[-6.263947589794616,53.33621654193548],[-6.264028309254816,53.33638786533656],[-6.264068887522328,53.336473172017136],[-6.264109428344812,53.336558175073925],[-6.264110289343306,53.3365599708514],[-6.264111118214261,53.336561766253865],[-6.263745324620339,53.336900630963314],[-6.2638042993645655,53.33729932851966],[-6.263822550981519,53.33745982326703],[-6.263817809386034,53.33750129772227],[-6.263810911995954,53.33754315928705],[-6.263771493219274,53.33775559279248],[-6.263813539187651,53.33829356133087],[-6.26359081344241,53.33981906162032],[-6.263602165522636,53.340723211529536],[-6.2630205015601845,53.3414097940157],[-6.2627061943228295,53.34217814287124],[-6.2628602426540425,53.34344556866826],[-6.263480963121884,53.343699122659196],[-6.266314817873919,53.343545986232],[-6.268531578575922,53.34316819051679],[-6.269530730779495,53.342654755022046],[-6.270002179171651,53.34261681914324],[-6.270780043401285,53.34281962608554],[-6.272785780508974,53.34313867856926],[-6.27460888876703,53.34314028569479],[-6.274986295925751,53.343771994118626],[-6.274440083341394,53.3449267319183],[-6.27454363103997,53.345059607581284],[-6.274651790915406,53.34510464733919],[-6.274683453722153,53.34511247849773],[-6.274741184685169,53.34512461480399],[-6.280648659983937,53.34604796819339],[-6.281981655320812,53.346147734327324],[-6.282745441455401,53.34619235050642],[-6.282902935022389,53.34620093672745],[-6.28306147375444,53.34620943800969],[-6.283366953179793,53.34622533501231],[-6.283891105287934,53.3462487030446],[-6.288462262906192,53.346384686125276],[-6.289799431835746,53.34650404342782],[-6.291109531620304,53.34692403808225],[-6.291867850247591,53.34696332947586],[-6.292219194347364,53.3469473341423],[-6.2924193987438635,53.34693346839083],[-6.292522579874354,53.346925882002076],[-6.292626650138944,53.34691816984584],[-6.292730736922087,53.346910564353024],[-6.2929354695818445,53.34689660308125],[-6.293535986254957,53.346882706037015],[-6.294416378359271,53.34693901254553],[-6.295382892977753,53.347261744995414],[-6.3027899849411275,53.34736747849759],[-6.305648106178615,53.347365777178],[-6.309362050596331,53.34728498614867],[-6.311106679612705,53.347137791566674],[-6.312821657066456,53.34692229208822],[-6.318802055241001,53.345949217664916],[-6.320562764920669,53.345729246948096],[-6.322817476656728,53.34556479181968],[-6.327851399639417,53.34535560718265],[-6.329681290954392,53.345389981891884],[-6.335386126777745,53.345687114611394],[-6.339044605620734,53.345931010334084],[-6.340712431852491,53.34618657569241],[-6.3418498432424535,53.346532724240724],[-6.343151944710855,53.347064268998835],[-6.3439118795144225,53.347276615883736],[-6.344522739463057,53.347278939589245],[-6.346215444973586,53.34707740618258],[-6.3471969732725,53.34688088534907],[-6.347626757778972,53.34696181957083],[-6.348880752506551,53.347868903966976],[-6.350746396296612,53.348893029924334],[-6.35260606988193,53.34952914687836],[-6.355602486975704,53.35021695169499],[-6.359012672572872,53.35125013845817],[-6.361967310124296,53.35204601761038],[-6.363149208122464,53.352236898997724],[-6.365036654041801,53.35231820131659],[-6.366843168884465,53.352471236523485],[-6.369111840846815,53.35279878266251],[-6.371486883791932,53.35334068332615],[-6.373212973667127,53.35373789076007],[-6.373947028830409,53.35390701195595],[-6.374246869462964,53.35397611560564],[-6.374488608508314,53.35403183412109],[-6.374960096113508,53.35398119575287],[-6.375679324291809,53.353515540659906],[-6.375894015803653,53.353380700609684],[-6.376211706642477,53.35317181970048],[-6.376746426332601,53.35288073964694],[-6.379491202009687,53.351854802279234],[-6.3804771571316214,53.35131619332714],[-6.380717076243438,53.35088593017105],[-6.380632034125415,53.35038877181464],[-6.380037491592841,53.34879519087861],[-6.379984157277664,53.348323299397975],[-6.380266552683929,53.34741218498639],[-6.381504264906887,53.34594234139444],[-6.381778131496018,53.34512879887194],[-6.38222989445565,53.345058348792804],[-6.383652530546311,53.345376055105014],[-6.385268462313091,53.34609438035074],[-6.386201243036705,53.34642542855647],[-6.387839334134283,53.34672028882322],[-6.391059176348993,53.34696943378483],[-6.39139436339814,53.347127166053596],[-6.391534119197309,53.348044689825784],[-6.391804405009032,53.34847347531892],[-6.392274727768548,53.34877978664624],[-6.397359080400662,53.35111962852468],[-6.397817006199299,53.351509336820754],[-6.3978481260343685,53.35182923678623],[-6.397525296179849,53.35221792087448],[-6.39475488471346,53.35367929589866],[-6.3945450629411935,53.35401290134687]]},"properties":{"route":"23","routes":["23","52","71","72","73","74","80","82","A4","L35","L55","N2","N4","S2","S4","W2"],"category":"radial","colour":"#9467bd","route_colour":"#c49c94","pdf_colour":"#662484","source":"pdf-future","phase":"future"}},
{"type":"Feature","geometry":{"type":"LineString","coordinates":[[-6.32265697215305,53.32960628530279],[-6.322345886080601,53.32929190136782],[-6.319347278890346,53.328000499727075],[-6.315257725578659,53.32615651177601],[-6.315214705402877,53.32583576112279],[-6.3161529477806155,53.32539613936665],[-6.316881602964583,53.32525702347765],[-6.318708344350001,53.325154802437],[-6.31909862891119,53.3252908048372],[-6.322345886080601,53.32929190136782],[-6.322755799317882,53.329705497021145],[-6.322727850947377,53.329942781134456],[-6.320029119399264,53.33183589557454],[-6.319535788805097,53.33233599363731],[-6.3188935457364,53.33327649945326],[-6.3183971555729945,53.333763742964905],[-6.3177059173433845,53.334054178394524],[-6.316974560889054,53.334199390633444],[-6.312013916943508,53.334739466160066],[-6.309864833262506,53.33485890274641],[-6.3083761747877585,53.334615536505886],[-6.306708347391292,53.33407363364376],[-6.306158116874261,53.33403414096983],[-6.3051493015972175,53.334012333840306],[-6.304771635301173,53.334003637283494],[-6.304582759907971,53.3339990895689],[-6.304488315699456,53.333996769982605],[-6.304393868692287,53.333994421483666],[-6.304003876174613,53.33377518382079],[-6.303960334484274,53.3332480428374],[-6.304305722528805,53.332727022259355],[-6.304268892081665,53.3320145335364],[-6.30410652230521,53.331838793139575],[-6.302485472612603,53.33176903890971],[-6.300479574704697,53.33149491641708],[-6.297551460907659,53.33099949798763],[-6.296006174681833,53.33082923938392],[-6.295965484938155,53.33082600531873],[-6.295886526937337,53.33082671390099],[-6.295744923237219,53.33085402959795],[-6.295575059129863,53.331012408367044],[-6.295805719888854,53.332066330210274],[-6.296504691434132,53.333042808678755],[-6.2967076068142935,53.33415882562405],[-6.29722686116884,53.33516487590787],[-6.297005813040503,53.335285911376516],[-6.292430945324307,53.3342933372204],[-6.291785668719714,53.33399119054414],[-6.290416857035438,53.333130411418374],[-6.290326976987755,53.33307512443972],[-6.290236199643122,53.33302004256204],[-6.290051647501448,53.33291074074176],[-6.289569217123456,53.33264539152106],[-6.288448495737923,53.332103758806944],[-6.287594772350626,53.33180285889247],[-6.286480432045138,53.331656770990804],[-6.285587918721716,53.33168400218829],[-6.284845124090403,53.331576717949],[-6.282212429802,53.33099717932562],[-6.279130529758913,53.330487553606126],[-6.277934385030598,53.33050127687311],[-6.275614307800648,53.33109926616363],[-6.273454150973785,53.33152002502472],[-6.272262900811692,53.331602983765734],[-6.270943121544765,53.33154685677322],[-6.270008980394065,53.33156363175498],[-6.2682729610587575,53.33170151348193],[-6.263781325414087,53.33190449200301],[-6.2635303869078625,53.33209648471806],[-6.263630216533987,53.332372036657056],[-6.263885150046438,53.333021445711715],[-6.263710253816758,53.33348909881037],[-6.2643061690334285,53.336164402015335],[-6.264508552161708,53.33654197221973],[-6.264538872153845,53.33663637528047],[-6.264540320300523,53.33666758696673],[-6.264537564529448,53.33669845781358],[-6.2645197420522765,53.336758666175186],[-6.264209103724663,53.33702648455528],[-6.264228828065992,53.337401941212306],[-6.264576621369739,53.33811319602903],[-6.26435470808453,53.339868796556885],[-6.264355912495518,53.34082252587044],[-6.263647345207714,53.341697388027264],[-6.263464424964729,53.342260206313],[-6.2635902954632625,53.34329682010021],[-6.26634218882664,53.34312927803353],[-6.268308793036605,53.34281736112786],[-6.268821755737866,53.3424790524013],[-6.269635326988033,53.3422386005294],[-6.270634478466274,53.34236097379993]]},"properties":{"route":"23","routes":["23","71","72","80","S2"],"category":"radial","colour":"#9467bd","route_colour":"#c49c94","pdf_colour":"#662484","source":"pdf-future","phase":"future"}},
{"type":"Feature","geometry":{"type":"LineString","coordinates":[[-6.335551033874088,53.37004511942505],[-6.3356313617398525,53.3700704103823],[-6.335653841779307,53.37007570385617],[-6.335676625539562,53.3700798807776],[-6.335722707159284,53.370084956752514],[-6.335899329310912,53.37006418802381],[-6.336322578437191,53.369874266367354],[-6.337167429588036,53.36929759475565],[-6.337897214766245,53.369259076849964],[-6.340201845410276,53.36960800944716],[-6.340779556638712,53.369623849942705],[-6.342149803269374,53.36941681189858],[-6.3443724078244745,53.36916002301744],[-6.350091987473045,53.36841879932797],[-6.351985269877231,53.36814785429544],[-6.352974832144446,53.36822691499304],[-6.356353196141005,53.36910904899219],[-6.358025563851642,53.36941041068747],[-6.360124178290359,53.36953700236496],[-6.362257704661873,53.37002105137337],[-6.364394066666937,53.370373811185665],[-6.3647767906292225,53.37045294226949],[-6.364875365656892,53.370479124478464],[-6.364972050383496,53.3705071242631],[-6.365067073020604,53.37053674504366],[-6.365160661779783,53.37056779024039],[-6.365344450510636,53.37063336756346],[-6.365435106905447,53.370667506530296],[-6.365525242268606,53.37070228359435],[-6.365794804283859,53.37080847757241],[-6.366067892630726,53.37091333755474],[-6.367103841466407,53.371252789929926],[-6.367170781930157,53.37128634275204],[-6.367232682675095,53.37132217192538],[-6.367411527448673,53.3714593637285],[-6.367528776478267,53.37156750817579],[-6.367585104474148,53.37162430773364],[-6.367639752334462,53.37168251992533],[-6.367692608216994,53.37174184055912],[-6.367743560279527,53.371801965443275],[-6.367839305575732,53.37192341119577],[-6.368100268025306,53.37233458315031],[-6.368393630065482,53.37311504294428],[-6.368524994540071,53.37335674245505],[-6.368609733152322,53.373477619639026],[-6.368704549515616,53.37359661229948],[-6.368755271301487,53.37365542548523],[-6.36880795386222,53.37371379580232],[-6.3689184564243995,53.37382924551345],[-6.369154797124554,53.374055245024195],[-6.369633061945453,53.37447016681335],[-6.3698847095467865,53.37466629596372],[-6.3702254283274,53.37490111807224],[-6.371194830994258,53.375482218931786],[-6.371333655453473,53.375576513920215],[-6.371513470447682,53.37571574028728],[-6.371535134006045,53.375736908844424],[-6.371555336208135,53.375758270952026],[-6.371592271101428,53.375801447643695],[-6.3717797167892165,53.37603327695171],[-6.372128176890403,53.376564126772244],[-6.372200904326046,53.37667186687112],[-6.372258399960395,53.37675104351904],[-6.37227926036908,53.37677602499141],[-6.372380171326042,53.376882437877526],[-6.372432649963413,53.37693516541734],[-6.372486469543534,53.376987542678506],[-6.372715039843837,53.37719308378946],[-6.372964595437442,53.37739115985304],[-6.373234760491805,53.37758028239805],[-6.373668147637176,53.37783193977151],[-6.374617709190918,53.37835073799766],[-6.374649825468133,53.37836442467094],[-6.374683551664064,53.3783760821676],[-6.374828715576328,53.37840235221967],[-6.375160451987652,53.37832669158872],[-6.376498857255403,53.37743721332314],[-6.37741529871186,53.37693325920872],[-6.38025392248356,53.376234820551105],[-6.381712097758895,53.37558797183128],[-6.382527993459841,53.374983648033606],[-6.383156139298343,53.37479134514776],[-6.3843471178193,53.37518339665738],[-6.385590373180211,53.3759615563443],[-6.385912935505485,53.37599774206945],[-6.3867885679115695,53.37566913320102],[-6.38780103982763,53.374901479775545],[-6.388165068849363,53.37431116839108],[-6.3882055370470265,53.37351667759069],[-6.388507786417642,53.37336284440836],[-6.391770113525477,53.37346981858293],[-6.396083544205647,53.37364341937904],[-6.39633094151178,53.37341501923113],[-6.395231245399027,53.372289273608644],[-6.393514717873492,53.37066318368186],[-6.392914173381315,53.36950684101297],[-6.392717459897681,53.36832238123458],[-6.393088166249348,53.36808355980696],[-6.395168803637797,53.368103888557904],[-6.396561021029808,53.36825896750474],[-6.398078263537762,53.36856903923456],[-6.400635458121652,53.369391845704776],[-6.403324514790492,53.37016462692783],[-6.40419697782337,53.3705104166283],[-6.405212057169463,53.37107136557159],[-6.4070311513216165,53.37218015453668],[-6.408879899036951,53.37302193028468],[-6.411066238298626,53.37378944415723],[-6.411555719989485,53.37399877884007],[-6.411590077334189,53.37401576736371],[-6.4116206742420125,53.37403418667504],[-6.411647470740189,53.37405385214019],[-6.411715853181145,53.37414128286171],[-6.411631800330845,53.37433889477613],[-6.410422099906334,53.375057700097734],[-6.40961035024805,53.375660209738044],[-6.4090151899079695,53.37633056702867],[-6.408815419940531,53.3766963741394],[-6.40874289061891,53.37688784229051],[-6.4086897043525735,53.377085365878564],[-6.408723918344914,53.37808067703951],[-6.409082911322764,53.37885747504468],[-6.409928991467453,53.3799153864998],[-6.410112284369369,53.38028174746382],[-6.410128936262716,53.3803941772166],[-6.410133295049645,53.38043728685302],[-6.410135049241967,53.38045908943434],[-6.410136409767303,53.38048057172038],[-6.410136262205389,53.38055601585131],[-6.4101240810652556,53.380652797148414],[-6.410115784458868,53.380703219126545],[-6.410106287608287,53.380754383011336],[-6.410060354464351,53.38095727292131],[-6.409695731895239,53.382095986483364],[-6.409562083157462,53.38268036224876],[-6.409232525103083,53.38378750338762],[-6.408907961798769,53.38458233701868],[-6.407712841581008,53.38819473710906],[-6.407348272539283,53.389156272142856],[-6.406819886478473,53.390086837732476],[-6.406351627202317,53.39067877018493],[-6.406333887179354,53.39070392398263],[-6.406301923500371,53.39074170158578],[-6.406253373260155,53.39078851282212],[-6.4062227504214695,53.3908132239749],[-6.406187827632738,53.39083769504259],[-6.406004114912442,53.39091652183971],[-6.405818676837694,53.39093231231857],[-6.40158447849251,53.39071920485911],[-6.401174379344456,53.390813649574824],[-6.400462012885451,53.39132920106274]]},"properties":{"route":"34","routes":["34","37","B1","L52"],"category":"radial","colour":"#9467bd","route_colour":"#7f7f7f","pdf_colour":"#662484","source":"pdf-future","phase":"future"}},
{"type":"Feature","geometry":{"type":"LineString","coordinates":[[-6.3305313202051865,53.30680021404536],[-6.329673619229764,53.306154551401825],[-6.329433501558038,53.305541558723284],[-6.329503514197129,53.30504474542949],[-6.329149048946846,53.304828985398565],[-6.327832140225282,53.30481913984025],[-6.326305189783605,53.30491459100413],[-6.324757850912569,53.30491609873904],[-6.3224946800535085,53.304832866643174],[-6.3212975520107575,53.30486158666961],[-6.319083984574045,53.30512477905119],[-6.318569793515642,53.30517509481341],[-6.3182506619958065,53.305191793078706],[-6.3180958092853,53.30520104100943],[-6.317960355027761,53.30521118392122],[-6.317742136195063,53.30523431502913],[-6.317656618781642,53.30524738339581],[-6.317584994144667,53.30526150708467],[-6.317170183352638,53.30586063509234],[-6.316451144189596,53.30662134738648],[-6.314317645944662,53.30776545134539],[-6.312225202211692,53.30862686311375],[-6.310074025075593,53.30934592015562],[-6.3060592162803335,53.31055584361262],[-6.303329744069504,53.31150495499265],[-6.301930833320806,53.31211210657247],[-6.301030696687238,53.312579270875055],[-6.300788533735126,53.31279991388714],[-6.300768299312468,53.31283114701351],[-6.300747247961594,53.31286383894066],[-6.300703731210632,53.31293218186358],[-6.30066005695311,53.31300210798848],[-6.300638808719038,53.31303677891811],[-6.300618298659901,53.313070782647955],[-6.300548823849898,53.3131930389009],[-6.300525254274845,53.31324095115953],[-6.3005171685883115,53.31326036315488],[-6.300503949469123,53.31329729067143],[-6.300052713266757,53.31340025447175],[-6.297590067806365,53.31314068843236],[-6.294796522680199,53.31260661195662],[-6.294665095987778,53.3125862014583],[-6.2945151223337845,53.312562932853645],[-6.294170644470391,53.31250957960121],[-6.293381338827126,53.312387916855215],[-6.29202350631592,53.312183229849325],[-6.287642829805934,53.311534126796055],[-6.283872394390514,53.310959846836575],[-6.280521138964038,53.310416089256684],[-6.279750887925204,53.31060551112677],[-6.279512316778303,53.310677074175146],[-6.279160222064889,53.31077476932794],[-6.279102040902621,53.31079147883519],[-6.279045668528469,53.31080783769218],[-6.278937485381128,53.31083969025426],[-6.278265431410215,53.311043810278804],[-6.277304995794309,53.3113088523884],[-6.272868669351172,53.31226589644642],[-6.2700191338465014,53.312766444077845],[-6.269627879569846,53.31294700469066],[-6.264141202040516,53.3216060105805],[-6.2640927881225315,53.321682340831],[-6.2636194715517926,53.32201387159074]]},"properties":{"route":"74","routes":["74","81","F2","S4"],"category":"radial","colour":"#9467bd","route_colour":"#ff9896","pdf_colour":"#662484","source":"pdf-future","phase":"future"}},
{"type":"Feature","geometry":{"type":"LineString","coordinates":[[-6.371050932753874,53.2876719381619],[-6.3714437546104,53.288863522361474],[-6.37193484094628,53.289761311680685],[-6.371877958804323,53.290223301409576],[-6.371180275957238,53.290552119451384],[-6.369920637549655,53.290730177858826],[-6.3683549803893245,53.29105844842214],[-6.366378818941545,53.29159621012917],[-6.364348652393577,53.29195226809375],[-6.363851940590019,53.29197611569743],[-6.363794702993805,53.291977427753245],[-6.363740449007827,53.2919773260059],[-6.3636406742026,53.29197245932423],[-6.363474533611192,53.291941120770154],[-6.3632636993216485,53.29176840335712],[-6.362574322268274,53.29039712259715],[-6.361497641290225,53.290642178990154],[-6.360032515886226,53.2907265947133],[-6.358909464370854,53.290355937097374],[-6.356793067032601,53.288939570041435],[-6.356563036664716,53.288901655588354],[-6.354005739539573,53.28919205395147],[-6.352715137709537,53.28924599824152],[-6.349870765993475,53.28913785199815],[-6.347701316282758,53.2894735781054],[-6.3456072910784895,53.28956212468757],[-6.3436896573175225,53.289722926730846],[-6.339930057591547,53.29010912965749],[-6.337593508647462,53.29032677583871],[-6.337508325979143,53.290334977344685],[-6.337423537619798,53.2903434007777],[-6.337090028489788,53.29037874260573],[-6.336467795568579,53.29045139690727],[-6.333840074260623,53.29065595813656],[-6.333805178004181,53.29065714076282],[-6.333736162543429,53.290654522420056],[-6.333669244880423,53.29064561526706],[-6.333448033683469,53.29055564215569],[-6.332696714932949,53.28949841944273],[-6.332431224906591,53.28942929684904],[-6.330159692886786,53.290051170298426],[-6.328525897569778,53.29057633640406],[-6.327115628288099,53.29112901528318],[-6.326752030282881,53.29137138254656],[-6.326721464518174,53.291912699516736],[-6.326376859650644,53.29224841629942],[-6.325494917068241,53.29245677681366],[-6.323944638034262,53.29230785896756],[-6.322685852452948,53.29245159137245],[-6.320471041292189,53.2929800497226],[-6.3148511892447345,53.29422709831062],[-6.314674185538476,53.29444124751688],[-6.315055706931103,53.2947956576757],[-6.316800516247721,53.29556596913879],[-6.3190308659492604,53.29645171334075],[-6.320063190596706,53.29696929770514],[-6.320788523327208,53.29744164741245],[-6.321199354280487,53.29814893335951],[-6.321236192485541,53.29900093967067],[-6.321112757432986,53.299414691059184],[-6.320450914558973,53.300295368314096],[-6.320540100426016,53.30101443600218],[-6.319374410051314,53.301420079532406],[-6.318163964733477,53.30351556630212],[-6.317848107028608,53.30455010402913],[-6.318119074837286,53.305112763419245],[-6.318125762544548,53.305183712253935],[-6.318126949825108,53.305255843354324],[-6.318093975690033,53.30553232206323],[-6.318008510246321,53.30582245999895],[-6.317652801397199,53.306365986088686],[-6.317174542173289,53.30679895469288],[-6.315518934169547,53.30772272145814],[-6.315501914381885,53.30798249068733],[-6.316048959518343,53.30852026862188],[-6.316747683668182,53.30945431119771],[-6.317322575523338,53.31037938925698],[-6.317710669762176,53.311270337025654],[-6.3175682996026605,53.31228859953791],[-6.317021899402086,53.31317118212311],[-6.316314840977193,53.31397335756855],[-6.31542108059016,53.31470193009865],[-6.314138830482887,53.31545946443681],[-6.313605296320698,53.315989689761615],[-6.313478772610785,53.316204280336194],[-6.31346241769021,53.316237424108586],[-6.313446064527606,53.316271336950145],[-6.313413780976185,53.316340330473125],[-6.313382756956263,53.316408982169975],[-6.313367978208033,53.316442467728855],[-6.313353827467581,53.31647501330551],[-6.31320892854304,53.31682453838676],[-6.312394671230236,53.31730728042128],[-6.3121196248011735,53.31761092495132],[-6.311766802752876,53.31844463385695],[-6.311805742701777,53.31902957809109],[-6.311517056957041,53.31921626071656],[-6.306740073425999,53.31967409090934],[-6.302726030745371,53.32052235687556],[-6.3022364470757015,53.32042966037535],[-6.3010512360063915,53.319411185352294],[-6.300234703898205,53.318593104119444],[-6.299950779785685,53.31849704437582],[-6.299868893869474,53.318496305359865],[-6.299828398275856,53.31849970303515],[-6.299788705918611,53.318505679025414],[-6.299678235715485,53.31853957833197],[-6.296216579105355,53.32009379402552],[-6.292974401250162,53.32147742481587],[-6.2912979307347205,53.32215704935112],[-6.291264670904195,53.32216878344111],[-6.291193883138513,53.322185406559015],[-6.291119408682006,53.32219313876692],[-6.290969019450196,53.32218306248199],[-6.290775908881807,53.3221083414125],[-6.2893639525080545,53.32106204421544],[-6.2875566593689625,53.32000669447961],[-6.285595360861204,53.31897656335548],[-6.284682039043008,53.31856474735189],[-6.2830246991143515,53.31801937032014],[-6.282355349552942,53.31790313654557],[-6.281186251823397,53.31791969751255],[-6.27969969019042,53.31811112150963],[-6.279186642791747,53.318259502204306],[-6.277878920029111,53.31918934266536],[-6.276977439821652,53.31929522010444],[-6.276270439353658,53.319072857109965],[-6.275192854344614,53.318884000968986],[-6.275153291021573,53.31888790872208],[-6.275113010095222,53.31889293401144],[-6.275030538119326,53.31890602493245],[-6.274859652481886,53.31894218227823],[-6.274157376125605,53.31913126709487],[-6.271000860527394,53.31990854599227],[-6.268584741434663,53.32052332884706],[-6.267906382175223,53.320637427730745],[-6.266915819867699,53.32037141521446],[-6.264951876232006,53.321080925344134],[-6.26448464087705,53.32165027367474],[-6.2636194715517926,53.32201387159074],[-6.263000926631575,53.32215123089523],[-6.2628253098587825,53.32246243568406],[-6.262409040519685,53.32805443267941],[-6.262309903998094,53.32906224101545],[-6.262339560713091,53.329950420912716],[-6.26298645458792,53.33174246175605],[-6.263069760615767,53.33195775324386],[-6.263129365868497,53.332110578115184],[-6.2631605717762815,53.33219017991026],[-6.263192337055804,53.332270990801035],[-6.263456847835184,53.33293920156224],[-6.263420309486481,53.333087967079514],[-6.263322409894722,53.33315000809625],[-6.263257016272211,53.33317123444299],[-6.263182531595605,53.333184483060464],[-6.263142318744124,53.33318777627817],[-6.260537582345602,53.33331788275863],[-6.259909899855325,53.333534339133536],[-6.255940605174644,53.33336504559607],[-6.2555729616635105,53.33349993117686],[-6.254864369948302,53.334926843261115],[-6.253779672835296,53.33518184816302],[-6.253183785621065,53.33607277571376],[-6.252480798971489,53.33718387128013],[-6.251647308565397,53.33726862903576],[-6.249833731114227,53.339324743639224]]},"properties":{"route":"72","routes":["72","80","81","82","85","D2","S2","S4"],"category":"radial","colour":"#9467bd","route_colour":"#aec7e8","pdf_colour":"#662484","source":"pdf-future","phase":"future"}},
{"type":"Feature","geometry":{"type":"LineString","coordinates":[[-6.3108158982992215,53.40015995188178],[-6.30945302938846,53.40015432374766],[-6.309185556171236,53.40080355926386],[-6.30876539000289,53.40171416161388],[-6.308087998210076,53.40281388197013],[-6.307559875132102,53.4033402550307],[-6.307306776938406,53.40350755566819],[-6.307212170943922,53.40356633213707],[-6.307163156639132,53.40359650453737],[-6.307113725925517,53.40362677340448],[-6.306922705925943,53.403742418884455],[-6.306929782453938,53.40387201990155],[-6.307014119246044,53.40399196792971],[-6.307120950640456,53.40411840979828],[-6.307294207795093,53.40434120294724],[-6.307353552231274,53.40441736882513],[-6.307413459982974,53.40449287629658],[-6.307474245008807,53.404567707039334],[-6.307536221267391,53.40464184273113],[-6.307599702717338,53.4047152650497],[-6.3076650033172665,53.40478795567278],[-6.3077324370257895,53.404859896278104],[-6.3078023178015235,53.404931068543405],[-6.307874959603083,53.40500145414642],[-6.307950676389084,53.40507103476488],[-6.308029782118142,53.405139792076525],[-6.3081125907488715,53.40520770775909],[-6.308199416239888,53.4052747634903],[-6.308290572549807,53.4053409409479],[-6.308548652353041,53.40550656946223],[-6.308633057748973,53.40555418138303],[-6.308719461960838,53.40560023848761],[-6.308897731204105,53.40568814761043],[-6.309272363570926,53.40585036104714],[-6.309369010096471,53.405888749974544],[-6.30946658418142,53.40592650281041],[-6.309663979401262,53.40600055956984],[-6.311276338188668,53.40658318950777],[-6.311433222779486,53.40663992135395],[-6.311590013551138,53.40669674121936],[-6.31190323308021,53.40681072049172],[-6.3124793691729595,53.40702198479642],[-6.313151064484928,53.407263440063],[-6.313583829998687,53.40744225166095],[-6.313782489412907,53.40754083090201],[-6.3138754612522545,53.40759297111455],[-6.313963460405626,53.40764722400044],[-6.314126712329783,53.4077654824437],[-6.3146889712048715,53.40858592089374],[-6.314737902323763,53.40873071638533],[-6.314784143513093,53.40887791628388],[-6.314808800099086,53.40895331084095],[-6.3148340859794905,53.409029380977316],[-6.314859516973625,53.409106015065646],[-6.314908877580364,53.409260528588845],[-6.314988036208652,53.40957141145595],[-6.315015288420373,53.40987881529269],[-6.314845262418058,53.4109037921344],[-6.3149003961775065,53.411466224965125],[-6.314948224063777,53.41161943223964],[-6.31497592969075,53.411695509530595],[-6.315005628996421,53.41177132391774],[-6.315069406312276,53.41192242796169],[-6.315235698176422,53.41230020692464],[-6.31537399454361,53.41268978322406],[-6.315414356969707,53.41285073093119],[-6.3154459246613674,53.413012262967875],[-6.31549807285604,53.413662090507806],[-6.3154893507508625,53.41398772318208],[-6.315478709982813,53.41415034406239],[-6.315464804389282,53.41431269171134],[-6.315360411083865,53.415207752993],[-6.3153586211883495,53.415922116575615],[-6.315488984288037,53.416905219435264],[-6.315492319122504,53.41745600872159],[-6.31547958855862,53.41759312441178],[-6.315471117760131,53.41766155909235],[-6.315466690660185,53.417695206144096],[-6.31546211850702,53.41772879298276],[-6.315457377227904,53.4177623257078],[-6.315452442750102,53.417795810418696],[-6.315447291000882,53.417829253214904],[-6.315441897907509,53.417862660195915],[-6.315430291397372,53.41792939111018],[-6.315417430637825,53.41799605195725],[-6.315403123047001,53.41806269153288],[-6.315387176043031,53.41812935863284],[-6.3153125503552205,53.41840418763307],[-6.314857345796909,53.41856611727046],[-6.312669955243262,53.4182440576],[-6.310297733604402,53.41801438298664],[-6.299245889660169,53.41742472714361]]},"properties":{"route":"24","routes":["24","L89"],"category":"radial","colour":"#9467bd","route_colour":"#ffbb78","pdf_colour":"#662484","source":"pdf-future","phase":"future"}},
{"type":"Feature","geometry":{"type":"LineString","coordinates":[[-6.272205985092284,53.41432965438936],[-6.271640506664971,53.414599782313715],[-6.271272843714832,53.41478484147202],[-6.271089147426283,53.414876997357375],[-6.270717589199054,53.415057451979784],[-6.269932968414341,53.41538551797152],[-6.269045690942153,53.41563662217837],[-6.267039035381047,53.41588823142682],[-6.264976603908336,53.4158859530412],[-6.262894409722512,53.41572316965779],[-6.25665179673489,53.415035583899595],[-6.255752551862882,53.41494517474043],[-6.254850322677685,53.41487515443884],[-6.253493720096891,53.41481065188488],[-6.24918416749,53.41471170845443],[-6.245714140587443,53.414560501414286],[-6.244154166347727,53.41442723983311],[-6.244124768610008,53.41442281619608],[-6.244095287757887,53.414419704505434],[-6.244036584371405,53.41441733716811],[-6.244007615667528,53.414418041623854],[-6.243979071510218,53.41441997823081],[-6.243923764496262,53.414427468103206],[-6.243897255470102,53.41443298147106],[-6.243871678651476,53.41443964719495],[-6.243823829297797,53.41445635591573],[-6.243801810593228,53.41446635901502],[-6.24378123175716,53.41447743467519],[-6.2437622197048395,53.41448956294746],[-6.243744901351506,53.41450272388302],[-6.243611037990888,53.41461146719155],[-6.243479664481556,53.414712224291755],[-6.243349288757172,53.41480674761149],[-6.243085562397904,53.41498410262099],[-6.2425825623847215,53.41529365652464],[-6.241929643630597,53.415659309809975],[-6.24028246404081,53.41653641279618],[-6.239155137602754,53.41727917150505],[-6.238007383277039,53.41822853504522],[-6.23788407027075,53.418342214372736],[-6.237742153479772,53.41848447246245],[-6.237667099790804,53.41856282946576],[-6.237590852506599,53.41864414426678],[-6.236950071893672,53.419409415414535],[-6.236825578479759,53.419593501642495],[-6.236795730637979,53.41964269752008],[-6.236766578674159,53.419692426255686],[-6.2367107337269525,53.419792008560506],[-6.2366114791801905,53.41998135632149],[-6.236589797787992,53.420024498880124],[-6.236569554966869,53.420065226815886],[-6.23653375638441,53.42013796507837],[-6.23631802969557,53.42063993913583],[-6.236307566246902,53.42066560640317],[-6.236301179871928,53.42068250091709],[-6.2362981517883425,53.4206908950808],[-6.236295228585871,53.42069925918506],[-6.236289681259819,53.42071591322325],[-6.236284506764864,53.42073249504781],[-6.236279673972093,53.420749036674884],[-6.236277375986242,53.42075730241942],[-6.236275151752597,53.420765570120636],[-6.236272997380042,53.420773843780566],[-6.236255794263584,53.420848879884645],[-6.236240008217081,53.420925671063365],[-6.2361544026038,53.421571512711935],[-6.236129767444649,53.421887993943066],[-6.236108380281928,53.42220740884899],[-6.236096601863882,53.422356816989165],[-6.2360933794592315,53.42243399137604],[-6.236095982306603,53.422524945012526],[-6.236103889211524,53.4226281029112],[-6.236116578979519,53.42274189008465],[-6.236154222326841,53.42299505230621],[-6.2362047427927765,53.42327183177789],[-6.236263970821534,53.42355962860035],[-6.236327736857323,53.423845842874265],[-6.236391871344352,53.42411787470031],[-6.2364227737708955,53.42424463472684],[-6.236452204726828,53.42436312417915],[-6.236454183529504,53.42437131935529],[-6.236456213410894,53.42437955245598],[-6.236457242486179,53.424383683169445],[-6.2364582783072295,53.42438782329373],[-6.236459318866074,53.4243919728054],[-6.23646140616526,53.42440029989716],[-6.236468565781163,53.42442973697559],[-6.23648649646366,53.42448368213006],[-6.2365444666798355,53.424587188181896],[-6.236629704550016,53.42468352539165],[-6.236871371344046,53.42484834208854],[-6.236944685049609,53.424882584800365],[-6.237022494313723,53.42491364597746],[-6.23719027302906,53.4249654298279],[-6.237279579236012,53.42498575555147],[-6.237372054512972,53.42500210584076],[-6.237467367237803,53.42501428222087],[-6.248878349552235,53.4261975815541],[-6.249608730934463,53.426172961569215],[-6.250276232431171,53.425916071790844],[-6.250338795062734,53.42586868015774],[-6.250657241475608,53.42560710811709],[-6.250885606635616,53.42529114929557],[-6.250891932156801,53.42501815911414],[-6.25083720224948,53.424882450437366],[-6.250795506706277,53.424815990252185],[-6.250744311751926,53.424750915711876],[-6.250683658122837,53.42468756897352],[-6.250613586555421,53.42462629219417],[-6.250534137786088,53.42456742753088],[-6.249583529742691,53.423917016970464],[-6.248576699733247,53.423473915010156],[-6.244447091186781,53.42237324287193],[-6.244434974341492,53.42236987231828],[-6.244423063075144,53.42236627718957],[-6.244411367032794,53.422362462229074],[-6.2443998958595,53.42235843218007],[-6.244388659200321,53.422354191785836],[-6.2443776667003155,53.422349745789646],[-6.24436692800454,53.42234509893478],[-6.244356452758055,53.4223402559645],[-6.2443462506059175,53.4223352216221],[-6.244326704164917,53.42232459779401],[-6.244308365842005,53.42231326539672],[-6.244283292367571,53.42229502124085],[-6.243471954321825,53.42168073481544],[-6.24307268848355,53.42152890008833],[-6.238478398134031,53.420285604566274],[-6.237025978439223,53.41989265296346],[-6.236950071893672,53.419409415414535]]},"properties":{"route":"19","routes":["19","22","24","A2","N8"],"category":"radial","colour":"#9467bd","route_colour":"#ffbb78","pdf_colour":"#662484","source":"pdf-future","phase":"future"}},
{"type":"Feature","geometry":{"type":"LineString","coordinates":[[-6.3108158982992215,53.40015995188178],[-6.309818969389773,53.400089015985195],[-6.308604207851791,53.399897617939764],[-6.30857736794144,53.39989304496712],[-6.308268278173691,53.39984040802904],[-6.307953687580094,53.399786865521875],[-6.307636984504299,53.39973289474402],[-6.306999447124037,53.39962371307535],[-6.305723290974214,53.39940070217993],[-6.304557024411051,53.399146854257715],[-6.30346516930736,53.39872633626773],[-6.30207258206395,53.39795569061839],[-6.301318010424868,53.39766377732176],[-6.298117360224636,53.39687707837139],[-6.297102435238408,53.39643048334654],[-6.2967704685442625,53.39588218479975],[-6.297377491808173,53.39518076483694],[-6.298872766778137,53.394059557824995],[-6.298889022262838,53.39404552873706],[-6.298912720067921,53.394015593674034],[-6.298924906707029,53.39398395412325],[-6.298915897142254,53.393919392095],[-6.298799026103419,53.3938222631512],[-6.291348239169114,53.390914345975325],[-6.290098998418106,53.39068901223572],[-6.288393732601194,53.390699560239725],[-6.284469836557007,53.390631549201764],[-6.284097432929369,53.39040862791149],[-6.2840538964333446,53.38885976414118],[-6.2839909677379175,53.388478707513926],[-6.283988791834089,53.38829418687897],[-6.28399050861875,53.388247124714525],[-6.283992663043128,53.38820083218242],[-6.283999418831928,53.38807228455343],[-6.284001833131535,53.388000906613385],[-6.283906702213369,53.38746880756097],[-6.283864174934863,53.385793018875404],[-6.283727924847403,53.38529762156511],[-6.282790907543032,53.384171303330966],[-6.281980067805949,53.382889362831065],[-6.280694076801561,53.38204816224189],[-6.280281096542301,53.38169595721105],[-6.279809299560371,53.38096894211945],[-6.279752191706602,53.38025444184422],[-6.2793838909844215,53.37901748547635],[-6.279363879550842,53.37815263934289],[-6.279400463117016,53.37770168192487],[-6.279411467270806,53.37758905687486],[-6.279422866908813,53.37747644344022],[-6.279457699624725,53.37713850229633],[-6.279483693680727,53.37687363820162],[-6.279616472893108,53.37603326937339],[-6.279315242408142,53.375764452067834]]},"properties":{"route":"24","routes":["24","F1","N6"],"category":"radial","colour":"#9467bd","route_colour":"#ffbb78","pdf_colour":"#662484","source":"pdf-future","phase":"future"}},
{"type":"Feature","geometry":{"type":"LineString","coordinates":[[-6.250768462768905,53.42441132948031],[-6.249816214444847,53.42376683007798],[-6.248804679529663,53.423308259234574],[-6.244709650616376,53.42221866455963],[-6.243936033407602,53.42165448195129],[-6.243350619124526,53.42138076953755],[-6.238709625949609,53.4201437018877],[-6.238671959394457,53.42009489386536],[-6.238813436482696,53.41990523950568],[-6.238890311032338,53.419812330299216],[-6.238980321059834,53.419706290971824],[-6.239191544386546,53.4194656374601],[-6.240151698715557,53.41851859386805],[-6.243100140644593,53.41674821310223],[-6.244415423951766,53.41611204772123],[-6.245543020491477,53.41523706233945],[-6.24624786230064,53.4150847732434],[-6.252514225788293,53.4152642553013],[-6.2545502463981935,53.415368979460666],[-6.257182850494692,53.41558101339066],[-6.261767236354366,53.416105478093],[-6.265264138459786,53.41637963535086],[-6.266988879977517,53.41639715546836],[-6.268099035529035,53.41634229210279],[-6.26910783697815,53.4161939516409],[-6.271430626618189,53.41540109816282],[-6.272906241069474,53.41464948291848],[-6.2731345216278624,53.414488649096505],[-6.273201701819858,53.41442642347129],[-6.273266917272489,53.41435568222925],[-6.273379436439011,53.41418923539685],[-6.273448705172577,53.413760561853735],[-6.272842946252054,53.4125331185179],[-6.272536030489121,53.41165577235562],[-6.2723671830250876,53.408399910464546],[-6.272536501841803,53.407675573889016],[-6.272712094213514,53.4074145697323],[-6.272856053445534,53.40729962948814],[-6.27291643563004,53.40723870736858],[-6.272949081805667,53.40720100027424],[-6.272982774498575,53.40715851580003],[-6.273182118910364,53.406805522990254],[-6.273254559625027,53.40639945598851],[-6.272930106885669,53.40576254159574],[-6.272086604640183,53.404986963802536],[-6.271364084822864,53.402724133727865],[-6.271608340381889,53.402545902393584],[-6.274524871852032,53.40243089175827],[-6.274908027847044,53.40260735505025],[-6.275147190806199,53.40357880126759],[-6.275529660947069,53.40375525052105],[-6.283077854588876,53.40344323949031],[-6.283780050319234,53.40338638984001],[-6.284643832122961,53.40316331399768],[-6.285862777863961,53.40305903262184],[-6.288826643888649,53.40293903633247],[-6.290077693898218,53.403012942298446],[-6.289841972530173,53.40233350094053],[-6.289045138917085,53.401730769812055],[-6.2879871306276875,53.40115877278529],[-6.286746423062075,53.40169681471753],[-6.285262437427925,53.402143526752674],[-6.28413192080531,53.40224964576646],[-6.282817386432755,53.402078153657705],[-6.281853896825941,53.40173885103696],[-6.279214492399623,53.40017114172366],[-6.278102409992233,53.399790463938615],[-6.271813304899022,53.398483894725864],[-6.270328600631175,53.39840414297759],[-6.269890956931063,53.39801666513303],[-6.269452480034493,53.39702411484829],[-6.269466030540896,53.39502759305217],[-6.269447545825749,53.394632248373135],[-6.269437242747223,53.39445622875028],[-6.2694269821835835,53.39429877967735],[-6.269383503224052,53.39374896561467],[-6.269207710652839,53.3925541602055],[-6.2688209376369235,53.39071309999659],[-6.2686016913417655,53.38909546054597],[-6.268730943783776,53.38833238665271],[-6.268903070742153,53.387824997638646],[-6.269117644150589,53.38729183829286],[-6.269157852365825,53.3872028299417],[-6.269178266832104,53.38715879133141],[-6.269199329263501,53.38711352908558],[-6.2692063431223675,53.38709844636126],[-6.269666935345334,53.38696109716674],[-6.272399449012072,53.38734398750833],[-6.274727902927627,53.38751002788784],[-6.274984654003641,53.3874716493015],[-6.275873120864336,53.38649582999545],[-6.276094975710876,53.385801139579186],[-6.276168119151732,53.38459676176696],[-6.27570593895353,53.3841751268172],[-6.2694778969568175,53.38392521719404],[-6.269157154023429,53.38378712170316],[-6.269069444484667,53.38325923853905],[-6.269340513425608,53.380832756352866],[-6.269377064666225,53.37925358540354],[-6.269269838322076,53.37826010443588],[-6.269066179649253,53.377690061634155],[-6.2689289360604,53.377435963717666],[-6.268785456553108,53.3772013426255],[-6.268715293494598,53.37708250549757],[-6.268681507209761,53.377022207798284],[-6.2686485682406605,53.37696128986149],[-6.2683386916925246,53.37624293228815],[-6.267791575286061,53.374644884523846],[-6.267530882554922,53.37449190002493],[-6.254281309512817,53.37191046447819],[-6.25331608199184,53.37174263296764],[-6.253277661635462,53.3717347769473],[-6.253207375059716,53.371713380049414],[-6.253097104764711,53.37165193227518],[-6.253039410355544,53.371465415003364],[-6.254185180665286,53.36942459521868],[-6.255339806589859,53.36725514213306],[-6.255651795013361,53.36640750192959],[-6.255635890289156,53.36536295596363],[-6.2559497160878905,53.3643870469292],[-6.2565865379602155,53.36341800331884],[-6.257531394281182,53.36216611337853],[-6.258091115698895,53.36145472564561],[-6.258373507718493,53.36110059468649],[-6.258650237943892,53.36075623846485],[-6.259965811198542,53.35916960391539],[-6.2605602428978315,53.35853595527265],[-6.260640777871417,53.35845008808902],[-6.260681019252129,53.358407155783176],[-6.26072124050447,53.358364225858196],[-6.2607614395852025,53.35832129945673],[-6.260921973327288,53.35814965193936],[-6.26151655842842,53.35752320196872],[-6.261671064377358,53.357353804858704],[-6.261816100871794,53.35722529449396],[-6.262119165559563,53.35705380460252],[-6.262161971599745,53.35703515037405],[-6.262205677689838,53.3570170871849],[-6.2622899921850825,53.35698395790039],[-6.262366679634159,53.356950733939016],[-6.262762564742413,53.356679004169834],[-6.2648331123907655,53.35451835930966]]},"properties":{"route":"19","routes":["19","22","E2","N8"],"category":"radial","colour":"#9467bd","route_colour":"#ffbb78","pdf_colour":"#662484","source":"pdf-future","phase":"future"}},
{"type":"Feature","geometry":{"type":"LineString","coordinates":[[-6.261963798328337,53.46780041013922],[-6.260022748145165,53.46785620977192],[-6.258753039187724,53.467778638310044],[-6.257555062092818,53.4675446036129],[-6.255474128977186,53.46679315676298],[-6.254707656596747,53.4666351822008],[-6.252698407601221,53.46653098840047],[-6.251484321775429,53.46636170563485],[-6.249279251168993,53.46577117898797],[-6.247740368723626,53.46553813571671],[-6.245417520738466,53.46526035975574],[-6.244177674123505,53.46495466475647],[-6.24275409958091,53.464504884428365],[-6.241162211571363,53.46412974827597],[-6.238485064858106,53.46384176251182],[-6.2345231327179285,53.463612232799946],[-6.233328130140391,53.463588285052325],[-6.232100220668532,53.46368988399952],[-6.23167821851653,53.463559439866636],[-6.231216353904488,53.462312372572384],[-6.230908751675134,53.460866478278],[-6.230539037462464,53.46053155643528],[-6.230006454252477,53.460460181320116],[-6.228606160272386,53.460560074529695],[-6.228156406561363,53.46036583929863],[-6.228055170450991,53.45998302554348],[-6.228272439878004,53.459656822139756],[-6.229434351443971,53.45914216187275],[-6.229881649695292,53.45878156750941],[-6.230419233294832,53.455908315492294],[-6.230549944557118,53.455581905820715],[-6.231045884281787,53.45544127213581],[-6.231179347240904,53.45540384411338],[-6.231242883882479,53.455382318048294],[-6.23130414640297,53.45535898278931],[-6.231524291837623,53.455248532444365],[-6.231617907361041,53.45518372952754],[-6.231660222222893,53.4551491055933],[-6.231699397589076,53.455113065517175],[-6.231788267581608,53.45501697034177],[-6.231818534043841,53.45497429412013],[-6.231847346288253,53.45493140045658],[-6.231900976370902,53.45484505317369],[-6.232882800993275,53.45266318052986],[-6.233039826596694,53.45235729852042],[-6.233072013046834,53.452297721074764],[-6.233104020305267,53.4522389083945],[-6.2331679182409525,53.45212349882102],[-6.2332981947452195,53.45190099325842],[-6.233720303981094,53.4513408821595],[-6.234394993623614,53.45070268033658],[-6.2345120299363925,53.45055844097299],[-6.234632114275425,53.45046606204785],[-6.234703238109425,53.45042542636981],[-6.234741370737783,53.450406610170184],[-6.234781141095708,53.45038883818473],[-6.235755435148044,53.449967130315706],[-6.236667754886924,53.44903616822994],[-6.238311038231788,53.4483970558429],[-6.239433172423679,53.44787910081101],[-6.240877318166351,53.4478222621519],[-6.2443100240302725,53.448019344334405],[-6.246315463697324,53.44833473340297],[-6.248922681338517,53.448972454077094],[-6.250885849099081,53.44920299411185],[-6.252794112853897,53.44975365205722],[-6.253928464232731,53.449828335977344],[-6.254690547963181,53.449535862887295],[-6.2552650516143595,53.44858917335545],[-6.255515591603747,53.44736090927752],[-6.2557617462538335,53.44672913180479],[-6.255558813533764,53.44636543955726],[-6.254648948122467,53.44608786426495],[-6.2521541726396,53.44566261288159],[-6.251235237470487,53.445440039556516],[-6.250097263317114,53.44500281565068],[-6.248353338975919,53.44403050741433],[-6.247113713783736,53.44292309499023],[-6.245514656828979,53.44184963752354],[-6.24393224996872,53.44103244583747],[-6.242801956066382,53.44074517095536],[-6.24216014828074,53.44068953838199],[-6.24088607291745,53.44074298206954],[-6.239638122041436,53.44087924004071],[-6.239036505329821,53.44098269893061],[-6.238793800630141,53.44101834949067],[-6.238731112006062,53.44102451386592],[-6.238667325810669,53.44102922111285],[-6.238396005756542,53.44102258278374],[-6.238342623598945,53.44102133850741],[-6.238286851724338,53.44102006172401],[-6.23817060142043,53.441017485723016],[-6.238052180037488,53.441015004954814],[-6.237993694314088,53.441013847212396],[-6.237604277811853,53.440818963523604],[-6.237472944684344,53.440160270208466],[-6.236959759124437,53.4390221609419],[-6.236625653561709,53.43799969116109],[-6.235796590009434,53.433682622433544],[-6.235802003888992,53.43238357512126],[-6.236288891630086,53.43115717339151],[-6.236521208268011,53.4308191874187],[-6.236593552006843,53.4307112615563],[-6.236675631948959,53.43058784217033],[-6.236859645907528,53.43030782925098],[-6.237517423097679,53.42923335779526],[-6.237772926376936,53.42792255174098],[-6.237196388058624,53.42550683955903],[-6.2371776376300225,53.42545562537452],[-6.237163883868082,53.425417826343114],[-6.237147834138971,53.42537356377707],[-6.237070021519657,53.425156844538435],[-6.236992857300962,53.42493657423323],[-6.236977172297198,53.42489031419223],[-6.236963864310684,53.42485007380256],[-6.236946248583164,53.42479264525154],[-6.236484226358237,53.42262611657646],[-6.236652248054289,53.42081615094336],[-6.2368832271867785,53.42024793309906],[-6.23705978259624,53.41992420652683],[-6.237088466534086,53.4198742411131],[-6.237118126674897,53.41982286928002],[-6.23717978313919,53.41971675187713],[-6.237308293814931,53.41949694077398],[-6.238030800158521,53.41862014813578],[-6.2396682775117664,53.41729318792198],[-6.2431998339768295,53.41538428465898],[-6.2439519102103365,53.414821365322],[-6.244305062810124,53.41452223002525],[-6.244479392787328,53.414369377906866],[-6.244647739148529,53.41421852471576],[-6.245343746542856,53.413531303147565],[-6.245418056117095,53.41298386466777],[-6.2447910597216145,53.41108772615112],[-6.244424180522328,53.40832929437021],[-6.244102909141489,53.407472584026884],[-6.242995161601662,53.405688665118404],[-6.242754061175139,53.404828243194906],[-6.242843182273584,53.404315779269076],[-6.243423742608029,53.40332193523195],[-6.245125352525612,53.401238687881005],[-6.246131295179638,53.39962308512641],[-6.2465916023598265,53.399196221542844],[-6.2478735895400375,53.398267507189324],[-6.24839855350369,53.39749281146077],[-6.2481664409863455,53.39635973850929],[-6.248816287010505,53.39550623258653],[-6.2489541813328655,53.39526421140078],[-6.249089934714868,53.394924613233826],[-6.249098484779795,53.39490298680544],[-6.2491072482800245,53.3948809794929],[-6.249116234682844,53.394858581570915],[-6.249154598665774,53.39476488928251],[-6.249197286473164,53.39466416921907],[-6.2492236265573755,53.39459616836682],[-6.249302162181288,53.394067099279695],[-6.249269757878948,53.39294625436428],[-6.249555645874193,53.39099931573407],[-6.24956723813884,53.39086033096826],[-6.249575773337378,53.390697310693966],[-6.249581393053275,53.390514213968764],[-6.249577548759811,53.389660243710544],[-6.249472958380349,53.388192187054834],[-6.249221102315781,53.38753940953125],[-6.2487638752920285,53.38678045718697],[-6.248209540215544,53.386297145596316],[-6.247613168045433,53.38597086196801],[-6.246140668872658,53.385662876081184],[-6.2455285558799405,53.38532035845059],[-6.2454231826289845,53.38501657623082],[-6.245637578017739,53.38280339212468],[-6.246135667467166,53.38135038297181],[-6.246595316047829,53.380390434918844],[-6.2467073196052425,53.3801754581868],[-6.246814045428017,53.379975704409055],[-6.246913436366383,53.379793783006534],[-6.247003435270572,53.379632303400165],[-6.247329468097706,53.379083708583586],[-6.247720691842457,53.378510851578675],[-6.247780938305629,53.3784307473385],[-6.247841871323903,53.37835104558717],[-6.247965259980297,53.37819280871124],[-6.248467553307413,53.37756239944415],[-6.2485287755538295,53.37748395746854],[-6.248559255071227,53.37744456512889],[-6.248589642087133,53.377405085599825],[-6.248710193671637,53.37724670126647],[-6.249206457817179,53.37658514547732],[-6.249600848223525,53.376086895633975],[-6.250310277801926,53.37536146852389],[-6.251504606411387,53.37432111105086],[-6.2516883775952,53.374150280276076],[-6.251777055364873,53.374064312802],[-6.251863343299605,53.37397780833898],[-6.252180827387321,53.37362388663026],[-6.253010901342992,53.37230458148579],[-6.253251111175243,53.37184282618983],[-6.253309580916254,53.371727901907335],[-6.253417082948898,53.3715160414071],[-6.253516804974267,53.37132034993277],[-6.253722150407971,53.3709263290687],[-6.254520056143935,53.3695585464052],[-6.255820479862168,53.36705937050069],[-6.256076280543953,53.36610150791055],[-6.256018305557325,53.36537761410228],[-6.256322694423838,53.36445070326803],[-6.256943852124704,53.36350760173848],[-6.25788425564053,53.362261389687454],[-6.258441162879753,53.361553376677875],[-6.2587221069846874,53.36120094670807],[-6.258997402504598,53.36085825472576],[-6.260305849523193,53.35927935324364],[-6.260941265764569,53.35860287727157],[-6.26102176004668,53.35851698813268],[-6.2610619761806685,53.3584740264548],[-6.261102168927518,53.35843105176069],[-6.26122258647703,53.358302037501375],[-6.261997777290716,53.35747073460705],[-6.262183607653475,53.35727342107061],[-6.262207047213447,53.357072289374024],[-6.262191727481109,53.3570506589451],[-6.262173054226047,53.357029684294254],[-6.262125899478143,53.356990261167475],[-6.262066087630507,53.35695513767503],[-6.261347208109896,53.356631064222064],[-6.259765821248668,53.35506828903255],[-6.257630029946714,53.353181569156966],[-6.257397127377158,53.35295946932557],[-6.257352581782888,53.35291590109412],[-6.257308023439922,53.352872064062936],[-6.257222609442522,53.35278717176307],[-6.257074317702601,53.35263302984796],[-6.256824144705859,53.352340780880134],[-6.256682533507787,53.3521743353174],[-6.256506811800673,53.35196732740088],[-6.256453191626546,53.351904222334106],[-6.256399359657501,53.35184086634606],[-6.256345323386209,53.351777289058134],[-6.2562366679075705,53.351649589068174],[-6.256017235000889,53.351392836830655],[-6.255906577455594,53.35126425852527],[-6.255851039634309,53.35120002250078],[-6.255795372437496,53.35113586139026],[-6.255683679887968,53.351007882396715],[-6.255470749740375,53.35076534557076],[-6.255392560942189,53.350676127363485],[-6.255314458437713,53.350586918452784],[-6.255236371401267,53.35049764036827],[-6.255158229007172,53.35040821463957],[-6.255079960429747,53.35031856279634],[-6.255001494843311,53.35022860636819],[-6.254684245893877,53.34986416539908],[-6.254522597897423,53.34967807717546],[-6.254440770128882,53.349583791482594],[-6.254358178745893,53.34948857344186],[-6.2537619132927675,53.348777469811445]]},"properties":{"route":"19","routes":["19","21","22","24","A2","A4","D4","L81","L85","X79"],"category":"radial","colour":"#9467bd","route_colour":"#ffbb78","pdf_colour":"#662484","source":"pdf-future","phase":"future"}},
{"type":"Feature","geometry":{"type":"LineString","coordinates":[[-6.248897755569455,53.352601597331024],[-6.249991032972671,53.35152558494091],[-6.250166659854956,53.351463902579184],[-6.2564343037645695,53.350542315148836],[-6.256544487986785,53.35052257305343],[-6.256743924449161,53.35046598237495],[-6.256912967338592,53.35038926047107],[-6.257225580841873,53.34994531879697],[-6.256911570662114,53.34931433450192],[-6.256220498547454,53.34888911221065],[-6.255434032013519,53.348859403673245],[-6.254447153318633,53.34902778427315],[-6.2541727183151075,53.34913762457849],[-6.254098110063668,53.34916725999048],[-6.254058565715543,53.34918244639358],[-6.254017510473578,53.34919777875499],[-6.253837919383758,53.349259070187614],[-6.253789113784926,53.34927400914346],[-6.2537387189371865,53.34928864477876],[-6.253633109258278,53.34931670656847],[-6.252977879895333,53.34944423764724],[-6.252670748498955,53.34958354197185],[-6.252539912481492,53.34968270283432],[-6.252497031703974,53.34971443340776],[-6.252450840472557,53.34974585683028],[-6.252230239742518,53.349865018296164],[-6.250807933136282,53.350274731159544],[-6.250669553277172,53.350419006332196],[-6.250646470097131,53.350459336470216],[-6.250639326990771,53.35047371253318],[-6.2506322374398895,53.35048793305024],[-6.250625215823098,53.35050197153624],[-6.250604702363382,53.35054272995619],[-6.250546659075331,53.3506558562771],[-6.25038405938066,53.35094494744006],[-6.249911255061876,53.35160297473215],[-6.248897755569455,53.352601597331024],[-6.248274069049551,53.35318202979227],[-6.247473598330201,53.353958272492456],[-6.2472434192132615,53.354177991360665],[-6.247048824167027,53.35435771792248],[-6.246848605172429,53.35453480081476],[-6.246433057780811,53.354881568155],[-6.245553862486556,53.355549237008184],[-6.242688683468571,53.357522389648764],[-6.241978634037944,53.35808501168785],[-6.24164385324605,53.35837269746691],[-6.241481655413739,53.358518028068836],[-6.241322969417294,53.35866431010664],[-6.239687753236356,53.360263528313084],[-6.238282650347309,53.361523860397284],[-6.237863634295299,53.36177601052185],[-6.236737433920154,53.362193995905145],[-6.234374429382225,53.36294820678255],[-6.233454005298874,53.36314953671148],[-6.233204508266318,53.36319062651977],[-6.232946137764211,53.363227147879776],[-6.2326783352601245,53.36325866510216],[-6.232400542221627,53.36328474249757],[-6.231178294074906,53.363325940022484],[-6.229189113577312,53.36327878065212],[-6.229083940377461,53.363269049814846],[-6.228979326799708,53.36325731239524],[-6.228772137255094,53.363227884563905],[-6.228669740660535,53.36321022752959],[-6.2285682624326775,53.3631906306678],[-6.22836841982167,53.363145684216626],[-6.228173326911283,53.363093178720064],[-6.227493526269086,53.362882033636616],[-6.227384414519528,53.362858241690425],[-6.227269623979993,53.36283651051978],[-6.227150204391094,53.36281665377054],[-6.225654138222401,53.36264429724616],[-6.225327111713616,53.36259011641738],[-6.225017745165866,53.36253645541039],[-6.224441699769052,53.36243101303066],[-6.223130522367723,53.362182106917906],[-6.22143230052116,53.36192258531152],[-6.218758133321095,53.361581610174085],[-6.217411542358642,53.36125591388995],[-6.215699996263126,53.36073851242484],[-6.21270969944992,53.35973515707109],[-6.211184961410513,53.35941232518739],[-6.209851287354644,53.35925569408394],[-6.208490362220518,53.35917515656839],[-6.205885280051418,53.359152349855464],[-6.203376680727928,53.359238203451326],[-6.202669469784414,53.35921709681318],[-6.202320831366411,53.35919104340198],[-6.202146466182263,53.359174264529024],[-6.201971579780939,53.359155031013344],[-6.198526480954281,53.35864081698072],[-6.196569776322813,53.35841078399818],[-6.195211651079309,53.35808979236673],[-6.193595389696788,53.35749422695983],[-6.192405266844245,53.35724574771109],[-6.191311056522416,53.357195167051636],[-6.190069307762177,53.35733325025995],[-6.188267588887756,53.3576620893335],[-6.1856492938271765,53.35844227398629],[-6.182938440472043,53.35905094494762],[-6.181845309401347,53.35941519187574],[-6.18156546745253,53.359517198646536],[-6.181426627559263,53.35956901827066],[-6.18128847027195,53.35962138316438],[-6.180742095460082,53.35983631209204],[-6.178515417251914,53.36081188609811],[-6.177995218940841,53.3611138838788],[-6.177796331504285,53.36123866802421],[-6.17760103320676,53.36136590927117],[-6.177409085385545,53.361495362729904],[-6.177220249377916,53.36162678351065],[-6.176850958152535,53.36189454747904],[-6.175450533250231,53.362995318277825],[-6.171977596528458,53.36561917011521],[-6.1721636009635485,53.36606613218045],[-6.1736226420183975,53.36655078870396],[-6.173779594328853,53.3666020326018],[-6.173930669926078,53.366650944484064],[-6.17420990657272,53.36673979694719],[-6.174688812415497,53.366881741622336],[-6.178108441834337,53.36778144541032],[-6.179716825361531,53.36831460535021],[-6.180698998776081,53.368456934665936],[-6.181215775726608,53.36827516373729],[-6.181465262951461,53.36753863540999],[-6.181529522482718,53.36735285725252],[-6.18155952020387,53.36726721035694],[-6.181587511058224,53.36718820712152],[-6.181655051141884,53.3670046759117],[-6.182379603790096,53.365179169661104],[-6.182737024757698,53.36486383068793],[-6.1834980747451604,53.36477924904977],[-6.1841303399356375,53.36483606325499],[-6.184867572368457,53.364927993073444],[-6.185074961066801,53.36495126646296],[-6.185444606895097,53.36498977467948],[-6.185629515591311,53.36500881486829],[-6.185721989968573,53.36501826315561],[-6.18581447715904,53.36502765658976],[-6.186554787397215,53.36510020098681],[-6.1870853123355065,53.36493650204918],[-6.187124945443464,53.36463935504132],[-6.187126169903573,53.36435756282717],[-6.18712272561074,53.36400512503914],[-6.187123249107485,53.36386436734737],[-6.187124455757623,53.36379407855314],[-6.1871264715085355,53.36372386428032],[-6.187129043224921,53.36365707278537],[-6.187136007425727,53.3635229502043],[-6.187167794082888,53.363049788053864],[-6.187185508987336,53.36261267345097],[-6.1876771190266675,53.36237883263909],[-6.189126131095412,53.36247486009993],[-6.191388833941274,53.36270454526329],[-6.194305692790135,53.36288258657759],[-6.194577137517119,53.36311181665835],[-6.194534609348522,53.36433974387399],[-6.195108784353217,53.36471017932602],[-6.195404531722136,53.36473018464506],[-6.195746533678461,53.36475354681871],[-6.19654267086425,53.36480888190694],[-6.198397064904828,53.36494377628699],[-6.1988764355494395,53.36498041768273],[-6.199348799803297,53.36501749628731],[-6.200245878649674,53.36509150530014],[-6.201663024273511,53.36522871178035],[-6.203610437684912,53.36553017336383],[-6.204072315409597,53.36537346161847],[-6.204673031467601,53.363513088745165],[-6.204872471146536,53.362144336480114]]},"properties":{"route":"10","routes":["10","6","8","N2"],"category":"radial","colour":"#9467bd","route_colour":"#ffbb78","pdf_colour":"#662484","source":"pdf-future","phase":"future"}},
{"type":"Feature","geometry":{"type":"LineString","coordinates":[[-6.336979058292591,53.37469700564048],[-6.335465989600535,53.3747259903925],[-6.334741929166368,53.37536475637997],[-6.330987512193387,53.375332576021826],[-6.3299375127095665,53.37535209384971],[-6.328462818118301,53.3755484511451],[-6.327801701269333,53.37529600511679],[-6.327355211942597,53.3748022248742],[-6.325757930958598,53.37444044356639],[-6.32465510379069,53.373955083545994],[-6.323248460410443,53.373976088757296],[-6.319813932394226,53.373930074843436],[-6.317611453063361,53.3739943357121],[-6.317254842689458,53.37413386863302],[-6.316302140181094,53.37493482602365],[-6.314662007332672,53.37460995845701],[-6.314025821000966,53.374643245043984],[-6.313380604734418,53.37492688845378],[-6.3128413747526935,53.374766586027874],[-6.311544337396767,53.37384372146986],[-6.310356286102932,53.372739421778945],[-6.310159139907809,53.37252542984851],[-6.3100678320514305,53.372421280197685],[-6.309983016788321,53.372320394104925],[-6.3099059309428425,53.37222379608158],[-6.309405002379213,53.37159311935921],[-6.308847139323057,53.36981401449269],[-6.309120966363362,53.368983214766146],[-6.3087910187449605,53.36808712995932],[-6.308408012297397,53.367651214986246],[-6.30767087906843,53.367175773858705],[-6.307419879916772,53.36708226826036],[-6.307297636308883,53.367036434394194],[-6.307178146207292,53.36699140065659],[-6.306736463778964,53.36682207959028],[-6.306118159533485,53.366564595125276],[-6.305137152582282,53.36599829066279],[-6.304565098020073,53.36584903180469],[-6.303171914084064,53.36582328615829],[-6.302652620035366,53.365813937713554],[-6.301507127889021,53.3657898438815],[-6.29798913463394,53.36563826163824],[-6.295970177568667,53.36546265390351],[-6.294970336659888,53.36533123931],[-6.29447297828285,53.36525190869893],[-6.29397738611791,53.365162459446765],[-6.292218440899259,53.36470537370911],[-6.291575126174153,53.3643586894984],[-6.29059965354971,53.363649868103316],[-6.2901277648739535,53.36346881571988],[-6.287210403883507,53.36302871485057],[-6.28445022589775,53.362526403831644],[-6.284058834312004,53.36218024253231],[-6.284378788691247,53.360395317794925],[-6.284475188645717,53.35979192602387],[-6.284476662616095,53.35976868806791],[-6.284466765681267,53.35972350120298],[-6.2844411704994,53.35968096480146],[-6.284349741012506,53.359608315712435],[-6.284096380940182,53.359544355868515],[-6.27763031820135,53.359323379946794],[-6.2772818133292905,53.35926910652631],[-6.275939772229076,53.35886123301847],[-6.275803148930169,53.35882549001165],[-6.273218345584117,53.35876066830602],[-6.272988575123796,53.35875121865583],[-6.2728733553360545,53.35874558446593],[-6.272757853287163,53.35873939433808],[-6.272292134138679,53.35870982902622],[-6.271129742157699,53.358619263536895],[-6.2707769697773115,53.35840343272892],[-6.27070500648586,53.35776956666645],[-6.270425687527045,53.35740279570254],[-6.268770433885035,53.35590021544578],[-6.268631547357316,53.35539194988276]]},"properties":{"route":"36","routes":["36","L62"],"category":"radial","colour":"#9467bd","route_colour":"#8c564b","pdf_colour":"#662484","source":"pdf-future","phase":"future"}},
{"type":"Feature","geometry":{"type":"LineString","coordinates":[[-6.251503677644864,53.348489006715475],[-6.254299254827425,53.35177197584018],[-6.25539549995909,53.35304235562175],[-6.2555998784665245,53.353301745830606],[-6.2556240698173236,53.35337564315508],[-6.255624689091493,53.35340924422795],[-6.255619088955469,53.353440527631136],[-6.255593525024712,53.353495883598214],[-6.255454068275451,53.35361324400338],[-6.252057318927521,53.35484550383724],[-6.25094019702735,53.355290607545456],[-6.249931796355524,53.35577301609287],[-6.249673967159075,53.35589509859975],[-6.249544809257597,53.35595598336964],[-6.249286429263959,53.35607771405413],[-6.249028526903848,53.356199758414014],[-6.248516858545489,53.35644654247564],[-6.247561010282094,53.35696757907076],[-6.244630073640957,53.358761677006626],[-6.2440786612966654,53.35913789127613],[-6.243707464169878,53.359415654095805],[-6.243634482737152,53.35947192319367],[-6.243562415266949,53.35952860885246],[-6.243422036232178,53.35964348495947],[-6.243163399911667,53.35988104207777],[-6.242513514349967,53.360960740781685],[-6.2419417034906735,53.361272293625156],[-6.240300106437905,53.36156189494643],[-6.240201504434983,53.36170673366332],[-6.240445222724671,53.36455190154077],[-6.240694902805555,53.36563848309334],[-6.240703079281043,53.36571096478271],[-6.240708169366616,53.36578602740955],[-6.2407077030687494,53.36593625936107],[-6.240599557150009,53.3665342746033],[-6.240508956337963,53.366828224168415],[-6.240397637667957,53.36716690172155],[-6.240354099083821,53.3672999493019],[-6.240310692384815,53.36743301528306],[-6.240138256757247,53.36796544970688],[-6.240095413721761,53.36809859756038],[-6.240052664266552,53.368231759762004],[-6.2399674205604025,53.36849812450782],[-6.239924913541178,53.36863132570112],[-6.239882474565664,53.36876453854074],[-6.239797775209201,53.369030996457155],[-6.239719091362598,53.369253712463],[-6.23969019095119,53.369336019067546],[-6.239659127290624,53.36942481241399],[-6.23959432387608,53.369611400373884],[-6.239480708251803,53.36994736865095],[-6.23944450274468,53.37024856382459],[-6.239008560395936,53.37038699708349],[-6.237754903116393,53.36998071605933],[-6.237339982977737,53.36984409729966],[-6.237133172954239,53.36977570379503],[-6.236926824144068,53.369707295489754],[-6.229265070343103,53.3671628906362]]},"properties":{"route":"6","routes":["6","73"],"category":"radial","colour":"#9467bd","route_colour":"#2ca02c","pdf_colour":"#662484","source":"pdf-future","phase":"future"}},
{"type":"Feature","geometry":{"type":"LineString","coordinates":[[-6.27072766969896,53.34236178406599],[-6.27139408349515,53.342283763425776],[-6.2729155448742295,53.34253138386338],[-6.2739208969473,53.34254257892763],[-6.275363354206355,53.34239290262956],[-6.27737638820282,53.342361765663],[-6.278605395342678,53.34250315829396],[-6.280467809094524,53.3428392234429],[-6.281484145181052,53.34293303030705],[-6.285122962326425,53.34314580510571],[-6.286668979861535,53.34312713051799],[-6.28840538088198,53.34301093988049],[-6.289479646586381,53.342826114570634],[-6.290178193858864,53.342323531838666],[-6.292237585734666,53.341896444730345],[-6.293940064796,53.34174156906449],[-6.294170533444329,53.34172053800018],[-6.294217778949791,53.341714644056005],[-6.294262259909205,53.34170603380769],[-6.294303786335696,53.34169489387094],[-6.2943772156424,53.34166577139489],[-6.2945147541768804,53.34148541709234],[-6.293845573150006,53.34055515331941],[-6.2939765099424925,53.340371243540986],[-6.29611872993902,53.33987653548596],[-6.2973960974213306,53.33972353060655],[-6.298690391145057,53.339426518096204],[-6.29949827954087,53.33885779315926],[-6.2996917814248965,53.338286942378566],[-6.30008693743319,53.33815021249693],[-6.306504204794424,53.3387197285683],[-6.306871489702807,53.338572590852635],[-6.307093954662303,53.3377449533822],[-6.306459300700081,53.336909753052325],[-6.305433617185261,53.336151169699654],[-6.304715185445208,53.33518025727064],[-6.3044318978955305,53.33427966477669],[-6.304338168261004,53.33331188888086],[-6.304983914648195,53.33294816398881],[-6.308097053157814,53.333036300363126],[-6.3109104579525885,53.33293867322914],[-6.3127684324669255,53.3325978533026],[-6.314677993309387,53.332176092326634],[-6.316682821785635,53.3314218056488],[-6.318754034434378,53.330415246977466],[-6.320415540940091,53.329911567614964],[-6.32249407820982,53.32949657665625],[-6.322530433586033,53.32948800509486],[-6.322564077294988,53.32947752314539],[-6.322594905870157,53.329465280168385],[-6.322687999502434,53.32940168519538],[-6.322692422902932,53.329213826999414],[-6.319399461565251,53.32515685150034],[-6.319674879790251,53.32486433538511],[-6.321920592322434,53.324697127528665],[-6.32511683268575,53.324368178629605],[-6.326042142210808,53.32407435056733],[-6.326443550909662,53.323702274415766],[-6.326640239426412,53.32352546663266],[-6.3268459139007645,53.32334348045868],[-6.327559183665485,53.32271510570579],[-6.328322758872078,53.3220147387969],[-6.328908417606908,53.32141203145337],[-6.329294098198993,53.32135423171412],[-6.330284519261379,53.32163069545064],[-6.330315151995299,53.32191242706458],[-6.330746900084448,53.32226724707324],[-6.331558600791454,53.32239638721391],[-6.33318755350344,53.32201250848848],[-6.333342040148857,53.321779452382906],[-6.3327845693620075,53.321188164901194],[-6.33185999050992,53.32079200737543],[-6.331227616219185,53.32065960194986],[-6.330820929054052,53.32076871913643],[-6.330284519261379,53.32163069545064]]},"properties":{"route":"72","routes":["72","73","D2","S2","S4"],"category":"radial","colour":"#9467bd","route_colour":"#aec7e8","pdf_colour":"#662484","source":"pdf-future","phase":"future"}},
{"type":"Feature","geometry":{"type":"LineString","coordinates":[[-6.253798725824332,53.33893223091526],[-6.253347357794985,53.33879710398851],[-6.25275706398719,53.33828941487332],[-6.252708174720483,53.33801331713774],[-6.253345982430415,53.33698119688836],[-6.253883100840007,53.33620082899677],[-6.253994796255561,53.33604112038296],[-6.254089017139437,53.3359069732594],[-6.254224628316316,53.33571494156345],[-6.255269445207883,53.33541608539704],[-6.256674992040973,53.33542921928812],[-6.260818765142476,53.33644071006176],[-6.263191310109375,53.33639130368276],[-6.2639241277857325,53.33649509983763],[-6.264027574444475,53.33651785384847],[-6.264130375804785,53.33654152853368],[-6.264330109752201,53.33659013687207],[-6.264515463872171,53.33663791874247],[-6.264600290448173,53.336660560342715],[-6.264713231964833,53.33669110308773],[-6.265146638402707,53.33676655533403],[-6.266708240319184,53.336949504248466],[-6.268032725843579,53.33742107609852],[-6.2702630741198755,53.33787708021765],[-6.27018307102122,53.33686948987015],[-6.270921516956117,53.3351846045757],[-6.271843983188932,53.333993574907765],[-6.272180804431044,53.33339555342895],[-6.2723514430517655,53.332697070022746],[-6.272337622009795,53.33226314537611],[-6.272292172569588,53.3320355906436],[-6.272264825018714,53.33191930483747],[-6.2722506220229635,53.33186055228224],[-6.272232950526294,53.331787706051756],[-6.272215586223325,53.33171433091258],[-6.272198878140337,53.3316404911731],[-6.272190879252047,53.33160341717461],[-6.272183175303607,53.331566251141695],[-6.272156181474041,53.33141682743669],[-6.27213739694486,53.33126657426465],[-6.272116135076035,53.33052979797417],[-6.272245010437196,53.32944259435919],[-6.272822471306972,53.328359620728605],[-6.273824453610941,53.327139139531226],[-6.275114832447114,53.32533400651616],[-6.275375058626899,53.32409203001457],[-6.275761497466746,53.32297461627488],[-6.275936444484004,53.3221843811591],[-6.275863302790487,53.32173972665516],[-6.275252093719207,53.3205504503733],[-6.275034247155336,53.31971132949902],[-6.275059334371386,53.31929519597389],[-6.275100971060793,53.319088883098196],[-6.275160323311837,53.31888408125523],[-6.275236131255059,53.318681046776085],[-6.275327135020996,53.31848003599188],[-6.275549690543168,53.318085110832705],[-6.276121717203782,53.317330823422246],[-6.277689874891951,53.31553654920888],[-6.2781624211293385,53.314844009985414],[-6.278224278209316,53.31447664215785],[-6.277850200010335,53.31362611803494],[-6.278048373831058,53.312405786524344],[-6.278387757367552,53.311257518479735],[-6.2790781900326715,53.310873369089464],[-6.279091090539089,53.3108158071445],[-6.279105529228519,53.31075140610416],[-6.279137794143238,53.31060763228738],[-6.27915500686194,53.310531032285965],[-6.279172530750477,53.310453138739206],[-6.279207285023886,53.31029901655971],[-6.279267030463809,53.31003625070705],[-6.279287113577621,53.30994978923403],[-6.279293634096462,53.309922641217135],[-6.279297398252199,53.30990806352999],[-6.27939046365061,53.309535131752035],[-6.27946442089855,53.30895619830127],[-6.27932244606024,53.30778891459944],[-6.2787310399686485,53.30625856418349],[-6.278572294531615,53.305021227637084],[-6.278926177675946,53.3036165581523],[-6.278693376022563,53.301499451242826],[-6.27841626658449,53.30048200001267],[-6.278510622462288,53.29984541533903],[-6.2790433983146565,53.29898182806316],[-6.279511772834713,53.29877741099917],[-6.280734865661557,53.2988249018067],[-6.282088124640202,53.29864541502911],[-6.284304674336095,53.29799873445705],[-6.284880378182403,53.297916284398966],[-6.2884127508780985,53.29760064061845],[-6.289442540973099,53.29744739813711],[-6.290514261367624,53.297183084237396],[-6.290821657433853,53.29699868076466],[-6.290922341912599,53.29683854392046],[-6.2909332502483615,53.296795586196424],[-6.290938184669483,53.29675183578787],[-6.290915800439636,53.29661771205861],[-6.290691965036829,53.29590666095359],[-6.291283356245979,53.29342947126911],[-6.291368644282085,53.29267800019479],[-6.291319109447196,53.29155675701586],[-6.291400050472848,53.2908298177272],[-6.291883274462375,53.289683152591486],[-6.291664070469907,53.28943044871456],[-6.289952534637542,53.28892031688667],[-6.286695081059988,53.2876285670062],[-6.286675428923996,53.287351352898604],[-6.287570174049646,53.28668449996816],[-6.2882740017164185,53.28593414567888],[-6.288834551783877,53.28494358629083],[-6.29012576740299,53.283527699003365],[-6.290166710618256,53.28345196745024],[-6.2902010385556775,53.28335200522349],[-6.29021352478689,53.283329735731506],[-6.290229753694927,53.28330874225614],[-6.290671372285402,53.28319284886395],[-6.294010559642612,53.283573351103264],[-6.2961872168094555,53.28360655492768],[-6.29729831325019,53.28343124945375],[-6.298651136154681,53.28288169983806],[-6.2991918126384245,53.282483714465194],[-6.300484452352887,53.28096257790016],[-6.299995936032629,53.28072428215604],[-6.29651546394266,53.28051046479927],[-6.295115553651715,53.28070275276769],[-6.293619227073439,53.28101517585982],[-6.2931766056190055,53.2808044093756],[-6.293843673275963,53.2787586193824],[-6.294340530913448,53.27680731219851],[-6.2950218986626,53.27608901732699],[-6.296771743168858,53.27501768746699],[-6.297862695063721,53.27453024020931],[-6.298763479571608,53.274435275345304],[-6.300229889157303,53.27446212595474],[-6.303301187381877,53.274317152712335],[-6.305236981343363,53.274452235115405],[-6.307008879289118,53.274744633336255],[-6.307886730918673,53.27481077550678],[-6.309150368345836,53.2746410412372],[-6.310076494362595,53.27438096800767],[-6.311518307035193,53.27356286122437],[-6.312200686067586,53.27339488289861],[-6.314043123949239,53.27336553372522],[-6.31730175371552,53.27278886669757],[-6.322818770677222,53.2714518813275],[-6.32617648497323,53.27060481587391],[-6.327088648678575,53.270405646028294],[-6.328488184983715,53.27024294086949],[-6.329358731942232,53.27028010990647],[-6.330936345814752,53.27069903328076],[-6.331844799557832,53.27118984177817],[-6.333294029451778,53.271453162097174],[-6.336156480278826,53.27190279023959],[-6.337588368809416,53.27249660687813],[-6.338629753139042,53.2727444527011],[-6.3401871655234245,53.27296430442601],[-6.341614241042733,53.27328584652951],[-6.342435303959307,53.273368560460675],[-6.343685906037787,53.2738384715215],[-6.344779819917533,53.27476238873133],[-6.344855892047356,53.27503271306616],[-6.3438078662260535,53.27520544813004],[-6.3435644713121,53.27543068714483],[-6.344031501697769,53.27593320623214],[-6.3452573776115,53.2760443789576],[-6.345466587746098,53.27609650159654],[-6.345563266517689,53.2761300785904],[-6.345610287309423,53.27614802329684],[-6.345633550929258,53.276157194363805],[-6.345656681602208,53.276166463491876],[-6.345697682529656,53.276191803740595],[-6.345791276422422,53.27621602480116],[-6.347013411350196,53.2762805515545],[-6.348904724726141,53.27691805334616],[-6.350165809042949,53.27744101788158],[-6.350318025126877,53.27753735134318],[-6.350441292051559,53.27762192718],[-6.350561421178896,53.277706760492855],[-6.350589175033466,53.27772660665977],[-6.350615540678083,53.277745533990974],[-6.3506631536593625,53.27777988420392],[-6.350873799725386,53.27781081809043],[-6.350916527792756,53.27779924669653],[-6.3509635830322715,53.277786579485245],[-6.3510675550480125,53.277758896678115],[-6.351293105368209,53.27770071099879],[-6.351639912298494,53.277625647165436],[-6.359890836716223,53.27788563094416],[-6.363543370960432,53.27798599675387],[-6.36703582465345,53.27805157843477],[-6.367584068111814,53.27833070998645],[-6.3680591020375035,53.279562217661564],[-6.370023841854446,53.28511700113448],[-6.369923463935807,53.28560448368346],[-6.370015082618053,53.286473424331774]]},"properties":{"route":"74","routes":["74","85","A1","A2","A3","A4","F1","S6","S8","X47"],"category":"radial","colour":"#9467bd","route_colour":"#ff9896","pdf_colour":"#662484","source":"pdf-future","phase":"future"}},
{"type":"Feature","geometry":{"type":"LineString","coordinates":[[-6.268249550685276,53.35538610345542],[-6.268236491844728,53.355716093419765],[-6.268668662535025,53.356212348355996],[-6.270102574541926,53.35750596268479],[-6.270631353207777,53.358699078002466],[-6.271100522275922,53.35883261853957],[-6.272274750678762,53.35892391190228],[-6.272748160480305,53.358953862782364],[-6.272865910863701,53.35896015314786],[-6.272983541892178,53.35896588960066],[-6.2732186888281305,53.35897555082641],[-6.2753953938044305,53.35899542031936],[-6.275781039044415,53.35905013932774],[-6.277117419907557,53.35945676432513],[-6.277637001279648,53.35953833646911],[-6.279846346577659,53.35960010512038],[-6.281330697542889,53.35965419707284],[-6.282320248847964,53.35969153310129],[-6.2838045364083985,53.35974816306496],[-6.284299285344718,53.35976694939793],[-6.2847940262066615,53.359785583389346],[-6.287267582469004,53.35987421742691],[-6.295840425312508,53.36013521171791],[-6.301298209629847,53.36033403667315],[-6.304999928527061,53.3614629474151],[-6.305651096147913,53.36165850241126],[-6.306332259340574,53.36186095733861],[-6.306692409612956,53.3619674929832],[-6.306876603229704,53.36202189051673],[-6.307063247761698,53.362076966016225],[-6.310437889982918,53.363074355274584],[-6.310817495062984,53.36318763606677],[-6.3111963328898115,53.36330109341371],[-6.311948338086922,53.363527747924735],[-6.315105020211541,53.364500683987714],[-6.317273452160088,53.365111939255875],[-6.318837818640901,53.36547367590512],[-6.321787022208053,53.36607448649694],[-6.323699818535908,53.36652592895757],[-6.331574202709282,53.36882899395946],[-6.334041058344625,53.36957251979049],[-6.335610408565156,53.37006329571504]]},"properties":{"route":"34","routes":["34","35","37","48"],"category":"radial","colour":"#9467bd","route_colour":"#7f7f7f","pdf_colour":"#662484","source":"pdf-future","phase":"future"}},
{"type":"Feature","geometry":{"type":"LineString","coordinates":[[-6.476229442428439,53.27895955491403],[-6.475000961818392,53.27971490091298],[-6.474677556393212,53.28023228990368],[-6.474643298035761,53.28100781534359],[-6.474196177934213,53.281448444265216],[-6.472379425739922,53.28219483163148],[-6.471286403347716,53.2821719206545],[-6.466966777644456,53.282326540184954],[-6.464400692450004,53.282559710789414],[-6.462146581111444,53.2829646394865],[-6.461503672881528,53.28312684078007],[-6.458901916987319,53.28422090083287],[-6.458039023486861,53.284460709864724],[-6.456821969504465,53.28452479306124],[-6.4546454323033835,53.28438908052382],[-6.453715505589837,53.28446507878945],[-6.4529506066981215,53.28469381700435],[-6.452193097732259,53.28535279483696],[-6.451165286464036,53.28521304228141],[-6.449406845885347,53.28392145618061],[-6.4484872485422775,53.28291551712294],[-6.447966867543266,53.28278286406662],[-6.44686553179118,53.282917290857824],[-6.445732005935841,53.282936628645324],[-6.444727065763602,53.28278506252806],[-6.442631558770858,53.28231294765262],[-6.441901960604559,53.282043276107636],[-6.44136047741681,53.28158294960678],[-6.440570659515323,53.281504742816466],[-6.439520624444291,53.281907467738904],[-6.438570708049842,53.282687625226124],[-6.437751321599746,53.283930448730835],[-6.437319196846569,53.28477614338383],[-6.4370620009252075,53.28564964685817],[-6.4369353612909155,53.28718795372348],[-6.43662968068671,53.288238214611376],[-6.4366390040777635,53.28907910001703],[-6.436407692085015,53.28966609319445],[-6.435096245130543,53.29107392065033],[-6.434862524605062,53.29117083130481],[-6.429615302508415,53.29181360539209],[-6.4281736960456675,53.291929064691395],[-6.425773666952963,53.29206186497201],[-6.425535184383559,53.29207038031611],[-6.42520028015679,53.29207996829361],[-6.425104651570296,53.292083037882904],[-6.425056880184869,53.292084726539194],[-6.4250091462540535,53.29208654412558],[-6.424678477228197,53.29227662936341],[-6.424678346734035,53.29229736831944],[-6.424680004149394,53.29232032187711],[-6.424680187711504,53.292323439710685],[-6.4246806127524865,53.292332538364576],[-6.424684419878237,53.29264814159957],[-6.424778269956476,53.29294762963508],[-6.425354239966944,53.29333994197081],[-6.425351022668303,53.29355222499674],[-6.425252419294832,53.293601279531366],[-6.424685164327989,53.293882486122016],[-6.424360449224821,53.293983976167404],[-6.422537050374878,53.294161896818316],[-6.420517058330489,53.294100725480284],[-6.419412351741715,53.29415686709296],[-6.417608284571921,53.294728068273876],[-6.415130804408796,53.29609059835677],[-6.415110870698255,53.29620385672024],[-6.416179918174046,53.29680633340573],[-6.416726791928361,53.29724908997445],[-6.417670757543355,53.29829794066223],[-6.417006628256836,53.29913154372893],[-6.416758603087083,53.2996524595168],[-6.416444360327878,53.30098631719965],[-6.416089064286023,53.30145329662635],[-6.414857168408058,53.30169572268418],[-6.414403194534181,53.30183834191841],[-6.4137747352396195,53.30212511581809],[-6.413743699962065,53.302142480224276],[-6.413698837524414,53.302181899904376],[-6.41367607790502,53.30222554866529],[-6.4136928286969015,53.302315811463934],[-6.413858485871036,53.30242216148298],[-6.414588964259566,53.30258969085421],[-6.415026649325354,53.302771678765815],[-6.415282773035426,53.302884513427905],[-6.415546496292208,53.30300295799675],[-6.415634354052095,53.30304096863987],[-6.415646725334633,53.30304646424657],[-6.415659471311736,53.303052206224834],[-6.415685926803514,53.30306442049371],[-6.416094973460357,53.30325354156381],[-6.418331922692812,53.30406469892018],[-6.417603476459096,53.30427558061308],[-6.415674318298455,53.303687137831204],[-6.414723189893921,53.30381164039728],[-6.410509828374584,53.305269693902325],[-6.408317285493411,53.30607452223801],[-6.406072869571546,53.30695062656981],[-6.405037494722965,53.30745461050949],[-6.40335840773697,53.30905772138248],[-6.4026319542736925,53.30998406024077],[-6.4015496931938705,53.31056751095851],[-6.401487639211664,53.31078232894867],[-6.402715386510801,53.31188099040556],[-6.403116789116554,53.31209123802656],[-6.403805781117736,53.3121634611807],[-6.40561951802553,53.31211158431829],[-6.406667503439928,53.31261789157421],[-6.408224174235515,53.31448691126446],[-6.408299197831922,53.31493279692338],[-6.40759375274044,53.315454298246024],[-6.406887329359609,53.315650976078594]]},"properties":{"route":"58","routes":["58","S8","W4","W6","X58"],"category":"radial","colour":"#9467bd","route_colour":"#2ca02c","pdf_colour":"#662484","source":"pdf-future","phase":"future"}},
{"type":"Feature","geometry":{"type":"LineString","coordinates":[[-6.267867628487035,53.35538011310867],[-6.267866604592465,53.35575728781689],[-6.268196367347635,53.35618013720454],[-6.269778819844107,53.357608579218955],[-6.270111313184621,53.35863409862831],[-6.271077819270349,53.35904667702845],[-6.272256652829908,53.35913788840559],[-6.272738260521474,53.359168350489256],[-6.2728583847930075,53.35917478870285],[-6.272978534121163,53.35918068232474],[-6.273219180181667,53.35919068845586],[-6.275423943208344,53.35921088545734],[-6.275616064574693,53.359238031658776],[-6.276956049512436,53.359645881165996],[-6.2776431649079685,53.359754324580564],[-6.279847566155404,53.35981525125005],[-6.282312062242901,53.35990622414395],[-6.284280428150495,53.35998116949304],[-6.28456928059578,53.3599920989875],[-6.284858779854786,53.36000298892962],[-6.28543927337661,53.36002457786547],[-6.287184696100196,53.36008651584022],[-6.294575374305618,53.36031096996808],[-6.294926067051029,53.36044994371705],[-6.295743793095488,53.36165613138025],[-6.2958976907023,53.36229006281582],[-6.29581645282448,53.362702913897344],[-6.295134286757202,53.36419487526251],[-6.294184965211048,53.36495832942265],[-6.294088790523097,53.36509910065336],[-6.294037661673768,53.365180780536356],[-6.293984832805937,53.36526909028727],[-6.2935304898532625,53.36613327559436],[-6.29326606294675,53.366713556927294],[-6.293304570176742,53.36716256557998],[-6.2936356924690084,53.36757030720348],[-6.294776127986022,53.36804396869213],[-6.303192926915145,53.36954420315257],[-6.30412655552885,53.36963930766517],[-6.307259127137752,53.369706712706964],[-6.307591998886483,53.36948642904065],[-6.30736173913558,53.368716128888906],[-6.306744100143863,53.36758824579952],[-6.307333321892781,53.36704635016123],[-6.3073823793940385,53.366904097983856],[-6.307199083182621,53.366743115974636],[-6.305693799342692,53.36603799217011],[-6.305740694929436,53.36582509118266],[-6.30783457633003,53.365193958613105],[-6.309112661745519,53.36465264110734],[-6.310379408227155,53.363944249862925],[-6.311005126845005,53.363956295414596],[-6.314850299507295,53.36513669038127],[-6.316857323093843,53.365697807853465],[-6.320375154082245,53.36645844561821],[-6.320633069902601,53.36672002465681],[-6.319861604746994,53.368252496229914],[-6.319200031365317,53.369418847459876],[-6.318025870036293,53.371291120552804],[-6.317585507567481,53.37183572053701],[-6.3160663912877935,53.37189566245208],[-6.315106304477458,53.371838816459004]]},"properties":{"route":"34","routes":["34","35","36","48"],"category":"radial","colour":"#9467bd","route_colour":"#7f7f7f","pdf_colour":"#662484","source":"pdf-future","phase":"future"}},
{"type":"Feature","geometry":{"type":"LineString","coordinates":[[-6.250911797272477,53.35141380393778],[-6.250951178698052,53.351356332934124],[-6.250970417703974,53.35132762410621],[-6.250989364118995,53.3512989354937],[-6.25106235207521,53.35118441968946],[-6.251097257174595,53.35112733051908],[-6.251114334940507,53.351098834502885],[-6.251131171397574,53.35107037329881],[-6.251196232342543,53.3509569130955],[-6.251212609994657,53.35093309936097],[-6.251443320133885,53.35082419054174],[-6.256197429383586,53.35012492361739],[-6.256234157576364,53.35011834440987],[-6.256268597147644,53.350109825163486],[-6.256300624834871,53.35009949880026],[-6.25640215149212,53.35004278061955],[-6.25644141885676,53.34986128796878],[-6.256186789103899,53.34942458914295],[-6.256023529742118,53.34930361665523],[-6.255884462992671,53.349269733637136],[-6.255847072400636,53.3492660624043],[-6.255809147822287,53.349264469881795],[-6.255694748047136,53.349272959084615],[-6.254816455042619,53.34942204715754],[-6.254600139468108,53.349510609954194],[-6.254508337658147,53.34954606646083],[-6.2544586857787525,53.3495644880506],[-6.254406589552963,53.34958321347582],[-6.254174605734062,53.34965877769812],[-6.254110921187452,53.34967724042582],[-6.254045045658911,53.349695294239076],[-6.25390689056567,53.34972969995569],[-6.253313355027049,53.34984932395151],[-6.253008038755608,53.350061865675876],[-6.252926095993361,53.350110495907074],[-6.252840399180843,53.35015637417622],[-6.252461223357544,53.35031186003689],[-6.251376411067874,53.350611885301404],[-6.251355992483006,53.35065052887573],[-6.251333401947528,53.35069303668615],[-6.251282581579281,53.35078764439467],[-6.251164519535411,53.35100122381821],[-6.251132861227447,53.35105677693707],[-6.251100784077954,53.35111219305083],[-6.251036249808923,53.35122061364243],[-6.250972669837403,53.35132248435182],[-6.250941785559799,53.3513697131128],[-6.250911797272477,53.35141380393778],[-6.250185768032061,53.3522559852794],[-6.247706223741561,53.35460044708297],[-6.24750075653511,53.35478234762241],[-6.2472903409492595,53.3549614129753],[-6.246856363922008,53.355311655492585],[-6.245947721423797,53.355984909371266],[-6.24367535798428,53.35752751895143],[-6.242296321868157,53.35862004382076],[-6.242138840839183,53.358761154565904],[-6.241984799821599,53.3589031764593],[-6.241687192904789,53.3591898350323],[-6.240345389721704,53.360506624632094],[-6.23893423543527,53.36177256651065],[-6.2383387860866995,53.362129747564126],[-6.237174841689731,53.36256212863551],[-6.234710779330364,53.363347376799716],[-6.234225330215623,53.36346359337018],[-6.233970787291806,53.363516618751746],[-6.2337075183449775,53.36356562480006],[-6.233434888041102,53.363610138466996],[-6.233152261046145,53.363649686704456],[-6.232554475646845,53.363711994698484],[-6.231210989857716,53.36375621141581],[-6.2303772495987,53.363743660699704],[-6.230158694736514,53.363739582330275],[-6.230049918687351,53.36373743523666],[-6.229941966432577,53.363735224250966],[-6.229525738453884,53.36372586209531],[-6.229166801812893,53.36368690801953],[-6.229047776158545,53.36366218376607],[-6.228929267514633,53.363632672319945],[-6.228694298211977,53.36356188606125],[-6.228578086030167,53.36352191035441],[-6.228462887812656,53.3634797456664],[-6.2276153947725,53.363150107752155],[-6.227306388561841,53.363066474921695],[-6.227041194986064,53.36301916220789],[-6.226897620400215,53.36299886798273],[-6.226823995327581,53.36298942809891],[-6.226749490466484,53.362980408918375],[-6.225712441286955,53.36287127481738],[-6.225320425992704,53.36280979030229],[-6.225199199321531,53.362789319698635],[-6.225080580884393,53.362768940445676],[-6.22485049482083,53.36272845505417],[-6.224414208696798,53.36264857016527],[-6.222837366869536,53.36235108694207],[-6.2186164427023485,53.36177673134124],[-6.216834954998876,53.36133012360233],[-6.215698317028805,53.360981471541635],[-6.213357901352394,53.36016669567821],[-6.21191270899397,53.35976856389183],[-6.21043704213667,53.359530470213194],[-6.2091041007362735,53.35941873400045],[-6.208718344278882,53.35956249488614],[-6.207494160523874,53.36201374013749],[-6.207146332390022,53.36215872801499],[-6.205595336650926,53.362150505795256],[-6.20523523813019,53.362336084337144],[-6.205058888873485,53.36352923257808],[-6.2044384836813204,53.36545331018799],[-6.204064438428559,53.365713793557305],[-6.203523375891258,53.36573604813542],[-6.2017507759340145,53.3654576872269],[-6.199727885602099,53.36526374564025],[-6.199340881548473,53.365232430766426],[-6.198943498338165,53.36520112919074],[-6.1981335458389415,53.36513943768166],[-6.196564556266088,53.365025803468036],[-6.195869324758191,53.36497734775509],[-6.195466802808108,53.36494971839203],[-6.19514382202672,53.36492762321332],[-6.195079805883101,53.36492326397101],[-6.195017178277545,53.36491900888428],[-6.1949564514388396,53.36491489404933],[-6.194552959360619,53.36511104241492],[-6.194527609881445,53.36597146715034],[-6.1943821439699045,53.367663917778614],[-6.1946960861989435,53.367897301636525],[-6.198263107103971,53.368378190560655],[-6.202733088123506,53.36889294236503],[-6.203377899553672,53.36948742299622],[-6.206080014541777,53.3692763790095],[-6.206333205298147,53.36934852967587],[-6.207033002758278,53.36985643632335],[-6.207090126400549,53.36988932959458],[-6.207107257705233,53.36989923019484],[-6.207124328027529,53.3699091788823],[-6.207158192923814,53.36992913594176],[-6.207505938476307,53.37014028307436],[-6.207668451311889,53.37026110407145],[-6.207769494048458,53.37034953547384],[-6.207924645896193,53.370493929812156],[-6.20795280967685,53.37051995876323],[-6.207967047147109,53.37053300498639],[-6.207981404343654,53.37054606641076],[-6.2080402704876425,53.37059837466256],[-6.208393664114684,53.370862333149645],[-6.2090715721146,53.37122379230308],[-6.21074439322614,53.37188423512776],[-6.212107305476812,53.372293411776354],[-6.214197935238513,53.37273099520941],[-6.217105410751724,53.37324888064618],[-6.218189662363431,53.37348199863197],[-6.21916579197959,53.37380899398778],[-6.219235054813582,53.37383883561658],[-6.219304305222412,53.37386918896874],[-6.219443174776975,53.37393120390626],[-6.219987368567062,53.37417449208358],[-6.220106918141536,53.374225023773256],[-6.2201675580434035,53.37424995566624],[-6.220228824209571,53.37427461455328],[-6.220480894335454,53.374369764471346],[-6.222016800101439,53.374803587346214],[-6.226278605147237,53.37584033882504],[-6.228959763896441,53.37640864702199],[-6.233474619384213,53.37721536005553],[-6.235719085190829,53.37782481013903],[-6.238497205499807,53.37872776989231],[-6.240675795835596,53.3792619889314],[-6.2409076468935325,53.379558447385136],[-6.239918743243508,53.380825931656254],[-6.239349084803773,53.38185633144662],[-6.238706077105966,53.38244767089826],[-6.238023337118122,53.38271215944802],[-6.235925453804615,53.383203722369636],[-6.234745530287414,53.38339177390517],[-6.233403523055087,53.383491261906904],[-6.231022050825074,53.38348690962802],[-6.229450221084207,53.38336362691574],[-6.227819347239122,53.3831336734899],[-6.22536702584703,53.382716886879756],[-6.223722977768389,53.382485234607415],[-6.219249693810881,53.38218661680352],[-6.218819939417615,53.38226424834153],[-6.218531663131885,53.3825993987898],[-6.2185027216791955,53.38349754850427],[-6.218330888996947,53.383935610293236],[-6.218073723466807,53.384323540716316],[-6.217807927835171,53.38470275406195],[-6.217708916855863,53.384840991593705],[-6.217674379622136,53.38488885053284],[-6.217652296100666,53.38491932957167],[-6.217644522447681,53.38493002369837],[-6.217378151375754,53.385902473673454],[-6.217489684127227,53.38658258227238],[-6.217954756649552,53.38782542052059],[-6.21802466020384,53.389276807055346],[-6.218294070493179,53.38949661599721],[-6.218359522017233,53.38951009272399],[-6.218428568207111,53.389524297971825],[-6.218573523216319,53.38955407206925],[-6.218863434176448,53.38961332094141],[-6.21922366325477,53.38968459155691],[-6.220428479897545,53.38989191720793],[-6.224024433217222,53.39060530689001],[-6.224498230310761,53.39048431609977],[-6.224922365895837,53.39002045131579],[-6.225335301877167,53.38984202091991],[-6.226251113376528,53.38973894092661],[-6.228722862219296,53.389856753094726],[-6.22876909486562,53.38950799029214],[-6.227665166716516,53.3892353419136],[-6.227259627929781,53.388935238228115],[-6.227065965653402,53.38816974859905],[-6.226436368770951,53.388034695964805]]},"properties":{"route":"10","routes":["10","6","8","A1","D4","L80","L82","N2","N4"],"category":"radial","colour":"#9467bd","route_colour":"#ffbb78","pdf_colour":"#662484","source":"pdf-future","phase":"future"}},
{"type":"Feature","geometry":{"type":"LineString","coordinates":[[-6.290898442801708,53.34603781810966],[-6.290657629046797,53.345190104741796],[-6.290954713085833,53.344966465573634],[-6.2918996656175565,53.34477523153045],[-6.293034943798134,53.34468489884525],[-6.294717547284251,53.34455547597448],[-6.2978421573902725,53.344324770147615],[-6.302107244541032,53.34357491295253],[-6.305888581012359,53.342337300362786],[-6.307103976259379,53.34215149837665],[-6.307292048501798,53.34200227169673],[-6.3071577481693595,53.341469518456805],[-6.307323992399294,53.341297546531436],[-6.30742512188499,53.34127951966444],[-6.307475678781965,53.34127517589345],[-6.307523688415745,53.34127314566184],[-6.307658799280609,53.341276708908964],[-6.309237362717762,53.34141928768466],[-6.3120697440091185,53.34159030767988],[-6.313584553648431,53.34151445376419],[-6.3149619615815284,53.34129442839124],[-6.318285455795495,53.340939741652285],[-6.320843521916721,53.34046906618781],[-6.322228843411153,53.340402212138564],[-6.323520953134455,53.34043804888914],[-6.325828362995131,53.34090909330147],[-6.328981779989391,53.341075740801934],[-6.329451273220338,53.34083288837645],[-6.329966753960122,53.34082614958427],[-6.332458480430084,53.341252257952966],[-6.333862199118445,53.34073370894496],[-6.337445691111602,53.34007993766143],[-6.340506257161162,53.33958204165894],[-6.3423413162334885,53.339144079011575],[-6.346641441986396,53.33831771380575],[-6.346863033303067,53.33809099121563],[-6.346537753307354,53.33736081180103],[-6.347015020251584,53.33708343024742],[-6.347485988037121,53.337250983266145],[-6.348082598403802,53.33860936433351],[-6.349148835128713,53.34159178092445],[-6.349739751795036,53.34206347825034],[-6.350322135163218,53.34300114690726],[-6.351915681869384,53.344084993705664],[-6.352485334885831,53.34464593471811],[-6.352749222361404,53.34475281516856],[-6.352828959291339,53.34475828518217],[-6.3528689857372,53.34475743130125],[-6.352908655254382,53.34475408752598],[-6.352985536754877,53.34473963838487],[-6.353684338608745,53.344416781966686],[-6.355805939764538,53.343019712199194],[-6.356363862069537,53.34255137565783],[-6.356587350619435,53.342337685459306],[-6.356720204723801,53.34219902775427],[-6.3567840503657305,53.342128844082495],[-6.356814935045051,53.342093477230954],[-6.356844977996007,53.34205790367913],[-6.356902089811014,53.34198606640511],[-6.356928934224163,53.34194976764815],[-6.356954488007139,53.341913192121375],[-6.357041552328285,53.34176377196848],[-6.35711104839967,53.34148194821058],[-6.357500292737478,53.341330272046044],[-6.362048579450816,53.34167869484851],[-6.366371899976246,53.342128486217845],[-6.366711732971192,53.34204761910797],[-6.367313061058254,53.34085779151231],[-6.367097084868151,53.34065115333475],[-6.367622626298098,53.33956685981541],[-6.367864928499793,53.339499308716306],[-6.370885630062583,53.34001533887283],[-6.372944568431485,53.340326403454554],[-6.373164083736561,53.340284584520475],[-6.3732774896604685,53.33952610885252],[-6.373520513955782,53.33891198927563],[-6.375071166628857,53.33733930733079],[-6.375507489837507,53.33729196847712],[-6.3768723239030765,53.33750532578175],[-6.378757819023152,53.33763537024277],[-6.379576090257235,53.33758457844163],[-6.380317971991481,53.337257346933896],[-6.38029334018193,53.33646773053608],[-6.379933565467974,53.33567774369781],[-6.380100151629359,53.335436315883086],[-6.3808753753167355,53.33505737767348],[-6.381532680851231,53.33519709739923],[-6.383868759345335,53.33684420113077],[-6.384656255881817,53.337179167732025],[-6.385400083991414,53.337325339827274],[-6.386632214947964,53.33719310372765],[-6.386504893790849,53.33679391395061],[-6.386883021814219,53.336334770182546],[-6.387951261110558,53.336120602088265],[-6.38959698821263,53.33597305907619],[-6.391663103882283,53.33567987481184],[-6.393326352523124,53.33507819307255],[-6.394762276487124,53.333953886925784],[-6.395896341978069,53.331425298180676],[-6.396352823348864,53.33095070597909],[-6.397432126818599,53.330157078620104],[-6.398356261046759,53.329793454064905],[-6.397440191607644,53.32897727003257],[-6.397208061974811,53.328513079842494],[-6.395755730127214,53.32770044137142],[-6.395600725669156,53.32758664851273],[-6.3955250749031425,53.32752345536059],[-6.395451682047702,53.32745619527824],[-6.395196043760094,53.327148448921314],[-6.394838684761266,53.32642837350137],[-6.39476201352549,53.32557002371068],[-6.394964733772906,53.323789319503724],[-6.394606376624655,53.32300863470724],[-6.394594026011494,53.3229943788353],[-6.394558567595227,53.32297097244413],[-6.39445498928216,53.32294103697952],[-6.393721938726783,53.322834506780666],[-6.3930654818180885,53.32227168569696],[-6.392896838631209,53.32189231581188],[-6.392872082468454,53.32155398140014]]},"properties":{"route":"52","routes":["52","60","D1","G2","L54"],"category":"radial","colour":"#9467bd","route_colour":"#c5b0d5","pdf_colour":"#662484","source":"pdf-future","phase":"future"}},
{"type":"Feature","geometry":{"type":"LineString","coordinates":[[-6.244137204094967,53.33898338143487],[-6.24289825009917,53.33863957364701],[-6.238299442899805,53.3372245465231],[-6.238060705426941,53.33714193923037],[-6.238002037843919,53.337120191134744],[-6.237944649518964,53.3370983726923],[-6.237835455731229,53.33705526109131],[-6.237651615220308,53.336976293295145],[-6.235424864035041,53.335854733549525],[-6.23495812829942,53.33547660620424],[-6.232394024416185,53.33251249039002],[-6.2318490051812985,53.33190239590435],[-6.231661542286513,53.33171632431798],[-6.2300253371829015,53.33046557526376],[-6.2288307654198425,53.32962209272851],[-6.228064567899588,53.32919925140613],[-6.226431820596414,53.32860024468153],[-6.223364023694521,53.32766995971556],[-6.221623206902803,53.32709082529863],[-6.220925126798484,53.32669647201753],[-6.219902195511727,53.32580867952362],[-6.218620269433971,53.325008545113995],[-6.21484691265485,53.32307802926871],[-6.212246528580548,53.32139120986721],[-6.210912085961192,53.320603319995755],[-6.208023342634953,53.319097399980386],[-6.207331206576761,53.31878306905188],[-6.207137743182875,53.31870028983876],[-6.207050286514002,53.31866330498364],[-6.206971295881746,53.31863011880215],[-6.2065610490081,53.31846057873246],[-6.205427012097731,53.318066695260185],[-6.203067007062946,53.317463622962556],[-6.201080692086341,53.316899178938804],[-6.199222482310089,53.31616006124588],[-6.198212376742896,53.31558645899904],[-6.1974276114774955,53.31497054881356],[-6.195723803338396,53.313083669763714],[-6.194205364689377,53.31162201919584],[-6.193315883331969,53.31107590328548],[-6.191643435377772,53.31025145765387],[-6.188990879687944,53.30903529992004],[-6.187388940963848,53.30824481064166],[-6.186617262431121,53.30797673349178],[-6.18403403234608,53.307406184971185],[-6.182535055899519,53.30679363054213],[-6.180555400751087,53.30562589709636],[-6.1796468178580195,53.30517831700281],[-6.177680098240509,53.30445702057698],[-6.175909911026251,53.303490641206864],[-6.175391563113683,53.30321885447068],[-6.175122398939955,53.30308958225676],[-6.175052400470295,53.303058482402],[-6.174980681813911,53.30302783562975],[-6.1748308095085,53.302967832938855],[-6.173432243313675,53.30248386227033],[-6.171666453439587,53.30130078226598],[-6.1711790409970035,53.301088627500846],[-6.170573550273955,53.30084076966428],[-6.170266354537624,53.30071875249576],[-6.17011211446952,53.30065840574505],[-6.169957625465747,53.30059857027236],[-6.168331831765611,53.300028291551726],[-6.167665019903539,53.29987313739107],[-6.165870025789194,53.299652777015496],[-6.164168128700792,53.29909841268902],[-6.162703222514843,53.298436101639616],[-6.161726916362147,53.29783685796619],[-6.161055474924003,53.297285537950984],[-6.160690537301784,53.29716563686968],[-6.16060048445807,53.2971421732088],[-6.16051428910723,53.29712133171472],[-6.160360240620444,53.297087550273034],[-6.16024193131398,53.29706436263673],[-6.160166998212704,53.29705084729741],[-6.160121842638791,53.29704260235347],[-6.1600762101103195,53.29703418474845],[-6.159738962380819,53.296969546447144],[-6.1593130361039075,53.29688313200362],[-6.15712716164662,53.29643414159867],[-6.15617632569173,53.29628705515647],[-6.149972491231405,53.29549500223583],[-6.144677659534616,53.29472716695581],[-6.144138838864671,53.294689699505625],[-6.142362760721439,53.29483116497153],[-6.141121847944762,53.294749657648275],[-6.140946551593587,53.294742229757816],[-6.140858712865856,53.29473964545715],[-6.140770781070126,53.29473793360985],[-6.1403306176990515,53.29474559429501],[-6.139477788497617,53.29485095066513],[-6.138264015295454,53.29518155880873],[-6.136030776464006,53.295905614725015],[-6.135458448582541,53.29595903956677],[-6.133366211344171,53.295929561564776],[-6.133021803305131,53.29591829362546],[-6.132852890656384,53.29591202506851],[-6.132686675517546,53.2959053416843],[-6.132669796081494,53.29590474930274],[-6.132652946116087,53.295904406032406],[-6.132425229198425,53.295924816653844]]},"properties":{"route":"24","routes":["24","36","98","B2","B3","S8"],"category":"radial","colour":"#9467bd","route_colour":"#ffbb78","pdf_colour":"#662484","source":"pdf-future","phase":"future"}},
{"type":"Feature","geometry":{"type":"LineString","coordinates":[[-6.1120212142616275,53.24913781531432],[-6.111937630187325,53.24933194903442],[-6.111879874471568,53.24948602058351],[-6.11185129126764,53.24957152223101],[-6.111824740009521,53.24966003131852],[-6.111766387082777,53.250004594939554],[-6.111905441096912,53.25030733128165],[-6.112612360235326,53.25074544900363],[-6.113328835954157,53.250840581350545],[-6.113997445382582,53.25005761594018],[-6.114173720026736,53.24999755090645],[-6.114294298317462,53.249986867395535],[-6.114567890150881,53.2500071731683],[-6.115187870462837,53.250176140691046],[-6.11626346276521,53.25072081803631],[-6.116558719430761,53.251085067459385],[-6.116642905752305,53.25131844977174],[-6.116658809807603,53.25137456225565],[-6.1166731638538785,53.25142844713453],[-6.116720149958896,53.25160836692605],[-6.117069705427555,53.25221043656885],[-6.1171380726557425,53.25230179075963],[-6.117208822956824,53.25238952293193],[-6.117281026399695,53.25247147344785],[-6.117353753053251,53.252545482669476],[-6.117565772966979,53.25269826618958],[-6.117817525636507,53.252768005447415],[-6.11785220269518,53.25278082393972],[-6.117884009098854,53.252795304252984],[-6.117938546978535,53.2528285781185],[-6.1180080822884815,53.25290767323874],[-6.117983600737351,53.25305830857036],[-6.116467430034945,53.25488803018853],[-6.116419173701838,53.25495648778683],[-6.11636998466976,53.25502714998461],[-6.1162694921082625,53.25517404658123],[-6.116064834192926,53.255482837396684],[-6.115769173326292,53.25595226975263],[-6.1154954447688015,53.25644801654741],[-6.115716699101009,53.256715900328665],[-6.117546425440929,53.25720867483326],[-6.118474816731637,53.25751702516608],[-6.119636427551375,53.258165728729665],[-6.122474336571424,53.26020407197455],[-6.123094924931916,53.26070476234067],[-6.123379776683419,53.26096699598674],[-6.1235137620530224,53.26110170696541],[-6.123641328076065,53.26123905101542],[-6.1237618804957,53.261379205862454],[-6.123874825055083,53.26152234923219],[-6.124088599170227,53.261840976671486],[-6.124343872902124,53.262651789237445],[-6.124227260520933,53.26331761634426],[-6.123970614376995,53.263875572618296],[-6.122968464809201,53.265373344739785],[-6.1222679114459995,53.2663145395488],[-6.121764515330993,53.26667992141611],[-6.120787860028503,53.266964070584145],[-6.1207051869344795,53.26726554665766],[-6.121384803606539,53.26790239360092],[-6.121431615321098,53.268657529136],[-6.122501172275044,53.26905785984412],[-6.122865541501947,53.26923028325364],[-6.123309233183633,53.26945153817299],[-6.123940297773529,53.269762118928945],[-6.1241216735837725,53.26985080665],[-6.124303112397794,53.26993945297068],[-6.124484539760063,53.27002810686374],[-6.124847062307221,53.27020563325789],[-6.12556869393714,53.27056293171484],[-6.127269908603076,53.27142675675564],[-6.12740301610775,53.27149720481008],[-6.129767946659158,53.27274648842682],[-6.13629509260273,53.27620783683393],[-6.136373759920016,53.27626454175431],[-6.13640619924375,53.27630669366702],[-6.136416420047929,53.27632850944267],[-6.1364226428619375,53.27635056742209],[-6.136407572940586,53.27643745624121],[-6.1363760743805065,53.27647745919621],[-6.136354337477372,53.27649594141121],[-6.136328610073797,53.27651315977546],[-6.135151700746672,53.27684852529662],[-6.133700881113202,53.27700749451289],[-6.128983055288336,53.279351606913394],[-6.128447909371447,53.27958284405637],[-6.125557951613599,53.28106035448892],[-6.124250390481761,53.281677131545244],[-6.123938948454179,53.28187442073549],[-6.123887605613102,53.28191433045393],[-6.123837691659326,53.281956436953394],[-6.123790509280554,53.28200035815432],[-6.1237473611644875,53.28204571197713],[-6.123709549998827,53.28209211634226],[-6.123678378471273,53.28213918917013],[-6.123047966862689,53.28340586162159],[-6.122693632833397,53.28398746383076],[-6.12260171134576,53.2841339321915],[-6.122509274888852,53.28428035657662],[-6.122269611254105,53.2846590115248],[-6.122074632331291,53.28497019682486],[-6.121979209268584,53.28512495461899],[-6.121932317455777,53.2852018648149],[-6.121886087595858,53.28527836350063],[-6.121709519792882,53.28557875750068],[-6.118820999508,53.290623849735226],[-6.118983579059941,53.29087679901078],[-6.125022980313411,53.293207626897896],[-6.125705226167506,53.29359751892527]]},"properties":{"route":"98","routes":["98","B4","L11","L21","L22"],"category":"radial","colour":"#9467bd","route_colour":"#c7c7c7","pdf_colour":"#662484","source":"pdf-future","phase":"future"}},
{"type":"Feature","geometry":{"type":"LineString","coordinates":[[-6.161614021437019,53.221825629237834],[-6.161166561449361,53.22101440145852],[-6.160725869192079,53.21983032590077],[-6.160322696152117,53.219262752225184],[-6.158386654825402,53.218109045450085],[-6.157696681855217,53.21740931469716],[-6.1549973521351635,53.2127999862051],[-6.154314428228503,53.21124547807218],[-6.154213939612632,53.2106258009199],[-6.154359221024235,53.20994202130791],[-6.154763681242767,53.209124811962496],[-6.155577672461193,53.20812880763858],[-6.156924134659471,53.20676462501438],[-6.1572655580688584,53.20608896939132],[-6.157087049681362,53.2056423506079],[-6.156056904500392,53.20458059210792],[-6.155355481527915,53.20407471431364],[-6.153423361242825,53.20346610897465],[-6.152311700014616,53.2027009095375],[-6.151880233212701,53.20165280395974],[-6.151930019157347,53.20086023104057],[-6.151756790585064,53.20014598186317],[-6.151954183751185,53.19994251507118],[-6.152929142669772,53.199556510874054],[-6.1533139180515075,53.19902495072284],[-6.153294190789934,53.1987004857486],[-6.151232793640236,53.19738597212947],[-6.150786503627755,53.1971444625739],[-6.150557045962416,53.19702747313318],[-6.150440741845055,53.196969954175096],[-6.150212574708561,53.19685769148768],[-6.149760906194522,53.19663180888413],[-6.148508901706084,53.195973995677285],[-6.147435270024081,53.195270199405634],[-6.147313510470015,53.19411513030568],[-6.1476743988355524,53.19273313511945],[-6.148085229535005,53.19265823379501]]},"properties":{"route":"1","routes":["1","7","88"],"category":"radial","colour":"#9467bd","route_colour":"#f7b6d2","pdf_colour":"#662484","source":"pdf-future","phase":"future"}},
{"type":"Feature","geometry":{"type":"LineString","coordinates":[[-6.208097376777355,53.259630547957755],[-6.208485823917177,53.25932709593358],[-6.2080669337640195,53.258810205873495],[-6.205719738234585,53.25733965499814],[-6.204327999080349,53.2565865769179],[-6.2035402837454265,53.25627218700426],[-6.201994229195185,53.255789866907755],[-6.200717508222345,53.25517083633298],[-6.199498396981459,53.25468419685924],[-6.198337698888474,53.253892093104824],[-6.197053374248761,53.2531990997957],[-6.192521049851894,53.25168741108783],[-6.191383301757984,53.25121172269558],[-6.1895620872490325,53.250198923568014],[-6.189078529610013,53.24977937209587],[-6.188221244640694,53.24936627164393],[-6.185997311310859,53.24853813209578],[-6.185324593170173,53.248214728138755],[-6.184410311882122,53.24735174905461],[-6.184273999213364,53.24711107126184],[-6.1843736525204855,53.24650352833161],[-6.183953953608145,53.24572798828277],[-6.183772166704398,53.2451482523356],[-6.183190033917161,53.244435231271005],[-6.1823309078188915,53.243981838418534],[-6.181682928682324,53.24346988553223],[-6.181090026081919,53.24272092062986],[-6.180819287633518,53.241929188026255],[-6.180099763493536,53.24086312332431],[-6.178029645684237,53.23891966369072],[-6.1776393663130085,53.238648537559875],[-6.174976437560008,53.23743948509676],[-6.173970207906657,53.236839653329625],[-6.170870091721864,53.233854619552304],[-6.1671535543662195,53.23036560846643],[-6.164828783380071,53.22822615903437],[-6.164231543300394,53.22719741607723],[-6.163801148839327,53.22608486192841],[-6.1637905655722385,53.22463674570294],[-6.163709218740007,53.22411938612409],[-6.163431227629284,53.22361603803702],[-6.162551708014438,53.222665282628284],[-6.161614144347355,53.221825558278155]]},"properties":{"route":"88","routes":["88","L13"],"category":"radial","colour":"#9467bd","route_colour":"#2ca02c","pdf_colour":"#662484","source":"pdf-future","phase":"future"}},
{"type":"Feature","geometry":{"type":"LineString","coordinates":[[-6.230700885181185,53.27081886537749],[-6.228720164576922,53.2712239520384],[-6.22765625924794,53.27129016401899],[-6.226872406894749,53.271166447863116],[-6.226445189596624,53.270822679218014],[-6.226631231939954,53.27027635374099],[-6.226965549651519,53.27013829338316],[-6.228848449430424,53.269880545316845],[-6.230002021536493,53.26952105883574],[-6.230475073636538,53.26912864442578],[-6.230691553919539,53.268656282423336],[-6.23096413439054,53.26732053687943],[-6.230869960355644,53.2671464897761],[-6.229778957106373,53.26673777974709],[-6.229594552485634,53.26668695527061],[-6.229499879927152,53.26666866017165],[-6.229451959520944,53.26666098633568],[-6.229403662433924,53.26665417856724],[-6.229206898335215,53.26663386204707],[-6.2282030182558765,53.266624581123075],[-6.227083651441923,53.26679006313559],[-6.22595289561365,53.26715583565368],[-6.22481405986276,53.26730791643263],[-6.223958175758882,53.26730449775826],[-6.218601013913709,53.267109021851134],[-6.218162953653331,53.26712092125181],[-6.217752949138563,53.26714142522213],[-6.2174304416757105,53.26735986315258],[-6.217585978086047,53.26921794233464],[-6.217786704197519,53.27027985292662],[-6.217347658109359,53.27284040860255],[-6.216986704228566,53.27301399172316],[-6.216328678585252,53.27297855067794],[-6.215642672348294,53.2727405501965],[-6.214391592990575,53.27190897234235],[-6.212944214278265,53.27126237704238],[-6.210057587796056,53.269637549073785],[-6.209144139846985,53.26973458780174],[-6.208972081069896,53.26999070172779],[-6.209316393771092,53.270492552370825],[-6.209489715748087,53.27108269398609],[-6.209222546589637,53.273017476997694],[-6.208918116308076,53.27415929876034],[-6.209218493178978,53.27507194861085],[-6.209507235001039,53.27550351399403],[-6.2109884606557975,53.27713133896198],[-6.211264469741514,53.277454809186],[-6.211447833177805,53.27769536824704],[-6.211494240685506,53.27776001287999],[-6.211526539566526,53.27780522537336],[-6.211533284223111,53.27781467836843],[-6.211544031904926,53.27782974939078],[-6.211547707628739,53.27783490604268],[-6.2115500330735465,53.277838169204784],[-6.211550844588639,53.27783930818942],[-6.211574181790373,53.277877786261335],[-6.211267974759395,53.27833873878795],[-6.209796729632764,53.278789408799604],[-6.2092899537740465,53.278802994105575],[-6.207935796493016,53.27846091940056],[-6.201837656590255,53.27656788643221],[-6.200423666706593,53.276282281587186],[-6.19954045480588,53.27635613447613],[-6.198530248530958,53.27694204908729],[-6.1966662653657165,53.27911736385584],[-6.196651090818355,53.27913770089776],[-6.196632871372965,53.27917971064803],[-6.196630171209464,53.279222474905275],[-6.196668191525456,53.27930534030908],[-6.1968576790378815,53.27941612541982],[-6.198460416423575,53.27986736556992],[-6.200660485215231,53.28039833441833],[-6.201141788295339,53.280654817174636],[-6.201183582493714,53.28093021466698],[-6.200461502455289,53.28182526942139],[-6.199750893267816,53.282988010877105],[-6.199545042541989,53.28356297158828],[-6.199522415877663,53.28457999023244],[-6.1996656551757745,53.28574673737016],[-6.199667269695737,53.28587371993819],[-6.199665906189719,53.28593715921319],[-6.199662950600425,53.2860005351176],[-6.199651131515005,53.28612380955179],[-6.199533270991656,53.28660551834101],[-6.199251550727585,53.28738905578508],[-6.1984940324265,53.289856369201125],[-6.198709403143705,53.29021995429413],[-6.198741725207468,53.29023147803414],[-6.198775807292402,53.29024126728515],[-6.19884837186891,53.29025520807878],[-6.19892533755948,53.290260908192224],[-6.199533440333265,53.29026189770309],[-6.201186602052321,53.290363827396405],[-6.202124716044398,53.29033452363836],[-6.206571855906318,53.290009610983574],[-6.208598942042706,53.289966535490485],[-6.2151682907139225,53.29022478362895],[-6.216545378774824,53.290200073130464],[-6.217556152080481,53.290044943439874],[-6.217879381535227,53.29018148776],[-6.219116066995029,53.29162411151163],[-6.2207768495668185,53.293385532805],[-6.221093865077801,53.29364054716896],[-6.221674347002936,53.29407431684],[-6.222798636080013,53.29490771063839],[-6.2239899892843535,53.296028773581426],[-6.225694237527156,53.29747969335473],[-6.226165539640137,53.29804922383098],[-6.226448904443503,53.29879232645454],[-6.226329845036926,53.29946165679189],[-6.226021353828479,53.30017732662048],[-6.225964945442622,53.30083342526327],[-6.22632777296456,53.30235451060547],[-6.226441964725451,53.30324518994296],[-6.22692928136053,53.30389257171727],[-6.228011695077034,53.304591329599795],[-6.230154952437607,53.3061891521525],[-6.230581889193105,53.30694801549487],[-6.230578483854737,53.30814316428077],[-6.230861891341156,53.30881383544442],[-6.231095992925482,53.30913854908814],[-6.231347307464038,53.30946466138898],[-6.231411937360232,53.30954833965635],[-6.231476612102696,53.309632001161624],[-6.231541127135256,53.30971568577662],[-6.231793499042934,53.310051452769876],[-6.232312748258896,53.31090698353351],[-6.233098414337914,53.31277309011798],[-6.2332010725852856,53.31335774600635],[-6.232792954946544,53.315191076380835],[-6.23241546543055,53.31601500809122],[-6.232555473201087,53.31633062260235],[-6.233197171438068,53.316718087018636],[-6.2349893111033,53.31738984234605],[-6.236304586603609,53.318066407849486],[-6.236700622068485,53.31830599382105],[-6.2370852638352,53.31856153531371],[-6.2376693769964895,53.318943163105644]]},"properties":{"route":"86","routes":["86","87","88","L13","L25","S8"],"category":"radial","colour":"#9467bd","route_colour":"#7f7f7f","pdf_colour":"#662484","source":"pdf-future","phase":"future"}},
{"type":"Feature","geometry":{"type":"LineString","coordinates":[[-6.215697677194796,53.26486116836644],[-6.214382298685551,53.26465785749809],[-6.213663306862218,53.26463193710074],[-6.212713618973101,53.26477667591615],[-6.211338791801,53.26542774587155],[-6.210137112175362,53.26558896883518],[-6.208843245753264,53.26542214976558],[-6.207805407353444,53.264813096795855],[-6.207036756697006,53.26359790502064],[-6.207584827185499,53.26331627348165],[-6.209009000434569,53.26325585353058],[-6.209124944019872,53.26293123070218],[-6.2086424645831695,53.26226446365856],[-6.208747702001218,53.26189899050203],[-6.20914350868787,53.26156214601671],[-6.209005407063431,53.261242514370416],[-6.207909794856858,53.26066694016719],[-6.207521120347378,53.260136765760876],[-6.207693845652344,53.259870494452855],[-6.20858811650727,53.2595003496976],[-6.209156920647325,53.25968629635776],[-6.211819923314894,53.261684173584584],[-6.213722263160231,53.26255484056012],[-6.214548607964612,53.26300721378046],[-6.2150546406320215,53.26349152364698],[-6.215643975732689,53.264709837176305],[-6.215935443913546,53.265006550736835],[-6.217243134900665,53.26595856696734],[-6.217468426856404,53.266277788713424],[-6.217702275253507,53.26686335158372],[-6.217759650954521,53.267083931130834],[-6.217767565642744,53.26711506330234],[-6.2177753486568506,53.26714619846152],[-6.217790162186608,53.26720756750965],[-6.217818635882048,53.26734511333225],[-6.217975865309546,53.2692799659705],[-6.218151519916788,53.270669975464536],[-6.217764912545331,53.272451720983575],[-6.217741643560815,53.27332035677546],[-6.217777755044839,53.27358081275771],[-6.217804205569333,53.27370993433268],[-6.217835940289026,53.27383842277145],[-6.218011036222947,53.27434761228317],[-6.21882465053019,53.2759774473428],[-6.219002022698393,53.2764829998265],[-6.219198035618213,53.27711519477795],[-6.219237647063008,53.27724080363722],[-6.2192800936258035,53.27736595289194],[-6.219965891976592,53.27838069559497],[-6.220915484744767,53.27907196048246],[-6.221305412130896,53.279479061162675],[-6.222377300469986,53.28150580361101],[-6.2229147965109775,53.282317412225936],[-6.22413396654454,53.283420769799484],[-6.225031866255011,53.28458327968742],[-6.2253935297071745,53.284835970822996],[-6.226732762903558,53.28516172703719],[-6.227781973784868,53.28551366099391],[-6.2291326079401586,53.28648141839916],[-6.22977691427134,53.28684280269758]]},"properties":{"route":"87","routes":["87","88","L33","L35"],"category":"radial","colour":"#9467bd","route_colour":"#9edae5","pdf_colour":"#662484","source":"pdf-future","phase":"future"}},
{"type":"Feature","geometry":{"type":"LineString","coordinates":[[-6.2376315994301725,53.31892505792292],[-6.237507731584511,53.31883742659075],[-6.2374877018781385,53.31882042617097],[-6.23751580829766,53.318697160276194],[-6.238147043195934,53.318282497382484],[-6.239303085899038,53.31776284691343],[-6.239720769981046,53.31737379727108],[-6.239824564456067,53.31692987797912],[-6.240470164082361,53.315653373663174],[-6.241030061974415,53.31477154737126],[-6.242102925675542,53.312840368016666],[-6.2425780030427696,53.31119598567476],[-6.242422109675305,53.311002417487074],[-6.241437616442375,53.31062599807502],[-6.240828190574543,53.31000692933845],[-6.240552340972436,53.308588900245255],[-6.240353645914107,53.30797001933333],[-6.239703644586276,53.306415885197914],[-6.239527786115968,53.305983104589586],[-6.239444115236706,53.305768036972445],[-6.239404631010967,53.30566370903179],[-6.239367204403982,53.305562613649236],[-6.239191950119973,53.30506521400002],[-6.238720062243037,53.30395380946054],[-6.238537212798405,53.303316511197615],[-6.238587501589959,53.30259917453854],[-6.239227562754218,53.301114821165704],[-6.239462438107812,53.29979798876706],[-6.239433286515177,53.29879348232361],[-6.238839035846942,53.29688290174905],[-6.238425320926201,53.295188817092864],[-6.237733330764032,53.29405591251081]]},"properties":{"route":"87","routes":["87","88"],"category":"radial","colour":"#9467bd","route_colour":"#9edae5","pdf_colour":"#662484","source":"pdf-future","phase":"future"}},
{"type":"Feature","geometry":{"type":"LineString","coordinates":[[-6.271141884225223,53.34486456211569],[-6.271162018063924,53.34459545392768],[-6.270695933098308,53.34319167722091],[-6.270672446930689,53.34301330497363],[-6.270634819163088,53.34278557218195],[-6.27062458099437,53.3427267863273],[-6.270614476079472,53.34266956410948],[-6.270604737290669,53.342615057878284],[-6.270595597500233,53.342564419983475],[-6.270569685767642,53.34242359876354],[-6.271125302442371,53.342100339992506],[-6.271384899312475,53.34149214139427],[-6.271337343890618,53.33982681586081],[-6.271383612120438,53.33922423956013],[-6.2716050051529955,53.339122851838034],[-6.273021547527291,53.339292397820834],[-6.2735140926573205,53.3392665264316],[-6.274415004816039,53.3388591697765],[-6.277073426168145,53.33876621566874],[-6.27801208952021,53.33865601397776],[-6.2789034066937575,53.33817884281305],[-6.281648669228701,53.337794127241295],[-6.283365734968301,53.337507228024855],[-6.285353608921666,53.336899855618796],[-6.286777058130107,53.33626886867502],[-6.287878623116905,53.33558808511014],[-6.288391132766119,53.33501990304669],[-6.288744999975533,53.33423490695713],[-6.289793333377921,53.333362630602224],[-6.2898833252878035,53.333293039966016],[-6.289974292066218,53.33322369067066],[-6.290158654492516,53.33308573117178],[-6.290251802272336,53.3330171285029],[-6.290345429184559,53.33294878224418],[-6.290533624670092,53.332812874026466],[-6.2915586857220385,53.332078614467484],[-6.292212070397677,53.331753367349016],[-6.2953831819411565,53.330519636584725],[-6.295707424983766,53.33024489126714],[-6.295751665816137,53.32970561499755],[-6.295592335009332,53.3279825299668],[-6.295114754085599,53.327168354919316],[-6.294867769181747,53.326846357623914],[-6.294131898229358,53.32595057788655],[-6.294042180756392,53.325839918204885],[-6.293952757497587,53.325729293789045],[-6.293863636255523,53.32561875165564],[-6.29377482483278,53.3255083388213],[-6.292903478221952,53.32441900166764],[-6.293008908024671,53.32425891354425],[-6.293177644048214,53.324219377023745],[-6.293237798553049,53.324203231410706],[-6.293434054420387,53.32411166372094],[-6.293551738816387,53.32398714468341],[-6.293604737219249,53.323621425890344],[-6.295452867935919,53.323019489802135],[-6.295933456771104,53.32309547887089]]},"properties":{"route":"74","routes":["74","S2"],"category":"radial","colour":"#9467bd","route_colour":"#ff9896","pdf_colour":"#662484","source":"pdf-future","phase":"future"}},
{"type":"Feature","geometry":{"type":"LineString","coordinates":[[-6.294106394536328,53.32592990464686],[-6.293869483793712,53.325604525917264],[-6.2938802369978015,53.325439594105866],[-6.293962628966771,53.32538386157476],[-6.294019089546787,53.32536370320568],[-6.294050827280658,53.325355977198036],[-6.296619897335731,53.32481430573916],[-6.297518528904579,53.32463339341846],[-6.298811970741127,53.324484782625376],[-6.29899494839734,53.32424813848702],[-6.298262113620551,53.32351210563261],[-6.297340402449916,53.32346353923522],[-6.296257160020129,53.32327214603484],[-6.295824400019533,53.32300724159323],[-6.295567087682812,53.32246606256557],[-6.29603949675237,53.32181087732288],[-6.296944097697944,53.321606524975195],[-6.2976190653651924,53.32166421321934],[-6.29872785791008,53.32202620625223],[-6.300059194828622,53.32165981783669],[-6.301956185835318,53.3216629811403],[-6.301825671797813,53.321162889847905],[-6.302197440131135,53.32072691752182],[-6.30028605648093,53.318989696999076],[-6.2999035650962725,53.318573854185814],[-6.299778053007647,53.31843844614799],[-6.299653998627882,53.31830564433703],[-6.299414556046393,53.31805168341577],[-6.298019412395237,53.31657012889833],[-6.297389965944374,53.31562931677376],[-6.297245293818927,53.31486710575097],[-6.29692529436897,53.31474395538517],[-6.294693237395934,53.31450286826666],[-6.293131120414779,53.31400880459045],[-6.293054948313594,53.313758046349875],[-6.29405411774705,53.313064562522726],[-6.294526315736882,53.31273551638524],[-6.29463598439852,53.31265887323661],[-6.294741280162425,53.31258517437933],[-6.294936711870234,53.31244800341294],[-6.294960094087658,53.31242902732678],[-6.294977978513224,53.31240901971202],[-6.294990538119183,53.31238823858374],[-6.29500037476131,53.31234538784697],[-6.294861322996616,53.312194647375485],[-6.283787206817241,53.31051679654969],[-6.2801453465961075,53.30994869082764],[-6.279820320145989,53.30993650101195],[-6.279234184893591,53.309937960548204],[-6.279097603473644,53.30993802043266],[-6.2787435346160265,53.30993360392512],[-6.278523034918886,53.309772708663026],[-6.278658633148074,53.30852526407544],[-6.278454870557723,53.30782906568452],[-6.2781452174475785,53.307632906393216],[-6.27764113310846,53.306439717575934],[-6.2774217739526454,53.3055339843923],[-6.277470334974652,53.30470570397109],[-6.277778958653134,53.30363029131739],[-6.277579719513612,53.30167678058226],[-6.2772693684755,53.300463802393494],[-6.277364812398343,53.29971651315934],[-6.277967963437717,53.298622433905365],[-6.277986301567758,53.29854041492739],[-6.278010203021331,53.298377308673345],[-6.2780430031041625,53.29818657099956],[-6.278081333527278,53.29797373389435],[-6.278090725116509,53.29792244973789],[-6.278099758930529,53.29787336980431],[-6.278116190495755,53.29778469095562],[-6.2789295223003325,53.29692239969937],[-6.280064527326682,53.29632937664561],[-6.280700547001782,53.29565087354061],[-6.280997600072701,53.29433694911015],[-6.281300916989179,53.29386530321565],[-6.281996867451897,53.29332241258741],[-6.282457092772241,53.29274044898528],[-6.283084753522605,53.291430487509444],[-6.283931250762308,53.28932497314637],[-6.284284360698401,53.28867447353718],[-6.284638472550264,53.28831740035361],[-6.285755244816795,53.287662979896766],[-6.2871669236330785,53.286624036705405],[-6.287899701354459,53.2858701000479],[-6.288496201666652,53.28482888626665],[-6.289722888955819,53.28349916234065],[-6.2897840150100235,53.28340849879452],[-6.289805593405855,53.283322818568685],[-6.28980931688726,53.283297086246975],[-6.289810954977137,53.28328370421088],[-6.289812450515989,53.28327001000694],[-6.289812800410688,53.283248562826905],[-6.289695258821126,53.28309745087047],[-6.289638743089897,53.28306986787625],[-6.289607360321929,53.283058282149106],[-6.289574123291234,53.28304833094031],[-6.289438185245332,53.28302722263789],[-6.286934946207579,53.28268330523218],[-6.285199673822309,53.28259798691145],[-6.282738314039177,53.282692002369075],[-6.278702129588368,53.2826810969004],[-6.276703448991868,53.28275285114111],[-6.276501361137304,53.28272317054093],[-6.276335755040303,53.282624881788934],[-6.276322802182541,53.28260885584197],[-6.276262380849562,53.282525910583715],[-6.276216055361808,53.28242653194539],[-6.276205863115833,53.28240160841214],[-6.276196227668086,53.282376664937225],[-6.276178629462958,53.28232674137803],[-6.27615013988397,53.282226910331445],[-6.2760097224142575,53.281297582126115],[-6.275812524567288,53.28069721471782],[-6.275861027742786,53.27957373784104],[-6.276275907302258,53.27940698178168],[-6.277256082966582,53.2794582113016],[-6.279622251579127,53.279165620014],[-6.281058172194503,53.2791899968633]]},"properties":{"route":"74","routes":["74","81","85","A2","A4","L35","S4"],"category":"radial","colour":"#9467bd","route_colour":"#ff9896","pdf_colour":"#662484","source":"pdf-future","phase":"future"}},
{"type":"Feature","geometry":{"type":"LineString","coordinates":[[-6.231449129930608,53.2860731508174],[-6.2317200242370046,53.2856716850375],[-6.232923235047996,53.28493192700764],[-6.234278711238058,53.283948904649975],[-6.234707272007933,53.28346077729616],[-6.235059038212482,53.282775796662484],[-6.235303237867373,53.2817137101213],[-6.235487308707645,53.28017711548848],[-6.235436506068122,53.27984259702248],[-6.235348520394278,53.279751242158575],[-6.2352931880167315,53.27968520780206],[-6.235202745805287,53.27955274744859],[-6.235088623386184,53.279285023351115],[-6.234965978001997,53.27835845053891],[-6.234773700745163,53.27777778578344],[-6.23358009166501,53.275825744680645],[-6.233405165592521,53.275226476939494],[-6.233449551807569,53.2741740323479],[-6.2333911925169,53.273375986497335],[-6.233391506618345,53.27335359605846],[-6.233403955070571,53.27331105032695],[-6.233430845145215,53.273272230104084],[-6.233521620353607,53.27320934368964],[-6.234010021522592,53.273175594852646],[-6.2357521741988755,53.273276637828694],[-6.239510497112672,53.27311954453497],[-6.241997774146812,53.273098253336705],[-6.2435784841371165,53.27318897241077],[-6.244779768164219,53.27332732363799],[-6.247082302364794,53.27377049209957],[-6.249312447249408,53.27444537873918],[-6.250792782320915,53.27500193373662],[-6.252658705360711,53.27581819508599],[-6.253663032712165,53.27636150255634],[-6.254861925206646,53.27712851235832],[-6.255771047425156,53.277763318080666],[-6.256131777082385,53.27800410375533],[-6.256315176166179,53.27812264378291],[-6.256501060851722,53.278239786499405],[-6.258119268845492,53.2791120356212],[-6.259509483415374,53.27966998538709],[-6.262539600182754,53.28061618185146],[-6.266766836482132,53.28181928381421],[-6.268828294933988,53.282346072270265],[-6.269890559080813,53.28253348569318],[-6.271216455494934,53.282656050859906],[-6.276043921946438,53.28275661522943],[-6.276270464094246,53.282548543711776]]},"properties":{"route":"74","routes":["74","80","A2","L35","S8"],"category":"radial","colour":"#9467bd","route_colour":"#ff9896","pdf_colour":"#662484","source":"pdf-future","phase":"future"}},
{"type":"Feature","geometry":{"type":"LineString","coordinates":[[-6.312509791760938,53.31883928380729],[-6.31249202829428,53.31879993524758],[-6.312489315140661,53.31876880221059],[-6.31248855084494,53.31873773446401],[-6.312492411701767,53.318675624851465],[-6.312562953173707,53.31842129848957],[-6.312589791798595,53.31835454501564],[-6.312629577704466,53.31825941274175],[-6.312646104589841,53.31821964555864],[-6.312651557058109,53.31820634538613],[-6.312656970500036,53.31819301803438],[-6.312662338447877,53.3181796605293],[-6.312672911990312,53.31815284316276],[-6.3126882694046405,53.31811231661054],[-6.312747090933499,53.317956399050466],[-6.312828826976604,53.31779956433983],[-6.312948476079435,53.31764590505758],[-6.313587231165247,53.317283950766104],[-6.313630502444927,53.31726110914017],[-6.313671636518269,53.317237189155506],[-6.3137105871803385,53.31721223136579],[-6.313747308226204,53.317186276324655],[-6.313781753450932,53.317159364585784],[-6.313813876649593,53.31713153670283],[-6.313843631617251,53.31710283322945],[-6.313870972148976,53.31707329471929],[-6.3143231463540515,53.31663491502748],[-6.315187557936016,53.3167054903847],[-6.3203987638927215,53.31701058419788],[-6.324622689551603,53.3172932572316],[-6.330163868428183,53.317388122020475],[-6.33107094882121,53.31735505827086],[-6.332200243250743,53.31710736146906],[-6.333142531779992,53.31706086812161],[-6.334050678315709,53.3172021904527],[-6.335345896222282,53.31709974968356],[-6.341134433151528,53.31639988158709],[-6.342382993772989,53.31638031246437],[-6.343794349149141,53.316522705133],[-6.344917899184014,53.31652055298849],[-6.346125223396138,53.31630434700882],[-6.348883847927909,53.315539425877965],[-6.350597287835542,53.314989146640976],[-6.35281091778382,53.31450239803977],[-6.356201995862211,53.313289054458345],[-6.3562170466671315,53.31297570224994],[-6.353199058382715,53.311591987088924],[-6.3506437882858835,53.31059734689397],[-6.350559240130773,53.31028361638558],[-6.351162706295982,53.30994431370038],[-6.352048858767533,53.309251005765596],[-6.353454377851715,53.307665934756486],[-6.353863778190746,53.30732583021315],[-6.355388441711947,53.30658420619111],[-6.356117645314696,53.3060807210906],[-6.359653665433903,53.3045491054503],[-6.361625543828438,53.303867445551425],[-6.362117504916972,53.3039546316339],[-6.362599503569433,53.304448147474666],[-6.362656524024232,53.30520397063933],[-6.363094389607447,53.305933987439964],[-6.3634626017432785,53.306263860171065],[-6.364455701277318,53.306812905405295],[-6.366600908378367,53.307691414721745],[-6.368432762636511,53.30715667214359],[-6.370420073087506,53.30727504259472],[-6.371321400374116,53.30712894270321],[-6.372150891466839,53.30670550160028],[-6.372582802954889,53.30630232339461],[-6.372706741804615,53.3057023696351],[-6.373047720843063,53.30517826588766],[-6.374629347708498,53.30411213897437],[-6.374742088197174,53.30392741377779],[-6.37419729690035,53.30349130664887],[-6.374300220792108,53.30331953659115],[-6.374343583209857,53.30329563069847],[-6.374388419530566,53.30327095661252],[-6.3744809592161,53.30322018463406],[-6.374666624110305,53.30311911086383],[-6.374953234764591,53.30296816737355],[-6.376298353768542,53.302296555625],[-6.37849596514264,53.30102646787037],[-6.379353438874676,53.300637529149206],[-6.3808877889811555,53.30020421314463],[-6.381720069686084,53.299831613375616],[-6.382399478657309,53.29939311646304],[-6.384066990279769,53.29816658691429],[-6.384650678276682,53.297547444684895],[-6.384759118065291,53.29719751930461],[-6.384416775775094,53.29645629028402],[-6.384559746730277,53.29619656563906],[-6.385503722688758,53.295920500493885],[-6.38562913118365,53.29564678131643],[-6.385506073380117,53.29551191502898],[-6.3854358608103405,53.295434595895664],[-6.385361225558575,53.295352081197784],[-6.3850389541818755,53.29499099318825],[-6.384493668736923,53.29433751176927],[-6.383430636035572,53.292797970894895],[-6.383339534208924,53.29247142384286],[-6.38357530880575,53.291770407944156],[-6.383620949899507,53.291201915799235],[-6.383386670699132,53.290335217751846],[-6.383756464977289,53.28919546834901],[-6.384084027569127,53.28882839429285],[-6.384737229472133,53.288448781728405],[-6.384944946758986,53.287882427668904],[-6.384869260542984,53.287001419452764],[-6.385987283168843,53.28684183367311],[-6.386414978075776,53.2869294139946],[-6.387259049647295,53.28736698820345]]},"properties":{"route":"71","routes":["71","F3","S4"],"category":"radial","colour":"#9467bd","route_colour":"#e377c2","pdf_colour":"#662484","source":"pdf-future","phase":"future"}},
{"type":"Feature","geometry":{"type":"LineString","coordinates":[[-6.31400556854258,53.31681911970623],[-6.3139353914309835,53.31698487874304],[-6.313892656279734,53.31704729519436],[-6.313867513651916,53.31707741242999],[-6.313839917107541,53.31710674674936],[-6.313809913735288,53.3171352564603],[-6.313777550623837,53.317162899870624],[-6.313742874861866,53.317189635288145],[-6.313705933538055,53.3172154210207],[-6.313666773741084,53.31724021537609],[-6.31362544255963,53.317263976662154],[-6.313581987082373,53.31728666318669],[-6.313536454397993,53.31730823325755],[-6.313198204736393,53.31745478184642],[-6.3130264313471205,53.31757259346916],[-6.3129483397574235,53.317645802474814],[-6.312828691496753,53.31779947265433],[-6.312746959183214,53.31795635562427],[-6.312716262527434,53.31803358061796],[-6.312688134224995,53.318112273223846],[-6.312672803501334,53.31815275515045],[-6.312662280696164,53.31817957087046],[-6.312651583218932,53.31820625503359],[-6.3126461869745745,53.31821954944951],[-6.312640768657741,53.31823281297805],[-6.312590336544105,53.31835440102394],[-6.312563497469305,53.31842124602247],[-6.312492674764739,53.31867556759345],[-6.312488628343417,53.318737579928126],[-6.312489276326202,53.31876858416206],[-6.312491855966489,53.31879964365866],[-6.312553722690563,53.318937565170096],[-6.312611568901227,53.31905515858628],[-6.312897237861293,53.31946306760465],[-6.313873219820529,53.320296437368455],[-6.3152993842986405,53.32103318638588],[-6.316872459154035,53.321754548790985],[-6.317862401471953,53.32247282784313],[-6.317773630473315,53.32294772669614],[-6.316931335878664,53.32344725039593],[-6.3164772401771545,53.323895440259484],[-6.316270639628405,53.323985092906966],[-6.31599289616763,53.32403005586904],[-6.315880056070056,53.32405708944832],[-6.315825484077297,53.324072616930984],[-6.315772246516068,53.324089445891055],[-6.3155741764991395,53.32416919173625],[-6.3145197070633055,53.324666089678594],[-6.313143460461863,53.32465763802207],[-6.310621000009605,53.32490355061632],[-6.308416980369987,53.325030552442584],[-6.306917001230788,53.32504845151321],[-6.304909497078848,53.324993386856896],[-6.300390467825308,53.32472415602497],[-6.298664519595002,53.324702655226446],[-6.2975477994157645,53.32485165540233],[-6.294496323610275,53.3254915491582],[-6.29420880420969,53.3255518621941],[-6.293798636838805,53.32563550940966],[-6.293390900399029,53.32571678987126],[-6.292580943897028,53.32587302655939],[-6.2909706614927705,53.32616563518322],[-6.286953883896366,53.32684357734019],[-6.285569617787904,53.327189665722514],[-6.284946392060609,53.327436014921794],[-6.283811473382388,53.328053087103534],[-6.282438271858692,53.328935527313014],[-6.282011027048756,53.32931458223175],[-6.281836356425797,53.32963597883898],[-6.2816849969582575,53.33029032150128],[-6.2815778277291985,53.33064399771579],[-6.28153647962775,53.330763273453634],[-6.281515208553418,53.33082283259571],[-6.2814936389398,53.330882351207514],[-6.281449902524061,53.331001302703285],[-6.281405867239249,53.33112019966683],[-6.281383924039287,53.33117965011334],[-6.28134055956095,53.33129859976452],[-6.281393039946852,53.331623804503714]]},"properties":{"route":"71","routes":["71","S4"],"category":"radial","colour":"#9467bd","route_colour":"#e377c2","pdf_colour":"#662484","source":"pdf-future","phase":"future"}},
{"type":"Feature","geometry":{"type":"LineString","coordinates":[[-6.249720487669716,53.33925330786772],[-6.249891146701754,53.338839370185184],[-6.251436086577171,53.33701814047697],[-6.252235338350782,53.336916766734056],[-6.252910855168073,53.33586387522294],[-6.253128720096158,53.335764179423784],[-6.25327435185498,53.335758002517196],[-6.253349530202072,53.33576735769609],[-6.253386858448036,53.33577533692909],[-6.2556634010476335,53.33633446696126],[-6.260397556375283,53.33745400975792],[-6.263397986198167,53.33740922794284],[-6.263631424250251,53.337438223612246],[-6.263742971266363,53.33747256867598],[-6.263795931325805,53.33749377097076],[-6.263846436535264,53.33751730470964],[-6.264015220609652,53.33762942813853],[-6.2641860164527206,53.33840758422377],[-6.2639725228282614,53.33984389614698],[-6.26393765074506,53.3408875727085],[-6.263288327252525,53.34160997926497],[-6.263082454897239,53.342253344265615],[-6.263156256847463,53.3433951596928],[-6.263425489874537,53.343510425887196],[-6.266209726016002,53.34336903431072],[-6.268404272765431,53.34299453869157],[-6.269156879235852,53.34256639793254],[-6.269750975559371,53.342418460232324],[-6.270084258782247,53.342448374427555],[-6.270702710594049,53.34262085757554],[-6.272824674998463,53.34295816477547],[-6.274551482576655,53.342909727342146],[-6.274856060632163,53.34297653107518],[-6.27539059925881,53.343575388406094],[-6.2753008551342155,53.34397063294171],[-6.2749093197081125,53.3447412803789],[-6.2748096824045465,53.34495981204187],[-6.274763161673746,53.34506969011493],[-6.2747409006942965,53.34512481660644],[-6.274445632959546,53.34593108888836],[-6.2741858578293765,53.34732885472769],[-6.274310832091715,53.34849054086309],[-6.274202913097832,53.34922025454474],[-6.273362737216015,53.35085798710263],[-6.27306008142378,53.351944512372064],[-6.273005440508204,53.352537903256064],[-6.273049599874704,53.35396215024117],[-6.273368092112765,53.35585099274708],[-6.273320486818486,53.35691714075815],[-6.272907572534805,53.358080105587085],[-6.2727797360565605,53.35872830546147],[-6.2727815093996,53.358858819158286],[-6.272789877118032,53.35898965007633],[-6.272803759567211,53.359120809350145],[-6.272822077102492,53.35925230811426],[-6.272843750079231,53.35938415750321],[-6.272867698852782,53.359516368651526],[-6.272942403507864,53.359915283998085],[-6.273042524957369,53.36051902018802],[-6.273075697227877,53.361055949912725],[-6.272497691667587,53.36267705228722],[-6.272381657260464,53.36323831367174],[-6.272387131594669,53.363309650586196],[-6.272394091689995,53.36336669153705],[-6.272409810503348,53.36348702112552],[-6.2724175941802915,53.36354960338905],[-6.272430572472015,53.36367783691949],[-6.272432522231663,53.36393669075668],[-6.272349726192017,53.36423559532772],[-6.271874718005181,53.36502689393068],[-6.271063892629888,53.366685376414786],[-6.270022535502957,53.36839050808565],[-6.270624034807419,53.36916783031504],[-6.271355923848006,53.36980633138619],[-6.271367028211121,53.370168536636236],[-6.270812797099165,53.37082860191545],[-6.270653952324532,53.37130703777939],[-6.270970427857463,53.37209879708362],[-6.270989791858934,53.37273479482993],[-6.271331169900746,53.373336551805984],[-6.272960033323944,53.37415278197246],[-6.273713822208912,53.374415871075485],[-6.274914465898418,53.37464408028176],[-6.276319521768004,53.37505137855366],[-6.277816541933922,53.37542923318289],[-6.278650450235816,53.375618342308975],[-6.279014664960918,53.37569877852009],[-6.279174326344436,53.37573369656207],[-6.279315495695238,53.375764406761434]]},"properties":{"route":"23","routes":["23","24","71","72","73","80"],"category":"radial","colour":"#9467bd","route_colour":"#c49c94","pdf_colour":"#662484","source":"pdf-future","phase":"future"}},
{"type":"Feature","geometry":{"type":"LineString","coordinates":[[-6.144629404671984,53.44453613699504],[-6.1449920837374385,53.44467903455594],[-6.147627591310603,53.44539673138192],[-6.1493468158073545,53.4460091448888],[-6.151819557136166,53.446650876871104],[-6.153754405556523,53.44701931481107],[-6.155752693891729,53.447188615898845],[-6.156528507352613,53.447152285536525],[-6.157562645860505,53.446951883896205],[-6.158462196627974,53.44688468775049],[-6.1603942002488985,53.446926062926146],[-6.161930429970522,53.446742424897295],[-6.162039155920924,53.446726481437125],[-6.162457930249402,53.4466649477729],[-6.163063293320856,53.44657371480102],[-6.164267505354741,53.44638954281693],[-6.165176923852794,53.446251285157125],[-6.16568115740352,53.44617476030703],[-6.166209025341323,53.446094717280836],[-6.168416113752502,53.44576055097547],[-6.172010146043704,53.445218623585895],[-6.172909210739367,53.44544703277308],[-6.184344921121652,53.44898133787404],[-6.185185350363397,53.44928445142406],[-6.186048964201909,53.44979438790573],[-6.1868350119550986,53.45066791057235],[-6.189509977497495,53.45131436049138],[-6.190444823184364,53.45112561189175],[-6.192412512745423,53.44883131792669],[-6.1928703999832795,53.44813644117326],[-6.193708118912732,53.44747648332353],[-6.19455419402573,53.44637140311095],[-6.194474148721558,53.446213145781606],[-6.194422679773638,53.44618109615928],[-6.194392790501055,53.44616699826612],[-6.194360268052338,53.44615437885442],[-6.194325214944698,53.44614338332627],[-6.191334778336027,53.445293226415856],[-6.188342699252592,53.44433985519577],[-6.186097840492445,53.443691736227706],[-6.181601486486335,53.442309624466006],[-6.181387776415942,53.44208453538248],[-6.181619946301498,53.441305560547534],[-6.181613432811687,53.44036810203973],[-6.182314176670341,53.43888297295344],[-6.182805677702795,53.438302078189274],[-6.184078661561692,53.43718657467999],[-6.184645633323003,53.4360683794549],[-6.184623658004643,53.435306871681036],[-6.184342810850927,53.433394407243675],[-6.184263868388608,53.431883425464086],[-6.183790698043197,53.42994349956625],[-6.183782420916661,53.42985599831234],[-6.183778906128834,53.4297689776722],[-6.183785336432791,53.42959540026859],[-6.183960194371259,53.428871416973124],[-6.184272270900412,53.42800905965524],[-6.184513451896586,53.426756165523194],[-6.184576023247324,53.425609158428905],[-6.184448674893972,53.424995961089095],[-6.184005929915624,53.42430797292156],[-6.183245381203647,53.42341872271221],[-6.1826465563452935,53.42236671728661],[-6.182435312251358,53.421698499592246],[-6.182041608701054,53.419520372363095],[-6.182217489596474,53.41798153422155],[-6.182630512522734,53.416731825954635],[-6.183042691930654,53.41414889334182],[-6.183101970088188,53.4126346295173],[-6.183213568618451,53.4121044431471],[-6.183989514267993,53.410304303629765],[-6.184086475591219,53.409481429614765],[-6.183927082021418,53.4088580997403],[-6.182873174948398,53.40764219128387],[-6.182549050886252,53.40713514876694],[-6.181818489230407,53.40505844723832],[-6.181559743734124,53.40359769427368],[-6.181898153302647,53.40275554168772],[-6.1823800225820085,53.402342127414165],[-6.182649999764576,53.40200305661508],[-6.182656444588685,53.40199225244899],[-6.182682189176103,53.40194487127829],[-6.182688761057921,53.40193304228393],[-6.182695378773115,53.40192121741246],[-6.182708734782412,53.40189757524536],[-6.182763146093664,53.40180293184982],[-6.182934081704165,53.40152605423931],[-6.183134761276513,53.401230027111225],[-6.183817979583071,53.40045601014222],[-6.185857892702141,53.399028735392214],[-6.188198400452324,53.39748741340053],[-6.189829673987892,53.39576253277808],[-6.1900778859783525,53.39544367217152],[-6.1901427267685,53.39535644734027],[-6.190208286160247,53.39526704221371],[-6.190274365895886,53.39517586858009],[-6.190340767717709,53.39508333822768],[-6.191078477194127,53.3940333204795],[-6.191426118900929,53.39359898668174],[-6.192347330020433,53.392619240538096],[-6.193371100813268,53.391828700413036],[-6.194915680983778,53.391014263744324],[-6.196075988282199,53.390495235629444],[-6.196947864983215,53.3900479307118],[-6.197708158515043,53.38963071802497],[-6.197855412932176,53.3895476567286],[-6.197978770670808,53.389477502839526],[-6.198171618354849,53.389366538901704],[-6.199032507869828,53.38868173183644],[-6.199559123957331,53.38823950452584],[-6.2000748750673305,53.38779754177542],[-6.200202289376083,53.38768765491384],[-6.200329140746399,53.3875781595796],[-6.200418689072028,53.387500885233074],[-6.200836784748089,53.38714069359036],[-6.201042569607845,53.38696145534837],[-6.201656313813662,53.38641954883077],[-6.20218130722033,53.38598535866666],[-6.203620625515731,53.384950076018086],[-6.204501468172317,53.38401138279746],[-6.205377124035161,53.382486179445344],[-6.206296627496236,53.38172874414183],[-6.206607520601221,53.38162250270439],[-6.2072367815556,53.381418759252924],[-6.207369243647194,53.38137577704791],[-6.207436959722614,53.38135373027531],[-6.207505472636232,53.38133136490829],[-6.208065561168242,53.381145647282636],[-6.2090227891180945,53.38079614584402],[-6.209515264950462,53.38055093321715],[-6.212158631876697,53.378502977157915],[-6.213965441621218,53.37745821257403],[-6.21603832759062,53.37657847294713],[-6.216763321351497,53.37620498701064],[-6.217761537782124,53.375547121874376],[-6.219652727917816,53.37456284899352],[-6.220058526124319,53.374332184409724],[-6.220154343379091,53.374270482407766],[-6.220247308703802,53.37420685556657],[-6.22033712259279,53.37414114863772],[-6.220423485540397,53.374073206372806],[-6.22050609804096,53.3740028735234],[-6.22214417435008,53.37239439825787],[-6.2235312856932525,53.37118940752324],[-6.224697496534381,53.36993483943362],[-6.224733006465126,53.369894492004924],[-6.224768446531601,53.369854048531046],[-6.224839095714387,53.36977296376211],[-6.224979320777859,53.36961063513993],[-6.225152149170414,53.36940928881255],[-6.225269176807512,53.36927265891327],[-6.225386989653353,53.36913568405501],[-6.225871871225206,53.36858917456625],[-6.226392428541105,53.368056503869845],[-6.2272806032422565,53.36731732229862],[-6.2273359430638155,53.367278417134706],[-6.227363985935678,53.367259085468845],[-6.227392273279872,53.36723981508816],[-6.227507804854055,53.36716305653427],[-6.227978701700633,53.36686122933778],[-6.228278218905639,53.36665779192264],[-6.228803225922288,53.366200438551424],[-6.229671074257572,53.36489043929779],[-6.2299462969155694,53.364266003029414],[-6.230006432696464,53.364050497408016],[-6.230031826265502,53.3639420985917],[-6.230037812821004,53.36391665304155],[-6.230044055292616,53.36389037200489],[-6.230071184073441,53.36378049107148],[-6.230078405925553,53.36375273116099],[-6.230085763613754,53.36372521518747],[-6.230093237124707,53.36369812305483],[-6.230100054661515,53.36367957749975],[-6.230121924057668,53.36364489459975],[-6.2304588785337485,53.36352999592362],[-6.231860854838397,53.3635337601973],[-6.2324774584382405,53.36349837715216],[-6.233049156977003,53.36343846047621],[-6.233319659473265,53.36340043868098],[-6.233580726854002,53.363357647463204],[-6.2345425862199715,53.363147881601066],[-6.236791753864676,53.362435856313105],[-6.2382264755931685,53.36189694479654],[-6.2386083578135025,53.361648395249574],[-6.240016747322185,53.36038524914203],[-6.241653814526007,53.358783640621944],[-6.241810254409593,53.35863949090584],[-6.241970155490049,53.358496273370356],[-6.2423001908612425,53.35821275595841],[-6.243000141782505,53.3576582395905],[-6.245866879270116,53.35568404665654],[-6.246754567437247,53.35500943111831],[-6.246967035654654,53.35483517637448],[-6.247174855606784,53.35465839315158],[-6.247377593925874,53.35447893738193],[-6.2475748172441605,53.35429666499783],[-6.249846336517217,53.35214492121855],[-6.250181047435121,53.35179431169797],[-6.25033767970969,53.35161109580747],[-6.25048493914088,53.35142160348865],[-6.250554532777601,53.35132426874483],[-6.250857339828813,53.35083319296536],[-6.250911566253294,53.350731494311496],[-6.250971486477461,53.35061568456075],[-6.250991530577299,53.35057626543683],[-6.2510014218903205,53.35055668253245],[-6.25101118338123,53.35053726692094],[-6.251337366552436,53.35030670809702],[-6.2524215752308345,53.35006192337336],[-6.252576671468022,53.34999083570425],[-6.252649555742163,53.34995171569991],[-6.252719279349631,53.34991023716367],[-6.252993295973228,53.34971266943673],[-6.253804943127606,53.34951465986863],[-6.253924549820001,53.34948288100304],[-6.2539815190473815,53.3494663631443],[-6.254036583836769,53.349449552071995],[-6.25423757323267,53.34938126170305],[-6.254282946795802,53.34936439910488],[-6.2543263483064235,53.34934780910993],[-6.254407190093792,53.34931582414088],[-6.254627609591655,53.349225741519],[-6.256088624462442,53.34908606344509],[-6.256549528643222,53.34936954432057],[-6.2568041155593646,53.34980624264638],[-6.256725449722206,53.35016910846745],[-6.25652215725619,53.350282625943635],[-6.256458011441101,53.35030329169797],[-6.256389027323607,53.350320336862936],[-6.256315450292223,53.35033349386679],[-6.250837518958261,53.351139370716695],[-6.250554532777601,53.35132426874483],[-6.250497150593635,53.35140519860577],[-6.250485400425994,53.35142122132343],[-6.250473566291132,53.351437191027536],[-6.250449658593558,53.35146897380301],[-6.2503637950973605,53.35157863208148]]},"properties":{"route":"20","routes":["20","21","6","73","78","D1","D2","H2","L80","L81","X77","X78"],"category":"radial","colour":"#9467bd","route_colour":"#98df8a","pdf_colour":"#662484","source":"pdf-future","phase":"future"}},
{"type":"Feature","geometry":{"type":"LineString","coordinates":[[-6.335346621131824,53.369979653795134],[-6.335618587633147,53.37006570931309],[-6.335652558994758,53.37007645772231],[-6.335720311872072,53.370097889474614],[-6.335787706442603,53.370119198484666],[-6.335887850378541,53.37015083739121],[-6.336568913367598,53.370366554398196],[-6.338588516768423,53.370992023397065],[-6.34006331497347,53.371373039885746],[-6.345164785651757,53.372974972854436],[-6.349660339547335,53.37429021003991],[-6.354130125884773,53.37555883318867],[-6.358780364338686,53.37695890256358],[-6.360225025258878,53.377436719132525],[-6.362925355039525,53.37845013138805],[-6.363311790944272,53.37847781486336],[-6.363660201346398,53.378122988676424],[-6.363792603910181,53.37739129025846],[-6.363343924062966,53.37423080747527],[-6.362846806461806,53.37043823609558],[-6.3632690196796675,53.37022389115094],[-6.364677915192678,53.3704383823022],[-6.3647824692441555,53.37046083018374],[-6.364965251025926,53.3705052332946],[-6.365044908785226,53.3705269627703],[-6.365117916430454,53.37054847920105],[-6.365361025475404,53.37063393959744],[-6.365465532799638,53.370677374185746],[-6.365516601093028,53.37069953447394],[-6.365620761843548,53.37074512231917],[-6.365733481347306,53.3707929082305],[-6.366203784887798,53.37097499927931],[-6.366968175373277,53.37120861404391],[-6.367134134702457,53.37127068621058],[-6.367170877898344,53.37128705563224],[-6.367205305703427,53.3713038221424],[-6.367266381668701,53.37133865950126],[-6.36740732906465,53.37144971031058],[-6.367516496863362,53.371551432050424],[-6.3676192746062785,53.37165935234274],[-6.36766800411853,53.371714824520055],[-6.367714820410891,53.37177087142426],[-6.367880848675169,53.37199430690189],[-6.368357889230918,53.373094913755445],[-6.368561245431417,53.37342232899876],[-6.36866274685827,53.37355005032148],[-6.368716756135654,53.37361281517905],[-6.368772651193924,53.37367486239236],[-6.36883021708677,53.37373620163011],[-6.368889238867878,53.37379684256098],[-6.369010790309628,53.3739160681769],[-6.369494911119304,53.37434944530836],[-6.3700225233270436,53.374759634894076],[-6.3710108813117605,53.37536248571185],[-6.371201763851042,53.37548135561847],[-6.3713795469694485,53.37560296160893],[-6.371500778103396,53.37569937099233],[-6.371535018417916,53.37573639089597],[-6.371543206369309,53.375746151258014],[-6.371551311168114,53.37575611454136],[-6.371567402704571,53.37577665140574],[-6.37167677485445,53.375918689855],[-6.371733809054643,53.37598146464359],[-6.372245351621431,53.37673903384355],[-6.3722996578480045,53.37679711006979],[-6.372355202063149,53.37685457666331],[-6.372411969932069,53.37691142133215],[-6.372469947119974,53.37696763178435],[-6.372589472113562,53.37707810087095],[-6.372842403197655,53.377290887598],[-6.373254782390927,53.3775882140375],[-6.37359516560717,53.37778947536552],[-6.374232370425692,53.378136090885725],[-6.374526149143745,53.378297562656456],[-6.374625935627956,53.378354236461476],[-6.374782114834964,53.37843354556066],[-6.3758303877010185,53.37949386291437],[-6.375923415711291,53.379602482887634],[-6.376013478742041,53.3797117518273],[-6.376186691331583,53.37993183109494],[-6.37713591273581,53.38116026028957],[-6.377760835489047,53.38199936154841],[-6.3775106253833425,53.382112392117925],[-6.376035810711277,53.38196967314795],[-6.375362686011676,53.38211747261483],[-6.375026470151422,53.38229402758306],[-6.374190632130166,53.38288364823945],[-6.374137885939605,53.38293601316054],[-6.373652952702985,53.3836566491362],[-6.373802575393189,53.384122950193465],[-6.374581374566065,53.38465154273858],[-6.377670956462026,53.386210185817404],[-6.377667023386051,53.386374613925696],[-6.376551929692039,53.387225093702526],[-6.3759265869417305,53.38784549602306],[-6.375811604652642,53.38822000573006],[-6.376485536743714,53.388870240605875],[-6.376546821747738,53.38929373638237],[-6.376707165652625,53.389413832957416],[-6.376827745712225,53.389446627992555],[-6.37686055307363,53.38945126691915],[-6.376894139804779,53.3894543488141],[-6.37692836312124,53.389455807127995],[-6.378094183166568,53.38947021153913],[-6.381936623528925,53.389232703213494],[-6.383231120494872,53.38926962532413],[-6.384583112923842,53.38957007317359],[-6.385087083710494,53.3898123836898],[-6.38581989649162,53.39017598352384],[-6.385848099887745,53.39037755697243],[-6.384318757748642,53.39125758873955],[-6.382790901769599,53.39231080515309],[-6.382831257439959,53.392433052358555],[-6.382958133047614,53.39247000920677],[-6.383019849182963,53.392486001759494],[-6.383050976369316,53.39249391016281],[-6.383081831226953,53.392501709959554],[-6.383112074949997,53.3925093636313],[-6.383169373768798,53.39252408252614],[-6.383261730332704,53.39255011600561],[-6.38361853396102,53.39279710540769],[-6.383533386663769,53.393175801268505],[-6.382990586708338,53.39347033573637],[-6.381908576368779,53.39386892660062],[-6.381069792887076,53.394378582142835],[-6.379812794907965,53.39531287773781],[-6.3792956832031615,53.395852654514385],[-6.379593041092385,53.39621636773626],[-6.380149679007669,53.396467301916736],[-6.384205949171952,53.39752317046216],[-6.385083436918595,53.3972292820173],[-6.389454688589608,53.39598274488356],[-6.390067319744387,53.39585211392269],[-6.391052056339294,53.39588016595711],[-6.392427635378111,53.396522089753994],[-6.394453787620166,53.39609112691045],[-6.396387946321921,53.39558153468866],[-6.397382836187924,53.39524001856502],[-6.397826380150338,53.395009166115166],[-6.398646798447192,53.39452848186438],[-6.398917979149951,53.39437191511684],[-6.399880096282879,53.393801167234436],[-6.401213535959324,53.39307047847895],[-6.40309493231334,53.39196582639776],[-6.402443035908944,53.391905236512564],[-6.401283106163323,53.39268453060407],[-6.400180733324076,53.392700807292414],[-6.399964065881044,53.39258282130264]]},"properties":{"route":"35","routes":["35","37","L61","N4","X61"],"category":"radial","colour":"#9467bd","route_colour":"#bcbd22","pdf_colour":"#662484","source":"pdf-future","phase":"future"}},
{"type":"Feature","geometry":{"type":"LineString","coordinates":[[-6.392540498417014,53.32122495172502],[-6.391110349280352,53.321047349740105],[-6.388461031695016,53.320581683764644],[-6.386312966570838,53.320134190892105],[-6.383095174353406,53.319649832936584],[-6.379288974508573,53.31918120248474],[-6.378550832762646,53.31914716876458],[-6.377908317771627,53.318972541868014],[-6.377193412434352,53.31855933167666],[-6.3756009378198115,53.31819152398749],[-6.373893387176231,53.31791313379922],[-6.372917496073569,53.317815545131545],[-6.372890724891423,53.31781313867499],[-6.372863929187645,53.31781099209943],[-6.372837113053298,53.31780910601819],[-6.372702869110337,53.31780360449347],[-6.3725687280629995,53.31780470732687],[-6.3724885055599,53.31780857101218],[-6.371697057974107,53.31784755952065],[-6.370975883724842,53.31784423785127],[-6.369485325821574,53.31774741040494],[-6.368987754004305,53.317930993842914],[-6.368530801577853,53.31848805803117],[-6.367670688131569,53.318909005096906],[-6.365878889977367,53.31917941021325],[-6.3646340233877385,53.31921088643618],[-6.364435353454097,53.319225655430195],[-6.364372525249165,53.31923183655462],[-6.364311196958383,53.31923865889886],[-6.364192565785688,53.31925425642264],[-6.363808323660232,53.31934450084293],[-6.3576887496148125,53.32153574051546],[-6.35202519793191,53.32351448349534],[-6.34823515398604,53.32488425518794],[-6.345352656508286,53.32587097626394],[-6.343166103750131,53.32651529456806],[-6.3428832766596654,53.326586151782905],[-6.342163390124392,53.32676293062921],[-6.341983012101848,53.32680748044805],[-6.341892767607539,53.32682979916097],[-6.341802487451875,53.32685214478226],[-6.341023972058999,53.32704491861565],[-6.340181530968993,53.32725243392963],[-6.338478264489858,53.327662845787735],[-6.335581014478665,53.32833820017611],[-6.333222739864606,53.329081249689715],[-6.331318092795219,53.33002071474332],[-6.330161497209584,53.33092573976674],[-6.329001479532827,53.332319234983416],[-6.328539678813795,53.33304299125448],[-6.328000107581589,53.33357672432967],[-6.323818075693251,53.33672630281944],[-6.321241513466725,53.33834764638076],[-6.319112221929266,53.33820609643259],[-6.317228047287082,53.33865899427038],[-6.31506779182566,53.339042203440926],[-6.313880995836932,53.338892333596405],[-6.312326499619626,53.33891136318937],[-6.307482476125488,53.33880104422349],[-6.307159050245188,53.3389530496122],[-6.3070653951660445,53.339836264523285],[-6.307378113603037,53.340946528506144],[-6.30741555682579,53.34110171587513],[-6.3074495523399134,53.34125631919754],[-6.307483001276658,53.341410940053464],[-6.30751599694187,53.34156557544925],[-6.307581001681074,53.34187487788569],[-6.3076774418995125,53.34233886574746],[-6.307709677358275,53.34249352551526],[-6.307742112686422,53.34264817886721],[-6.308327385180048,53.34532451707635],[-6.308575130760203,53.34671526817367],[-6.307948743445495,53.34712071306676],[-6.30250322979125,53.34714848767327],[-6.295644915442126,53.3470506368253],[-6.2944347310134745,53.34672491918693],[-6.293062011023821,53.34667175397153],[-6.29283694468475,53.346684585947216],[-6.292603925450867,53.34670077343925],[-6.292486961766151,53.346709345174034],[-6.29244204466984,53.34671268072881],[-6.292397061722491,53.346716007861914],[-6.292307416307923,53.34672253877231],[-6.29213303363195,53.346734420534055],[-6.291832910753865,53.34674797073524],[-6.2906914533746585,53.346558704619895]]},"properties":{"route":"57","routes":["57","58","60","80","L54","S2","X55"],"category":"radial","colour":"#9467bd","route_colour":"#c5b0d5","pdf_colour":"#662484","source":"pdf-future","phase":"future"}},
{"type":"Feature","geometry":{"type":"LineString","coordinates":[[-6.306947528848473,53.362059582949975],[-6.306907087056123,53.362040724431004],[-6.3068819609059,53.36202692280201],[-6.3068549673400165,53.3620099047625],[-6.306775783248574,53.36191616430914],[-6.307004431435551,53.36173427569736],[-6.309331358507029,53.36110684431704],[-6.3109227689788066,53.36067231253125],[-6.311516334826078,53.36050978149152],[-6.311723473822609,53.36045300759268],[-6.311855951503946,53.36041667873938],[-6.311902593847246,53.360403882905246],[-6.312101933580176,53.3602687113193],[-6.311307369171567,53.35955104629103],[-6.309376142390769,53.358542652897405],[-6.307694394587532,53.35787957163131],[-6.30592122022655,53.35744290848024],[-6.303227274022231,53.35668727235365],[-6.299357611879731,53.355722495447694],[-6.296816836520056,53.35499343775217],[-6.294805947563805,53.354717255984944],[-6.2938877588649875,53.35453345070319],[-6.293700828479318,53.35448792336203],[-6.293511955555008,53.354439695320934],[-6.29313999639787,53.354337468858006],[-6.292500525001386,53.354126256442434],[-6.290646508572499,53.35333841818529],[-6.289271462752771,53.3526882811135],[-6.286507835868627,53.351996471177415],[-6.286038615081223,53.351775680262335],[-6.284768833650708,53.35093587863393],[-6.28337480505109,53.34980591464174],[-6.282654750680257,53.34929894192021],[-6.282666725078579,53.348684533549054],[-6.28293524831302,53.34643535460375],[-6.282944331929642,53.3463497090173],[-6.282956396562551,53.34622277384594],[-6.282963100178644,53.3461494092367],[-6.282970013151043,53.34607242611619],[-6.28301217655939,53.34558545869584]]},"properties":{"route":"37","routes":["37","N2"],"category":"radial","colour":"#9467bd","route_colour":"#8c564b","pdf_colour":"#662484","source":"pdf-future","phase":"future"}},
{"type":"Feature","geometry":{"type":"LineString","coordinates":[[-6.255766938660999,53.34914103048334],[-6.255804624249294,53.34921139186435],[-6.255848139536119,53.3492925429569],[-6.255972542766634,53.34952411716708],[-6.2561308131016595,53.34981782903863],[-6.25621666226912,53.3499766522079],[-6.256303794815617,53.3501374085251],[-6.256389816275452,53.350295564234415],[-6.2564723321829305,53.35044658558004],[-6.256548948072353,53.35058593880617],[-6.256617269478023,53.350709090157],[-6.256674901934244,53.35081150587671],[-6.25676483589877,53.35096543353702],[-6.256604828505383,53.3511367568813],[-6.256327590655692,53.351177623271646],[-6.256008599537045,53.35122489822912],[-6.255655267083501,53.351277465367566],[-6.255275005229114,53.35133420830082],[-6.2548752259079405,53.35139401064271],[-6.254463341054038,53.35145575600707],[-6.254046762601461,53.351518328007735],[-6.253229172636512,53.351641486373325],[-6.251309313707242,53.35193447093002],[-6.25065886112134,53.3521764578067],[-6.248728571945473,53.35416270113226],[-6.248014174504014,53.35477605000168],[-6.247925361689184,53.35485199573821],[-6.247836137363865,53.35492818001255],[-6.247746903951812,53.355004242651624],[-6.247658063876786,53.35507982348236],[-6.247397927911429,53.355300073393785],[-6.246458038871979,53.356021173840816],[-6.244587105341749,53.3572694881708],[-6.242960752036218,53.35852036976781],[-6.2424799613488045,53.35892844512388],[-6.242267021410659,53.35911342700448],[-6.242077112951143,53.359280552478815],[-6.241597149549647,53.35971307954743],[-6.239153760312822,53.36196634746933],[-6.2380130238610025,53.3625172415565],[-6.236098011860616,53.36314943881386],[-6.235091916915677,53.36344891638148],[-6.234568202303145,53.36358769667298],[-6.234316257415139,53.3636478711438],[-6.23406874061698,53.36370218528445],[-6.233090251487933,53.363865090341946],[-6.2311706592283205,53.36397365973201],[-6.2302268180730405,53.36393191428],[-6.23007685700726,53.36392517585509],[-6.2299335934063045,53.36391868923988],[-6.229586847656247,53.363902572483475],[-6.229435096344102,53.36389496497901],[-6.228902007601371,53.36386282662325],[-6.228839215821527,53.36385269745287],[-6.228776731516194,53.3638403686511],[-6.228654716968227,53.363808169855496],[-6.228539534125888,53.363765355040854],[-6.228484346676638,53.36374189635787],[-6.228430940316566,53.36371778864018],[-6.2280352909609205,53.363498195390875],[-6.227575019556337,53.36353836648091],[-6.226077885079929,53.36418768711431],[-6.222918538385456,53.36547541785099],[-6.221617423663384,53.365700815089205],[-6.219825552888245,53.36576313361208],[-6.219624112963247,53.36577582356265],[-6.219527924082638,53.36578352222787],[-6.219435690734235,53.365792115011345],[-6.219120334826854,53.3658353022022],[-6.217860344530378,53.3661506167105],[-6.21615022097359,53.366193462303706],[-6.214904587966427,53.366368489679715],[-6.212859000882227,53.366957858993054],[-6.211868110618705,53.36738552089769],[-6.211311770761654,53.36764962633475],[-6.211035765492026,53.367784601225736],[-6.210767827457939,53.36791784939407],[-6.210512924756599,53.36804661471154],[-6.210276025485212,53.36816814104994],[-6.209876109621118,53.36837845227669],[-6.209535463979775,53.36857072356852],[-6.207746001247894,53.369723300250605],[-6.207619417988566,53.369783991238556],[-6.207546923418774,53.36980862580925],[-6.2074698663456624,53.36982979654739],[-6.207139604871472,53.36988499291902],[-6.207057429170353,53.36989270830282],[-6.2069777685213525,53.36989850537743],[-6.206830710749997,53.36990537494799],[-6.206577146320956,53.36990776039018],[-6.2056291221552735,53.36996862185634],[-6.203854601004423,53.37012284676152],[-6.2034800677378374,53.37028518214933],[-6.202907814116834,53.3715075752784],[-6.202140317504613,53.3720186037675],[-6.199300419854907,53.3733091101356],[-6.197945961568968,53.37369691434013],[-6.193370343115091,53.37459170979326],[-6.192526132151975,53.374812914954276],[-6.190956481129318,53.37541421679569],[-6.18921752226276,53.375903706786005],[-6.1877508106162225,53.376169524803224],[-6.185377112860014,53.37652252400102],[-6.183160042398547,53.37704802181932],[-6.180511142437674,53.377878954690004],[-6.179481640843146,53.37837578565992],[-6.178994934244607,53.37835112215758],[-6.1789352833029145,53.37831438116736],[-6.178871763580653,53.378272197361945],[-6.178645593799994,53.378119099310666],[-6.178452740504203,53.37800102200334],[-6.178217517902718,53.37787928374302],[-6.1776701566120344,53.37769349972786],[-6.177073149729671,53.37757067725803],[-6.176343249556043,53.377460899212174],[-6.176208288854727,53.37744018313348],[-6.176079063513431,53.377418808342995],[-6.175952295272344,53.37739318416439],[-6.174339508795238,53.37671292878291],[-6.1696849148645905,53.3750526135563],[-6.168006134632702,53.37435085006485],[-6.165114173044474,53.37301526112116],[-6.16448105720217,53.372945753251635],[-6.161557407254766,53.375161947942324],[-6.159969703476719,53.37620083339241],[-6.158407158597509,53.37711724940756],[-6.152367682745608,53.379757403225035],[-6.151919159176009,53.38001949755165],[-6.1516419929672566,53.38028807145352],[-6.151590144595751,53.38035320428585],[-6.1515427851213325,53.380416726707125],[-6.151415198204665,53.380593600735544],[-6.151329774639777,53.38069607495598],[-6.15099422100064,53.38090247339589],[-6.149191526891059,53.38155801190041],[-6.144687769163668,53.383328090204245],[-6.144139394092308,53.38340617412755],[-6.144026461217525,53.38341051787161],[-6.143910215849794,53.38341430175001],[-6.143791723343141,53.383418244767746],[-6.143552258329171,53.38342948424124],[-6.143093238211295,53.38348550908029],[-6.142988845644905,53.3835106982134],[-6.142877087478359,53.38354121698815],[-6.142600362969386,53.383615142504766],[-6.141051229810907,53.384022551889935],[-6.140475544737488,53.38417955037291],[-6.137769749557741,53.38473363911279],[-6.137493947488667,53.38479100120137],[-6.137246446063855,53.38484394699242],[-6.136865595346027,53.38493181825445],[-6.136247022144159,53.38508843445445],[-6.1318845050358854,53.38604940005917],[-6.129566058800117,53.38643268434207],[-6.128191331755805,53.38659519293861],[-6.125688576607373,53.38684933058651],[-6.125160698303169,53.3869063944624],[-6.12496499172133,53.386929805209625],[-6.124790130100546,53.38695128524511],[-6.124604990489667,53.386972938952944],[-6.1244109463075125,53.38699471460075],[-6.124209370972907,53.387016560456146],[-6.123355226486427,53.38710361130585],[-6.122282905206897,53.38720779665239],[-6.122081556383027,53.38722749930243],[-6.121887784013756,53.38724670310382],[-6.121702961517906,53.38726535632417],[-6.121526114086501,53.387282492757755],[-6.1204139185282544,53.387341887278964],[-6.119048808675366,53.387308518303485],[-6.1157483979318386,53.387429516332034],[-6.115296972116469,53.38746951736437],[-6.115054478493553,53.387492024031566],[-6.114778094816227,53.387517967068],[-6.114152743189109,53.38757740194706],[-6.1114399820075604,53.387844935657434],[-6.1104411833348005,53.38773046411184],[-6.110390734369674,53.38771358019006],[-6.110350822079971,53.387699010813286],[-6.110298178360066,53.38767744757332],[-6.1056322339376266,53.38596994352642],[-6.105092846117701,53.38577046165739],[-6.102868179927901,53.38491668115728],[-6.102702472419444,53.38484826722572],[-6.1025386694350985,53.38477847002089],[-6.102377087659495,53.38470710733992],[-6.102218043777267,53.38463399697995],[-6.1013843065239755,53.384199742059245],[-6.100018553649653,53.38324990967959],[-6.0997502348892905,53.38280830923806],[-6.100377469145873,53.3819392494645],[-6.100560593910482,53.38158829860594],[-6.100756424438785,53.381162919488546],[-6.100805153489298,53.38106395525498],[-6.100854221093212,53.38096507556847],[-6.100878691211502,53.38091562614466],[-6.100927122798364,53.38081662556455],[-6.101047166789863,53.3805517471797],[-6.101433959261499,53.379145469986746],[-6.101437008009317,53.37762335072881],[-6.101354746579734,53.377438693245075],[-6.1013321067959305,53.37739260885094],[-6.101308686452538,53.3773465848061],[-6.101259602508931,53.37725477448147],[-6.1012339881196915,53.37720901656026],[-6.101207691592809,53.3771633757055],[-6.101153150548064,53.3770725019125],[-6.101036965448283,53.3768927830127],[-6.100731222253838,53.376602469220906],[-6.100124292496082,53.37643083581223],[-6.099954897814815,53.3764085026777],[-6.0997843245040055,53.37638847975751],[-6.099698709377568,53.37637914047391],[-6.099612935811802,53.37637014575922],[-6.099183280603683,53.37632762256503],[-6.099097509928333,53.37631906437114],[-6.099011898655784,53.37631030711527],[-6.098841335943168,53.37629188477136],[-6.098348077948271,53.3761961353609],[-6.096943903269698,53.375695241814334],[-6.095075428405218,53.37488134354842],[-6.092797585247175,53.37410414182246],[-6.092586485597113,53.373931659610086],[-6.09218449781273,53.37224112002982],[-6.092480223488328,53.37208483375143],[-6.093645029977745,53.372136425177075],[-6.094041502064085,53.37207737041534],[-6.094316720804043,53.372015110232766],[-6.094667149223487,53.37192849402715],[-6.0946995566471,53.371919834957296],[-6.094734612198241,53.371909224860914],[-6.095195883857363,53.37176097728846],[-6.096009318339838,53.37193422076272],[-6.096333631491329,53.37246550059322],[-6.096343386745829,53.37250321957086],[-6.096350712254467,53.372544298158225],[-6.0963800985924985,53.37287649448291],[-6.096428027589814,53.37304962379293],[-6.0965450696199515,53.37317031578151],[-6.097425198084747,53.37357332495583],[-6.097559908544,53.373673265037276],[-6.097630481429951,53.37372920275199],[-6.097665628776041,53.37375747685756],[-6.097734297401645,53.37381294032187],[-6.097799000774736,53.37386469713272],[-6.0981489322097,53.37411126823112],[-6.099348132895541,53.37491667716246],[-6.099429810130358,53.37498019968597],[-6.099500421472107,53.37503914397099],[-6.099774579821816,53.37529823947717],[-6.099926577365592,53.3754546101944],[-6.1000030047054885,53.37553646878069],[-6.1000784602243545,53.375619620942224],[-6.100222683199883,53.375786340261506],[-6.1002895643569905,53.37586817455446],[-6.100351701093957,53.37594783669311],[-6.10053394084486,53.376227435056755],[-6.100569514536451,53.37652437757338]]},"properties":{"route":"6","routes":["6","H2","H3","N4","X78"],"category":"radial","colour":"#9467bd","route_colour":"#2ca02c","pdf_colour":"#662484","source":"pdf-future","phase":"future"}},
{"type":"Feature","geometry":{"type":"LineString","coordinates":[[-6.073475580218,53.3872927000593],[-6.073436011739371,53.38711629577877],[-6.073406215926279,53.38705500636968],[-6.0730277244096635,53.38691424334595],[-6.071702567589772,53.386906250314695],[-6.070540719709622,53.3868061439822],[-6.068154230123564,53.38617202616042],[-6.066672376149459,53.38600090356015],[-6.065549795308353,53.38606023602975],[-6.064671017032413,53.38628295427077],[-6.064713007466076,53.385351714090326],[-6.064378807908455,53.384601897253184],[-6.0633111980440395,53.38352124189214],[-6.062778975760837,53.38279090949019],[-6.062374356876454,53.382450320489966],[-6.061530944831736,53.38209165710516],[-6.058957467336328,53.3814877823361],[-6.058380600261451,53.38116518918022],[-6.056388099903476,53.379657719210556],[-6.055692368398816,53.37896829054823],[-6.054845411359149,53.377557718546825],[-6.054056849178697,53.376600597603854],[-6.054021138174537,53.37656838299741],[-6.053985262097307,53.37653632166309],[-6.053913100852004,53.37647265055473],[-6.053622159366435,53.37622368420332],[-6.053054514461818,53.375742759185925],[-6.05234624849939,53.37500433866824],[-6.0519725528662045,53.37410695008419],[-6.0519718183648585,53.373892787199615],[-6.051988769313214,53.37379373633082],[-6.052017286476437,53.3736999853362],[-6.052542067812869,53.37318873283745],[-6.055248416048496,53.37237277827831],[-6.05574727438851,53.37205566451403],[-6.055835779444885,53.37153586805246],[-6.057008515903855,53.370300116974754],[-6.057378481072007,53.369793110535284],[-6.05740905886375,53.369207914863686],[-6.056967148529525,53.3683126493637],[-6.056891950479013,53.36794433759377],[-6.0569304330932505,53.36776450040834],[-6.056945856078542,53.3677265026945],[-6.056963398642956,53.3676889699202],[-6.057003998088862,53.36761511322597],[-6.057403023619309,53.367054242084485],[-6.057513894133464,53.366883112805354],[-6.057568753639276,53.36679682801803],[-6.057623696690005,53.36671031334283],[-6.057679073819971,53.366623756437725],[-6.057792532454901,53.366451266569726],[-6.058445741182308,53.36571845225038],[-6.059502582336151,53.36540782459967],[-6.060631752165758,53.36540706441032],[-6.061210954200133,53.36548062300384],[-6.061733183666222,53.365578490980425],[-6.062328447210748,53.36570809814108],[-6.062415611014391,53.365725855786174],[-6.062502894099755,53.36574263562629],[-6.062677268439803,53.36577221070618],[-6.063537456229592,53.36579535340027],[-6.065509139200806,53.365334190836585],[-6.066077002216269,53.36526540920328],[-6.070828664591842,53.36521876014724],[-6.072279971906584,53.36528117177666],[-6.0737075217551855,53.36547851160508],[-6.0757858548033505,53.36599540254243],[-6.077349650711896,53.36667623403237],[-6.07780980601462,53.36694222413736],[-6.078374894721116,53.36729476864918],[-6.078444598519354,53.36733673686674],[-6.078520655634007,53.367380362357565],[-6.079654917300095,53.36790787502522],[-6.082297328539339,53.368833182974235],[-6.083495306539192,53.3693662631447],[-6.0841268862039914,53.369839129826765],[-6.084584603696634,53.37035920820828],[-6.08576837833467,53.37107370657505],[-6.086594839005416,53.3716786475396],[-6.087375498984146,53.37251284578663],[-6.087667429940393,53.37298518964736],[-6.088010705141901,53.37415698600427],[-6.08853231252735,53.375529012312164],[-6.088939035520986,53.376293578814895],[-6.089493312787447,53.377030333014915],[-6.090253674666884,53.377704783501926],[-6.091437062867071,53.37835943456506],[-6.096339688608108,53.38053310752263],[-6.097402551865788,53.38104297866813],[-6.098352180055091,53.38161240776772],[-6.098762973416921,53.38192894598933],[-6.098839243605058,53.381996454616484],[-6.098877845769666,53.38203221197837],[-6.098916631797828,53.38206907161196],[-6.099071701793925,53.38222403645607],[-6.100018553649653,53.38324990967959]]},"properties":{"route":"6","routes":["6","H3"],"category":"radial","colour":"#9467bd","route_colour":"#2ca02c","pdf_colour":"#662484","source":"pdf-future","phase":"future"}},
{"type":"Feature","geometry":{"type":"LineString","coordinates":[[-6.307134855130595,53.40413504648532],[-6.307353536743045,53.40441728847325],[-6.307413385876991,53.404492794724355],[-6.307474136331647,53.4045676247042],[-6.307536098862691,53.40464176001778],[-6.307599584225799,53.40471518227009],[-6.307664903176648,53.40478787306613],[-6.3077323664709155,53.404859814010905],[-6.3078022848642785,53.4049309867094],[-6.307874969112414,53.405001372766634],[-6.307950729970998,53.4050709537876],[-6.308029878195709,53.40513971137729],[-6.308112724542223,53.40520762714071],[-6.308199579766217,53.40527468268286],[-6.308548606860345,53.40550648646245],[-6.308632921306257,53.40555409812729],[-6.308719251219102,53.40560015505538],[-6.3088974219455585,53.40568806410051],[-6.309272058501308,53.40585027874085],[-6.309368748182455,53.40588866830602],[-6.30946638233047,53.40592642193281],[-6.30966394852707,53.40600048077046],[-6.311276114084449,53.40658310595934],[-6.311432932882017,53.406639836891735],[-6.311589662136926,53.406696656017],[-6.311902780004122,53.406810634535724],[-6.312478854313951,53.407021965975716],[-6.313150616356237,53.40726352175786],[-6.3135835457724,53.407442250113704],[-6.313782351059457,53.40754078498029],[-6.313875415913106,53.407592908489256],[-6.313963523026978,53.407647150678585],[-6.314126782785837,53.407765404838884],[-6.314689105288513,53.40858584403162],[-6.31473808478696,53.40873064008792],[-6.314784213489606,53.40887783767928],[-6.314808782394634,53.40895323047498],[-6.314834005523237,53.40902929937074],[-6.31485939458262,53.4091059326647],[-6.314908717322533,53.40926044563985],[-6.314987869088616,53.40957132948732],[-6.3150149869538375,53.40987873309915],[-6.314845224981958,53.41090384265568],[-6.314900144353122,53.41146641034057],[-6.314948134608021,53.411619520745774],[-6.3149759036802156,53.41169556018524],[-6.315005655883541,53.41177134301358],[-6.315069511187476,53.411922400529754],[-6.315235880560268,53.41230013325095],[-6.315374064999654,53.41268970555149],[-6.315414341638151,53.41285065206579],[-6.315445850829867,53.413012183122106],[-6.315497974552065,53.413662008479335],[-6.315489321582561,53.41398764083532],[-6.315478724639206,53.414150261682224],[-6.315464864818327,53.41431260935584],[-6.315360472952998,53.41520869450745],[-6.315490572773898,53.416909789156385],[-6.315502510784733,53.41717620462957],[-6.315494016694382,53.417441927446916],[-6.315481933914839,53.41757442315667],[-6.3154739031946,53.417640561045054],[-6.315469327108052,53.41767560558429],[-6.315464617487948,53.41771057267096],[-6.315459746146231,53.41774546950534],[-6.31545468489484,53.4177803032877],[-6.315449405545719,53.4178150812183],[-6.3154438799108075,53.41784981049742],[-6.315431977031378,53.41791915190229],[-6.3154039755684535,53.41805756770609],[-6.315378415306352,53.41816137273725],[-6.315312030248132,53.41840410313489],[-6.314857553914029,53.41856604127249],[-6.312670141942022,53.41824398135203],[-6.3102974088815085,53.418014300014974],[-6.304334241792334,53.417689130026794],[-6.279775248576366,53.4164018897307],[-6.2780048388538505,53.41624656790763],[-6.276705779036317,53.416001652887765],[-6.275184244679258,53.41540015616574],[-6.273370454732539,53.41443291314251],[-6.273299592165149,53.41439650552451],[-6.273224577038061,53.414364511789415],[-6.273146012988495,53.41433695346739],[-6.2729806526708165,53.414295229183125],[-6.2728950636771454,53.41428110628119],[-6.27280834030988,53.414271504912904],[-6.272633905003454,53.41426595289792],[-6.272146152388916,53.41436005279629],[-6.27138644295819,53.414733536381846],[-6.271192436517535,53.41482548776641],[-6.2709929750156075,53.414917949417486],[-6.270583993782699,53.41510014740339],[-6.269045214138434,53.4156365442185],[-6.267038953680996,53.41588815204596],[-6.2649767208807665,53.41588587447113],[-6.262894589000381,53.41572309256909],[-6.256602224755335,53.41502971134632],[-6.255715947383474,53.414941115757664],[-6.254826509480873,53.41487305600024],[-6.253935194391985,53.414825991600516],[-6.2534892339478265,53.41481047626181],[-6.249184332770402,53.41471163195646],[-6.245714305401193,53.414560418878004],[-6.244154374464846,53.41442716383515],[-6.244124961662218,53.414422739955995],[-6.244095453688472,53.41441962776761],[-6.244065980472861,53.41441780738288],[-6.244036671944632,53.414417258914725],[-6.244007658033036,53.41441796247604],[-6.243979068667322,53.414419898179716],[-6.2439510337767405,53.414423046138666],[-6.24392368329054,53.41442738646579],[-6.243897147137972,53.41443289927398],[-6.243871555248282,53.41443956467615],[-6.243847037550725,53.41444736278519],[-6.243823723974546,53.41445627371401],[-6.243801744448998,53.4144662775755],[-6.2437812289033285,53.41447735448257],[-6.243762307266788,53.41448948454812],[-6.243745109468626,53.41450264788505],[-6.24367777837828,53.41455819301756],[-6.243611254950691,53.414611505614836],[-6.243479885592007,53.414712316422985],[-6.243349510409011,53.41480684674811],[-6.243085778635856,53.414984131703775],[-6.24258277032633,53.415293580554085],[-6.241929727344168,53.41565929964636],[-6.240282629787863,53.416536342336514],[-6.2391553381398355,53.41727909598713],[-6.2380075909275075,53.41822845300894],[-6.237884248122102,53.41834213396816],[-6.237742258316879,53.418484392619575],[-6.237667159758752,53.41856274959403],[-6.237590866213971,53.41864406420856],[-6.236949594623301,53.41940933141636],[-6.236917997700037,53.41945271284602],[-6.236886699061418,53.41949810115102],[-6.236855795416892,53.419545128524724],[-6.236825383475909,53.41959342716048],[-6.236795559947923,53.41964262925163],[-6.236766421542381,53.419692366991534],[-6.236710586936434,53.41979197819099],[-6.2366113944097,53.41998144488232],[-6.236589759725886,53.42002463357728],[-6.2365695838401205,53.42006541546778],[-6.236533995300536,53.42013828760886],[-6.23631823781269,53.420639863137865],[-6.2363044217690105,53.42067399549076],[-6.236301240005757,53.42068242319178],[-6.236298165634252,53.4206908168152],[-6.236295197900837,53.420699180399666],[-6.236289579333643,53.420715833606295],[-6.236281932427054,53.42074068909008],[-6.236279588695343,53.42074895725227],[-6.23627734632611,53.42075722364599],[-6.236275204565697,53.42076549230988],[-6.236273162660444,53.42077376728259],[-6.236255952285904,53.42084880668071],[-6.236096810447654,53.422356747029504],[-6.236093467698518,53.42243391795554],[-6.236095980100052,53.422524868869004],[-6.236103822188112,53.4226280246973],[-6.236116468498548,53.42274181036784],[-6.236154071929966,53.42299497094519],[-6.236204586681129,53.42327175002024],[-6.236263809038864,53.42355954701216],[-6.236327535289994,53.42384576134014],[-6.236391561721344,53.424117792423345],[-6.23645168461974,53.42436303968096],[-6.23645502204062,53.424375498608214],[-6.2364572276134975,53.42438378100335],[-6.236458322169955,53.424387920355095],[-6.236460490793462,53.42439620406871],[-6.236468773898283,53.42442966097762],[-6.236486356448499,53.42448366669202],[-6.236543886200821,53.42458724863377],[-6.236628956125619,53.42468361217401],[-6.236738830986845,53.42477118241019],[-6.236870775548448,53.424848384439784],[-6.236944169205627,53.42488260522006],[-6.237022054574381,53.42491364336024],[-6.237189932828595,53.42496538426903],[-6.237279241905041,53.424985693312],[-6.23737167507504,53.4250020322636],[-6.237466890434084,53.42501420426101],[-6.248877829445147,53.42619749705591],[-6.249608224512823,53.42617287528217],[-6.250275719306454,53.42591598637998],[-6.250338274955645,53.42586859565955],[-6.250657449126075,53.42560702608082],[-6.250885826655696,53.425291338860426],[-6.250892150388517,53.42501844397617],[-6.250837420871432,53.42488275576208],[-6.2507957266683984,53.42481630115555],[-6.250744534131472,53.424751229908814],[-6.2506838842324735,53.42468788479144],[-6.250613817943229,53.42462660857299],[-6.250534376235563,53.424567744023065],[-6.249583737859811,53.4239169409725],[-6.248576908317018,53.4234738450505],[-6.244447329636255,53.42237355936411],[-6.244423291512571,53.42236646412934],[-6.244411591419489,53.42236259675378],[-6.244400116773082,53.42235852176389],[-6.244388877173975,53.42235424332801],[-6.244367141520168,53.42234509279162],[-6.24435666466672,53.4223402290278],[-6.244346461263076,53.422335178491345],[-6.244326913207707,53.42232453377389],[-6.24430857415907,53.422313191985964],[-6.244283500484691,53.42229494524288],[-6.243472154499005,53.42168065464053],[-6.243072896134018,53.42152881805206],[-6.238477877560291,53.42028551402978],[-6.237025501168853,53.41989256896529],[-6.236811779786639,53.41975746076869],[-6.236790279652905,53.41967879585054],[-6.23679948759034,53.419638885467975],[-6.2368094309938495,53.419619219593784],[-6.236826539854528,53.41959140553329],[-6.236843791548112,53.41956394054809],[-6.236852467014289,53.419550354863844],[-6.2368611734571475,53.419536875534575],[-6.236869909299507,53.41952350892233],[-6.236878672964185,53.419510261389156],[-6.236887462874,53.41949713929711],[-6.236896277451771,53.41948414900823],[-6.236905115120316,53.419471296884566],[-6.236913974302453,53.41945858928818],[-6.236922853421002,53.41944603258112],[-6.236949594623301,53.41940933141636]]},"properties":{"route":"19","routes":["19","22","24","A2","E2","L89","N8"],"category":"radial","colour":"#9467bd","route_colour":"#ffbb78","pdf_colour":"#662484","source":"pdf-future","phase":"future"}},
{"type":"Feature","geometry":{"type":"LineString","coordinates":[[-6.298872246204398,53.3940594672885],[-6.298968575842108,53.39398512118289],[-6.299167951490407,53.39382382587835],[-6.299575367234205,53.393465367616045],[-6.299959666918423,53.39308679004471],[-6.300403611059586,53.39255018060949],[-6.300702223946521,53.39183988482444],[-6.300891589902428,53.39056387639882],[-6.30125718870014,53.38973349698298],[-6.301059221029092,53.38944019708545],[-6.300051317544742,53.38907451724877],[-6.29867798356886,53.38807930255044],[-6.298445234345622,53.38777587340926],[-6.298366148168372,53.38762009793306],[-6.298330505982388,53.38754175412881],[-6.29829539917685,53.38746331929389],[-6.298259278835772,53.38738495318837],[-6.298177801883051,53.38722906620584],[-6.297934533247742,53.386925146436795],[-6.296266060733277,53.3855076443002],[-6.2958334349107865,53.38523635766599],[-6.291194812033538,53.38292389727842],[-6.2895540853516945,53.38247416943452],[-6.28817435651329,53.382347172186925],[-6.285581554827203,53.382231593172385],[-6.284746152898345,53.38210544872349],[-6.283764657990323,53.38174255982399],[-6.282695040446648,53.38108794277421],[-6.282704447730902,53.38079134406914],[-6.283304160648071,53.38067533195544],[-6.285763787533385,53.38078267022941],[-6.28663535055127,53.38069852431017],[-6.2868378571974555,53.380476553449746],[-6.2866432949586875,53.380014739770544],[-6.287535743744734,53.3790414744672],[-6.287228723046906,53.37867059799354],[-6.284834505007514,53.37849438776314],[-6.284477170059329,53.37824389496333],[-6.2848239751367325,53.37651622180248],[-6.2848151658960605,53.37645306995238],[-6.28480533743819,53.37643297377151],[-6.284792325915341,53.37641354225141],[-6.28471160466032,53.37634471209308],[-6.284484240327408,53.376275828336176],[-6.280758345406805,53.376016938290014],[-6.279553984780525,53.3758079095069],[-6.279378762125244,53.37577643668666],[-6.2792994916295015,53.37576133833935],[-6.2792277632371905,53.3757468769061],[-6.2791128774093625,53.37572049939823]]},"properties":{"route":"23","routes":["23","24"],"category":"radial","colour":"#9467bd","route_colour":"#c49c94","pdf_colour":"#662484","source":"pdf-future","phase":"future"}},
{"type":"Feature","geometry":{"type":"LineString","coordinates":[[-6.467392585398789,53.35413192488815],[-6.46766033559021,53.35423943080656],[-6.467895109974502,53.35433378707692],[-6.468134055398949,53.35442842137694],[-6.468376187206843,53.35452303263576],[-6.468620520741477,53.35461731978252],[-6.468866071346143,53.354710981746365],[-6.469111854364133,53.35480371745641],[-6.46935688513874,53.35489522584182],[-6.4696001790132565,53.354985205831724],[-6.469840751330973,53.355073356355255],[-6.470077617435185,53.35515937634156],[-6.470309792669181,53.35524296471977],[-6.470536292376257,53.35532382041903],[-6.470756131899703,53.35540164236847],[-6.470968326582812,53.35547612949724],[-6.471171891768877,53.355546980734466],[-6.47136584280119,53.35561389500929],[-6.471679693244006,53.35571812900454],[-6.473038695019528,53.356113778986504],[-6.476183999659786,53.35687750939597],[-6.476688290335689,53.35698796645871],[-6.476978260750557,53.35705069612075],[-6.477281860500533,53.35711601948536],[-6.4778951858573,53.35724722616866],[-6.478187530389838,53.35730949891053],[-6.478458742108974,53.35736714420133],[-6.479193639704201,53.357522773795104],[-6.4800548729993235,53.35772077698393],[-6.480373320790229,53.35779386932892],[-6.480716976513283,53.35787266983151],[-6.481439581849867,53.35803804260405],[-6.4827436587431855,53.35833440628088],[-6.48474782475976,53.35878113253714],[-6.48736515064067,53.35938185546274],[-6.490986286634318,53.36021490696709],[-6.492530179283331,53.36064845964214],[-6.493215103623737,53.36093677745582],[-6.493250839064214,53.36134098206685],[-6.493068487004013,53.36237856126103],[-6.493860229064846,53.36250177423588],[-6.494710174794036,53.36240800391485],[-6.498477637796556,53.36159007668275],[-6.499466642353163,53.361757389393624],[-6.500078088681964,53.36228364231551],[-6.50028866671801,53.36268335225659],[-6.500130482670485,53.363548879592805],[-6.500295588881231,53.364145219888925],[-6.500752178219944,53.36448013530564],[-6.501407749655751,53.364708555581366],[-6.502300172500828,53.36484870008592],[-6.503255771741833,53.36489827537418],[-6.503360372713221,53.36490543160332],[-6.503481907765448,53.364916072723],[-6.50361679790216,53.364929609086104],[-6.503761464127,53.36494545104554],[-6.504065808855632,53.36498169316496],[-6.504974421458556,53.36510324288423],[-6.50619655712853,53.365429069479546],[-6.5077715851127715,53.364595818909635],[-6.511157846379589,53.36388849309732],[-6.513488584960808,53.36335131342148],[-6.514987454891661,53.36330509715169],[-6.51624165482477,53.363147220526535],[-6.517422886760503,53.362787457728714],[-6.518352131215747,53.36275285469932],[-6.5190172246521865,53.362846745815936],[-6.520370168705882,53.363268201057515],[-6.5218414300877345,53.36331037124275],[-6.523479460622994,53.36293591127479],[-6.524859693040211,53.3627442472953],[-6.526048475586585,53.362953632228034],[-6.527423476285459,53.36345897651186],[-6.528459282349135,53.36366373314413],[-6.529757798760226,53.36364242117171],[-6.531551753142434,53.36346915296478],[-6.53368694303666,53.363320011237356],[-6.534828812593746,53.36344206400446],[-6.5350347467293295,53.36359214780946],[-6.535050165724743,53.363631551339466],[-6.535060860895388,53.36367269868426],[-6.535069095465442,53.36375667358502],[-6.535040051442079,53.363906485599074],[-6.53388541952247,53.364817609249194],[-6.532724061292765,53.3653394849289],[-6.531077627292962,53.36595846685538],[-6.5302029165736935,53.366605341432056],[-6.529772502911011,53.367062691598846],[-6.529549639168656,53.36733690281551],[-6.529081709403868,53.36790889715272],[-6.528907051656135,53.368122186772936],[-6.5287175155013335,53.36835351135426],[-6.528314628869708,53.368844673474754],[-6.527088501228842,53.370335659217815],[-6.527005428729728,53.37046806060436],[-6.526948744472488,53.370588902919295],[-6.526915386545626,53.37069854601084],[-6.526902293037646,53.37079734972723],[-6.526924651632345,53.370963878427474],[-6.527220009408078,53.37127170844122],[-6.528314382605437,53.37148692129912]]},"properties":{"route":"52","routes":["52","C3","C4","L54","L59","X25","X26","X30","X31","X32"],"category":"radial","colour":"#9467bd","route_colour":"#c5b0d5","pdf_colour":"#662484","source":"pdf-future","phase":"future"}},
{"type":"Feature","geometry":{"type":"LineString","coordinates":[[-6.291929280212316,53.34534810797096],[-6.2920731890944435,53.34496904170335],[-6.294251918702844,53.34478888509224],[-6.297442867111298,53.34454628427984],[-6.299501566707573,53.34424291528686],[-6.302497873140727,53.34372672990584],[-6.305526313163877,53.34270760756125],[-6.307214583026737,53.342360009117236],[-6.307512599045591,53.34236059509093],[-6.3076363286598305,53.34236085298767],[-6.307767286604475,53.34236113049832],[-6.308038966348406,53.342361716348144],[-6.308832532537284,53.342363474688874],[-6.3103725438197005,53.3422694853892],[-6.315137494354393,53.34188124775872],[-6.317954527290777,53.34171632623147],[-6.319086026308717,53.341707441347104],[-6.321144621813731,53.341887250959594],[-6.322882264135381,53.342156019231915],[-6.3324692970045175,53.343872100289],[-6.334438984841086,53.34394282128535],[-6.335698432549209,53.34383416396854],[-6.338248750269717,53.343447916674144],[-6.3395629300722325,53.343331588946405],[-6.342030291958445,53.34332380942236],[-6.345132175930919,53.34354866351465],[-6.346501784342465,53.343840967504875],[-6.347693345254433,53.34433371644021],[-6.348734882442764,53.345057407779855],[-6.350863192366338,53.34724622179923],[-6.351459211882276,53.3476771409544],[-6.352944743287925,53.34829464533204],[-6.354645475117138,53.34862923505991],[-6.354848639892237,53.348658288443595],[-6.355042273983012,53.348684643118105],[-6.35539202707803,53.348729423310544],[-6.356508251504659,53.34886291652926],[-6.357205712262134,53.34896461077768],[-6.358246460202932,53.34920618442417],[-6.3594518547731935,53.34979106061563],[-6.360601364104631,53.35062323378671],[-6.361687234208266,53.351238069879074],[-6.362360626133868,53.35149181292654],[-6.3636920923882485,53.3516707382028],[-6.364826800067158,53.351701642151276],[-6.366817288864287,53.35187152675775],[-6.368722033413625,53.3520951565251],[-6.370861658473553,53.352488618640955],[-6.3735776072517245,53.35308095460069],[-6.3792535099444,53.35431037894454],[-6.3818980921536905,53.354812074774266],[-6.383136227731015,53.35483864586119],[-6.384573678366431,53.35475678422524],[-6.387083044821621,53.35438452836182],[-6.3879161725220674,53.35436760747802],[-6.390912009678942,53.354578289159264],[-6.3921862520699335,53.35454978551538],[-6.3954094411759606,53.35419409731786],[-6.396146732056065,53.35413898335222],[-6.396523611487002,53.35411276819939],[-6.396898173951297,53.35408792632699],[-6.398256159733586,53.35400947254819],[-6.399235371569241,53.35398530905771],[-6.4008389353574655,53.354084730367724],[-6.402586855956711,53.35430242725548],[-6.404923242282617,53.35477059230679],[-6.406341455850724,53.355121676086426],[-6.41082611886046,53.35611360555964],[-6.413900250224084,53.35670350454945],[-6.415895474053196,53.35698437892258],[-6.417634532315115,53.3571677633919],[-6.4187887391287255,53.35721222521824],[-6.4220857711706065,53.35722871336176],[-6.4232735868896285,53.35721263934354],[-6.423450053230323,53.357208096022205],[-6.42362071847721,53.357201896995306],[-6.423785798424508,53.35719412468768],[-6.423945508866439,53.35718486152416],[-6.424249684411074,53.357162192328836],[-6.424534971464876,53.35713454880807],[-6.4250557855150126,53.357066976385184],[-6.425906883019346,53.35690770808353]]},"properties":{"route":"52","routes":["52","60","80","G2","L51","N4","S4","W2","W4"],"category":"radial","colour":"#9467bd","route_colour":"#c5b0d5","pdf_colour":"#662484","source":"pdf-future","phase":"future"}},
{"type":"Feature","geometry":{"type":"LineString","coordinates":[[-6.471366138972619,53.35561412771516],[-6.471047922618173,53.355504000773344],[-6.470706242088446,53.35538411338594],[-6.470345241144959,53.355255730132185],[-6.469969063549238,53.35512011559132],[-6.469581853062802,53.354978534342564],[-6.469187753447178,53.35483225096515],[-6.4687909084638875,53.35468253003833],[-6.4683954618744535,53.35453063614131],[-6.4680055574403985,53.35437783385335],[-6.467625338923247,53.35422538775366],[-6.467258950084521,53.35407456242148],[-6.466910534685744,53.35392662243604],[-6.465230421597733,53.35311398958243],[-6.463605177023794,53.35241127801887],[-6.461655111981474,53.35164976770993],[-6.45983383763388,53.351003181178186],[-6.458309027933047,53.35057086670285],[-6.45584873650312,53.35008722801602],[-6.4543260834807334,53.34985806139368],[-6.453520814866764,53.349757155733165],[-6.452697369507739,53.34966937401894],[-6.45102930252489,53.349545198966915],[-6.449388590472942,53.349509569312765],[-6.447841941292653,53.349586518131645],[-6.444892100142524,53.34995292790527],[-6.441963270017392,53.35054783554779],[-6.440492878746094,53.35096141721872],[-6.439011113819319,53.351468652735484],[-6.436755017399918,53.352431742976805],[-6.433718742037835,53.353929471776034],[-6.430965492665493,53.35515133195082],[-6.429815922261029,53.35562578897841],[-6.429318981696969,53.355824616743426],[-6.428881968441308,53.35599621258686],[-6.4285109056562595,53.3561393529419],[-6.428211816504036,53.35625281424174],[-6.427806622466447,53.356402888142014],[-6.42694303280186,53.35666519700572],[-6.425608153496835,53.356980839008074],[-6.424811535235974,53.35710734769473],[-6.424352040148896,53.357156034645655],[-6.424103743387228,53.35717572134395],[-6.423841841345295,53.35719191688449],[-6.423565404671964,53.35720433128754],[-6.423273504016103,53.35721267457337]]},"properties":{"route":"52","routes":["52","C4","L54","N4","X25","X26","X27","X28","X30"],"category":"radial","colour":"#9467bd","route_colour":"#c5b0d5","pdf_colour":"#662484","source":"pdf-future","phase":"future"}},
{"type":"Feature","geometry":{"type":"LineString","coordinates":[[-6.186004320737336,53.38795468251726],[-6.191736165637662,53.387585097964525],[-6.192027543301298,53.38736313545025],[-6.191577905573136,53.38647637165355],[-6.192004892966357,53.38622997065184],[-6.192011724433381,53.38592459561067],[-6.189309755291985,53.38430643795199],[-6.188831405203502,53.38426883195795],[-6.18607787858982,53.38521325499018],[-6.185578116751893,53.38514336456432],[-6.183374327500008,53.38352035582519],[-6.183505687760013,53.383203936382266],[-6.184597595094676,53.38295344050242],[-6.185419988526897,53.38258941264659],[-6.185144939510903,53.381925243862376],[-6.1866023314050445,53.38097324665484],[-6.187155641643398,53.380374572219516],[-6.187717429547758,53.379564193793264],[-6.188545970450761,53.37894668755629],[-6.190660397988318,53.378238254103145],[-6.19099279348968,53.37822490373748],[-6.1928047460296565,53.37961821684086],[-6.192752563648144,53.37981411015348],[-6.191991759455739,53.38010451997404],[-6.191916685447234,53.38040293400296],[-6.193330781945922,53.38151064166035],[-6.193394029101138,53.38182180300668],[-6.194242030270128,53.3825134552497],[-6.1953054776425915,53.382771855605576],[-6.196178862271962,53.38256999567185],[-6.197554400150514,53.38194162137408],[-6.198966184362339,53.38061328635423],[-6.199453078499747,53.38052636821181],[-6.204777813614568,53.38067450287152],[-6.2059944834461955,53.38088988301476],[-6.206465816713162,53.380873244060815],[-6.207383047686157,53.38060166074495],[-6.2085726908560295,53.3801351741462],[-6.211292646117702,53.37809279842899],[-6.213173843935103,53.37698357222194],[-6.215266888999765,53.376091440678664],[-6.215941953004153,53.375738485326885],[-6.217067460055346,53.374985379538174],[-6.218726997843001,53.374144216703186],[-6.219070853626462,53.37396533734283],[-6.219226326469119,53.37386967367019],[-6.219299276493757,53.37381939016379],[-6.219368779345583,53.37376713100228],[-6.219434642843333,53.37371264027941],[-6.219496674805744,53.37365566208887],[-6.219901104512876,53.37326342042354],[-6.2205840127330925,53.37262378232644],[-6.220938825542549,53.3722500249762],[-6.2215845057053825,53.371764067474174],[-6.222887564520527,53.370478462504984],[-6.223200925060518,53.37013269339862],[-6.2235303786540275,53.36976431270663],[-6.223567604790663,53.36972222871332],[-6.2236060586646875,53.36967840666908],[-6.22368578026099,53.36958668485401],[-6.223850393299196,53.36939488530103],[-6.223931807285438,53.36929935326795],[-6.223971530451917,53.3692526735602],[-6.224010307945996,53.36920709686704],[-6.224047922426696,53.36916290729503],[-6.2241187929840445,53.36907982594066],[-6.224353276214634,53.36880576704634],[-6.2247975746701885,53.36830167232115],[-6.226140976985224,53.36711907652554],[-6.226272137287878,53.36662045902547],[-6.227312936998469,53.36589542898324],[-6.228050136986241,53.364899663714795],[-6.22837774562557,53.36421018629208],[-6.228490090245562,53.3638340727042],[-6.228506706393185,53.36378082702912],[-6.228526031078274,53.36372046496363],[-6.228571610887721,53.36358397929472],[-6.228597268425517,53.363510649507944],[-6.228624439327651,53.363435790964054],[-6.228682126051804,53.36328707523819],[-6.22871204428726,53.36321601187286],[-6.228742280713925,53.3631490073837],[-6.228802512967761,53.36303276266714],[-6.2290974116397555,53.36273715699459],[-6.229204738783686,53.36266841397043],[-6.2293241609622525,53.362602872307505],[-6.229455005197585,53.362541101007615],[-6.229596598511817,53.36248366907259],[-6.229748267927078,53.362431145504246],[-6.2299093404654995,53.3623840993044],[-6.23025700300035,53.36230871501747],[-6.231917991814769,53.36222236007333],[-6.23343017731181,53.36196892742692],[-6.235455842636107,53.36133012299496],[-6.236640524443689,53.360900297505104],[-6.2382415525120285,53.35948695280553],[-6.240012491552306,53.357754295855194],[-6.24037145570467,53.35744583235128],[-6.240556380167205,53.357293278859245],[-6.2407448787052315,53.357141888349865],[-6.241533800881129,53.35654861827964],[-6.243753483019686,53.355015844953314],[-6.245353924997632,53.35372172189712],[-6.245534159482258,53.35355454855363],[-6.245643602274184,53.35344750700728],[-6.2456785737244065,53.353411957749756],[-6.245712997481522,53.353376450527136],[-6.245949063548237,53.35312788780504],[-6.246799433017854,53.352271310030986],[-6.246910073511029,53.35216783558843],[-6.246971020598932,53.35211230431929],[-6.246983237242563,53.35210121289395],[-6.246995458068927,53.352090123673705],[-6.247044341265012,53.3520457653775],[-6.247080944835843,53.35201246231662],[-6.247188409344543,53.351914308072985],[-6.247353638047231,53.351759598312974],[-6.247435316182257,53.3516810254139],[-6.247516084190073,53.35160178624168],[-6.248226520077566,53.35079679652242],[-6.249183986059625,53.34904565779524],[-6.24989581482304,53.34813038357975],[-6.250169526520126,53.348024842166154],[-6.250440487523622,53.34802880130539]]},"properties":{"route":"78","routes":["78","N4"],"category":"radial","colour":"#9467bd","route_colour":"#ff9896","pdf_colour":"#662484","source":"pdf-future","phase":"future"}},
{"type":"Feature","geometry":{"type":"LineString","coordinates":[[-6.2180943266787825,53.456675981256254],[-6.223719127830222,53.456333654168596],[-6.224179787740008,53.45657592524505],[-6.2243061192671565,53.456982153460885],[-6.2263104045707065,53.46056031653688],[-6.227073912869749,53.460441129816644],[-6.226942081784455,53.459905444341494],[-6.227229669411528,53.45938523354751],[-6.228724009588083,53.458655922092454],[-6.228925663892626,53.45794873543393],[-6.229166050614057,53.456490672319184],[-6.229472067437526,53.45546927554723],[-6.229263467421962,53.455238315806675],[-6.229510377107773,53.45479482633579],[-6.229940877721474,53.45470338287292],[-6.2309131278136665,53.452309384038756],[-6.230788052233275,53.452062646600986],[-6.229670870854686,53.45170691228438],[-6.228802989625503,53.45123695705821],[-6.228099389302504,53.45061796910682],[-6.227353951071044,53.450455599521504],[-6.225368181888879,53.4503794855428],[-6.222587021243529,53.45019282524689],[-6.219267585206801,53.450054184451965],[-6.215575369829427,53.449759239047026],[-6.214164710819402,53.44961760343307],[-6.214108178271439,53.44956169841935],[-6.214208620019419,53.44946870664257],[-6.214227709478496,53.44943540571723],[-6.214233324387316,53.44941832281789],[-6.214236281868315,53.44940106932487],[-6.214220974303946,53.449332114877606],[-6.214103272344538,53.44919181076217],[-6.2140988093315,53.44915985714872],[-6.214099361114763,53.4491435687536],[-6.214101368611331,53.44912708882772],[-6.214130992827182,53.44900738676149],[-6.214150406991571,53.44879704807434],[-6.214065729177386,53.448101530654505],[-6.213852557605473,53.44737478921332],[-6.21376949083791,53.446578315246406],[-6.213895858996981,53.445577874172955],[-6.2142993568162055,53.44445350580468],[-6.214670324082562,53.44407934853905],[-6.214324968316032,53.44378573003325],[-6.212977468874432,53.44358830301535],[-6.210584176942325,53.44295606733875],[-6.209629801139924,53.4425251915708],[-6.206291821360251,53.44113398457308],[-6.205229390519977,53.440635995436864],[-6.203775378552896,53.439608984839744],[-6.202579433234911,53.43842701727763],[-6.201950406862911,53.437593217227246],[-6.200366884013033,53.43604821405115],[-6.19888097523591,53.43505573343704],[-6.198021783133498,53.43458390455577],[-6.197396224617734,53.43444050458989],[-6.196093677374169,53.434378106990856],[-6.195066736402176,53.43413255468127],[-6.193913869065962,53.43359610940153],[-6.1924001089525085,53.432341144539286],[-6.191232917012669,53.43189142891872],[-6.188291053188671,53.43040335304835],[-6.187489968502397,53.430238528022954],[-6.186651025316982,53.43015564659457],[-6.183782615332433,53.429858848612916]]},"properties":{"route":"21","routes":["21","22","L81","X77","X79"],"category":"radial","colour":"#9467bd","route_colour":"#1f77b4","pdf_colour":"#662484","source":"pdf-future","phase":"future"}},
{"type":"Feature","geometry":{"type":"LineString","coordinates":[[-6.21916968292222,53.35365360427602],[-6.219471067899472,53.35371564097315],[-6.219563676618733,53.353727849870694],[-6.2197330753300175,53.35373553829504],[-6.220267272437831,53.35360197288369],[-6.222813945248169,53.35192498974278],[-6.222987264567042,53.35180514000736],[-6.223067635047603,53.35174550118217],[-6.223141700018864,53.35168678440788],[-6.223322982231376,53.351526063372326],[-6.223966592676713,53.35151173991836],[-6.2275411438787955,53.35335160706219],[-6.228105053045944,53.353326154808215],[-6.230188913767096,53.351573692000585],[-6.231061287169362,53.35163763968305],[-6.231538458078107,53.35153136924586],[-6.232243412309812,53.35098562040039],[-6.233145693719385,53.35080604562719],[-6.234452230725766,53.35093948184787],[-6.23519199048709,53.351131550527455],[-6.236521426666652,53.35171798784746],[-6.236590003297536,53.35198842108879],[-6.235690205930493,53.35277577636985],[-6.235801858547802,53.35306808081778],[-6.237991382818292,53.35390730240935],[-6.238165751763296,53.35409516198237],[-6.23796488625048,53.35504753671972],[-6.237489613797137,53.35576192381307],[-6.236665243311496,53.35644590794171],[-6.235194805546308,53.357235301792194],[-6.23518170427316,53.35753455303781],[-6.235211560547447,53.357551788306175],[-6.235331596558421,53.35761400364987],[-6.235609773014379,53.357756179737535],[-6.237118591174464,53.35851028819147],[-6.238021045063833,53.35897457064529],[-6.238271495269071,53.35893849276744],[-6.2396588570470595,53.35761743697882],[-6.24045166706171,53.356986877669485],[-6.240658804726761,53.35683214494499],[-6.240868455359449,53.3566789357119],[-6.241293173333896,53.35637780902046],[-6.242168253974561,53.35578543740717],[-6.243630918648888,53.354672243881325],[-6.244914092615357,53.35361369642683],[-6.2449908107326015,53.35349220088538],[-6.244894088211495,53.353202054873364],[-6.244890773322774,53.353188995974605],[-6.244888525096915,53.35317593642977],[-6.244887210046662,53.35314989613369],[-6.244893121273217,53.35311133541779],[-6.244932865381911,53.353038011119914],[-6.245060331065735,53.352903067438184],[-6.2450796624997995,53.35288310826543],[-6.245099466036547,53.35286277467434],[-6.245140259667665,53.3528212594677],[-6.245246484909915,53.35271573566475],[-6.245635837093481,53.35235298601243],[-6.245693451037916,53.35230107166072],[-6.245751301985222,53.35224914141126],[-6.2459254066840115,53.35209327976126],[-6.246098511831341,53.35193736317703],[-6.246433963538889,53.35163186317989],[-6.247071294466365,53.350997907730445],[-6.24756806416811,53.35037693742103],[-6.248584811511827,53.34849932756482],[-6.249195222184869,53.347992089099996],[-6.250169652230371,53.34802480743634],[-6.250440613233866,53.34802876657557]]},"properties":{"route":"10","routes":["10","71","78","8","97","L91"],"category":"radial","colour":"#9467bd","route_colour":"#ffbb78","pdf_colour":"#662484","source":"pdf-future","phase":"future"}},
{"type":"Feature","geometry":{"type":"LineString","coordinates":[[-6.192286933088087,53.34516459739165],[-6.1912149371120035,53.34517580570026],[-6.190890020450892,53.34534479429568],[-6.190887172294351,53.34621886784739],[-6.191066537911615,53.346543721742115],[-6.191284854725237,53.346742781703405],[-6.191558815720376,53.34697003214426],[-6.191601070822482,53.34700563513744],[-6.191636188437013,53.34703632931713],[-6.191662900654569,53.34706141763396],[-6.191711253916821,53.34713109654407],[-6.19173986213221,53.34721574185558],[-6.191748040468286,53.347261618540735],[-6.191752816887792,53.347308766780884],[-6.191725994315574,53.347669048047564],[-6.191808229971285,53.348464351999034],[-6.191944760867099,53.34927482288043],[-6.192354725095241,53.349480852445026],[-6.193561019077637,53.34948345844622],[-6.19392670267208,53.349696886259885],[-6.194019995132007,53.35047763830019],[-6.194427847885085,53.35069234260695],[-6.199917517310221,53.35067299852636],[-6.200257049056782,53.350493196002205],[-6.200279103143292,53.34969037548736],[-6.2006372249275605,53.34950635448205],[-6.20631388273972,53.3496659317837],[-6.2066933035305,53.34989374543616],[-6.206757896356539,53.350792177489126],[-6.20722355234092,53.35092077966048],[-6.208024669740216,53.3509513165246],[-6.2085579665966435,53.350971178913404],[-6.208824422928271,53.35098102970934],[-6.209090770007217,53.35099085724307],[-6.209357021942263,53.35100068426715],[-6.209889296815781,53.35102042779668],[-6.210953325622412,53.35106090985327],[-6.211967951970364,53.35110266795965],[-6.212340757602413,53.3513268450073],[-6.212344507287593,53.35156407043046],[-6.212346254181236,53.3517981962343],[-6.212346843327744,53.351854543570816],[-6.212347199226621,53.35188271780466],[-6.2123476056289535,53.3519108925043],[-6.212349880568412,53.35202359729146],[-6.212354104652328,53.35215170690449],[-6.212385527598239,53.352613899749954],[-6.2127585724036125,53.35283175714895],[-6.215795360289333,53.3529545700987],[-6.216708922200438,53.3531073879163],[-6.2181197652159454,53.353430817508674],[-6.218799288773148,53.3535736046047],[-6.218997642087368,53.35361595170681],[-6.219275139946102,53.353675235352824],[-6.219314798561119,53.353683704632616],[-6.219354467215992,53.3536921740296],[-6.219394147918693,53.35370064356721],[-6.219433842677191,53.35370911326889],[-6.2194736350389315,53.353716575590724],[-6.219547078052837,53.35372822915994],[-6.219812244544222,53.353767383291654],[-6.220289654444958,53.353798620419006],[-6.220761460663359,53.35378470931503],[-6.221968177433698,53.353629971118814],[-6.222968956558547,53.35339612728857],[-6.223086324348677,53.35320716488882],[-6.2227412437469045,53.35237455639121],[-6.223014258752677,53.35185691051451],[-6.223064316117027,53.351769333443784],[-6.22308864947485,53.351731013312126],[-6.223112523524293,53.35169706859677],[-6.223181421631257,53.351626960552295]]},"properties":{"route":"71","routes":["71","72","97"],"category":"radial","colour":"#9467bd","route_colour":"#e377c2","pdf_colour":"#662484","source":"pdf-future","phase":"future"}},
{"type":"Feature","geometry":{"type":"LineString","coordinates":[[-6.153294608156192,53.40032918510988],[-6.158028726480228,53.400757339292156],[-6.1597109347012315,53.40077770716521],[-6.164824065689027,53.40068635763172],[-6.167319252560503,53.400555457322135],[-6.168299677043017,53.400592502567676],[-6.172275164867862,53.401087055546085],[-6.174293680037887,53.40124527551653],[-6.179100961028402,53.40137212699418],[-6.179692558185138,53.401445470089406],[-6.181003140407061,53.40179602239531],[-6.181830184208765,53.40192744943096],[-6.182670435138663,53.40193342904157],[-6.182713313627687,53.40193681817004],[-6.18275612282697,53.401940693030696],[-6.182841495923922,53.401949892583275],[-6.183010998884633,53.40197403945641],[-6.184014104938201,53.40213197746195],[-6.185259306376469,53.402306951206555],[-6.1871633034412215,53.40255943195719],[-6.187475443024149,53.40174386691899],[-6.191882970386028,53.40219272960267],[-6.196324177797952,53.402740562799664],[-6.198930916991655,53.40316727470318],[-6.208088652468997,53.40504191119852],[-6.212145074615869,53.4058358633162],[-6.217529974580103,53.406932379962065],[-6.218540010012442,53.40713780968812],[-6.219454198202815,53.407323114561706],[-6.221615123856421,53.40774678774292],[-6.222444134326096,53.408112424888905],[-6.223046649297482,53.40819170543649],[-6.223937030534813,53.40788295526411],[-6.227553395852768,53.407358463354036],[-6.228589938890599,53.40727126330333],[-6.229747644919279,53.407343230488856],[-6.230693797341387,53.407728158999994],[-6.230819974557702,53.408095569250264],[-6.230703603408706,53.40882779886011],[-6.230261212149667,53.40999727576507],[-6.226694471802293,53.417821917049814],[-6.225117527624618,53.421370536883266],[-6.224496928521986,53.422119085858796],[-6.2236914694962335,53.42282704296498],[-6.2227862143774955,53.423370137266694],[-6.222651939100148,53.424091871751095],[-6.223241645380552,53.42465869259708],[-6.224112042010394,53.42480088649333],[-6.2243384650112334,53.42480317937883],[-6.224805922862723,53.42480603867808],[-6.225278586301238,53.42480688100756],[-6.226171000918269,53.42480388272157],[-6.228310232131809,53.424781869873065],[-6.235815384725899,53.425031196578026],[-6.236713047735751,53.425305565430094],[-6.237108997759169,53.425416269610025],[-6.237200777042021,53.425436813053125],[-6.2372916649518535,53.42545266453106],[-6.23738481833606,53.425463493989284],[-6.237479529364096,53.425469832358644],[-6.2375750902054214,53.42547221057],[-6.237765930005767,53.42546721024203],[-6.237859793303702,53.42546089356441],[-6.237951675092756,53.42545274045216],[-6.238126662822047,53.425433048647136],[-6.2382083531012,53.42542257181606],[-6.238285230549301,53.42541238227372],[-6.238356587335808,53.42540301095099],[-6.238530455420337,53.42538511560879],[-6.240704087535541,53.425591209258],[-6.248090201135125,53.426373057239665],[-6.2498448801287765,53.426386491815414],[-6.250692671722315,53.426035545954186],[-6.251035441878728,53.425662545612575],[-6.251464482903237,53.424603539401346],[-6.249818986936355,53.42345039876736],[-6.248870371077146,53.42303794696574],[-6.244831948412517,53.42193390345128],[-6.2434691761312235,53.42115143279523],[-6.241274889251775,53.420568864767915],[-6.2396852371225275,53.42014021592994],[-6.239086685351491,53.4199783419201],[-6.2388771326771355,53.41992161374017],[-6.2387428829579425,53.419885251909356],[-6.238695551804703,53.41987242677701],[-6.238548355548526,53.41963744194357],[-6.239091105331248,53.41903866219817],[-6.240072351975202,53.418227202256595],[-6.242855332903023,53.41657773272656],[-6.244124376011783,53.41596658370547],[-6.245233245156069,53.41510466898324],[-6.246121277133387,53.41487122854482],[-6.252473160863893,53.415050369762994],[-6.255172160495423,53.41519615958828],[-6.256773901547347,53.4153255563368],[-6.261514619288059,53.41586722681125],[-6.265241933101583,53.41616644100376],[-6.2672273143843755,53.41617726698409],[-6.268904018012441,53.416006205342136],[-6.270327767198186,53.41555171283227],[-6.2715419781845805,53.41507804054726],[-6.272631133807,53.414493800557736],[-6.2728113143193935,53.41436711767303],[-6.2728662350679425,53.41431657171973],[-6.272919945334899,53.41425873514707],[-6.27301341296449,53.41412170909067],[-6.273072286389565,53.41376587796239],[-6.272479532486893,53.412577223922625],[-6.272160538040777,53.411693003323165],[-6.272009694928349,53.40820078174637],[-6.272133401404141,53.407744534457166],[-6.2725318255929885,53.407438196633805],[-6.272772263098005,53.407296431254686],[-6.272902843406806,53.40722539026842],[-6.273037422097107,53.40715639978003],[-6.273806668697232,53.40687607052363],[-6.276427578202202,53.406604895599784],[-6.280127054375727,53.40634053206957],[-6.290607275779033,53.40585719979262],[-6.298641469236252,53.405437003387725],[-6.302956393096037,53.40516336144108],[-6.304304584336515,53.405048289306045],[-6.306870603811793,53.404718830955005],[-6.307359022065582,53.40464887884153],[-6.307846663618799,53.404577277477365],[-6.308326728457879,53.40450502007796],[-6.308792416569263,53.404433099858785],[-6.310375401466579,53.40416865509331],[-6.312387799962211,53.40373847419037],[-6.315383395074864,53.40301350363549],[-6.316260957202708,53.40276495776683],[-6.3258143328840415,53.39943640861899],[-6.331091161800467,53.397435517494706],[-6.337110772953908,53.39521488813631],[-6.337753836652501,53.394981355352016],[-6.338118058741125,53.394851350870056],[-6.338368967103696,53.394761213085694],[-6.338683172943571,53.39464790201886],[-6.339049812583782,53.3945153982175],[-6.3421718876092195,53.393384841068766],[-6.343760945829077,53.39281437980453],[-6.352052749043123,53.389738456849436],[-6.357342395017292,53.387799595399585],[-6.360654969919252,53.38662791055015],[-6.361948600552476,53.386072345499514],[-6.363809026736503,53.385185143809004],[-6.36569735931267,53.383952927555555],[-6.368340295652965,53.381826597880405],[-6.3687560059191375,53.38162005462922],[-6.369608393191722,53.3817943555255],[-6.372431011100327,53.38274614084048],[-6.373212334029947,53.38301420599571],[-6.3735667724062575,53.383136159824964],[-6.373885529122023,53.38324603774385],[-6.374159954476086,53.38334082219375],[-6.374381398767287,53.383417495616065],[-6.374630745356474,53.383504439143515],[-6.376842735345515,53.38443519855493],[-6.378545230178464,53.38525552152121],[-6.3839300783617565,53.38776198318084],[-6.38459529481475,53.38806862251094],[-6.385334200054523,53.388408991894345],[-6.386123251535335,53.38877246991653],[-6.386938906711451,53.38914843516301],[-6.38775762303713,53.389526266219264],[-6.390592248920726,53.390843820252066],[-6.392276366207118,53.39167273471361],[-6.397164886763784,53.393976340911124],[-6.398459801526446,53.39460392301404],[-6.398688555420854,53.39471396023056],[-6.39891360697437,53.39482212874832],[-6.39912875878395,53.39492547087274],[-6.399327813446554,53.39502102890927],[-6.399504573559142,53.395105845163336],[-6.39965284171867,53.39517696194037],[-6.3997664205220985,53.39523142154581],[-6.3998391125663865,53.39526626628509],[-6.399864720448491,53.39527853846364],[-6.400379193354845,53.39550278851715],[-6.400135694315724,53.395956772019936],[-6.39958656070119,53.3957504440594],[-6.3996607532465575,53.39553940487085],[-6.399964426247516,53.39541857544692],[-6.400030456736995,53.395391477158505],[-6.40005983149009,53.395379318428596],[-6.400086095007785,53.39536839525042],[-6.4001527827397515,53.39534041361842],[-6.4013521516282905,53.394591352649606],[-6.403042178697333,53.39367642618277],[-6.405169335154547,53.39235522446005],[-6.405764488075052,53.39190136599776],[-6.405916692454382,53.39177740794039],[-6.405969767215295,53.391733141271715],[-6.406026392221066,53.39168539650412],[-6.406145374524036,53.39158313819778],[-6.406205272599662,53.39153045742184],[-6.406263802476999,53.39147796407259],[-6.4063718391936595,53.39137720517979],[-6.40641888681141,53.39133077239905],[-6.406459647787724,53.39128819257062],[-6.406492892511816,53.391250382075896],[-6.406588995754161,53.391119597937305],[-6.4066470891315825,53.39104341315911],[-6.4067100612434,53.390961832209115],[-6.406742464245011,53.39091980388201],[-6.406807278980242,53.39083484294816],[-6.406975510746758,53.390595354424185],[-6.406737662967452,53.39028498658583],[-6.406687807132388,53.39028170412568],[-6.406606516222367,53.39027719641652],[-6.406498571538547,53.390271661741615],[-6.406221846054149,53.390258304627636],[-6.40606262785589,53.390250878755076],[-6.40589588108847,53.39024321904982],[-6.404845289260771,53.39019647596937],[-6.400889746023942,53.39000520233892],[-6.400426038777257,53.39014765517248],[-6.3986508094163534,53.39130276287636]]},"properties":{"route":"19","routes":["19","24","A2","B1","B2","D1","D3","E2","F1","F2","F3","L64","L80","N8","W4","X61","X76","X77","X79","X83","X84","X85"],"category":"radial","colour":"#9467bd","route_colour":"#ffbb78","pdf_colour":"#009bdf","source":"pdf-future","phase":"future"}},
{"type":"Feature","geometry":{"type":"LineString","coordinates":[[-6.3690469327301376,53.287666934571405],[-6.369306554506628,53.2886344177059],[-6.369748935401069,53.289564597276936],[-6.368538152464547,53.28976782239342],[-6.365250931407745,53.29060707068515],[-6.364326700958281,53.290782710295055],[-6.363951873854272,53.289952001804195],[-6.363268762509076,53.28947668954623],[-6.36228323885272,53.28945209892955],[-6.361042370032552,53.28976780112075],[-6.360175960746713,53.2898438824595],[-6.358065465525282,53.28850030934014],[-6.357373246268806,53.28763899916603],[-6.35693600340941,53.2868083584631],[-6.35619935153623,53.285955751780264],[-6.355075022987495,53.28489400633105],[-6.354504136353535,53.283977868128645],[-6.353246512385525,53.281322250718176],[-6.352696133874039,53.28084217426789],[-6.352067342757943,53.27954710801243],[-6.351633029583886,53.27886319660274],[-6.351157684934052,53.27838680923425],[-6.351006719670479,53.278106246831534],[-6.350998671601219,53.27806217060893],[-6.350991690663598,53.27801677914128],[-6.350972331138237,53.27787693138995],[-6.35096479922484,53.27783049706401],[-6.350955924691916,53.277784856553964],[-6.350932219966554,53.27769764423034],[-6.350916425873649,53.277656916041124],[-6.3508973613602855,53.27761866891657],[-6.3501477447988295,53.277144375693],[-6.347906091839972,53.27631303922704],[-6.346843460984847,53.27601873201142],[-6.345958636683482,53.276011833552964],[-6.345761317701514,53.276088869652895],[-6.345677971106106,53.27614304427158],[-6.345640203666957,53.27617425955284],[-6.345593678999476,53.27621798713125],[-6.345104131316297,53.27627247608195],[-6.343542607782723,53.27610835173139],[-6.341521193667926,53.27620153219742],[-6.336102546439826,53.27683632602139],[-6.333212382390828,53.27707538947409],[-6.328529169373898,53.27754444602264],[-6.3241202308594735,53.277930417653856],[-6.323969117216617,53.27798582839566],[-6.323936930289332,53.27800415823243],[-6.323921740682286,53.27801388719273],[-6.323895365134195,53.278030631693596],[-6.32383904312571,53.278062249076726],[-6.3235704379254285,53.27816092088162],[-6.322556705295585,53.27828830717218],[-6.3183108638108925,53.27870084958061],[-6.317149809408615,53.278881831220126],[-6.315366210976463,53.279410356510965],[-6.313240976673605,53.28021750180974],[-6.310461416160119,53.280884518649316],[-6.3098882515214,53.28088613118797],[-6.30888457086516,53.2807194193763],[-6.305720428401637,53.2804592005098],[-6.304414423220662,53.28038415536657],[-6.303374810280852,53.28040247132591],[-6.3023893659197565,53.2805566341279],[-6.301604628877965,53.280818687647134],[-6.300485969003424,53.28151744752104],[-6.2996360863075935,53.28248474248471],[-6.298460459437529,53.28327682341729],[-6.297697658751787,53.28356024122285],[-6.296272044871535,53.283812622129965],[-6.295141010873248,53.283843856752846],[-6.293994800535187,53.283781252900354],[-6.291342232550086,53.28348528419734],[-6.290886595805141,53.283428736156786],[-6.290565697247868,53.2833879730343],[-6.2903863897058185,53.28336514624802],[-6.290200475819934,53.28334147096732],[-6.290012429964044,53.283317533433895],[-6.2898267265119765,53.28329391988944],[-6.289647839837563,53.28327121657565],[-6.289480244314632,53.28325000973423],[-6.289328414317013,53.283230885606876],[-6.289089948393031,53.28320123046115],[-6.288704662521234,53.28315824782214],[-6.288181288200518,53.28308680658238],[-6.286586329168475,53.282862280168125],[-6.2851536471559495,53.28281423833277],[-6.2822022976057745,53.28292372178336],[-6.279580054267706,53.28288351405042],[-6.276173834129867,53.28297285329314],[-6.271536152162811,53.2828874718283],[-6.269822896722225,53.28274257661312],[-6.268713433977251,53.28254723906753],[-6.266576693451236,53.28200037662862],[-6.262292202068605,53.280780276477934],[-6.259283889683273,53.279836993038984],[-6.257890899594941,53.279276528541175],[-6.256238240144595,53.27838608637066],[-6.256048156288642,53.27826651329615],[-6.255860628226852,53.278145532064784],[-6.255491906818663,53.27789986009076],[-6.253862398789452,53.276788827051014],[-6.2522722800612085,53.27590476141325],[-6.2511522317426245,53.27540702735407],[-6.249244807557669,53.27466793715915],[-6.247210461635403,53.27403398057733],[-6.246109410765023,53.273777404159006],[-6.243826514948565,53.273428961242104],[-6.242237774109291,53.27332011083898],[-6.239557274421392,53.27333439043392],[-6.23580465233831,53.273491055045774],[-6.234080141473384,53.273397397101306],[-6.233486122786564,53.273374205586805],[-6.233251181612568,53.27337335805379],[-6.232993466343791,53.273374234615105],[-6.2324333145341635,53.27338064793295],[-6.229255819963885,53.273526905759],[-6.226832856418791,53.2735915335913],[-6.222575725326192,53.27359683809621],[-6.219556892023685,53.273685025493904],[-6.2183662903828605,53.273752415706674],[-6.218068998287365,53.27377044190641],[-6.217771742424047,53.27378861975125],[-6.217474469246051,53.273806789334465],[-6.216879656758609,53.27384246408899],[-6.215697345829956,53.273904901209676],[-6.211635323800077,53.27397518760779],[-6.2089655329935685,53.274128240031125],[-6.2089179106807695,53.27413231874602],[-6.2088297512123685,53.27414830804291],[-6.208752387650161,53.27417367837991],[-6.208636523587999,53.27424746721726],[-6.208592206611289,53.27442398110294],[-6.208854696679321,53.27512595836648],[-6.209264300237852,53.27570293830373],[-6.210799785107555,53.277389320989066],[-6.211078780643732,53.27774307388134],[-6.211147910118965,53.27783867507929],[-6.211179125071447,53.277882821950215],[-6.2111964110297935,53.27790713104164],[-6.211052647234366,53.278153445157564],[-6.20966857726327,53.27857962579708],[-6.209334058188606,53.27858836599288],[-6.2080807298927825,53.27826733943132],[-6.201482404670854,53.276234514720514],[-6.20012097611723,53.27606286595412],[-6.199581818785004,53.27611332758203],[-6.198744579694067,53.27639653106847],[-6.1981706360707385,53.27684638316269],[-6.197532672313068,53.277134822375174],[-6.197005819111092,53.27772172722673]]},"properties":{"route":"74","routes":["74","80","86","A1","A2","D4","L33","L35","S6","S8"],"category":"radial","colour":"#9467bd","route_colour":"#ff9896","pdf_colour":"#009bdf","source":"pdf-future","phase":"future"}},
{"type":"Feature","geometry":{"type":"LineString","coordinates":[[-6.370666539015988,53.287671071031006],[-6.371069669749071,53.28890083086102],[-6.371576295016771,53.28983259649086],[-6.371205764029255,53.290309876092024],[-6.369783426666249,53.290523090914036],[-6.368162446599773,53.290863704472905],[-6.366221147834895,53.291393033463265],[-6.365248169331028,53.291599121836406],[-6.363883227081054,53.29176209297048],[-6.363780552790765,53.29186977971306],[-6.363878570237634,53.29208560928721],[-6.363991055591199,53.29233347152978],[-6.36458414410812,53.293641653888315],[-6.364823646159178,53.294170751077914],[-6.366346096325087,53.29763852321862],[-6.366899598197883,53.29862613865949],[-6.3677820200116715,53.299541977524626],[-6.368945706105267,53.30029905977302],[-6.371373765420728,53.30157865828198],[-6.372104581502437,53.30198700407299],[-6.372825733715297,53.30240092850283],[-6.373919723153239,53.30303507766909],[-6.3742886300717405,53.30324742831768],[-6.3746581935369395,53.30345938998089],[-6.383526243043478,53.30845910310891],[-6.384974663242616,53.30929361039315],[-6.38624696944141,53.31010646893863],[-6.387329235684476,53.31099865242897],[-6.389227063708276,53.31300262831522],[-6.390404089642807,53.313762158705316],[-6.391539375839792,53.31428467980253],[-6.391581590623639,53.31442285487617],[-6.391523865925952,53.314456763182505],[-6.391471227325838,53.31448362620884],[-6.3914423847754165,53.31449715563987],[-6.391411891911769,53.31451059629414],[-6.391273895130171,53.31456116031348],[-6.391021451905646,53.31461470098374],[-6.389691686139231,53.31471067862236],[-6.389501732291903,53.31486581051219],[-6.390070013410421,53.316158191683634],[-6.391024186771369,53.317898551559935],[-6.392487508439306,53.32025124290835],[-6.392822723240963,53.32067898900371],[-6.392743958259078,53.32103386476653]]},"properties":{"route":"82","routes":["82","W2"],"category":"radial","colour":"#9467bd","route_colour":"#ffbb78","pdf_colour":"#009bdf","source":"pdf-future","phase":"future"}},
{"type":"Feature","geometry":{"type":"LineString","coordinates":[[-6.212367125753502,53.309434180003414],[-6.212150395981095,53.3091157453805],[-6.210428793910243,53.307853012870815],[-6.210304938010237,53.30743879867315],[-6.210649310071464,53.30660156880471],[-6.210237255657878,53.306154817842966],[-6.209351479392601,53.30580090350515],[-6.209207086140978,53.30555430028478],[-6.2099230607992375,53.30508738443497],[-6.210768830951083,53.30483991098758],[-6.2112890462299815,53.30454444526642],[-6.212085668626932,53.30449990187063],[-6.213266666116135,53.30462973720261],[-6.214454524080903,53.30531545145234],[-6.216264524235638,53.30594256584587],[-6.217493685791624,53.306452525677244],[-6.218026304645203,53.30656283596881],[-6.218951175848665,53.30654669935008],[-6.219522725519419,53.30665367648541],[-6.219830756575587,53.30705803908257],[-6.219517031134367,53.307970159892555],[-6.219797077843839,53.30817309238049],[-6.221573657758033,53.308332995651966],[-6.223576795095027,53.308357571845974],[-6.223778165744173,53.3084678502704],[-6.2239522397030935,53.30917799548041],[-6.225926294161836,53.309579406797496],[-6.228444991763577,53.309533287000086],[-6.229106320769278,53.30961652576375],[-6.231491743856189,53.309497288494384],[-6.23166878279519,53.30931155196251],[-6.23124858606848,53.30875333110769],[-6.230961680929285,53.308082789781615],[-6.230899199980276,53.30666624405346],[-6.2304080889543725,53.30602397849351],[-6.230997159887499,53.305765160768324],[-6.232903299698156,53.30574418157446],[-6.234490239784069,53.30573397386979],[-6.239471718898842,53.305699600363546],[-6.239873532494008,53.30588101723443],[-6.240723059464402,53.30792634858719],[-6.240927145107794,53.308559963837006],[-6.241151110038339,53.309815715198766],[-6.24138110440593,53.31025304902396],[-6.242221287582714,53.310688836963806],[-6.242687725062048,53.310611695594474],[-6.243367089592228,53.30996964335079],[-6.244508171676318,53.30933829130762],[-6.245656194066723,53.308874675540906],[-6.24778817205945,53.308635058672024],[-6.2486666147068375,53.30866767552161],[-6.251769269984594,53.309043303067995],[-6.254040421858915,53.30910692927512],[-6.255163510679529,53.30964448999822],[-6.257056094115815,53.311065099272234],[-6.2573607032558725,53.31140461851523],[-6.258007713162928,53.31353434621245],[-6.258387875930291,53.31371748914238],[-6.258693985229176,53.31371878801252],[-6.25885816201092,53.31371852865242],[-6.25894032369778,53.31371807540541],[-6.259021502920215,53.31371736973541],[-6.259542748423112,53.31369933309643],[-6.263651025203737,53.31334631436348],[-6.266093762314846,53.31316960982065],[-6.267044362394404,53.313029373461006],[-6.268898889084279,53.31264615505037],[-6.270115262058146,53.312525542848036],[-6.272539050021944,53.312101984776795],[-6.277149719854666,53.31110998248823],[-6.278056823084963,53.31085898804823],[-6.2787957377080215,53.310635086109116],[-6.2790317744007265,53.31056696039391],[-6.279096057400535,53.31054889842265],[-6.279162894892307,53.3105303297446],[-6.279328051983781,53.310485221022056],[-6.279514126144113,53.31042992325443],[-6.280512248987752,53.31020092997102],[-6.284249674881136,53.31080109105135],[-6.2891551191125314,53.311545659834906],[-6.292094188712321,53.31197751379472],[-6.294939693289013,53.312413204462764],[-6.296139841066673,53.31265415746742],[-6.296639540576683,53.312755547382785],[-6.297665840346416,53.312935511216715],[-6.299573191454795,53.31314607783421],[-6.300299468946326,53.313229545657435],[-6.300670084423088,53.313274474867576],[-6.301045081294552,53.3133217225982],[-6.302579836337959,53.3135367235472],[-6.305696124457519,53.31409474321888],[-6.307217438283259,53.3144655389511],[-6.312636553615846,53.31624967291787],[-6.312961506245776,53.3163520580016],[-6.313169630481107,53.316414292994715],[-6.31327767427439,53.316446186991065],[-6.3133317628018775,53.31646208010006],[-6.313385541925906,53.31647784280136],[-6.313419513198567,53.31648875784678],[-6.313609575614195,53.316617146851904],[-6.313408075398988,53.31706975329254],[-6.3124740216452935,53.317705094207476],[-6.312113736017176,53.31882097830021],[-6.312554773298473,53.31954648636034],[-6.313927068446293,53.320629949494545],[-6.31660992255081,53.32190131622611],[-6.317520008381948,53.32255904994538],[-6.317474885163528,53.32280087541503],[-6.31660590401605,53.32332323414329],[-6.316190366845953,53.32373508495354],[-6.3159449977726165,53.3239549013888],[-6.315833213746047,53.324069041452155],[-6.315805478804951,53.32410392649918],[-6.316272925754088,53.324433332814735],[-6.32170422097026,53.324041315949046],[-6.3253631621633355,53.32363735737113],[-6.326322703388551,53.32355602234339],[-6.326578385893439,53.32353696857185],[-6.32683676254682,53.32351902496971],[-6.327851426423555,53.323464845015],[-6.332462952765703,53.32333403140491],[-6.33811663270013,53.32322369565246],[-6.3388281239629025,53.32334124008533],[-6.339330055670846,53.323725667202986],[-6.339682134918136,53.324521877179656],[-6.340390143973667,53.32536107770454],[-6.341163030305968,53.3261160150864],[-6.3416480676541385,53.326648485615095],[-6.341850435226225,53.32687633845717],[-6.34205092430532,53.32710468322039],[-6.3424473704817625,53.327562557886054],[-6.345454259550764,53.331032326718145],[-6.345997778845097,53.332063156204114],[-6.346014102023674,53.333111161245604],[-6.3462600933101205,53.334092500101576],[-6.347506269144875,53.33649554358032],[-6.348318540336648,53.33824692655374],[-6.348996669026368,53.34001156648869],[-6.3495287455251415,53.341579492344984],[-6.350088643199701,53.34181059506102],[-6.352594157872888,53.34170054101531],[-6.353928643676834,53.34172840791827],[-6.356323906807225,53.34188495699279],[-6.356838268378679,53.34192518694132],[-6.35698499823471,53.341936618580924],[-6.357211879705292,53.34195424809906],[-6.357865880618282,53.34200494171811],[-6.359693316228798,53.34214595391802],[-6.3628804665769,53.34238809652785],[-6.363868610534566,53.34235376884661],[-6.372596245136881,53.34302086956214],[-6.374832968237805,53.343242135672874],[-6.377590769904041,53.343622470399545],[-6.378752997407808,53.34383036990496],[-6.380447519514892,53.34426357590377],[-6.381092633766852,53.34469289510696],[-6.381611849024101,53.34486342133629],[-6.3825570072585105,53.3448626600368],[-6.383830994826267,53.34519210387622],[-6.3854696555442985,53.34591868167482],[-6.386351029964509,53.3462330544034],[-6.3874206878710496,53.34645076950061],[-6.391404023350548,53.34677950247789],[-6.3917582690651,53.34699002166554],[-6.391903744140647,53.34798330522016],[-6.39250525211171,53.34861659784861],[-6.397589583325464,53.350956439477045],[-6.3980851115550745,53.3513085656862],[-6.398243528999771,53.351742155150525],[-6.397878296954576,53.35231514042937],[-6.395052733241681,53.353824882666025],[-6.394934307970183,53.35407100458]]},"properties":{"route":"71","routes":["71","74","80","81","D1","D3","F3","G2","L55","S4","W2"],"category":"radial","colour":"#9467bd","route_colour":"#e377c2","pdf_colour":"#009bdf","source":"pdf-future","phase":"future"}},
{"type":"Feature","geometry":{"type":"LineString","coordinates":[[-6.210574372015169,53.34067102537633],[-6.21094407497224,53.34025585165146],[-6.215732370488818,53.337499237359175],[-6.215951154590781,53.33698687137432],[-6.213449089381135,53.335750200473925],[-6.211229225094802,53.33489007614633],[-6.2106298125257,53.33426287373748],[-6.210457942153379,53.33333912246388],[-6.21112590333439,53.332645924715344],[-6.2113326576222985,53.33154224430554],[-6.211208231801991,53.33059541953457],[-6.211472490671746,53.33037105627429],[-6.211843269571774,53.33030540299267],[-6.2119706170713815,53.33028772673705],[-6.212097874458131,53.33026906535416],[-6.212350338435461,53.33022775870033],[-6.212834600002265,53.33012201029692],[-6.213620751959064,53.32976037675827],[-6.214604882964127,53.32882011028682],[-6.215294268630894,53.328296490257415],[-6.216096709581388,53.327865065641944],[-6.21630605478032,53.32776438898525],[-6.216518516621447,53.32766621831669],[-6.21695203554562,53.327476663322486],[-6.21784817156903,53.32711957735539],[-6.219125373181096,53.32666879074111],[-6.219627904504631,53.32673356308734],[-6.2202926258510285,53.3272506101796],[-6.221179141471331,53.327675251354314],[-6.223780342175224,53.328518729056],[-6.225725762940961,53.32909767833827],[-6.227283596867009,53.329648966115684],[-6.227925932866321,53.32998849467272],[-6.230726207133053,53.332040409619054],[-6.231948311585453,53.33224926224225],[-6.23407121931798,53.33245354375862],[-6.234652805496991,53.33251173233526],[-6.238596047298905,53.33288828845357],[-6.2396918927181915,53.33309556452556],[-6.240177748526659,53.332939955791595],[-6.241008968499701,53.33029900374847],[-6.241683700062464,53.328445579964544],[-6.242081100279669,53.32833814638941],[-6.242892081764383,53.32861204516012],[-6.243260686502303,53.32857961796813],[-6.245248191123877,53.327088370795614],[-6.246188606592201,53.32655413386685],[-6.249756435691533,53.32490395719157],[-6.251018912501741,53.325244024246935],[-6.251931336492903,53.32480273897919],[-6.255227626684422,53.32370468233124],[-6.258447211759016,53.32294833615208],[-6.2606170891892905,53.322605170083854],[-6.261947272296566,53.32231467368251],[-6.26220015313491,53.322234073707186],[-6.262309708697674,53.32218058881615],[-6.262390680124398,53.32213422541573],[-6.262408883308238,53.32212373757065],[-6.262428201856841,53.32211256833507],[-6.2624683845037605,53.32208918166066],[-6.262589416609331,53.32201622767811],[-6.26357301684302,53.321786225397915],[-6.264165894292939,53.32151961720935],[-6.264435466128207,53.3211212419835],[-6.264494463801087,53.32103848089652],[-6.264510057986905,53.32102316010896],[-6.264526858655416,53.32100830046046],[-6.264563979324431,53.320980051430595],[-6.264701693897792,53.3209086297765],[-6.266301218942145,53.32031055405996],[-6.2670973975895095,53.32010637866939],[-6.267969619822992,53.32040092815035],[-6.26841367478068,53.32032499934754],[-6.2714623382534205,53.319551800320006],[-6.275112683533513,53.31867121515588],[-6.275179247023979,53.31866752986679],[-6.27524760368581,53.31866731549904],[-6.275388592369905,53.31867592677074],[-6.27567994210417,53.31871970004488],[-6.277136251316661,53.31909732504232],[-6.27757699973652,53.31904672480169],[-6.2789033209845995,53.31810470908312],[-6.280390662529087,53.31777871121449],[-6.281765759639976,53.31768064699006],[-6.282713450205701,53.31772367048221],[-6.2841913879199565,53.318142598820366],[-6.285844400590003,53.31882257964515],[-6.288166618791817,53.32005025008368],[-6.2900798028734455,53.32121629231877],[-6.29070159020675,53.321677748743895],[-6.291084879541639,53.32199492953231],[-6.291267932688826,53.32215621662486],[-6.2914456044429246,53.32231922762603],[-6.292704414161936,53.32367872621951],[-6.293136394950336,53.32421439740075],[-6.293279521292243,53.32439308307039],[-6.293422403180178,53.32457179854893],[-6.293850717158997,53.32510791686367],[-6.2939937562698915,53.325286544603536],[-6.294137118446238,53.32546509866515],[-6.294280917191921,53.32564355835109],[-6.294425266010826,53.32582190296393],[-6.295343929181585,53.32694965446067],[-6.295967990415738,53.32798872010413],[-6.296118527033948,53.32999834390662],[-6.29607103481369,53.330379667988154],[-6.2960365902774,53.33057033551759],[-6.295999630592493,53.33076204885817],[-6.295981289710437,53.33085854196202],[-6.295963618610583,53.33095558962392],[-6.2959458089205365,53.33131551990564],[-6.296177901777053,53.332028867850426],[-6.296891841755903,53.33304126358358],[-6.297011717253088,53.333939631024116],[-6.29777967239106,53.335435911887245],[-6.298296828595501,53.335815518745584],[-6.298588529584051,53.33672264346755],[-6.299305619995904,53.338396704947925],[-6.299070779449908,53.33883643413125],[-6.298165322424905,53.339354282821816],[-6.296284371471884,53.339615550881824],[-6.2938038154199525,53.340172930462565],[-6.293447251137867,53.34051846994677],[-6.294205426901188,53.34160057390422],[-6.294228943355459,53.34168735648055],[-6.29423519816303,53.34173088052876],[-6.294237770498136,53.34177438944805],[-6.294211032222565,53.34194671930163],[-6.2938485439925,53.34238007233302],[-6.292507771021514,53.342747083003744],[-6.289028615511349,53.343194362140906],[-6.287400153366004,53.34332677872336],[-6.285658422122667,53.34337830745594],[-6.284294962524137,53.343296071448286],[-6.278547083100848,53.34272329249342],[-6.277317733904541,53.34257912798165],[-6.275791208079452,53.342586095016124],[-6.273350740417007,53.3427812561628],[-6.270778181636545,53.34241120366128]]},"properties":{"route":"36","routes":["36","60","73","74","82","98","S2"],"category":"radial","colour":"#9467bd","route_colour":"#8c564b","pdf_colour":"#009bdf","source":"pdf-future","phase":"future"}},
{"type":"Feature","geometry":{"type":"LineString","coordinates":[[-6.250401838349185,53.34781002086012],[-6.25001443554625,53.347796799499605],[-6.2407750704615435,53.347184460569196],[-6.240040128412441,53.34713832132874],[-6.23967526052527,53.34690831266324],[-6.239747796414127,53.345760212650696],[-6.238730610907229,53.34550043711321],[-6.239156865859958,53.341619926808946],[-6.239182466296157,53.341250846002595],[-6.239208493503058,53.34079817828324],[-6.239213762545574,53.340707626481766],[-6.239219246017804,53.340617091181365],[-6.239315146811484,53.339529440750326],[-6.23918847315454,53.33916364063921],[-6.237803748738462,53.33855734403325],[-6.237147865804919,53.33840123786475],[-6.236878972316427,53.337918174459155],[-6.23759174821018,53.33741385538855],[-6.237835361107983,53.33724852162144],[-6.238081214370249,53.33708421953721],[-6.240318470019009,53.33561681992084],[-6.242331091483001,53.33422430560015],[-6.242726751390604,53.334040240649244],[-6.245871787341885,53.333107904470054],[-6.2509592642808505,53.331768074235434],[-6.251542143923677,53.33176103852975],[-6.2528546659027695,53.33203172102711],[-6.255741564420966,53.33238611036022],[-6.258154692003143,53.332431221934016],[-6.260602716359727,53.332372049129546],[-6.261692631718616,53.33227313380377],[-6.2621611414872635,53.33224576680467],[-6.262530964308838,53.33222974205597],[-6.262716494713859,53.332223014651326],[-6.262902333972617,53.3322169504075],[-6.263088404228297,53.33221140421024],[-6.263274627624083,53.33220623094531],[-6.263460926303162,53.33220128549846],[-6.263647222408718,53.33219642275546],[-6.263833438083935,53.332191497602054],[-6.264205316716097,53.332180879607066],[-6.26799593363766,53.33201557226608],[-6.270124165306584,53.33184230922853],[-6.270845556259418,53.33183335278067],[-6.272082173240507,53.33188673836327],[-6.272260583695275,53.33189143163678],[-6.272438467644893,53.33189388090238],[-6.272791370393129,53.33189003314547],[-6.273476715836773,53.33183325262825],[-6.276555555147205,53.33121490325849],[-6.2781177832466195,53.33079726729563],[-6.279061380415204,53.330765431547356],[-6.281163101971282,53.33113195094],[-6.281363111942466,53.33116767507951],[-6.281462908174426,53.33118606541306],[-6.281562542463736,53.33120487017689],[-6.282291431194885,53.3313480520176],[-6.284832768644401,53.33191245033644],[-6.285448039883127,53.33199996781131],[-6.286596295883996,53.331980010192844],[-6.2874368797555995,53.33210954811408],[-6.28850938858119,53.332533827440855],[-6.289637541003383,53.333118931444595],[-6.289892356686936,53.33327052386059],[-6.290017602126746,53.33334752821845],[-6.2901417517480676,53.333425134288966],[-6.2910019004974105,53.33397239034243],[-6.291588507604045,53.334324084368205],[-6.292194071449162,53.3345780293451],[-6.2965128739648835,53.33550804477756],[-6.2977613033327575,53.335926078741686],[-6.298010957880036,53.33673395775102],[-6.298680684032075,53.33807774059449],[-6.298563385736059,53.3386664269612],[-6.297949039061258,53.33904349551525],[-6.295849407364208,53.339347247284785],[-6.293036971435882,53.33998673393612],[-6.292737682643785,53.3403967932355],[-6.293565530314848,53.341509143011685],[-6.293644405504987,53.34164573253711],[-6.293664951931324,53.341757758194625],[-6.293664129700453,53.34178574136121],[-6.293660912271136,53.34181361784797],[-6.293647268490239,53.3418688560206],[-6.293021522252757,53.34230935064366],[-6.291834962919431,53.34253469144211],[-6.291522156800801,53.34286038625847],[-6.292379107589272,53.34537466666804],[-6.292254524818697,53.34580416400611],[-6.292474914943769,53.346723200799225],[-6.292561371719401,53.34686274078701],[-6.2925977619124485,53.34690029888489],[-6.292638797679606,53.346936141222955],[-6.292733792150767,53.347002157197764],[-6.293324313347466,53.34717988513167],[-6.294357608709669,53.347257969958655],[-6.29493849266851,53.3475947455005],[-6.297009144759379,53.349720441396705],[-6.298582304996632,53.35111808488623],[-6.297999553597247,53.35157560870837],[-6.294195192669739,53.35399751782316],[-6.293778899950222,53.354267891604486],[-6.293572122224027,53.35440372657793],[-6.293469176836472,53.354471862138155],[-6.293366565696289,53.35454016443418],[-6.292960042564442,53.35481536127795],[-6.291935110553333,53.35554491331655],[-6.291233227864712,53.35579416234373],[-6.289937348991831,53.35601447042359],[-6.286615435074725,53.3566599529531],[-6.284910171557667,53.35704963802875],[-6.282693220959391,53.357633255444455],[-6.279514776941247,53.358509846275325],[-6.277634738535165,53.35903058082043],[-6.2773545648374505,53.35910899299762],[-6.277144541663454,53.35916791596659],[-6.277074531024522,53.35918755385866],[-6.277004511642791,53.35920718245799],[-6.276864429165333,53.35924639319296],[-6.276654130593162,53.359305023440605],[-6.276592111063422,53.35932299941425],[-6.2762995199674,53.35941760041045],[-6.276242178015522,53.359435755216666],[-6.2761844531383515,53.359453085019],[-6.27594308139614,53.35950926956491],[-6.27305312776853,53.35950627508563],[-6.272886869693205,53.35949858967724],[-6.272720760032763,53.35948987024584],[-6.272388914706131,53.35946974100293],[-6.270404311053868,53.35931723104485],[-6.265653727209823,53.35901662735176],[-6.2630198832408315,53.35877607226953],[-6.262091773870729,53.358641407237634],[-6.261492307368974,53.35853833005059],[-6.261193744394431,53.35848342727358],[-6.260895787332402,53.35842680863292],[-6.260598305479103,53.358368869322625],[-6.260301168130755,53.358310004536705],[-6.259410516077588,53.35813180926532],[-6.2588160743308885,53.358015630263175],[-6.256028131943069,53.357506466786674],[-6.252743042621185,53.35687221198948],[-6.251083269578146,53.35658068330307],[-6.249917324405933,53.35616090412825],[-6.249735058259049,53.35604841498356],[-6.249646675500826,53.355989911107514],[-6.249559894527643,53.35593043041759],[-6.249390442661074,53.35581012676189],[-6.249307424130029,53.35575009787901],[-6.2492253121087025,53.35569068034803],[-6.2491439327782645,53.35563227121042],[-6.249063112319886,53.3555752675076],[-6.246141204803812,53.35370625410184],[-6.245512480714982,53.3533011686423],[-6.2454600156040705,53.353048708343294],[-6.2458985235835645,53.35262178072008],[-6.246117995655421,53.352410009598316],[-6.246173371513435,53.352357044908466],[-6.246228973637249,53.352304103043885],[-6.246340902941842,53.352198350968564],[-6.24656798559581,53.35198781567964],[-6.246763823625631,53.3518094173591],[-6.2469239342397325,53.351663964707626],[-6.247080514497892,53.351519972041075],[-6.247646467245753,53.35094681887913],[-6.248150216300662,53.35019999084611],[-6.248765888624738,53.34899799247473],[-6.249501761644082,53.34804938380406],[-6.249542505522166,53.34801230804476],[-6.249593363261071,53.34797615699961],[-6.249652576622924,53.34794113312577],[-6.24993782154242,53.34781635848733],[-6.250012439450962,53.347790007327845],[-6.250084863555229,53.34776599808278],[-6.25021609739946,53.347725815164615],[-6.250382713784304,53.34768051337419],[-6.250448327860974,53.348139113228754],[-6.250855936088611,53.348350653461075],[-6.252847702495842,53.348382601809085],[-6.253159508549211,53.348279882001144],[-6.25390274032145,53.347435353717934],[-6.254016454480273,53.34692862952666],[-6.2536084076003915,53.346684277465236],[-6.250907655147106,53.346670139553595],[-6.250514627511939,53.34701941553682]]},"properties":{"route":"24","routes":["24","36","60","72","81","82","88","S2"],"category":"radial","colour":"#9467bd","route_colour":"#ffbb78","pdf_colour":"#009bdf","source":"pdf-future","phase":"future"}},
{"type":"Feature","geometry":{"type":"LineString","coordinates":[[-6.226780200214495,53.38786346674472],[-6.2277177379987805,53.38785464652651],[-6.227775418696615,53.3878592056889],[-6.227831332846412,53.387866813426676],[-6.227885207646785,53.38787730147663],[-6.228074857326351,53.38794469153401],[-6.228275874624086,53.388199194773705],[-6.228338447999659,53.38864750025501],[-6.2296133254219015,53.3890311720301],[-6.230166315667722,53.38958834737665],[-6.230144923585329,53.389957053331564],[-6.229816668787342,53.39032468689192],[-6.228799244461946,53.390534435370306],[-6.226327495619178,53.39041662320219],[-6.225948645633495,53.39047747242237],[-6.225408551338409,53.39101990421981],[-6.225230738905434,53.391053647025366],[-6.225133726389843,53.39105542444243],[-6.225084272503887,53.39105227044347],[-6.2250345978931065,53.391046318749574],[-6.224985010827963,53.39103749244332],[-6.223916286577689,53.390800848601124],[-6.2206207332949495,53.39014418389581],[-6.2185059660593645,53.38978683278827],[-6.218461070659729,53.389781379660505],[-6.218416808801528,53.38977888710847],[-6.218373493007083,53.38977922615137],[-6.218290949698739,53.38978788309879],[-6.2181509668292145,53.38983350097786],[-6.218038677136827,53.3899826225863],[-6.217959407709238,53.3917301483887],[-6.217651959753765,53.39250965477851],[-6.216863801003979,53.392663746471776],[-6.212679974313389,53.39126333747302],[-6.208394078959531,53.38994318812441],[-6.2052367241832895,53.38911953987084],[-6.202974120270917,53.388366568531765],[-6.2005598968771425,53.38771571003718],[-6.200365604526837,53.38764769886979],[-6.2002683840355735,53.387610865857376],[-6.200172588046071,53.38757305779708],[-6.199989691709844,53.387497246246696],[-6.199442962182825,53.38724465212809],[-6.198834720355773,53.38702329640733],[-6.197702244988427,53.38699660098343],[-6.196080274805569,53.387661488129105],[-6.195111823919098,53.387989465517016],[-6.193245906044339,53.38824815934995],[-6.189162580153729,53.38851480174356],[-6.182778297683932,53.38897981652155],[-6.180083903810471,53.38910572712914],[-6.173620343306945,53.389227100425664],[-6.171423243574592,53.38920491342178],[-6.170863548962432,53.389188574231824],[-6.170583670673996,53.38917981999478],[-6.170303775480945,53.389170760217425],[-6.167784422133913,53.38908589526426],[-6.162660233375127,53.38893649042533],[-6.160232829084405,53.38867227454172],[-6.1590777020119445,53.388479412396855],[-6.1588363438962626,53.38843587243913],[-6.158621583933678,53.388396234246585],[-6.158287115852053,53.38833272622458],[-6.157951169413316,53.38838612914271],[-6.1570756722760445,53.389025504428254]]},"properties":{"route":"78","routes":["78","L82","N6"],"category":"radial","colour":"#9467bd","route_colour":"#ff9896","pdf_colour":"#009bdf","source":"pdf-future","phase":"future"}},
{"type":"Feature","geometry":{"type":"LineString","coordinates":[[-6.245693734229194,53.39550295580549],[-6.247512463576821,53.39587210622556],[-6.2482090991340495,53.39495762573541],[-6.248460284804044,53.3948180798072],[-6.248638301475453,53.39479924973612],[-6.248685433950911,53.39480077546407],[-6.248733094824729,53.39480496557235],[-6.248781022634569,53.39481190560197],[-6.249021664314708,53.39487128709674],[-6.249190805108416,53.394912880822304],[-6.249393143753842,53.394962504568916],[-6.250399289671394,53.395206860654724],[-6.25175535305789,53.395521562970096],[-6.2538002550299945,53.39596991643087],[-6.255970970959443,53.39655897159636],[-6.257206886344457,53.396833401900096],[-6.268110605809554,53.398495860273336],[-6.268893674242826,53.39859590705009],[-6.269097565556664,53.39841206456355],[-6.268623961333263,53.39790713525036],[-6.268281482114787,53.39726672579498],[-6.268287075564992,53.39443941731166],[-6.268718758783999,53.39430014403287],[-6.26942969294592,53.39453459637029],[-6.269590767142726,53.394590814408026],[-6.269751713060095,53.39464661858691],[-6.270074030444424,53.394756309131274],[-6.270726040126787,53.394963285308236],[-6.272104940869036,53.39528974875041],[-6.273356727754534,53.39544293717569],[-6.2758664087701925,53.39558913925187],[-6.2774168238033035,53.39575259736677],[-6.2789347606222865,53.39599853062308],[-6.279989660003782,53.396247637991],[-6.282180431688881,53.397214243716974],[-6.2825649117782705,53.397493617561636],[-6.282849988018226,53.3981486533486],[-6.283216874910366,53.39846584892009],[-6.284503005401616,53.39902001024575],[-6.286681908172941,53.39986831896705],[-6.2878334602027754,53.400504416338585],[-6.288783324865858,53.400430410180135],[-6.289336760656073,53.39989579825734],[-6.29078455085954,53.39791413694144],[-6.291283281426079,53.397369619443175],[-6.291953115327485,53.39689978563265],[-6.293416044160104,53.39641992682269],[-6.2947330412551805,53.39628129734903],[-6.2965346284918535,53.396426110823406],[-6.297438183451348,53.39686832509834],[-6.2985022648215585,53.39722775561971],[-6.300798392290472,53.39774873659081],[-6.302280293550841,53.39834328097734],[-6.303750745542223,53.39912515824078],[-6.305629940858917,53.39960550812849],[-6.3068793257550215,53.399824174247115],[-6.307594285125109,53.39994661472962],[-6.307951885172415,53.400007494164015],[-6.308130693852848,53.4000378950102],[-6.308309500139218,53.40006828759216],[-6.308488297907587,53.400098685147256],[-6.308987420099618,53.4001913321005],[-6.3091436595516,53.400215981829746],[-6.309333485552075,53.400242792655156],[-6.309382059594043,53.40024947367585],[-6.309428935655444,53.40025587541657],[-6.309513303841929,53.40026729984666],[-6.309619434742446,53.40028150232243],[-6.309674446851353,53.400289218285415],[-6.310841272376633,53.400376417608086]]},"properties":{"route":"19","routes":["19","D4","E2","F1","N6"],"category":"radial","colour":"#9467bd","route_colour":"#ffbb78","pdf_colour":"#009bdf","source":"pdf-future","phase":"future"}},
{"type":"Feature","geometry":{"type":"LineString","coordinates":[[-6.398992482352195,53.39171277480979],[-6.398197530493768,53.39219652540254],[-6.397611992642992,53.392218395072284],[-6.395871877333892,53.391309510087005],[-6.394532769099677,53.39071296250542],[-6.392896318189318,53.39020494805514],[-6.390984715156191,53.38988423005135],[-6.39034172589182,53.38959047164286],[-6.389620669528213,53.388871311378324],[-6.389576762073606,53.38881195828354],[-6.3895299459016215,53.38874581765274],[-6.389425848122911,53.38858954189371],[-6.389304897626858,53.38839522032242],[-6.387897221745729,53.38656681878083],[-6.387822546597462,53.38648468849212],[-6.387752339575642,53.38640718459938],[-6.38768549810036,53.3863336235598],[-6.3875575014697805,53.386195595868905],[-6.3872933812511326,53.38593677884153],[-6.386491929744385,53.38534032416908],[-6.385640036364683,53.38487101865013],[-6.3835051617243295,53.38392482054497],[-6.382036540703998,53.38342579396918],[-6.379787317389829,53.383003573144165],[-6.3782257580429045,53.382486789993564],[-6.376636746500114,53.382195436139256],[-6.375826061738077,53.382224565833994],[-6.375327052601341,53.38243317903309],[-6.374491870101871,53.38302242123785],[-6.374028965138364,53.383710495564614],[-6.374129487322822,53.38402242168561],[-6.375069366294772,53.38464157592935],[-6.378147788589831,53.38615965213699],[-6.378189779580931,53.386349127744154],[-6.376894438984955,53.387326389667884],[-6.376283228120531,53.387961632901764],[-6.376327587385292,53.38838396033657],[-6.376884521612654,53.388858331528255],[-6.376906036911926,53.38934582485706],[-6.376880139188272,53.389415580541495],[-6.376851491260472,53.38944615745941],[-6.3768336330855915,53.38946007516121],[-6.3768135675531115,53.389472966443535],[-6.376116585438985,53.38960599631442],[-6.375539175656547,53.39001074738559],[-6.375040786071639,53.39114141238775],[-6.375211973069525,53.39151108496375],[-6.375863651861452,53.39182055976813],[-6.378181649512525,53.39232541437231],[-6.379450980978411,53.39231482991735],[-6.38013376275138,53.392395270672885],[-6.381004566588566,53.392726539859524],[-6.381198644232111,53.3928041060309],[-6.3812916167438205,53.39284211424471],[-6.381607376658292,53.39297192299641],[-6.38169408705879,53.39322281027849],[-6.3804131440948915,53.39423186452683],[-6.3790221057323055,53.39517892728041],[-6.378017604832494,53.39577190305037],[-6.376127706291572,53.3967394895432],[-6.373735114700362,53.397732980468014],[-6.370810359510919,53.39884032228819],[-6.369378715486528,53.39948464529645],[-6.368187940751787,53.40020178797206],[-6.367061653762203,53.40096612749802],[-6.3668979040396785,53.40103172221852],[-6.366820728262104,53.40104308347323],[-6.366780826525071,53.40104553218232],[-6.366740444931834,53.401045811589825],[-6.3664692884908565,53.40098610156504],[-6.364559327856445,53.400203875130934],[-6.362029586898947,53.398614589781964],[-6.361143382942977,53.397945300044235],[-6.360203652292669,53.39705271508077],[-6.359372192761783,53.396423803524634],[-6.357840901990456,53.39585567867709],[-6.356413804028348,53.39557649872203],[-6.354017645264057,53.395255580038935],[-6.3527686146239635,53.394860556724936],[-6.351474665899756,53.39458228361609],[-6.349669299751286,53.394538231854376],[-6.347524677959199,53.39470396135512],[-6.346063756218939,53.39491522297171],[-6.344641436972435,53.39527880041801],[-6.343553976688228,53.39538880369022],[-6.3418652719728055,53.39537644112589],[-6.340395768831795,53.395488180419356],[-6.339508119603833,53.39567984781994],[-6.339466092168148,53.39568778692887],[-6.339423452118645,53.39569291741458],[-6.339380534357895,53.39569533296337],[-6.339295205312936,53.395692393995375],[-6.339135950401129,53.395658059013265],[-6.338965764287077,53.39554665627993],[-6.338373091283618,53.394888663402625],[-6.338240771572373,53.394812046291094],[-6.338172659566798,53.39477455423109],[-6.338103815104365,53.394737525112674],[-6.337763541571045,53.394557187185484],[-6.337134468582981,53.39421016318345],[-6.336561128718215,53.39390468897928],[-6.334817537432724,53.39306549466211],[-6.333582064525086,53.39268420724718],[-6.330814078800128,53.39206258414133],[-6.329804129285129,53.39159916208569],[-6.328808019681579,53.390820003737026],[-6.3276625484001565,53.39029522286539],[-6.325313722009535,53.389419940006036],[-6.325005098788999,53.38916845541079],[-6.325096100154904,53.388754364034],[-6.3248850106767405,53.38850005218681],[-6.323580329565231,53.388167735974584],[-6.319352109948173,53.38737523560254],[-6.317828870595844,53.387031120059774],[-6.317517731197843,53.38755995630311],[-6.316878786300472,53.38784452800035],[-6.314118537042711,53.38760267949159],[-6.310982082576209,53.387566632017],[-6.306800254935711,53.38767504898927],[-6.306074087234414,53.387738968259654],[-6.305532518936241,53.38779533501321],[-6.30535165413438,53.38781383099749],[-6.305170329435706,53.3878315873482],[-6.304437672074246,53.387887196157116],[-6.303516383805656,53.38788530851793],[-6.303332169037365,53.38787601411794],[-6.303148005206912,53.387864346498766],[-6.3027798931755745,53.387834918582655],[-6.3003547941838125,53.387579067271815],[-6.298837191132948,53.38752996976372],[-6.298646584931962,53.38753706995703],[-6.298456243781076,53.387546861529714],[-6.298266420621474,53.38755835375278],[-6.2975115966314,53.38761851803976],[-6.293776667258129,53.38801292218055],[-6.290767698752047,53.38824814624858],[-6.2892458743737505,53.38831027835833],[-6.2852787513350865,53.38831647714413],[-6.28436191040011,53.388286652620394],[-6.28407372317956,53.388275274723284],[-6.283937641039722,53.38826958613594],[-6.283810986672527,53.38826404048665],[-6.279771404681644,53.388035363729145],[-6.27329283816511,53.387632937824854],[-6.271789910468324,53.387494121674024],[-6.270316267120041,53.387289556954656],[-6.2695860437632005,53.3871688347073],[-6.269221814584262,53.38710495138119],[-6.26885788151742,53.38703913430848],[-6.264334177645474,53.38618925296503],[-6.262530775669407,53.38571960949064],[-6.260436339202256,53.385033804675444],[-6.256890660961948,53.38382262758514],[-6.248309479679416,53.38095937582777],[-6.247201738804989,53.380572659386715],[-6.246892288150627,53.38046773008119],[-6.246736591405613,53.38041629327374],[-6.246580140643089,53.38036572346703],[-6.245103735292045,53.37996390890309],[-6.24367707646978,53.37965251272944],[-6.241880229373113,53.3792876424368],[-6.241521130552673,53.37921432303296],[-6.241162605804859,53.37914004960247],[-6.239397482326482,53.378742587010606],[-6.238076709580627,53.378360499574335],[-6.235830456657317,53.37761942655854],[-6.23451266815669,53.37723356802067],[-6.232836233232733,53.376860548416516],[-6.2279822155773825,53.375992441586604],[-6.225158480961779,53.37534265007825],[-6.221376090840957,53.37440896719691],[-6.22072897406104,53.37421019249755],[-6.220590859727601,53.37416089390901],[-6.220455761313245,53.37410919536227],[-6.22032317994422,53.37405550046177],[-6.220063572847142,53.37394373601722],[-6.219680568197645,53.37377120680795],[-6.219552612751761,53.37371400947794],[-6.219423682234926,53.37365764102519],[-6.218746943005108,53.37340235807541],[-6.217737601967432,53.37315057274645],[-6.21310526935365,53.37229624410866],[-6.210925288257218,53.37170152176676],[-6.209655623577379,53.371213252712806],[-6.208705248641033,53.37074614165582],[-6.208328193560029,53.37046420465374],[-6.208287089140631,53.37042704335734],[-6.208246569578188,53.37038963381071],[-6.208125962644082,53.370276951938266],[-6.208043793760533,53.37020248926498],[-6.207766313639194,53.36999138157065],[-6.207657726188776,53.36992627195848],[-6.207540890471388,53.36985481302332],[-6.207514697517319,53.36983883216033],[-6.207487799825725,53.369822503139474],[-6.207317306972262,53.369722374517806],[-6.206878849432835,53.36938356689008],[-6.207046204417442,53.36909965916693],[-6.209067330696218,53.367923750404145],[-6.209143463109834,53.367879764971875],[-6.209220088475235,53.367835882573516],[-6.209374907047485,53.367748569171056],[-6.2095319643851425,53.367662094781814],[-6.209611388207305,53.36761926114998],[-6.209691438460387,53.367576743990846],[-6.20977213739091,53.36753457887754],[-6.212025787184727,53.36651227053387],[-6.2142058969107135,53.365838406558254],[-6.21562175994043,53.36560936936686],[-6.217357116959367,53.36554258246037],[-6.218928605112367,53.36517751615023],[-6.219526288686899,53.36512183079199],[-6.220075200728841,53.36511539251253],[-6.220565957111575,53.36512451975589],[-6.2207300527396425,53.36512695069161],[-6.2207632159206065,53.365127230977635],[-6.220797405654898,53.365127427238775],[-6.2208684928037945,53.36512748218361],[-6.221420175723171,53.36510063180255],[-6.222931141639013,53.36469122492846],[-6.224875887248436,53.36389889559211],[-6.226694869618191,53.36308691412353],[-6.2268387225362085,53.36301573904303],[-6.226859276341144,53.363005146516535],[-6.226880480168489,53.362994158459664],[-6.226902262016319,53.36298281341054],[-6.226993729573944,53.36293463405397],[-6.227303830139675,53.36279157068247],[-6.227312169701397,53.36266356621362],[-6.226485177100164,53.362559176051086],[-6.226040190341427,53.36249966353824],[-6.225854727414106,53.36247341826065],[-6.225776866446779,53.36246184090866],[-6.22571105738494,53.36245154804962],[-6.222145930204395,53.36178929747785],[-6.221871567703444,53.36154459376414],[-6.2220247160098445,53.36111401904023],[-6.222687197662391,53.36049779793469],[-6.222934771113363,53.36037071932585],[-6.2229951143213125,53.36034425748983],[-6.223025920976229,53.36033107006676],[-6.223057135946508,53.36031796781064],[-6.223185853202203,53.36026725301003],[-6.223320200387578,53.36022127109858],[-6.2233545821933,53.360210831092616],[-6.223389259424873,53.36020089753085],[-6.2234790711787635,53.36017817949206],[-6.224084860524235,53.36006046246706],[-6.226752823395027,53.359968441707636],[-6.228184291330023,53.359876102397976]]},"properties":{"route":"37","routes":["37","6","8","A3","L61","L62","L80","N2","N4","N6","W4"],"category":"radial","colour":"#9467bd","route_colour":"#8c564b","pdf_colour":"#009bdf","source":"pdf-future","phase":"future"}},
{"type":"Feature","geometry":{"type":"LineString","coordinates":[[-6.39543688376676,53.35398763280339],[-6.398153173353654,53.35256082176244],[-6.398609347618657,53.35217808557651],[-6.398815118136316,53.351663051132036],[-6.398646997836621,53.351247562531455],[-6.397962473406825,53.35072843029811],[-6.392914273269147,53.34843882979341],[-6.392463890371559,53.347964264206595],[-6.392329607032879,53.34682561069838],[-6.392669725833967,53.34664455283858],[-6.394506778083144,53.346757920133555],[-6.397898428638422,53.34681020997218],[-6.399959482873788,53.34688106763086],[-6.400389112949976,53.346669816429845],[-6.400583011293027,53.345424635978816],[-6.400664772687774,53.342393283996486],[-6.401062783332887,53.34076510347805],[-6.401503313839644,53.339438065407414],[-6.401628029003078,53.338617439123404],[-6.4015868384850165,53.336946721297615],[-6.40146291947595,53.33588806658634],[-6.4016460642639705,53.3351301514672],[-6.4019499570800225,53.334665239314184],[-6.402503841792751,53.33420161180224],[-6.40252317544798,53.334185907078705],[-6.402540687326777,53.33416963496904],[-6.40255636150983,53.334152842177616],[-6.4025821331114505,53.33411788136698],[-6.402610923515992,53.334043766557],[-6.402595316808504,53.333927715895086],[-6.401959875882884,53.33292453627971],[-6.40082385264685,53.3316349471154],[-6.400014121191514,53.33060467550618],[-6.397825853520254,53.32891931491464],[-6.397282724799159,53.32823213467732],[-6.396052131871843,53.32756325326652],[-6.395986173680685,53.32751495209243],[-6.395848926462869,53.32740067397252],[-6.395617509038936,53.3271625128421],[-6.395307573336727,53.326656771566824],[-6.395144027305837,53.325599617341936],[-6.395334444412546,53.32355890192044],[-6.394999577555463,53.323023504356705]]},"properties":{"route":"60","routes":["60","80","D1","G2","L54","S4","W2"],"category":"radial","colour":"#9467bd","route_colour":"#7f7f7f","pdf_colour":"#009bdf","source":"pdf-future","phase":"future"}},
{"type":"Feature","geometry":{"type":"LineString","coordinates":[[-6.225119388523463,53.36209343262353],[-6.225137283105357,53.36208091215773],[-6.225148535924731,53.362073659282345],[-6.225152385939536,53.36207128843719],[-6.225156289120545,53.36206894196703],[-6.225164263690045,53.36206432451563],[-6.2251809466210775,53.36205540811637],[-6.227610333981999,53.36079051244831],[-6.227342829311327,53.36018721664978],[-6.224954127389064,53.36025229142475],[-6.224251144300507,53.360304134324814],[-6.224134543475538,53.36032402575442],[-6.224093081263145,53.360331744797016],[-6.224048670737101,53.36034016377911],[-6.223954957721673,53.36035830449259],[-6.2236598219947075,53.3604190114678],[-6.223630220839275,53.360426493669536],[-6.223600572530162,53.36043461661892],[-6.223541386495253,53.36045253517074],[-6.223425221069178,53.36049331575747],[-6.22300833184846,53.36068640951939],[-6.2226585178404035,53.360948458136285],[-6.222344954233836,53.36148493086485],[-6.222555890500138,53.36164125796149],[-6.224910393447113,53.362073547590015],[-6.225125713076951,53.36211256074995],[-6.225236022822361,53.36213214537244],[-6.225348319753776,53.362151783820174],[-6.2254627692954525,53.3621714774408],[-6.22557953687165,53.362191227581995],[-6.225981255508617,53.362256060364615],[-6.226152489915532,53.36228152255769],[-6.226241606364825,53.362294302753234],[-6.226332788564534,53.36230708093855],[-6.226714168665408,53.362357652434035],[-6.2273952164970074,53.36243765117401],[-6.228922492486011,53.36263479966805],[-6.229109272978046,53.362679998518765],[-6.229148704947362,53.36269624168722],[-6.229184570612505,53.36271415218359],[-6.229244280944874,53.362754355051344],[-6.229292341888468,53.36292479692075],[-6.229160556080895,53.36310220529294],[-6.229104676208063,53.363191359840066],[-6.229079686299775,53.36323580044203],[-6.229056616174582,53.36328001894503],[-6.228982829969932,53.36345270719892],[-6.228936946155451,53.3636139827955],[-6.228929571124729,53.363651781678755],[-6.228910634771427,53.36374407513946],[-6.228890675616191,53.3638357694471],[-6.228880130150796,53.36388139115996],[-6.228869110180455,53.36392686217426],[-6.228755116061246,53.36428516872961],[-6.22806137593583,53.36550473467627],[-6.227515439838001,53.366120620999865],[-6.226680850452875,53.36668292804508],[-6.226684071871582,53.36696039090203],[-6.227035668456762,53.36713838607627],[-6.227297387632136,53.36722639031134],[-6.22736640703147,53.3672438159646],[-6.227437034823815,53.3672592803108],[-6.227583460689172,53.36728406279235],[-6.2287138557521455,53.36733440038401],[-6.229497800058266,53.36748400962425],[-6.232462794000185,53.36847268511892],[-6.234087529451994,53.36900558855268],[-6.23502369748048,53.36931572607253],[-6.236425457978279,53.36978358721616],[-6.236892847277348,53.369939382574266],[-6.237360637897894,53.37009473778743],[-6.2411381843471245,53.371293975048644],[-6.2416156454275455,53.37143292912078],[-6.242095404733834,53.37156882060403],[-6.24403358025805,53.37208677843561],[-6.244521947723965,53.37221112031497],[-6.24501146022786,53.372333904941655],[-6.2459931515576725,53.37257580599445],[-6.251269935093965,53.37386447553857],[-6.251735840138399,53.37397128070466],[-6.251962884005398,53.37402122610911],[-6.252185003549703,53.374068419659835],[-6.255868537373327,53.37480142905957],[-6.259671609697175,53.375509147407],[-6.265981713010905,53.37653827205533],[-6.267438070106903,53.37676930836141],[-6.268815415483523,53.37698939276586],[-6.272561191809826,53.37733865838845],[-6.275710579646117,53.37749556916142],[-6.277429299738027,53.377584110030135],[-6.278555667361929,53.37764371836826],[-6.279031487767271,53.377669117147065],[-6.27923566737396,53.37768004731336],[-6.279412830490251,53.37768954356882],[-6.279804347543828,53.37750236504747],[-6.279947442212041,53.37635074497327],[-6.28037898147411,53.37617340058079],[-6.281329125880384,53.3763023738754],[-6.284470338393518,53.37646765653336],[-6.2846456191370015,53.37646257302644],[-6.284732567285373,53.3764574957533],[-6.28481894896358,53.37645073463785],[-6.285157236155954,53.37640694931486],[-6.28567856370996,53.37629785680466],[-6.286620411034024,53.37618839437669],[-6.288279487520465,53.37637507040466],[-6.289105983931542,53.37635795508291],[-6.291215894535265,53.37576230242292],[-6.291135768710241,53.375295175802556],[-6.290046790711172,53.37406480692323],[-6.290551407650679,53.373809599201536],[-6.292263792185285,53.37384638874941],[-6.294126388097385,53.374287191036],[-6.296066187278345,53.37430692794365],[-6.300003792766149,53.37401963960472],[-6.301054797044032,53.3740013791737],[-6.301582343595408,53.37401181731821],[-6.302003325928804,53.374027964124174],[-6.3023231233322825,53.37403712557165],[-6.30257571318364,53.374042957078004],[-6.302706696639119,53.374045762620675],[-6.302771427280354,53.374047101107784],[-6.3028349140662225,53.374048382745755],[-6.303126170447527,53.37387939941856],[-6.302934038912371,53.37227329449212],[-6.302901605383315,53.37126238360862],[-6.302897979121019,53.371158007855584],[-6.3028949088329185,53.371123431918036],[-6.3028910382284,53.371088969352144],[-6.302869118053126,53.3709523173844],[-6.30278679850922,53.37057560135597],[-6.30275835298737,53.37023932595576],[-6.302878317345854,53.36987046154023],[-6.302986461234694,53.36966372186067],[-6.303046759208091,53.3695602535355],[-6.3030781335118045,53.36950834891609],[-6.30311019852582,53.369456275102436],[-6.303482119482118,53.36885840862626],[-6.303775787976648,53.3676458080784],[-6.303754290669999,53.36715784721537],[-6.303721856193139,53.36677651922119],[-6.3036988436500705,53.36645194356395],[-6.303677600403256,53.36618328739414],[-6.303648891816914,53.36583538125448],[-6.303642874868065,53.365814247439396],[-6.303643481220919,53.36577337431747],[-6.303918290169617,53.36562410234113],[-6.305262878180676,53.365633610830244],[-6.305960891180248,53.36553777598374],[-6.307260857183139,53.36512995361799],[-6.308878629258172,53.36447319523941],[-6.310152243083671,53.363754096546906],[-6.310791309641689,53.363338291233134],[-6.31095332938926,53.363231341350094],[-6.311115080008654,53.363124260999236],[-6.311923419140696,53.36258866609217],[-6.31290617910261,53.36195217955596],[-6.313522852348197,53.361593267371696],[-6.313397864985863,53.36122922871806],[-6.312548697690893,53.36096421752962],[-6.312032870152542,53.360631821502984],[-6.311813565633932,53.36044077685471],[-6.311708370135947,53.360342570192316],[-6.3114994704464475,53.360145827220265],[-6.311282662877344,53.35995536342421],[-6.310737602459404,53.35960015237964],[-6.307841062274332,53.35817835183907],[-6.302410092699214,53.35672316938663],[-6.298821363970491,53.35584056198527],[-6.297150599630527,53.35533324283218],[-6.296092124919504,53.3551118697275],[-6.294869430295038,53.354960658745995]]},"properties":{"route":"22","routes":["22","23","73","N2"],"category":"radial","colour":"#9467bd","route_colour":"#2ca02c","pdf_colour":"#009bdf","source":"pdf-future","phase":"future"}},
{"type":"Feature","geometry":{"type":"LineString","coordinates":[[-6.194144339648141,53.27628961929483],[-6.193871185382626,53.276203008463206],[-6.193831705707543,53.27618957472353],[-6.193757565487631,53.27616335135219],[-6.193369282756083,53.27602506896366],[-6.193198601554016,53.27596481258116],[-6.193014310405701,53.275900329324756],[-6.19222524874428,53.27563437859112],[-6.1915552375201734,53.275437801999196],[-6.190013857632091,53.275146792746995],[-6.188638716770553,53.27470475954726],[-6.187910891143116,53.274745092321844],[-6.186235259461184,53.2749959042225],[-6.18296714616923,53.2757035297275],[-6.18175674624581,53.276005375344575],[-6.179971445549777,53.27657058267154],[-6.17840527039662,53.27719944688827],[-6.176492289920465,53.27815057880575],[-6.175002603963891,53.2792085250355],[-6.173789402607614,53.28020508469308],[-6.171137901706933,53.28221533002084],[-6.167927064865291,53.28471020598845],[-6.167312957966085,53.28528140837981],[-6.166923641225502,53.28591662505552],[-6.1666997285403085,53.28707796307305],[-6.165752993749898,53.28856413643288],[-6.164957281638493,53.2899066727881],[-6.164704782741356,53.29040465823158],[-6.164682062513306,53.29044249919856],[-6.164658587948509,53.29048072198251],[-6.164609434080689,53.29055794753855],[-6.164583783913673,53.29059676757927],[-6.164557437681925,53.29063560397419],[-6.164502715296243,53.290712960363905],[-6.164385558740244,53.29086384930354],[-6.164156465390113,53.291101941280644],[-6.16404432500088,53.29119496845008],[-6.163923506192404,53.291284265341204],[-6.161527606151161,53.29260297280449],[-6.160723713103906,53.29327768998216],[-6.160390326895131,53.29390461880592],[-6.160159469776602,53.29486678121134],[-6.159971597429026,53.295077120136675],[-6.159609991944505,53.29542449777982],[-6.159403403785213,53.29564306582248],[-6.159292081968482,53.2957596227648],[-6.159264262892565,53.29578837382655],[-6.159236771827145,53.295816583037485],[-6.159209770501821,53.29584405710697],[-6.159195012760316,53.29586069262395],[-6.159764147283738,53.2964301414327],[-6.159964982061724,53.29681481234225],[-6.160118101403546,53.297063307531836],[-6.16020496603198,53.29719513129086],[-6.160224188270728,53.29725610156205],[-6.160226788612244,53.297271457575285],[-6.160228482966813,53.29728684012961],[-6.160224613696444,53.29735246012803],[-6.159895666131481,53.29745133902713],[-6.157823759232174,53.297017297372875],[-6.156054426901634,53.29670670199381],[-6.1498299123075055,53.295911989884175],[-6.1445846965825694,53.295150568009845],[-6.142999842036404,53.29526447995172],[-6.14251659182662,53.29526660811116],[-6.141355855629473,53.295193776437856],[-6.141044815775565,53.29517581946197],[-6.140892826824016,53.295170295258124],[-6.140817727352537,53.295168646229655],[-6.140743229221231,53.2951678342987],[-6.140451320157433,53.29517438327818],[-6.139730515189999,53.295267085376004],[-6.1386539199494825,53.295565805203886],[-6.137167852006602,53.29608794482089],[-6.136116638926647,53.29634711902378],[-6.133689008251164,53.29636589163716],[-6.133004503602971,53.29638919645654],[-6.13266931250679,53.2964230703876],[-6.132504112858688,53.29644552258528],[-6.13242219083376,53.296458122473645]]},"properties":{"route":"98","routes":["98","B3","S8"],"category":"radial","colour":"#9467bd","route_colour":"#c7c7c7","pdf_colour":"#009bdf","source":"pdf-future","phase":"future"}},
{"type":"Feature","geometry":{"type":"LineString","coordinates":[[-6.416251777476469,53.29516168759395],[-6.417637805676432,53.294427165702665],[-6.4188313831834165,53.294033993191206],[-6.420147325767143,53.2938689003622],[-6.422477347077362,53.293934773007756],[-6.423875153748187,53.293828826951284],[-6.424468128821354,53.29368719072969],[-6.424944843079388,53.29344999278612],[-6.424316448064159,53.2927748046211],[-6.4243028376500675,53.292637135879126],[-6.424300159559867,53.29246074070371],[-6.424299705343078,53.29241803286523],[-6.424299496704138,53.29239654842401],[-6.424299302079562,53.29237514067654],[-6.424298959977689,53.29233304638805],[-6.424280549220395,53.29212427239799],[-6.4238577865969555,53.29120854703002],[-6.4232957271029845,53.29062954035159],[-6.422380127076319,53.29005111230988],[-6.42178059524277,53.289799478644085],[-6.420256426784755,53.28943601548702],[-6.419622357672936,53.28918839838622],[-6.419096791501298,53.28877157882389],[-6.418450596157442,53.287847405241635],[-6.418125701873895,53.286918616419904],[-6.418073807395876,53.2867072390375],[-6.41801218035641,53.28644288970843],[-6.417999815273844,53.28639001428929],[-6.4179873268760455,53.28633713969307],[-6.417123929688675,53.282806982580674],[-6.416908808549794,53.281552928853344],[-6.416649093530671,53.28073431202885],[-6.4163023556778755,53.28025995411538],[-6.415039348780222,53.279091544143405],[-6.413129614050199,53.27790489363106],[-6.412077526323516,53.27692443287388],[-6.411786173101849,53.276771416805985],[-6.409278780742978,53.27643238488925],[-6.407451519022959,53.276246285431036],[-6.401484639502051,53.275801820238655],[-6.399293748717268,53.275724289809055],[-6.397596618382958,53.275919686031166],[-6.396552484943034,53.27627917757023],[-6.395176778294693,53.276947723554514],[-6.394487319570537,53.27743795542987],[-6.394036297698377,53.277986465866626],[-6.3932506899670685,53.278402167462524],[-6.392774222651615,53.278589641755524],[-6.39196859920966,53.27889353033751],[-6.391847893114079,53.27893867631775],[-6.3917269751303465,53.2789836322286],[-6.391484292473019,53.27907279534188],[-6.39099406322102,53.27924687723295],[-6.388236713358918,53.28015036710805],[-6.384938520055097,53.28131932108952],[-6.384370291596004,53.28162263430686],[-6.381214995626121,53.28364857994642],[-6.3806816375480295,53.28392640939794],[-6.379360402329694,53.284419979886145],[-6.3779069718052,53.28478835776047],[-6.376530018704542,53.28500786852928],[-6.375117858093657,53.28514603144742],[-6.374562186742734,53.28564994969525],[-6.372961919326029,53.28627993337533],[-6.371883519148118,53.28659333221902],[-6.370744353981066,53.28669622406928]]},"properties":{"route":"D2","routes":["D2","S8"],"category":"spine","colour":"#d62728","route_colour":"#f58231","pdf_colour":"#009bdf","source":"pdf-future","phase":"future"}},
{"type":"Feature","geometry":{"type":"LineString","coordinates":[[-6.608676372629609,53.39168479198944],[-6.612388665192169,53.390670116534295],[-6.612524633498065,53.39046966304743],[-6.61074033326299,53.38786905080749],[-6.605681796304155,53.38068228583932],[-6.604185491652945,53.3791224825538],[-6.603673651591686,53.37902319175899],[-6.603051306666011,53.37919068739216],[-6.602579203524599,53.379124679202526],[-6.600491078149662,53.377756300532404],[-6.5998935364845925,53.37725957394291],[-6.59940163921678,53.376732482475745],[-6.599196446981289,53.37645993768452],[-6.599019033544445,53.37618266699965],[-6.598596285779074,53.37504542749544],[-6.598563438082475,53.37447328520475],[-6.598654470774223,53.373908982379966],[-6.5987681123366295,53.37358021391478],[-6.598789201114055,53.37355458509248],[-6.598803054013989,53.37353628984459],[-6.598818725141083,53.37351414236849],[-6.598880470802245,53.37339931728625],[-6.598837678532597,53.373191978660216],[-6.59784400707856,53.37251972117146],[-6.59637895760576,53.371555418071814],[-6.5931098465097016,53.369303481691674],[-6.591640530798685,53.368346936944974],[-6.590215508381653,53.36777411709432],[-6.581051117563074,53.36543540943771],[-6.57948054525781,53.365238525613215],[-6.575546072966432,53.36514753486813],[-6.575405477815555,53.36507037438769],[-6.5752664368149265,53.36301717984251],[-6.574792737869869,53.362670438399554],[-6.570346038388829,53.362061040815405],[-6.5686038561805375,53.36177434028382],[-6.567364264747164,53.361452585067326],[-6.566629412635955,53.36117637968761],[-6.565299923849854,53.360515887426594],[-6.562040880397444,53.3586795006502],[-6.560542304876493,53.357912660273946],[-6.558521075078579,53.356948111581445],[-6.557958588420644,53.35671064413928],[-6.5566746936515194,53.35626628691042],[-6.556216434647089,53.356088953008936],[-6.5560642982780175,53.35602195926555],[-6.554856779921083,53.35498517621154],[-6.554307173368336,53.353906943337066],[-6.554235896508295,53.35192540024204],[-6.553786299433554,53.35111080709652],[-6.552868836687845,53.350263240343615],[-6.550563097284551,53.348489051644044],[-6.549441042526324,53.347749990093675],[-6.549089928734034,53.347408438106726],[-6.548150617393235,53.346069469820634],[-6.5480899261839625,53.345007166654476],[-6.548439308373488,53.34410100797046],[-6.548492817767376,53.34364036004519],[-6.548161988779815,53.34309549842806],[-6.547653325195418,53.342786593672706],[-6.544388140610082,53.34123088215173],[-6.542985951642585,53.340426140519284],[-6.543239067347523,53.33984112041997],[-6.544193398574777,53.338589283059584],[-6.54437914861418,53.33835415936067],[-6.544540944721363,53.33816520853222],[-6.544697213925435,53.33797768787385],[-6.544728425105796,53.33793984614268],[-6.5447589713142795,53.33790275650755],[-6.544814857223646,53.337834785221524],[-6.544900950337066,53.33772980890387],[-6.544770843591339,53.3374726043572],[-6.54355861937666,53.33693141147383],[-6.538058768651014,53.33471375748483],[-6.53655322369789,53.33406724833294],[-6.536445705241955,53.334018140338735],[-6.536340136436496,53.3339678655085],[-6.536136628495997,53.333862932751344],[-6.535772596329614,53.333629356730114],[-6.535275636366971,53.33314412131044],[-6.535015876947214,53.332611539629156],[-6.534779778863644,53.330967645964265],[-6.534629082832496,53.3303642125903],[-6.533771187382253,53.32872985129871],[-6.531529884618677,53.32475913630073],[-6.53065833224955,53.32382386803007],[-6.529805739598422,53.32327257902302],[-6.52731294833034,53.323825870295394],[-6.52686088049938,53.32378808440246],[-6.526777185783204,53.32374369904144],[-6.526575435379825,53.323610093136004],[-6.526572001368612,53.3233842912537],[-6.527452931311231,53.32284262730307],[-6.5277859381867245,53.32285087006397],[-6.528603844568853,53.323372028016124],[-6.529020384025097,53.323435807026705],[-6.529805739598422,53.32327257902302],[-6.528776357350336,53.3225192453207],[-6.526323149359515,53.32114181433483],[-6.525166937123869,53.32039025680539],[-6.523823795507103,53.319778732890754],[-6.522829767895875,53.31919034719931],[-6.521538346837273,53.31794395138632],[-6.520887891306005,53.31747010147124],[-6.519390828495512,53.316611402467146],[-6.513411899334219,53.31341566704477],[-6.513130263031894,53.31285002977654],[-6.513444914427745,53.31162256357438],[-6.514026954435338,53.30853366017551],[-6.514589800587587,53.30679448367454],[-6.515386924599902,53.30534302631902],[-6.515344052839619,53.30480517992191],[-6.51480992462457,53.304406983397335],[-6.51401600140156,53.30402157143072],[-6.5122187933586,53.30362549324018],[-6.51157497818435,53.303280485602635],[-6.508766728057323,53.30074001492888],[-6.507865080000423,53.3000562771984],[-6.507337470894583,53.29986854456983],[-6.505529563679616,53.30023945460456],[-6.503566036685178,53.30036043788772],[-6.4999780185134854,53.300209236924864]]},"properties":{"route":"C4","routes":["C4","L59","W6","X27","X28"],"category":"spine","colour":"#d62728","route_colour":"#4363d8","pdf_colour":"#00a7e9","source":"pdf-future","phase":"future"}},
{"type":"Feature","geometry":{"type":"LineString","coordinates":[[-6.499954854558154,53.300208966542826],[-6.497350384101938,53.30012920036527],[-6.495942540561202,53.29990272899522],[-6.494408322069667,53.299309119204196],[-6.4936146930637,53.29876587169038],[-6.492737950803674,53.297422267309074],[-6.492122461561168,53.296965468534964],[-6.490892929701353,53.296229905717254],[-6.489783909303684,53.296053536564585],[-6.486721278665191,53.2952960895719],[-6.485453465637326,53.29511499027412],[-6.481979337476941,53.294865739241125],[-6.478173564227876,53.29430458105935],[-6.476522463838712,53.294256250178364],[-6.4755427637166045,53.294163228254455],[-6.474033566195298,53.293854871962246],[-6.472645918370196,53.29342393821381],[-6.471041763803008,53.29307950818668],[-6.4697511828808665,53.29250530930334],[-6.467730561002457,53.29186583222126],[-6.466442243652574,53.29139449436605],[-6.463724715418593,53.290053599021185],[-6.462970402477432,53.289627556148254],[-6.462114434876673,53.288997315866574],[-6.461630010331938,53.288506139231174],[-6.460991534208209,53.28744869394242],[-6.460663230542878,53.28634244962319],[-6.460281417244562,53.2856730899323],[-6.459100129433037,53.28459799009784],[-6.458674599112576,53.28453764351974],[-6.457944342250017,53.2847090875694],[-6.456891750266877,53.284743716279095],[-6.455235827510128,53.28461107615927],[-6.453903207887663,53.284663559747095],[-6.453217543891984,53.28485807796055],[-6.452660582715219,53.28538961185385],[-6.452100720801409,53.28561710517626],[-6.451201056570216,53.28549331720623],[-6.45040416706263,53.28504478837257],[-6.449464288554857,53.28434370483845],[-6.448237808576072,53.28312233975225],[-6.44786480360637,53.28302743836312],[-6.445853400438344,53.28315895650866],[-6.444538373399999,53.28297008772135],[-6.4430475157911085,53.28264508955947],[-6.44164284719341,53.28219156503926],[-6.4412362900009725,53.28182107987842],[-6.440695965842146,53.28171537243615],[-6.439952838229249,53.28199056557295],[-6.439207330655471,53.28247978553345],[-6.43869655210453,53.283088067128446],[-6.437688246734095,53.28484406996877],[-6.437461964960394,53.28557992054778],[-6.437375819908799,53.28679462677121],[-6.437011116486735,53.288266303060226],[-6.437008141582318,53.28920103445042],[-6.436653625821638,53.289905712036585],[-6.435439894281998,53.291180828417566],[-6.435173185072178,53.291336914015965],[-6.430146952555224,53.29197560306824],[-6.428289200894216,53.292140530435354],[-6.42582763695872,53.29227648058884],[-6.425587141263508,53.292285196955554],[-6.42527399914017,53.292294057236035],[-6.425150178933604,53.29229792375859],[-6.4250889287731106,53.292300081048936],[-6.425028117972262,53.292302450205206],[-6.424789259332127,53.292314983188064],[-6.424730638554608,53.29231911494781],[-6.424672454426774,53.29232373988302],[-6.424557394313522,53.29233465681947],[-6.424424003262427,53.29235143417349],[-6.424052042800269,53.29242893427192],[-6.424006064407145,53.29243660935396],[-6.423959771093738,53.29244079679939],[-6.423913590444432,53.29244165913116],[-6.423823277475653,53.29243405854547],[-6.423662817220157,53.292386107019844],[-6.423068754060643,53.29123998645232],[-6.422683013636069,53.29086469234229],[-6.421333761028839,53.29013544984402],[-6.4200788547883105,53.28984978052962],[-6.419148572069435,53.28951088629806],[-6.418468269534718,53.288993462217285],[-6.417962291887906,53.28838456683714],[-6.4174712943877745,53.28730909687139],[-6.417398665590446,53.287062008144524],[-6.417365242082539,53.28693501385309],[-6.41734928280138,53.28687163238543],[-6.417341468204449,53.286839998510125],[-6.41733375484631,53.28680841318393],[-6.417083803839347,53.28577338135698],[-6.416515143426956,53.285591983674415],[-6.413902012729309,53.28644831267857],[-6.41269817093309,53.286571610262165],[-6.405493498974044,53.28693018383079],[-6.404382485612271,53.28689308780899],[-6.403664605726,53.28674812224624],[-6.403213102510334,53.286850576929346],[-6.402115722591113,53.28823777078366],[-6.400865125479534,53.28925054379151],[-6.399559231819519,53.28995505443944],[-6.398293057414276,53.29046573734277],[-6.397882871248578,53.29044789431561],[-6.395089597553262,53.28918173817493],[-6.393392259328461,53.28830113701615],[-6.392109652483375,53.2875728843294],[-6.387803637914359,53.28496159916905],[-6.384084443745209,53.2830693557491],[-6.383200579743948,53.282904630245916],[-6.382656338459838,53.283051784217896],[-6.38093412077249,53.28409692531909],[-6.379637939823754,53.284586878958876],[-6.3779007408896575,53.28502344159874],[-6.3753362812413386,53.28534737590001],[-6.374885586219733,53.28578816783355],[-6.373300299775716,53.28641872930881],[-6.37195016818731,53.28681168727103],[-6.371003162792294,53.28690317992414]]},"properties":{"route":"57","routes":["57","58","D2","W4","W6","X58"],"category":"radial","colour":"#9467bd","route_colour":"#c5b0d5","pdf_colour":"#00a7e9","source":"pdf-future","phase":"future"}},
{"type":"Feature","geometry":{"type":"LineString","coordinates":[[-6.398670998193541,53.391545169716544],[-6.397874684007478,53.39202929051071],[-6.395257790932858,53.3907181956678],[-6.393879124140735,53.39021792666555],[-6.3929476673799925,53.38996858474656],[-6.391181113838626,53.38968009680279],[-6.3905945749977695,53.3894010992871],[-6.390052397982979,53.38887405408396],[-6.389803922625983,53.3887922517231],[-6.389638332437297,53.388780871921135],[-6.389573345387145,53.388781250625954],[-6.389545802431257,53.38878147031716],[-6.389516219969615,53.38878171929609],[-6.389420640333183,53.38878253731654],[-6.38935663181564,53.38878303725732],[-6.389210782305802,53.3887833982753],[-6.3889343519745525,53.388822292151595],[-6.38800561962604,53.38917616312225],[-6.3875045611552945,53.38936062795049],[-6.3874612864444265,53.38937598427046],[-6.387417735119906,53.38939140530206],[-6.387329765950728,53.38942249904403],[-6.387204638139377,53.38946659546181],[-6.387142113964511,53.38948875378646],[-6.387110918670989,53.38949985093447],[-6.387079789568155,53.38951095643741],[-6.386835089137397,53.38959977404123],[-6.386407765999464,53.389514138785295],[-6.38627277325182,53.38918873021608],[-6.386252732723952,53.38914136840918],[-6.3862333199516685,53.389095746869664],[-6.386197466631174,53.38901233657215],[-6.386137875805781,53.38887997514607],[-6.386096143885592,53.38882050152247],[-6.386034135878965,53.38874789484977],[-6.386017903083523,53.388729821830374],[-6.386002027929159,53.38871234845388],[-6.385948603308399,53.38865413321074],[-6.3859324863061815,53.38863600983059],[-6.385396200594739,53.38759426941474],[-6.384858931260437,53.387256685351076],[-6.381089222646088,53.385557945830065],[-6.376738116207119,53.383625344036],[-6.375509966249067,53.38314032408519],[-6.375144260888075,53.383012755682245],[-6.374974910973886,53.38295790941767],[-6.374833600892329,53.38291175534048],[-6.374640764696802,53.38284596003673],[-6.3744006689043,53.38276211444475],[-6.374117580031821,53.38266180950287],[-6.37264062408208,53.382127815002924],[-6.368920065510917,53.38075342246007],[-6.368768059305567,53.38041992515839],[-6.368969655458128,53.380229678373546],[-6.36953039705711,53.37970112492666],[-6.3710422679056,53.378277596614794],[-6.3718563631408625,53.37751166065873],[-6.372247974520633,53.377143376992],[-6.372617875573975,53.376795636108554],[-6.373841964038112,53.37564734605377],[-6.376733998901131,53.37299652000462],[-6.377450298186912,53.37226128633247],[-6.378861467988355,53.37065153137572],[-6.379658606607574,53.369909281538646],[-6.3806126632673426,53.36923084195052],[-6.382262497572106,53.36819578555543],[-6.383285392537921,53.3674806348332],[-6.3841753882294,53.36670490598863],[-6.385159343328533,53.36544937121443],[-6.385680375548339,53.36446119113891],[-6.385909424118727,53.363713257711815],[-6.3866421947641605,53.35954337233242],[-6.387351829192921,53.356290779814785],[-6.387719084708202,53.35603269306662],[-6.390199705473454,53.355716133880385],[-6.393654624613324,53.35508888151111],[-6.395876218154237,53.354810032897454],[-6.3982144813150095,53.354625355677996],[-6.399287669584908,53.354613965218434],[-6.401012510812271,53.35470851894015],[-6.402105576764934,53.3548743763922],[-6.405120815808823,53.355504495913756],[-6.410491624276281,53.35670654878599],[-6.412490238628113,53.35711879128111],[-6.41453061307733,53.35747080724336],[-6.417099924601408,53.357768910090805],[-6.419021439081014,53.35784370739385],[-6.422603645043468,53.35785959124284],[-6.42460690471858,53.357787349567694],[-6.425631424285276,53.35765604932609],[-6.427084537771583,53.357363325314374],[-6.428999030453947,53.356734195485615],[-6.429090524412117,53.356695633763444],[-6.429111595740228,53.35668483649577],[-6.4291318633044785,53.35667359408373],[-6.4291698213428194,53.35664980900748],[-6.429281213012926,53.35653862197541],[-6.429327868860364,53.35631629559405],[-6.429090731475505,53.3559520433987],[-6.429027274858141,53.35590454677976],[-6.428876918575364,53.35579388153781],[-6.428517928096222,53.355535590626076],[-6.428148841882039,53.355277024074475],[-6.427017941658654,53.354517191449474],[-6.42602978540156,53.353528316444454],[-6.425916722247882,53.3533409497207],[-6.425867672239547,53.3532451450589],[-6.425823620268402,53.3531479548795],[-6.425697547628531,53.352745769221215],[-6.425745243881557,53.351745683818315],[-6.426070316111089,53.3509904121021],[-6.428414858987336,53.346317677570745],[-6.428336931123046,53.34565375038314],[-6.430986711226375,53.34015497383758],[-6.431380192607375,53.339292684133],[-6.431483630846571,53.33904476922611],[-6.431534273876106,53.338920622494456],[-6.431584311888805,53.3387963678329],[-6.431830104451021,53.33818329643742],[-6.4320790491890625,53.33739426832887],[-6.43257764039774,53.33455461592923],[-6.43307401194287,53.33355698721949],[-6.433255432836151,53.33279130099228],[-6.433492639867382,53.330589718622555],[-6.433921873845175,53.32786374957109],[-6.434330410508262,53.327594507005955],[-6.43838042018253,53.327820079958315],[-6.439906987811791,53.328017725359686],[-6.44080024974279,53.32793654040497],[-6.44081038584718,53.32788474849282],[-6.440811918300885,53.32787791969661],[-6.440815905792757,53.32785971152494],[-6.440822061757676,53.327831546480006],[-6.440830099630525,53.32779484706401],[-6.44085067483954,53.3277015351276],[-6.44090179928754,53.32747508889858],[-6.4409760444144935,53.32718382815885],[-6.441223129355783,53.326302549252105],[-6.4411507614861065,53.32513068694631],[-6.44073526079478,53.32418277198758],[-6.440658078250632,53.32405413782933],[-6.4406386898070345,53.324025196494375],[-6.440619286110104,53.323997798257246],[-6.440580476695626,53.32394814350843],[-6.440362928394915,53.32373704055413],[-6.439173284545431,53.32272465071917],[-6.4370407237155005,53.32100763641296],[-6.4358035356914165,53.31984822953998],[-6.434645211226303,53.318679446265065],[-6.434474314831178,53.31827614476254],[-6.434445653957205,53.318223312125994],[-6.434407958346589,53.318173005679135],[-6.434308022787473,53.318081039075636],[-6.434247062774998,53.31803991277957],[-6.434179627897927,53.31800238039434],[-6.434027893422046,53.31793916507756],[-6.4336748846876715,53.31786760630674],[-6.432943847187129,53.31792568394916],[-6.431489873812927,53.31822248612522],[-6.4297319586048705,53.318773817359414],[-6.429200355743065,53.31869092245305],[-6.427266833816017,53.31668161091528],[-6.426163143039885,53.31544713513003],[-6.425267172142603,53.314181873051226],[-6.424599081475215,53.31288131364628],[-6.424179031388764,53.311540945882605],[-6.424005296571868,53.309049475338675],[-6.4233006233667425,53.30702506097979],[-6.42254294785055,53.3060323912652],[-6.421302518896653,53.30503319071491],[-6.419704759953818,53.30428391284994],[-6.416899131204419,53.303346439535915],[-6.416326126846158,53.30308853667292],[-6.41596924118954,53.302926590410486],[-6.415843101577486,53.30286946701038],[-6.415715461821755,53.30281188316158],[-6.415214965996998,53.30259026577078],[-6.414757709018965,53.30240266713129],[-6.413948967189932,53.302220103899224],[-6.413808800763987,53.30217291421029],[-6.413772484392672,53.302151811168976],[-6.413741621968366,53.30212865672854],[-6.413696861508808,53.30207771806647],[-6.413805177987473,53.30184756129573],[-6.414824370721248,53.30148235334186],[-6.415360533153987,53.3014487537741],[-6.416046232327133,53.30099240155795],[-6.416381072907583,53.29960431000193],[-6.416935721137895,53.2986230619604],[-6.417327949117263,53.29819000505594],[-6.416845516929953,53.297872818910236],[-6.416281952520628,53.29723117289387],[-6.414952062628008,53.29640880874909],[-6.41459802308088,53.29592904529283],[-6.413337481498974,53.29524041528389],[-6.411447266955886,53.29346443307456],[-6.411091572699824,53.29305267279275],[-6.410602306674977,53.29217817902348],[-6.410082014717531,53.291960593721996],[-6.406526765457796,53.29198100254722],[-6.402993858136019,53.29193616832291],[-6.40265884980763,53.29191991125467],[-6.402336575609766,53.29189971003512],[-6.40174646942792,53.29184569803575],[-6.40074768543332,53.29163812675988],[-6.398496894485089,53.29076808453645],[-6.397656343186449,53.29061322919629],[-6.394849943608399,53.28934059740289],[-6.393138115368196,53.28845250425015],[-6.391846144964869,53.2877189457096],[-6.387847521778957,53.28528153962287],[-6.3861061288331245,53.284359625913915],[-6.383832402455772,53.28322215817964],[-6.382884375027659,53.283240339617734],[-6.381185490242278,53.2842674282399],[-6.379843322438398,53.2847757913028],[-6.378215875613593,53.28519273860438],[-6.3768756948022185,53.28541263938534],[-6.375536827716084,53.28554971825914],[-6.37509155203136,53.28598027928846],[-6.373086046043427,53.28676455688456],[-6.372334428396691,53.28696920475587],[-6.37105462503105,53.28711801964922]]},"properties":{"route":"52","routes":["52","58","C1","D1","L54","N4","S8","W4","W6","X61"],"category":"radial","colour":"#9467bd","route_colour":"#c5b0d5","pdf_colour":"#009bdf","source":"pdf-future","phase":"future"}},
{"type":"Feature","geometry":{"type":"LineString","coordinates":[[-6.169789465325306,53.30343834482613],[-6.169073700073368,53.30296859667121],[-6.169300503989042,53.30264816123716],[-6.171108150107699,53.30310532297874],[-6.172015583321234,53.30317278587982],[-6.172884504441114,53.302983819026345],[-6.173937516719362,53.303316757014905],[-6.1743759018644875,53.303309615302496],[-6.175421421895577,53.30290154580268],[-6.17879610332096,53.3020189344335],[-6.187294402193867,53.299750418274776],[-6.1912962392762765,53.29871585655411],[-6.194802299201331,53.29776101928412],[-6.195380569260123,53.297640065516894],[-6.195766949433488,53.29764952498321],[-6.196065782491115,53.29783635746042],[-6.196510714628646,53.29878904394461],[-6.197109771823923,53.299722573770005],[-6.198491242645703,53.30166638429542],[-6.1990921858880235,53.302420327992415],[-6.200088892056182,53.30329161093642],[-6.201332167991056,53.3041389140806],[-6.205636772267961,53.306695159531],[-6.208530737740101,53.308237648319384],[-6.210946420759924,53.30935192303069],[-6.2115567883517375,53.309169761965826],[-6.209944563033713,53.30795450848762],[-6.209771755361147,53.30735346011575],[-6.210075161046689,53.30680097564749],[-6.209967002062171,53.306400477138375],[-6.208636348182042,53.30576385613644],[-6.208678156637072,53.305459639908854],[-6.209446916944272,53.3049241679304],[-6.210431808568596,53.30462520091559],[-6.210910520843506,53.30294832231093],[-6.210990811341956,53.3020256219362],[-6.210813737937643,53.30168594987757],[-6.210036575942075,53.30101836972917],[-6.210136385070328,53.30068797750679],[-6.211145566330292,53.30024115895113],[-6.211484805981894,53.29994505355862],[-6.212040704692024,53.29896805819371],[-6.212230360036357,53.29839475793809],[-6.211863604782163,53.29701524229584],[-6.211989703582478,53.29632406553513],[-6.212335432239717,53.295944489994774],[-6.213404972954557,53.29532980747021],[-6.21505159784859,53.2946096483085],[-6.215862780811298,53.294351774881456],[-6.21677961643196,53.29418839558632],[-6.219729659086695,53.293829927789496],[-6.220815825579039,53.29374532802645],[-6.221318733655819,53.29381329377176],[-6.221374211180555,53.293820088085965],[-6.221429756932687,53.29382548409079],[-6.221541215072764,53.2938307210025],[-6.221647429534484,53.293826670877834],[-6.222041420562666,53.29373416005183],[-6.225153771373168,53.29256246769895],[-6.225791722124779,53.29243852902552],[-6.22682251460613,53.29242552978811],[-6.229095126368411,53.29264033491934],[-6.231451584155868,53.29248930721154],[-6.23200742702377,53.292606742681485],[-6.236724641307528,53.29382577304093]]},"properties":{"route":"A2","routes":["A2","A4","L13","S6"],"category":"spine","colour":"#d62728","route_colour":"#e6194b","pdf_colour":"#009bdf","source":"pdf-future","phase":"future"}},
{"type":"Feature","geometry":{"type":"LineString","coordinates":[[-6.23784007979018,53.29398073423404],[-6.240189458659431,53.29461557756649],[-6.249426568723459,53.29612818826373],[-6.249703071874457,53.29611790003371],[-6.249744362363176,53.29610775100381],[-6.249783543563697,53.29609540439133],[-6.249854468469191,53.29606443675547],[-6.24995880088125,53.29597963219778],[-6.250224925909432,53.2956197907618],[-6.2512112504683985,53.29507110174374],[-6.254350941829544,53.29403085215625],[-6.257950548117185,53.29278225914987],[-6.259433042362612,53.2925800490091],[-6.260469610369649,53.29261575483508],[-6.262857474934353,53.29294580279834],[-6.263952979745784,53.293168287612865],[-6.266072287402937,53.293727414490725],[-6.2685565210700185,53.29449923099917],[-6.269617823208662,53.29474848241071],[-6.273704205038654,53.29549176612608],[-6.276057898375027,53.29659476498509],[-6.27719973515881,53.297203952335686],[-6.277745708219701,53.29758794681576],[-6.277781051514805,53.29761690928765],[-6.277815675238204,53.29764577295574],[-6.277883188504566,53.297703440512],[-6.278014250058265,53.297820192925165],[-6.27807202895522,53.29788697018511],[-6.2780841509331715,53.29790546757223],[-6.278095407910382,53.29792450156724],[-6.278115455058128,53.29796381013901],[-6.278173267465265,53.298144448779304],[-6.278519036149104,53.298363794135604],[-6.2798146124972325,53.298586881646465],[-6.281653731874736,53.29850298789288],[-6.284082562922069,53.29780973210851],[-6.28510816497334,53.29767347740577],[-6.28883715783107,53.29732263470228],[-6.290717950725322,53.29686678585408],[-6.290935458928922,53.29679114805638],[-6.291149820424758,53.29671192731868],[-6.291570018152679,53.29654341261307],[-6.29284960779665,53.29598056332895],[-6.296372552216448,53.29517172266343],[-6.297353016492243,53.29510274919592],[-6.300998928854856,53.295053880935995],[-6.302173769995146,53.294859719759785],[-6.302589881385438,53.294727719121774],[-6.302783466060596,53.294654377757844],[-6.302877037608839,53.294615426413756],[-6.302968613189206,53.29457478495171],[-6.303317224207104,53.29439277277603],[-6.305436608810001,53.29293238746008],[-6.307020324823091,53.29213343332299],[-6.310568685936634,53.29061031456503],[-6.31158093279051,53.2902951803867],[-6.313170421373243,53.29013653357119],[-6.315688468138907,53.29019796623246],[-6.316696405883866,53.29006121741471],[-6.317605890302284,53.289793751598864],[-6.319663729853035,53.288949729538004],[-6.323393003840408,53.28794618120746],[-6.324339342430468,53.287691717099314],[-6.324793231310795,53.28757027469649],[-6.324918408594209,53.287536929600655],[-6.325041511268195,53.28750417196461],[-6.32526797951836,53.28744398158766],[-6.325364588459779,53.287418330104586],[-6.325445609522249,53.287396828597025],[-6.325561362262157,53.287366130216704],[-6.326775225528391,53.286951449092776],[-6.32834903530628,53.28623295686458],[-6.329070077288385,53.28597971092165],[-6.331249319388011,53.28549440552213],[-6.332699918681005,53.28511552456646],[-6.334041813379681,53.28450993167071],[-6.3344900750159745,53.28413857770046],[-6.335653013540935,53.282828823482284],[-6.33609011033095,53.282576085940995],[-6.337306334039968,53.28216407281332],[-6.338861912472341,53.28142476304817],[-6.339583866499737,53.28042102664022],[-6.3405923159326045,53.27917238175293],[-6.341413097045626,53.27869542896242],[-6.344231566135615,53.27760295242614],[-6.345853423123668,53.276726875012365],[-6.346483873127957,53.276624420018365],[-6.347062169837849,53.27676252241206],[-6.348804073200818,53.277381550769064],[-6.349562099541927,53.277720506673795],[-6.350419473364239,53.27829866530288],[-6.350733509422914,53.278479856941885],[-6.35086312682527,53.278594833211606],[-6.3513357720221695,53.279151629191915],[-6.352272012183618,53.2809566261176],[-6.352858444898178,53.28141340219451],[-6.354019543020107,53.28396088714698],[-6.354580445429831,53.2848953521364],[-6.355798867658692,53.28605338090121],[-6.356481721870305,53.28684101462065],[-6.357135243764272,53.28798453445129],[-6.357922724651878,53.288779408741696],[-6.3600250139018275,53.29007262415644],[-6.361091348949651,53.290013397559],[-6.362554758281823,53.28965500743471],[-6.3632129666736486,53.28972908657585],[-6.363538458582254,53.289996211311056],[-6.364026026878578,53.29107017771445],[-6.365766867563024,53.2907526061286],[-6.367564798047209,53.290259861067845],[-6.368974395780306,53.289944549409995],[-6.3702874052888285,53.28974050256033],[-6.3697986842225145,53.2887790265466],[-6.369473001880636,53.2876679503196]]},"properties":{"route":"82","routes":["82","85","A1","A3","A4","D4","F1","L35","S6","S8","X47"],"category":"radial","colour":"#9467bd","route_colour":"#ffbb78","pdf_colour":"#009bdf","source":"pdf-future","phase":"future"}},
{"type":"Feature","geometry":{"type":"LineString","coordinates":[[-6.427737329447823,53.33867069866074],[-6.430721950333175,53.33911000401331],[-6.431038165146682,53.33904804592992],[-6.43109714481607,53.338985490820704],[-6.431104992449243,53.33896739388552],[-6.431121045419346,53.338920923102],[-6.4314569563141,53.33812304034496],[-6.431702621424125,53.3373458466292],[-6.432196893695291,53.33452313235878],[-6.4326240378419595,53.333755170194614],[-6.432876133893872,53.33275048599904],[-6.433176388224625,53.33006002575286],[-6.433522006861058,53.32834196870078],[-6.433535361289417,53.327787399314886],[-6.433963276331168,53.327444636812025],[-6.43441313652282,53.32737003560836],[-6.435656237411434,53.32747691262999],[-6.438336165098302,53.327582400280875],[-6.439650078559081,53.32775560304689],[-6.4399711998179034,53.32763718586997],[-6.440366999393711,53.32618961127266],[-6.440303259889981,53.325167980776406],[-6.439849837940039,53.324188204507294],[-6.439749405706063,53.32365118572412],[-6.438641209072902,53.322695723069295],[-6.4373949348392125,53.32172084991514],[-6.4360920931371,53.32058659613914],[-6.434442793353821,53.3189710973492],[-6.433889571721337,53.318526471504356],[-6.43221386088402,53.31880066387848],[-6.429535979258734,53.3196265674551],[-6.427545380180473,53.32003023229374],[-6.4242438587195005,53.32039185225483],[-6.423618862421662,53.32046136313446],[-6.423348235816447,53.320492574694065],[-6.4231140423952535,53.32052066596522],[-6.4225164144926,53.32059077805691],[-6.422480051121924,53.320594395893465],[-6.422443462072925,53.32059690701116],[-6.422296343177641,53.32059606433757],[-6.422151589764962,53.320578234339216],[-6.42165139384108,53.32045013815585],[-6.4204100821780345,53.32054642816382],[-6.415283296824815,53.32108715710175],[-6.413199648787489,53.321354609036284],[-6.4100793376726495,53.32200850348123],[-6.408255521184242,53.32257118399406],[-6.40769370302598,53.32272741673924],[-6.407280886391563,53.322847873916764],[-6.407224183021515,53.32286429732781],[-6.407167413518759,53.32288055738009],[-6.407054422606476,53.32291225090532],[-6.406614213668704,53.32302082184754],[-6.405935643727524,53.323333793220556],[-6.404990277326862,53.324225150495785],[-6.403869301687213,53.32440153914099],[-6.400511872546074,53.325943194465545],[-6.399256065320422,53.326471101900175],[-6.398146207247573,53.326850428284224],[-6.397315361498648,53.327089915753575],[-6.396615594200729,53.32728098934473],[-6.396335409439314,53.32735824149829],[-6.396195469134431,53.327397437652934],[-6.395972406274869,53.327444581221165],[-6.395814429049404,53.32747754995099],[-6.395624337923058,53.327516834228156],[-6.39540795143699,53.327561047118955],[-6.395171088132355,53.327608801689664],[-6.394659205232007,53.32770938813595],[-6.393237241165579,53.32795190668616],[-6.39043682474761,53.328071171085995],[-6.385088571470485,53.32799674754515],[-6.3829010180569155,53.3279468116677]]},"properties":{"route":"57","routes":["57","D1","W4"],"category":"radial","colour":"#9467bd","route_colour":"#c5b0d5","pdf_colour":"#ed1c24","source":"pdf-future","phase":"future"}},
{"type":"Feature","geometry":{"type":"LineString","coordinates":[[-6.452719656339479,53.329412102607584],[-6.4521075149171505,53.329437428665315],[-6.450494178553306,53.329069038365574],[-6.449944738805182,53.328274648645696],[-6.442107849935832,53.32793586601635],[-6.441627032975793,53.32790639972415],[-6.441101093632918,53.327869809803765],[-6.440858194135128,53.327852193659936],[-6.440748235366406,53.327844141573074],[-6.44064840332228,53.327836816821375],[-6.440560547556111,53.32783038691368],[-6.44048651762126,53.327825019358855],[-6.440367493915117,53.327736660297866],[-6.440828055505669,53.32595688604382],[-6.440772902741863,53.32533906907618],[-6.440305783172205,53.32424565142496],[-6.440520650694022,53.32405676066476],[-6.442617309522203,53.32383056852751],[-6.4429205417113495,53.323803043366276],[-6.444048663820196,53.32382687496573],[-6.447923364922286,53.324221451522725],[-6.449697779183274,53.3242805083093],[-6.450147391448249,53.32421515326229],[-6.452238471335781,53.32318573548795],[-6.45411344376266,53.32241159545231],[-6.456038114489969,53.3217011308585],[-6.456996206910351,53.321197565162166],[-6.457377664176011,53.32067345489829],[-6.454719903632344,53.32004462364093],[-6.4528816593766685,53.3201443856172],[-6.451464820771052,53.31994527733667],[-6.449147122430465,53.31880455213375],[-6.4484099841704445,53.31859350814633],[-6.446704279027389,53.318469469782215],[-6.444781577635799,53.31845230402997],[-6.443543563087292,53.31833645876199],[-6.441377592847553,53.31803481439547],[-6.44004841916362,53.31790997499183],[-6.437159103688674,53.31799641411752],[-6.435189498247726,53.31815875552801],[-6.434875553970578,53.31818090732046],[-6.4335240663977,53.318277415682765],[-6.431786506432915,53.31860357423288],[-6.430178638832342,53.31911214181189],[-6.4286733986467475,53.319522515370764],[-6.42637370213863,53.31989280096426],[-6.424616191613862,53.32007433623652],[-6.423156889639699,53.32022973055594],[-6.422621868476924,53.32028397098794],[-6.4224332573576,53.320465614885045],[-6.422629246177341,53.320824131064704],[-6.422741533099225,53.32099782476451],[-6.423712078062102,53.3221056107625],[-6.424672376387246,53.32264416383028],[-6.425810035307301,53.32312020565653],[-6.426396895159564,53.32346608419831],[-6.426775038282056,53.32414299423771],[-6.426674256211801,53.32485128699685],[-6.425518946873853,53.32756632697183],[-6.424832361901227,53.32900750846844],[-6.42452135845292,53.3291331651606],[-6.423277722840427,53.32907444449021],[-6.421884853796883,53.32890532625176],[-6.4169348810904205,53.32811154239404],[-6.416225748878905,53.32806028822851],[-6.413758944891739,53.32812745573503],[-6.412381851694327,53.32809808122696],[-6.411832262057491,53.32788809578728],[-6.412672805261564,53.32622213532657],[-6.412920223495368,53.325436934218835],[-6.4128566342742666,53.32483549669325],[-6.412204376713334,53.323995434919674],[-6.411491448827129,53.323520868495955],[-6.410186452658359,53.322921041870075],[-6.409678477315855,53.322563227678714],[-6.409241059026036,53.322501195804044],[-6.408089329108571,53.322852735460174],[-6.4073340720322305,53.32287706919494],[-6.406961317826295,53.32273551883903],[-6.406873907881172,53.32270156229303],[-6.406839340119984,53.32268778924477],[-6.406800590896001,53.32267214310703],[-6.406713143136092,53.3226360101178],[-6.406516615903615,53.322549831166846],[-6.4062357307996605,53.32232417646559],[-6.406083819693736,53.32106339741307],[-6.405877158853926,53.32046610263701],[-6.405033566994827,53.3194888801702],[-6.404032923888019,53.31852223562486],[-6.403487916215631,53.31823045042842],[-6.402170607063884,53.31774658691027],[-6.401448628789447,53.31757404987358],[-6.397885371081063,53.31697975509896],[-6.396655449229862,53.31670215354629],[-6.395804563700485,53.31634901637344],[-6.395348642712316,53.31643813597108],[-6.394531191667173,53.318160853180146],[-6.39435336808346,53.31920315132567],[-6.3944077838344,53.3203962708494],[-6.394709475059329,53.321396517841485],[-6.3943194280524835,53.32171181533467],[-6.393212501569863,53.32181513590255],[-6.3924966899329,53.32191630116209],[-6.391872663681299,53.32223387555515],[-6.391528338121542,53.322850612671644],[-6.391623368101928,53.32334656173394],[-6.391328472676856,53.3238239645567],[-6.390253830665786,53.32443619168837],[-6.3885593433887395,53.3249612195649],[-6.385963234015598,53.32596134390669],[-6.3837721380808485,53.32691249736212],[-6.383632783435436,53.327127480132134],[-6.383837836699915,53.327665827618226],[-6.38357304800587,53.327792834717116],[-6.382468657253189,53.327776054241326]]},"properties":{"route":"D3","routes":["D3","X55"],"category":"spine","colour":"#d62728","route_colour":"#f58231","pdf_colour":"#ed1c24","source":"pdf-future","phase":"future"}},
{"type":"Feature","geometry":{"type":"LineString","coordinates":[[-6.295430151969357,53.3124333237691],[-6.298114472623539,53.31085589714989],[-6.29861807078969,53.31052214936152],[-6.2986705471148925,53.310248375218805],[-6.297899745703633,53.30929325617721],[-6.296526287926714,53.30737296206356],[-6.294947985520852,53.30567680987715],[-6.294314100541378,53.30430004163185],[-6.294508025952726,53.304012652693075],[-6.2952695664636344,53.30376737066035],[-6.298058226959103,53.30266990038288],[-6.300088763744378,53.302150764879435],[-6.300489928695399,53.30216097359315],[-6.303453112275326,53.30302149659204],[-6.303876614283705,53.30303540120042],[-6.304437006716446,53.30257830838074],[-6.304701465908373,53.30176297709665],[-6.303979198470032,53.298900670405736],[-6.303665264252336,53.29744649458591],[-6.304013767486574,53.29702166519209],[-6.304047090127156,53.296982250040486],[-6.304072995773554,53.296940640110954],[-6.3040884636347565,53.29679788228167],[-6.303409752793998,53.294769746619664],[-6.305404247283876,53.29336771009484],[-6.306377813225323,53.29279043283466],[-6.307292527493715,53.292391728327694],[-6.308743466324411,53.29207841328527],[-6.308808468634386,53.29205494795223],[-6.308872380747233,53.292030565052755],[-6.30899680523307,53.29197907735582],[-6.309822895477404,53.2916147050397],[-6.311015488844136,53.2911083087965],[-6.312343312361225,53.29073071001972],[-6.313601097994231,53.290671343284956],[-6.315680240954858,53.29073450689871],[-6.3167558848939045,53.29062697039431],[-6.318271835306907,53.29020579144319],[-6.319555091394082,53.28963002150854],[-6.320533273386727,53.289319667290876],[-6.325009064038658,53.28809921597371],[-6.325356817852512,53.287878630542],[-6.325350004780716,53.28753790191989],[-6.325315783355677,53.28749511794219],[-6.3250803111286285,53.28717921553288],[-6.324462467157893,53.28640687984743],[-6.323886315689565,53.28520571192805],[-6.323772748665799,53.28428687985405],[-6.323880928265432,53.28352664558467],[-6.324524167622467,53.28194228034202],[-6.324701387762545,53.28071626205563],[-6.32462117328123,53.28014023780056],[-6.325634141486229,53.280336305341216],[-6.326640993462071,53.28038325847873],[-6.327839322924502,53.28023908867167],[-6.328919064752542,53.2799530856371],[-6.329889909281142,53.279455896059815],[-6.330868389148161,53.27854579294665],[-6.33129446300645,53.27834290099728],[-6.334439184746063,53.27784643716264],[-6.33640083858918,53.27760148592003],[-6.3377104194309695,53.27764157407062],[-6.338960865454661,53.278132660214325],[-6.339887069378892,53.27887889184563],[-6.340409331150987,53.27891346307681],[-6.341917751307668,53.27821255677453],[-6.344062513977738,53.277395360064915],[-6.345500231399841,53.27660430630207],[-6.346077650174996,53.27641950468021],[-6.346721214922617,53.27644119333821],[-6.348987130544355,53.2771990514516],[-6.349898679002258,53.27761380929192],[-6.350219330987204,53.27780569750263],[-6.350295189915316,53.27785537827254],[-6.350332549485254,53.27788043074381],[-6.350369547481197,53.27790561388563],[-6.350492384629943,53.27799144436649],[-6.350973051744543,53.278037285929216],[-6.351004609327601,53.278025377427646],[-6.351024284790403,53.27801691976744],[-6.351195170055315,53.27795739016347],[-6.3513693322978435,53.277905348641816],[-6.352228958144756,53.277824855808774],[-6.353772760615075,53.277910847513624],[-6.363552204274366,53.27820108696642],[-6.366874605056927,53.27826597803097],[-6.367250865631584,53.278442406665654],[-6.3687729126930614,53.28263206288643],[-6.369641573838875,53.285098229147366],[-6.369544490497515,53.28562473468977],[-6.369632941284015,53.28646570602834]]},"properties":{"route":"81","routes":["81","85","A1","A3","F1","S6","S8","X47"],"category":"radial","colour":"#9467bd","route_colour":"#7f7f7f","pdf_colour":"#ed1c24","source":"pdf-future","phase":"future"}},
{"type":"Feature","geometry":{"type":"LineString","coordinates":[[-6.347926937186114,53.302005158635346],[-6.347689643150931,53.30169281848153],[-6.345031476319771,53.30114243017639],[-6.344161259690301,53.30087859153309],[-6.337448405869615,53.29841196365229],[-6.336408888808435,53.29786969846515],[-6.336086224314001,53.29755227954132],[-6.335856129052956,53.296844831369825],[-6.336018528199048,53.29638150513313],[-6.336875600556574,53.29547150911553],[-6.337347469474547,53.294712812264926],[-6.338014033400386,53.29273228786602],[-6.338040248166139,53.29198277685919],[-6.337824608828347,53.291233999175034],[-6.337633677641299,53.29079967847824],[-6.337505642706894,53.290512945817376],[-6.3374585180723155,53.29040775012455],[-6.3374421480322205,53.29037124856797],[-6.337431703917508,53.29034797449241],[-6.337428034033617,53.290339800363704],[-6.33699788950011,53.290181158787966],[-6.33407336678217,53.29042004532296],[-6.333468499665032,53.289470820713056],[-6.333584303086397,53.289336143437716],[-6.335140383865006,53.289038015901646],[-6.335370510783895,53.28876750989826],[-6.334621304117005,53.287460283096046],[-6.334616714035781,53.28719196657679],[-6.336073327758033,53.286184454111186],[-6.3373074473761015,53.28562689639923],[-6.339044330049323,53.28499265955328],[-6.341538516565161,53.28376197454279],[-6.342527023912169,53.28317410854064],[-6.3433772321937285,53.28281085008968],[-6.344055727921805,53.28264947197031],[-6.345871817355912,53.282393208997455],[-6.34878125192393,53.28188826266751],[-6.352414561443426,53.28148923023432],[-6.353599038915173,53.2840096759278],[-6.354183572178005,53.28498082646175],[-6.355410398412802,53.2861476406453],[-6.3560658812380275,53.28689897487647],[-6.356727521204215,53.28805644091899],[-6.357436175214836,53.28886059212316]]},"properties":{"route":"D4","routes":["D4","S6","S8","X47"],"category":"spine","colour":"#d62728","route_colour":"#f58231","pdf_colour":"#ed1c24","source":"pdf-future","phase":"future"}},
{"type":"Feature","geometry":{"type":"LineString","coordinates":[[-6.43258403531539,53.33949993695595],[-6.432982661634588,53.33942274811564],[-6.434449979539242,53.33950037298267],[-6.435945386349331,53.33904722856689],[-6.437501788287123,53.33866389092569],[-6.439324746822181,53.338480665382875],[-6.441549051892305,53.33853075592968],[-6.4441834086750704,53.33905611585161],[-6.445962279988586,53.33954499375673],[-6.447542691438508,53.34011078170568],[-6.448952468744044,53.34080950290261],[-6.44953508218762,53.341216203742476],[-6.449933023641053,53.341738595185426],[-6.449755952150003,53.34218546587669],[-6.448889719054667,53.342955625077266],[-6.4487010783950645,53.34338240058448],[-6.449097045345189,53.34360566087619],[-6.449791520002866,53.34352021425225],[-6.454938691179326,53.34354574737688],[-6.455406080848631,53.34358213633833],[-6.455636083468764,53.343608821002995],[-6.455862576088697,53.34364195358912],[-6.456897459207116,53.34391816146462],[-6.4582127560684155,53.34454164462156],[-6.459817681027654,53.34487551951183],[-6.463510823505234,53.3450552983449],[-6.46456408389383,53.34517238301482],[-6.465613617420618,53.34532719367565],[-6.467696065010835,53.34566912833418],[-6.469712545092247,53.34598445121617],[-6.4706687456512,53.34613557492026],[-6.471106136193049,53.34613385407949],[-6.474657317170712,53.345650590801206],[-6.477645154524508,53.34531844228029],[-6.477969018583907,53.345188689110515],[-6.477980824758495,53.34448327988055],[-6.47777674013087,53.34183349643144],[-6.477716177251296,53.3391806464144],[-6.477444196886874,53.33901854197203],[-6.4732839370071185,53.33885492243744],[-6.472933346256,53.338646424691525],[-6.472908996498674,53.337387685249126],[-6.4719329868729,53.33730351441208],[-6.470553686865231,53.33676199825683],[-6.470478575556021,53.335790083956944],[-6.470277012404713,53.335559218420144]]},"properties":{"route":"C2","routes":["C2","L53","X30"],"category":"spine","colour":"#d62728","route_colour":"#4363d8","pdf_colour":"#ed1c24","source":"pdf-future","phase":"future"}},
{"type":"Feature","geometry":{"type":"LineString","coordinates":[[-6.600486771318148,53.369042724544],[-6.599007079310805,53.37215303436956],[-6.5987408485701895,53.37271887943332],[-6.598613500896609,53.37300269464812],[-6.598491035332974,53.37328726767495],[-6.5983742296133805,53.373572720531364],[-6.5981782312283555,53.37446499584374],[-6.598375351741734,53.37566451304976],[-6.5986594944106605,53.37625236006604],[-6.598845842509443,53.37654017146984],[-6.599060901274444,53.37682271415353],[-6.600196135346693,53.37788228792928],[-6.6020534363674965,53.37909825968255],[-6.602025703341008,53.379483423847006],[-6.601945875533435,53.379507060803356],[-6.6018602814418355,53.37953241378219],[-6.601769934337472,53.37955918359445],[-6.601381281217614,53.37967444739731],[-6.6009976415944625,53.379788445412686],[-6.600608276940602,53.37990464186002],[-6.600238343302211,53.37999052626627],[-6.59912498963327,53.3798479438161],[-6.5954420588607805,53.379880124937706],[-6.593336954128839,53.379837196633176],[-6.588900161885807,53.37933020932151],[-6.588153920723217,53.37928673867742],[-6.58548591089517,53.37931675465473],[-6.584556631302975,53.37925533493631],[-6.58316008133546,53.37905246407331],[-6.580401136711019,53.378330504487785],[-6.57972996144152,53.37820056620359],[-6.576819761682829,53.37792682124992],[-6.5729305124255974,53.377430837770596],[-6.570785149179311,53.377017774642276],[-6.5688315196044815,53.376560566721736],[-6.567205382174582,53.37628575437941],[-6.563511263878942,53.375927342536045],[-6.555850581423659,53.37504451098979],[-6.5526921440578,53.37475204142626],[-6.548485125999299,53.374126581340704],[-6.545577082024008,53.373646560801596],[-6.54307788633991,53.37317578090613],[-6.5407624208408714,53.372837931575674],[-6.538063776479293,53.3726355033688],[-6.53702166006802,53.37247534742191],[-6.534409830041248,53.371914480439024],[-6.530594480994079,53.371342977925934],[-6.529196324880366,53.37107023992175],[-6.528130168427999,53.37081224198025],[-6.527199092722929,53.370599097068165],[-6.526932375977426,53.37053902917467],[-6.526663693464425,53.370478831723695],[-6.526143657856335,53.370363214366684],[-6.5245083593824775,53.37001309482719],[-6.520096962662922,53.3689752216359],[-6.516816414235767,53.368272463763134],[-6.5153480699578195,53.36797754826502],[-6.514979858588782,53.36790540521447],[-6.514243102163997,53.36776147719019],[-6.513506869083364,53.36761655525692],[-6.512040620601413,53.36731666720872],[-6.510127195153585,53.36686990875098],[-6.507038557156824,53.36590081446496],[-6.506868118244395,53.36585020684284],[-6.506697180736952,53.36580014068877],[-6.506525759279131,53.36575056578394],[-6.506353868515563,53.36570143190957],[-6.505661905296495,53.36550830234106],[-6.504772093850443,53.36530429901184],[-6.504054416589982,53.3651888257741],[-6.503709336439217,53.36514781953996],[-6.503542733898807,53.36513162956529],[-6.503381041301754,53.36511836475077],[-6.503224972338088,53.36510806239532],[-6.5030752406978385,53.36510075979786],[-6.502539411570579,53.3650804171567],[-6.5015997886795835,53.3649722131822],[-6.500485420082052,53.364647063838554],[-6.499776088106256,53.36409376473775],[-6.499686200255966,53.36367546310786],[-6.4997562645583855,53.36252148584451],[-6.4991744303202665,53.36192863482413],[-6.498653688514526,53.36181371568168],[-6.494816748265723,53.36263666270039],[-6.493019950808491,53.36269711085286],[-6.49262847001687,53.362256962451426],[-6.492755687296367,53.3611973145179],[-6.492394260330153,53.36093393583292],[-6.490412798695193,53.36037801085525],[-6.487540668638704,53.35972377371613],[-6.480758312245696,53.35809977712573],[-6.474153997420258,53.356670518328755]]},"properties":{"route":"52","routes":["52","C3","C4","X25","X26","X31","X32"],"category":"radial","colour":"#9467bd","route_colour":"#c5b0d5","pdf_colour":"#ed1c24","source":"pdf-future","phase":"future"}},
{"type":"Feature","geometry":{"type":"LineString","coordinates":[[-6.60162352952364,53.378126559747066],[-6.600840230935875,53.37767397469179],[-6.599951787176348,53.376884590932576],[-6.599616956779353,53.3764646217638],[-6.599476988944832,53.3762497440349],[-6.599355357255164,53.37603214751548],[-6.599052760478092,53.37514272311986],[-6.599071597300614,53.3736955211728],[-6.598455544082392,53.37335464055361],[-6.597467794783171,53.37268639768379],[-6.596729709186751,53.37221009642029],[-6.595573702802912,53.37142915384239],[-6.592734752144778,53.36947135202106],[-6.591287341499876,53.36852772579114],[-6.589939498359505,53.36799097895139],[-6.580853024127146,53.365672989280775],[-6.579396858826645,53.36548849174937],[-6.575473614176706,53.36539761999357],[-6.574935987484447,53.36510075358379],[-6.5747968540868005,53.363046363453236],[-6.574593363858443,53.36290838151256],[-6.570400649459334,53.362334490253076],[-6.56860834858589,53.36205204893373],[-6.567307118233253,53.36173773731712],[-6.566332207092021,53.36138479826806],[-6.564961862003015,53.36070578180087],[-6.562792733099487,53.35947448771083],[-6.56089571256216,53.35844500506888],[-6.558039923718365,53.35707043107017],[-6.556708122679177,53.35656658597216],[-6.556364277409905,53.356425282174996],[-6.556194196962844,53.35635124627539],[-6.556029691635172,53.35627608928699],[-6.555730447321013,53.35612581677954],[-6.55474557573553,53.35538054591744],[-6.5543578603826775,53.354906858635005],[-6.553954388902711,53.35403758603385],[-6.553880246189323,53.35205330481436],[-6.5534083410776764,53.351150604185015],[-6.552563931436288,53.350381738210885],[-6.5503242323017155,53.34865707887154],[-6.549210317656642,53.34792609357604],[-6.548565968687396,53.3472670588203],[-6.54773069370396,53.345974276508024],[-6.5477190255702205,53.34493343005855],[-6.548099952989301,53.34390925405099],[-6.547981928182199,53.34334415175759],[-6.547506664478511,53.342993054545175],[-6.544281998433353,53.34146153580508],[-6.542726850913465,53.34057481853008],[-6.542566809274695,53.34008109428608],[-6.542995264736263,53.33961013407933],[-6.543794713848701,53.33855372479744],[-6.544047627078116,53.338232767620056],[-6.54418421716793,53.338074110844374],[-6.544259924010633,53.337983936978446],[-6.544346391900043,53.33787973990773],[-6.544383104953312,53.33783533694108],[-6.544401251869871,53.337813354922055],[-6.544419037326534,53.33779178694862],[-6.544296204420758,53.337527042839525],[-6.543271578690148,53.337085847926936],[-6.541630001886387,53.337406176632044],[-6.537084259732287,53.33835961857572],[-6.536172890776351,53.3385470040342],[-6.535260963189065,53.33873359193643],[-6.533435743338194,53.33910489522165],[-6.525215433065366,53.34076772859093],[-6.516257821621708,53.342565476685074],[-6.510674457540332,53.34366862289545],[-6.505252740103511,53.34477724244513],[-6.499679890538178,53.34588191405076],[-6.497831752990879,53.34635109389278],[-6.496179024109894,53.34700106103186],[-6.485609558780908,53.3521935472019],[-6.482312677128114,53.353787434923724],[-6.481541210054231,53.354216195790535],[-6.480921952920613,53.35469384509116],[-6.480498785064712,53.355235239271536],[-6.480315585823982,53.3558552347776],[-6.480348732989021,53.35617727867276],[-6.480432351717145,53.35678324397793],[-6.480479506031971,53.35710997477026],[-6.480502042597132,53.357264800783284],[-6.480522979975098,53.35740841904828],[-6.480541639071601,53.357536693445795],[-6.480580357061486,53.35781517907898],[-6.480580393438047,53.35783341797956],[-6.480578380979944,53.357854493956054],[-6.4805645292374185,53.357900914174316],[-6.480378113597414,53.35799794762648],[-6.480243152764432,53.35798792995977],[-6.480157877806641,53.35797020489034]]},"properties":{"route":"C4","routes":["C4","L58","W6","X26","X27","X28"],"category":"spine","colour":"#d62728","route_colour":"#4363d8","pdf_colour":"#ed1c24","source":"pdf-future","phase":"future"}},
{"type":"Feature","geometry":{"type":"LineString","coordinates":[[-6.314781553151666,53.29992308180229],[-6.3139916020547995,53.299582150133396],[-6.31685550578365,53.29602799238101],[-6.317221281291979,53.295979281305044],[-6.31869225560258,53.29656272959141],[-6.320428387957339,53.29749183582454],[-6.320821163156798,53.298096696406155],[-6.320815198826741,53.29918223232801],[-6.32011270033255,53.30035799761198],[-6.320330368107805,53.30069750240613],[-6.319824815341893,53.301013996856945],[-6.319121043814105,53.30122646577621],[-6.3178532346900615,53.30336958636978],[-6.317556434552094,53.30403818773099],[-6.317506695101872,53.304538550018286],[-6.317717323360655,53.30515458581836],[-6.317720417020849,53.3052255012411],[-6.317719092788205,53.30529799347396],[-6.31770361359672,53.305445846183],[-6.3175258163000185,53.30594456480987],[-6.31713693680548,53.30645754843672],[-6.3163535424431,53.306979385618256],[-6.314442748758616,53.307998176513046],[-6.31211264165507,53.308926901210455],[-6.310275311569833,53.30953280922823],[-6.3071392249849225,53.31047283640355],[-6.304676023100339,53.31126582521303],[-6.303493912730301,53.31170769339138],[-6.301204065662593,53.31278807729835],[-6.300798387351145,53.312855700163446],[-6.300656871120563,53.31283837153607],[-6.300513903762355,53.312821096650296],[-6.300223048233317,53.31278665050724],[-6.299617681916504,53.312717769560834],[-6.29828055218199,53.3125768276328],[-6.296460437002018,53.312280013162365],[-6.2961827351442485,53.31228054918423],[-6.296009289714181,53.312349072002654],[-6.295680337544153,53.3125749395886]]},"properties":{"route":"81","routes":["81","82","F2"],"category":"radial","colour":"#9467bd","route_colour":"#7f7f7f","pdf_colour":"#ed1c24","source":"pdf-future","phase":"future"}},
{"type":"Feature","geometry":{"type":"LineString","coordinates":[[-6.125496130001927,53.38661709573565],[-6.125434601981648,53.38662402426054],[-6.125260224453945,53.386644641597286],[-6.125035356022443,53.38667192230402],[-6.124781521982013,53.38670304596556],[-6.124650469513096,53.38671916752464],[-6.124520247627523,53.38673519216673],[-6.124393546987154,53.38675076733994],[-6.12416147208946,53.386779159072105],[-6.1238579663583,53.386815036626345],[-6.121238215412955,53.387041047224926],[-6.120814180949368,53.38706127273511],[-6.120601747269205,53.38706957791959],[-6.120389066949995,53.38707677732473],[-6.119536344180674,53.38709600616782],[-6.1173889768689556,53.387108779068164],[-6.116104348900846,53.38717697889432],[-6.115257322218115,53.387250781330785],[-6.115045254703057,53.38727087203107],[-6.114619612782092,53.38731156918519],[-6.1140126896937845,53.38736874747739],[-6.112638064173069,53.38749933302416],[-6.110777222702275,53.38767313242787],[-6.110564816275902,53.38769890225875],[-6.110458541834019,53.38771342246228],[-6.1104052988588275,53.3877211572306],[-6.110017424765094,53.38776335363018],[-6.108456077915194,53.38791016843488],[-6.104152361660831,53.38828866661094],[-6.1035564194964005,53.38837257010071],[-6.103169556156935,53.3884443655175],[-6.102978418121859,53.38848377781215],[-6.102788437711493,53.38852498056836],[-6.101467586031905,53.388828719242355],[-6.100329331773752,53.38905247446387],[-6.09995022743775,53.389122810667835],[-6.099760372006736,53.38915740660907],[-6.0996653743506775,53.3891745495453],[-6.099570332305757,53.38919158455605],[-6.099486549524608,53.389206719353616],[-6.0989664604592875,53.389302616418085],[-6.098253172632589,53.38939683410728],[-6.096725792840774,53.38940280779209],[-6.095273542266858,53.38934414536849],[-6.094491364656485,53.38932682677617],[-6.094304643536384,53.389324689493314],[-6.094117953014223,53.3893229197445],[-6.093184617329338,53.38931467541591],[-6.091876496138673,53.38927930102395],[-6.088147021501784,53.38909244742784],[-6.085066095343406,53.388894675826],[-6.084977360816097,53.38888730929245],[-6.0848906781331,53.38887930246969],[-6.08472296438411,53.38886026640298],[-6.084406615942619,53.388802393709696],[-6.083964673443634,53.38863303666261],[-6.082946885098087,53.38806721750666],[-6.081932249025956,53.38764877538139],[-6.080466320444933,53.387282050067824],[-6.07897138375133,53.38720874322235],[-6.077553064146938,53.38734556304155],[-6.076202912446018,53.38729730244456],[-6.075163288118391,53.3871771634586],[-6.073752892867544,53.38711947349573],[-6.073570796364982,53.3871202071329],[-6.073385005959644,53.38712228254842],[-6.072999456649637,53.38712995021314],[-6.072262269405583,53.38713132070948],[-6.071517299954745,53.387114230299964],[-6.070454671754801,53.38701246947864],[-6.0677583740902215,53.38631826865964],[-6.06696149663186,53.38622823421861],[-6.065908848988156,53.38624030792545],[-6.064881961897456,53.38647061834976],[-6.064221725756162,53.38641456257237],[-6.06402987006192,53.386203621723276],[-6.064331402442334,53.38534331499875],[-6.064021513747576,53.384664222257804],[-6.062982844122692,53.38361917150294],[-6.062205033920124,53.38265975813373],[-6.061346085203714,53.38227345639963],[-6.0594252511787134,53.38185914510148],[-6.058269213205882,53.38141516359001],[-6.056397899039163,53.380020045589205],[-6.055582029894448,53.37932280309688],[-6.055208710871066,53.378849295379794],[-6.054491852835251,53.37762727760087],[-6.053736041262316,53.37670534797074],[-6.0535953190892045,53.37658029355923],[-6.053559734313801,53.376549293314454],[-6.053524039439537,53.37651840244398],[-6.053452422582403,53.376456956888084],[-6.05330900274955,53.376335466951446],[-6.052726658250351,53.37584193718751],[-6.051988383873802,53.37506798386983],[-6.0515910537066215,53.37408305329369],[-6.051596844704309,53.37383866065597],[-6.051619922384313,53.3737248664607],[-6.0516564395609524,53.373616705128065],[-6.05193667387182,53.373240860127716],[-6.052724909253876,53.372851576280134],[-6.0545108104244845,53.372378136977716],[-6.055408606644483,53.37194405637749],[-6.055513717708732,53.371407972380815]]},"properties":{"route":"6","routes":["6","H3"],"category":"radial","colour":"#9467bd","route_colour":"#2ca02c","pdf_colour":"#ed1c24","source":"pdf-future","phase":"future"}},
{"type":"Feature","geometry":{"type":"LineString","coordinates":[[-6.19146079139443,53.37494519545706],[-6.190152282783887,53.375416692808535],[-6.188346196217422,53.37582728330246],[-6.184503666289526,53.37639623699127],[-6.183354880853257,53.376702224565626],[-6.180265143739503,53.377690353600876],[-6.178995586282464,53.37823262730133],[-6.1789066545659725,53.37826489436117],[-6.178816200083881,53.378295829042045],[-6.178452964982557,53.37840742937542],[-6.177694749486647,53.378580583392136],[-6.176850680218754,53.378675667904034],[-6.176406569324863,53.37869272377721],[-6.175848404439803,53.37870275014145],[-6.175736815756845,53.37870492295443],[-6.175625346324401,53.378707542059445],[-6.1745577326444945,53.37873748529722],[-6.173706799836135,53.37873216403112],[-6.170529565578021,53.378351988121985],[-6.1684001259841725,53.37822762584266],[-6.167008671375848,53.37827245108538],[-6.162693657470426,53.378654599022234],[-6.15955248238996,53.37902765740922],[-6.156329122901676,53.37950089268364],[-6.152957081911106,53.380075413357105],[-6.152304640455099,53.38019405364881],[-6.1518381543467,53.380278098755845],[-6.151707532931188,53.38030177858808],[-6.15157423448192,53.380326148747734],[-6.150586848969006,53.380523336126195],[-6.149044268067023,53.381011010542494],[-6.146604213169197,53.38193991558223],[-6.145159526062997,53.38250230447992],[-6.144786520153162,53.382644429429675],[-6.144407915878704,53.38278196222881],[-6.1440240026517445,53.38291503135493],[-6.1432414069888175,53.383168292498524],[-6.142843303377097,53.38328874147119],[-6.142441048461369,53.38340524068124],[-6.140796304000857,53.38383430944723],[-6.139108291646107,53.38421046021924],[-6.137393932536499,53.384562439310656],[-6.136966789544918,53.384653444447295],[-6.136540432199387,53.38474541310149],[-6.1314832957038385,53.385837683226455],[-6.129933316685892,53.38609070839059],[-6.128322658024925,53.38629545850151],[-6.126293909923931,53.3865235724435],[-6.125893273510501,53.38656959444126],[-6.1254960144627875,53.38661670828378]]},"properties":{"route":"6","routes":["6","H2","H3","X78"],"category":"radial","colour":"#9467bd","route_colour":"#2ca02c","pdf_colour":"#ed1c24","source":"pdf-future","phase":"future"}},
{"type":"Feature","geometry":{"type":"LineString","coordinates":[[-6.191238632690087,53.3748012885196],[-6.190796686284924,53.37489561273289],[-6.1897652403893515,53.37444793898485],[-6.188114737600651,53.3740339145696],[-6.187020607913766,53.37388655643805],[-6.184345447700479,53.3736224495109],[-6.182971689607903,53.37353209336097],[-6.181523968397274,53.37361372612114],[-6.180537319259442,53.37385848054427],[-6.179548893423079,53.37390695152472],[-6.1790656353724716,53.3746023349344],[-6.1784054160101505,53.37472265602321],[-6.176707712450502,53.375617962567226],[-6.1752117091647545,53.376719375475965],[-6.175865314064134,53.3771134636235],[-6.1760978482445115,53.377285765040824],[-6.176109950226111,53.37738086250455],[-6.176103022727861,53.377404653958834],[-6.176091911868562,53.37742814991873],[-6.175748353627939,53.377944446472355],[-6.1756763697249335,53.37847923397814],[-6.175739701406005,53.378643812698954],[-6.175779164826698,53.37872466637076],[-6.1758232408600255,53.37880467572329],[-6.175923473442164,53.37896249988988],[-6.176159959411465,53.3792717390049],[-6.176616759280203,53.37980654433814],[-6.176742033689155,53.37995919427243],[-6.17680180561867,53.38003527292404],[-6.1768591580950485,53.38011135126006],[-6.1771850433087065,53.38073471711574],[-6.177183473315147,53.381399120384145],[-6.1769553383766365,53.38204788853836],[-6.176224896211073,53.38340320748908],[-6.176072550282422,53.38449506341757],[-6.1757824079736725,53.385026754528944],[-6.175276736437052,53.38550518481829],[-6.173303279968275,53.3868176327728],[-6.17092230250874,53.388301608588286],[-6.170552833293142,53.388641267854275],[-6.170505828622298,53.38916938217918],[-6.170505616869346,53.389192058341166],[-6.17049309756359,53.38923510796767],[-6.170465809045947,53.389274327164166],[-6.170373445277012,53.38933762546671],[-6.169397437512396,53.389544045342404],[-6.1692077935464935,53.3908571828609],[-6.1689213153864655,53.39140448699597],[-6.168274999087181,53.39195250078987],[-6.166287077304758,53.39282198182017],[-6.1659326969544646,53.39298192946786],[-6.165847443691528,53.39302446159563],[-6.165763966831115,53.39306809225247],[-6.165603221663188,53.3931588100388],[-6.1651864827986405,53.39346151111717],[-6.164813452390313,53.3939439156413],[-6.164433008081737,53.394986368410045],[-6.1641114958099195,53.39637310373312],[-6.163638400217199,53.39653916819816],[-6.1623640147306284,53.39633790956877],[-6.160200246361355,53.39617585242824],[-6.1554701776383745,53.396054824870475],[-6.153523337005492,53.395918376334215],[-6.152556499797974,53.395822426488024],[-6.15207373203686,53.39576938753608],[-6.151591019148143,53.39571368394228],[-6.149168328444651,53.39541387000235],[-6.146352609819318,53.395209480560425],[-6.144704422172127,53.3950498858578],[-6.142099113492294,53.3947359666302],[-6.141206016262511,53.39467090233017],[-6.140417544885851,53.3947352147746],[-6.139137043820277,53.395160985691966],[-6.138163977895167,53.39522602811332],[-6.136089093064094,53.39494166211493],[-6.135741336460535,53.39496139205441],[-6.13264716407005,53.39592952559131]]},"properties":{"route":"H1","routes":["H1"],"category":"spine","colour":"#d62728","route_colour":"#f032e6","pdf_colour":"#ed1c24","source":"pdf-future","phase":"future"}},
{"type":"Feature","geometry":{"type":"LineString","coordinates":[[-6.183987047377243,53.399794941876415],[-6.184976758615473,53.39902801367391],[-6.187438749444083,53.39750343520941],[-6.188035366499874,53.39704840188731],[-6.188987493670425,53.39608943971522],[-6.1895742843526556,53.39530274642258],[-6.189636638288434,53.395230755072],[-6.189668404129484,53.395198774153386],[-6.189701114791303,53.3951697742346],[-6.189849689226191,53.395088151988446],[-6.190241745434923,53.395112835375414],[-6.190252519459828,53.39511658504662],[-6.190282978005552,53.3951271848845],[-6.1903303257786115,53.395143661125424],[-6.190545751526947,53.39521861063032],[-6.190899853902652,53.39534173795333],[-6.191210907980133,53.39544954248835],[-6.191613593743786,53.395526565608144],[-6.19371388219966,53.3957079888324],[-6.19598548361119,53.39581746190934],[-6.197834267781313,53.39606857289881],[-6.1996073462009305,53.3965648070365],[-6.20303349204305,53.39785655651837],[-6.205542560494403,53.398665297950835],[-6.20694509199422,53.399027269974354],[-6.208817977725973,53.39937627627408],[-6.208924814653825,53.39932494089788],[-6.208842650572149,53.397589066208766],[-6.209456475485648,53.39545257084947],[-6.2100397931680025,53.3950751782734],[-6.21143114869278,53.39519965300364],[-6.213270047485648,53.39451127888615],[-6.213888217018448,53.394193256814084],[-6.2148503367948695,53.39305989019324],[-6.21472804483274,53.392884106963066],[-6.212545893893074,53.39226666570444],[-6.207535428088962,53.390651120207124],[-6.207108500842311,53.39070286814012],[-6.204985202033753,53.392462983654305],[-6.2038966397014494,53.39307594674645],[-6.203392740186658,53.39304278435619],[-6.2017185954076615,53.3919545774428],[-6.199261777560282,53.39045327272937],[-6.197753096149604,53.389632915338694],[-6.197711423323326,53.389607220690465],[-6.197642130186689,53.38955165352855],[-6.197560722884956,53.38942923555016],[-6.197666425569081,53.3891554884834],[-6.198165677980159,53.38877464570348]]},"properties":{"route":"D1","routes":["D1","D2","D3","L80","N6"],"category":"spine","colour":"#d62728","route_colour":"#f58231","pdf_colour":"#ed1c24","source":"pdf-future","phase":"future"}},
{"type":"Feature","geometry":{"type":"LineString","coordinates":[[-6.207517263272926,53.38093837705122],[-6.207314713612493,53.38123337863306],[-6.207360516681214,53.38131765044606],[-6.207394402150755,53.3813603841011],[-6.207434766089233,53.381403278566914],[-6.207648344214706,53.3815728992139],[-6.211045136839409,53.38377219015917],[-6.212589878761141,53.3846005220684],[-6.213992662207622,53.3849503153421],[-6.215041753470137,53.38503111198987],[-6.21660803357816,53.384898945860634],[-6.217118936622878,53.38490006651264],[-6.217494177354079,53.38490495422567],[-6.217585639138671,53.38490629053507],[-6.21767342437491,53.38490761049447],[-6.217832490824187,53.384910077158324],[-6.218168041790594,53.38478787085453],[-6.218817141847519,53.38379634505727],[-6.218913931299929,53.382608204489046],[-6.219311170588767,53.38240369398382],[-6.22367071508455,53.38269614881155],[-6.225213654802329,53.3829121475865],[-6.2278871611256905,53.383364682883645],[-6.229430370677957,53.38357812315094],[-6.23114014666687,53.38370585232758],[-6.231264963361847,53.383724640067484],[-6.231377031663165,53.38375789021844],[-6.231427301264105,53.38377923366984],[-6.231473203084116,53.38380334669016],[-6.2316052613380855,53.383921854234735],[-6.231624329323937,53.384100821628834],[-6.2307847175026625,53.385425374863345],[-6.230266648630225,53.38610847331487],[-6.229660518850621,53.386503606015246],[-6.2285108034782715,53.38695245864312],[-6.227921963622082,53.38730425482806],[-6.227834639669266,53.387852137967116],[-6.227826690508951,53.38850243607316],[-6.228466490054962,53.38903628570463],[-6.229071331277839,53.38912040847996],[-6.229610248491592,53.38941748008285],[-6.229541422518266,53.39006003567302],[-6.228707112378576,53.390285940178686],[-6.2262353635358085,53.39016812801057],[-6.2257266616962585,53.390225439184206],[-6.22507638905132,53.39090105923702],[-6.2250495600954245,53.39102604653318],[-6.225052761879342,53.39108849789905],[-6.225066572879848,53.39115037351313],[-6.225220884677967,53.391383904996545],[-6.225710921729479,53.39164711530103],[-6.2277763043776115,53.39220686063426],[-6.228655274575831,53.3925009884922],[-6.2287751677007375,53.39268228189009],[-6.227796416091414,53.39439748388126],[-6.2275576954536405,53.3951478249398],[-6.228007281058676,53.395648604928226],[-6.229430222257979,53.3957144058606],[-6.231911110973669,53.395579582444],[-6.238427404828047,53.39494824093952],[-6.24039229547076,53.394812681810116],[-6.24108541364723,53.39486436402773],[-6.241972787983469,53.39536234557979],[-6.243367565862837,53.39566155491976],[-6.244890414902734,53.395613894348486],[-6.2476794934010105,53.396149312353835],[-6.248461825566811,53.39536336604568],[-6.248673756606116,53.39492557381668],[-6.248707120032689,53.39485321261297],[-6.248738849831573,53.39478278066087],[-6.2487934848360585,53.3946549839036],[-6.248829814199164,53.39455674232918],[-6.248779263324812,53.393309961595754],[-6.249101322023192,53.390926480755546],[-6.249324046464134,53.39082351747744],[-6.251161769403981,53.390903475064775]]},"properties":{"route":"8","routes":["8","A1","A2","A4","D4","L80","N6"],"category":"radial","colour":"#9467bd","route_colour":"#ff7f0e","pdf_colour":"#ed1c24","source":"pdf-future","phase":"future"}},
{"type":"Feature","geometry":{"type":"LineString","coordinates":[[-6.291101507573231,53.376863400553795],[-6.291268546117493,53.37699904063434],[-6.291774859383289,53.37721440035769],[-6.291847724655326,53.377253458812916],[-6.2919166551551555,53.37729657413397],[-6.292037287206754,53.37739762026783],[-6.292438699935345,53.37781072902832],[-6.2927746350905345,53.37788045201949],[-6.294396742089537,53.377814079926495],[-6.29520989187135,53.37768943827691],[-6.296826202219042,53.377301403275226],[-6.299947838518161,53.37685357966191],[-6.300461947988407,53.3770167947041],[-6.301513207538968,53.37908820016328],[-6.3023082853739165,53.38023149458174],[-6.3029220592031665,53.38072995864844],[-6.3041853877467595,53.381047531184414],[-6.305895826126102,53.381054309578786],[-6.3064154184804675,53.380960289629535],[-6.307147437501185,53.380612707833855],[-6.30743387713255,53.38024003222139],[-6.307788759446101,53.379205056489795],[-6.30823851394167,53.37871126797921],[-6.309061511937763,53.37839669041018],[-6.3099932348392525,53.378347275335024],[-6.3112565733994614,53.378525145948885],[-6.312345174732657,53.378587059801774],[-6.3143375508976085,53.37842610118499],[-6.314798387932429,53.37858661053773],[-6.315232358097331,53.379806448564274],[-6.315697782711266,53.38067285179267],[-6.317112269644909,53.38216111413549],[-6.317470745643646,53.382957822012656],[-6.317587078675868,53.38477187463255],[-6.3176230852906095,53.386716408772855],[-6.317248451916055,53.386988350026435],[-6.317108807710638,53.387538307704126],[-6.316786528517848,53.38763260404452],[-6.313772337495386,53.38736746683869],[-6.311396216251978,53.38734340915962],[-6.307389462163971,53.387430693294704],[-6.306439133126884,53.3874837382233],[-6.305370344451035,53.38759061717841],[-6.305302634782096,53.38759753669255],[-6.305234756616442,53.38760437251347],[-6.305098594244185,53.387617699218865],[-6.3048253414803055,53.38764231588651],[-6.303683337256604,53.38769363189907],[-6.303486230413663,53.38773732524488],[-6.303398102722515,53.38779801640076],[-6.303371265545204,53.387835336348424],[-6.303357798860963,53.38787619729464],[-6.303356521496141,53.38789769581846],[-6.30336164552721,53.388054440203746],[-6.303363127623987,53.38809562801997],[-6.303364684354943,53.38813695737794],[-6.303368010116539,53.38821872242668],[-6.3033866714994256,53.38851351210265],[-6.303574208451273,53.38891100384488],[-6.304984914235654,53.389569743942396],[-6.305821553346914,53.390620903980796],[-6.30688414022769,53.39246932028028],[-6.307542834873194,53.39327970207378],[-6.309274043590186,53.39427687149715],[-6.310308067225246,53.3952263575876]]},"properties":{"route":"F3","routes":["F3","N6"],"category":"spine","colour":"#d62728","route_colour":"#42d4f4","pdf_colour":"#ed1c24","source":"pdf-future","phase":"future"}},
{"type":"Feature","geometry":{"type":"LineString","coordinates":[[-6.400065349361738,53.391258450816245],[-6.400987208092408,53.39060824693873],[-6.401424229255581,53.39052271418461],[-6.405612996547139,53.39071947318183],[-6.405877370440313,53.39074264294352],[-6.406071197951983,53.3907848144163],[-6.406145056523247,53.39081089802129],[-6.406205358149329,53.390839178726395],[-6.4063761518627045,53.39132802988798],[-6.406383385546411,53.39133338074472],[-6.406395902913618,53.39133848447415],[-6.406417297866032,53.391348650398996],[-6.406485203556046,53.39138378512654],[-6.406710859283849,53.39151058013397],[-6.407036081203008,53.3917076264321],[-6.407538776052347,53.392045825838565],[-6.407952873353436,53.39260314624409],[-6.408101066536817,53.39352263747287],[-6.4076051769608,53.394976764405214],[-6.407772581728088,53.395599414146666],[-6.408300073192109,53.396141293288515],[-6.409154762984643,53.396562173331006],[-6.413571660867683,53.39767653531413],[-6.414835463995001,53.39808097686634],[-6.416197755471473,53.398623511000444],[-6.417786179889645,53.398980091348996],[-6.4191200322949795,53.39900040261583],[-6.420229756993542,53.398811074960946],[-6.421176534340891,53.398468913246205],[-6.421958949358959,53.398009187547906],[-6.422575587069675,53.39746716794234],[-6.424091849259336,53.39545622589087],[-6.425403706431918,53.39389300190731],[-6.426482598613051,53.39241210766631],[-6.426757099641199,53.391871403307675],[-6.426919231184994,53.39112464549309],[-6.426835333805753,53.39009613122913],[-6.426084003487536,53.389324291680396],[-6.4250927362204715,53.38892946644448],[-6.4239406691459235,53.38872081822165],[-6.421055338770653,53.388443042518574],[-6.4196533690603825,53.38838743797735],[-6.416989712460759,53.388728350599],[-6.41642182172873,53.38851177824362],[-6.416346930819541,53.38778776892221],[-6.4164973430734245,53.386775443998985],[-6.416728522595449,53.3860450380742],[-6.417132216019015,53.38517365331151],[-6.417322238308561,53.384858391938316],[-6.41737286751444,53.38476997555711],[-6.417395737104804,53.38472668843736],[-6.417416270369788,53.3846845877834],[-6.417464445421029,53.384536636103704],[-6.417230810167051,53.383571157394265],[-6.4167699910322575,53.382632639146046],[-6.416330660868694,53.381201566896415],[-6.417024879987724,53.38087236874272],[-6.420410064176432,53.381142863396946],[-6.4282637846719375,53.381452774501696],[-6.429219783691675,53.38139838322374],[-6.430291274021377,53.38122740415488],[-6.434799853450879,53.38208227350383],[-6.435448661657882,53.382366140552364],[-6.4354902162737115,53.3830455790827],[-6.4353396818477355,53.383904947215726],[-6.435836750907426,53.384335616406844],[-6.437447818262889,53.384971708214664],[-6.437775884549226,53.385274136318564],[-6.4392203017582395,53.38756828979491],[-6.439821294170594,53.38819817724068],[-6.4398811987154,53.38836196003569],[-6.439905829675466,53.388456765372005],[-6.439927324889552,53.388558083674496],[-6.440112020175545,53.390529961298],[-6.4400034689723595,53.391229698101334],[-6.4390217659704065,53.392589097790704],[-6.438003939944402,53.39341139671451],[-6.437811510480643,53.393755044108815],[-6.437868030952418,53.39422221082882],[-6.438152261994069,53.39457493743272],[-6.439351538263984,53.39508676322131],[-6.4411158593387245,53.396297242113164],[-6.444312446632826,53.398318759590644],[-6.445372210577257,53.39923266701457],[-6.446219268867966,53.3997199089491],[-6.446137076454227,53.400211670279496],[-6.444478096027542,53.4018639276489],[-6.443266974127017,53.40289975711427],[-6.441644685254072,53.403600074619696],[-6.440970233731012,53.4037456675093]]},"properties":{"route":"B1","routes":["B1","B2","L52","L61","L64","X61","X62"],"category":"spine","colour":"#d62728","route_colour":"#3cb44b","pdf_colour":"#ed1c24","source":"pdf-future","phase":"future"}},
{"type":"Feature","geometry":{"type":"LineString","coordinates":[[-6.3317220453418726,53.30714712686096],[-6.335578501805641,53.30802411280599],[-6.336232926562961,53.30831212860168],[-6.336656264029272,53.30883567000388],[-6.336806461556138,53.309499552525544],[-6.336607608048629,53.31013610402703],[-6.336050517790666,53.310721593491806],[-6.3346130003602905,53.31165759531721],[-6.332899090768336,53.31250132067428],[-6.331529467608461,53.312998599599155],[-6.330732771143751,53.313050785399575],[-6.3295738152046255,53.312836455680085],[-6.328513331683039,53.3129636150802],[-6.327734744098231,53.31333811692175],[-6.326935796541692,53.31399046545597],[-6.326937438704645,53.31432931434097],[-6.329427909827795,53.31622900015098],[-6.329584934109506,53.31664618365552],[-6.329325825442989,53.316949073593776],[-6.328514331479132,53.31714061046258],[-6.324939007598759,53.31708780103932],[-6.322976991839462,53.31699146092698],[-6.320420987140014,53.31679702604469],[-6.315204397911023,53.316491435853756],[-6.313742360837354,53.31633677263842],[-6.313626420446839,53.31630699481477],[-6.313536604018886,53.31628374264227],[-6.313487463547814,53.31627094094188],[-6.313437193696199,53.31625777370185],[-6.313160285903571,53.31618171470865],[-6.307814136388482,53.31440834113247],[-6.3058910862442925,53.313910374048554],[-6.3035026957273805,53.313464700265406],[-6.301260340644182,53.31313195882743],[-6.300884741902969,53.31308392656857],[-6.300508527306356,53.31303764254286],[-6.29975412943269,53.312949759548786],[-6.298236611163952,53.31278881629566],[-6.296277985562496,53.31245920205499],[-6.295917462929258,53.312458018239326],[-6.295833520103804,53.31247493338196],[-6.295793272105069,53.3124858067292],[-6.295754365834224,53.31249825037832],[-6.295645114324397,53.312545860279485]]},"properties":{"route":"71","routes":["71","81","F3","S4"],"category":"radial","colour":"#9467bd","route_colour":"#e377c2","pdf_colour":"#ed1c24","source":"pdf-future","phase":"future"}},
{"type":"Feature","geometry":{"type":"LineString","coordinates":[[-6.389328746895257,53.27925674807079],[-6.391002395287591,53.278674541901516],[-6.391435079177653,53.27869303363734],[-6.3915625038711825,53.27875679037992],[-6.391632599817692,53.278791837362704],[-6.391705719884213,53.27882837159686],[-6.391857337537826,53.27890402635041],[-6.391933987705188,53.278942209135366],[-6.3920099671531,53.27898000370282],[-6.392482811652393,53.27921212034617],[-6.3935863897703085,53.27969153525893],[-6.394813133406737,53.279986165410605],[-6.3976064393465375,53.280490443726784],[-6.398854428806643,53.28058843335461],[-6.399195132384966,53.28081422653475],[-6.398872141624642,53.281756620480905],[-6.39780928155324,53.283033467196006],[-6.39716858131966,53.284215645050786],[-6.397416896000847,53.28449808225151],[-6.39901692767931,53.284966194901244],[-6.402385465781431,53.286114680530886],[-6.403728673747934,53.28653123999382],[-6.405276060178406,53.28672115816653],[-6.411759524799934,53.28640416550089],[-6.413307336026485,53.28630846344681],[-6.414223855133828,53.2861027575785],[-6.416028217496111,53.28548320441973],[-6.416605364735476,53.28535475218912],[-6.417261605214355,53.28551096624448],[-6.417461804011538,53.28575409649074],[-6.417580890491284,53.28623868793846],[-6.417617360564499,53.28639040869675],[-6.4176531461479,53.28654231545956],[-6.417660277273275,53.286573147876474],[-6.417667456630665,53.28660409089721],[-6.417681981161679,53.286666267285085],[-6.417711841329989,53.286791491191025],[-6.417845727563715,53.287280446720914],[-6.4183102376676,53.288308618484486],[-6.418783881944863,53.288883782997495],[-6.419794331632328,53.2895353104971],[-6.4209956723094335,53.289807151309226],[-6.422141006723826,53.290209953634765],[-6.422989618104419,53.29074727609307],[-6.423749940386787,53.29169056816698],[-6.423914904654171,53.29227248272574],[-6.423916288165501,53.292321786634886],[-6.423917712925802,53.292428212437535],[-6.423917999188883,53.29244947440688],[-6.423918571241647,53.29249098833626],[-6.423920820426364,53.2926254855977],[-6.42393353443601,53.292771253740966],[-6.424077620879696,53.293094123711974],[-6.424606777806395,53.293502422304385],[-6.424711052616034,53.293564038900875],[-6.42475982594144,53.29359243098083],[-6.424805023269048,53.293618529512486],[-6.424930053428694,53.29368974711442],[-6.425731020894009,53.29415495162679]]},"properties":{"route":"D2","routes":["D2","W6","X58"],"category":"spine","colour":"#d62728","route_colour":"#f58231","pdf_colour":"#ed1c24","source":"pdf-future","phase":"future"}},
{"type":"Feature","geometry":{"type":"LineString","coordinates":[[-6.469482340057291,53.335457627711335],[-6.469455684444343,53.336274154155504],[-6.469083478717523,53.336466299919266],[-6.4678253611916885,53.336455173889796],[-6.465709473636879,53.33682667838347],[-6.462319431050378,53.336986428118315],[-6.461597193627629,53.3368533644845],[-6.461043833745751,53.33712414466354],[-6.459472797499564,53.33734457909785],[-6.4576675883968795,53.3374515524236],[-6.4567567325746325,53.33739960164472],[-6.456352500939107,53.33759236871282],[-6.456338775181025,53.337664222053384],[-6.456323773686376,53.33774297147735],[-6.456290793414338,53.337916898926004],[-6.456218873228018,53.33830065068011],[-6.456098790196132,53.33897320124621],[-6.455702741294549,53.34198513059718],[-6.45542334199862,53.3435800832021],[-6.455417552743496,53.34360067031744],[-6.4553959665210705,53.343639086611354],[-6.45536225451975,53.34367328395257],[-6.4552642987996744,53.343726421599385],[-6.455062956998141,53.34375823481485],[-6.450157904784354,53.34371571132036],[-6.448305726610936,53.34388435615963],[-6.447980939363034,53.344135687286645],[-6.44656042054709,53.3461005442776],[-6.445998452357071,53.346513469632555],[-6.443372509834748,53.34799053328857],[-6.442815790898978,53.348224180040255],[-6.442352125087555,53.34803396185053],[-6.442346875617653,53.347706427016725],[-6.441692078854038,53.34715261399123],[-6.4408181402858995,53.34682707408484],[-6.438974649494504,53.346410585197724],[-6.437932173306974,53.346048907750074],[-6.4371105685133925,53.34559893274416],[-6.434885822599151,53.34416703874102],[-6.434770785095122,53.34382709688432],[-6.435258100177956,53.34234845803313],[-6.435046724206313,53.34130893920071],[-6.434304876556664,53.339812389599686],[-6.432547245517175,53.33949655142295]]},"properties":{"route":"C1","routes":["C1","L53"],"category":"spine","colour":"#d62728","route_colour":"#4363d8","pdf_colour":"#ed1c24","source":"pdf-future","phase":"future"}},
{"type":"Feature","geometry":{"type":"LineString","coordinates":[[-6.395726922822185,53.35413766512739],[-6.3984425662679385,53.35271163081652],[-6.398938269689792,53.35228926539912],[-6.399491754382591,53.35215138293366],[-6.407138308600662,53.35230469453108],[-6.40753201921237,53.35210962649787],[-6.407612816052278,53.35037458351351],[-6.4077692925445735,53.34962013290235],[-6.408600092182209,53.3466391950904],[-6.409907754860483,53.341753067210945],[-6.410120756061085,53.33999526812187],[-6.41002289153917,53.33868427265708],[-6.409814383868044,53.337482684594676],[-6.409567188583381,53.33717898853222],[-6.408740830907302,53.33714673172734],[-6.407972768181974,53.336907661029606],[-6.405264932686076,53.33531355428193],[-6.403536161745041,53.334620931184],[-6.402841293848335,53.33429367878509],[-6.402705945907168,53.33423457407495],[-6.402602508160512,53.33419482028194],[-6.402545715043055,53.33417477252462],[-6.402516533260782,53.33416500336809],[-6.40248701212471,53.33415551733577],[-6.402047267343344,53.334183803703944],[-6.40163011886291,53.334532348616804],[-6.401094247081146,53.33563871929444],[-6.401264508860836,53.33832505017289],[-6.401123344855095,53.33940196974186],[-6.400531337259102,53.34125962441113],[-6.400281004000252,53.34241197151837],[-6.400226116952812,53.34490322092899],[-6.400010552568205,53.34658826148506],[-6.399856469016133,53.3466631647597],[-6.396657255964976,53.3465750077882],[-6.39535279281182,53.3465752475856],[-6.392477045820758,53.346427980284254],[-6.391597277606531,53.34657625479983],[-6.3882210700470425,53.346325229732386],[-6.386921177564876,53.346142797735936],[-6.385795254714538,53.34579443610072],[-6.383964184765463,53.34499068338347],[-6.382825186075294,53.34467956747696],[-6.381437348119407,53.34459737643075],[-6.380646334982312,53.34408687740765],[-6.378844382917966,53.34362489456551],[-6.377536046809048,53.34339286073765],[-6.374733600479049,53.34301373173982],[-6.371896253633544,53.34274631923388],[-6.363892787768931,53.3421402343262],[-6.363155192680407,53.34218658410483],[-6.361557798301014,53.34203153543372]]},"properties":{"route":"9","routes":["9","G2","L51","L53","L55","N4","S4","W2"],"category":"radial","colour":"#9467bd","route_colour":"#17becf","pdf_colour":"#ed1c24","source":"pdf-future","phase":"future"}},
{"type":"Feature","geometry":{"type":"LineString","coordinates":[[-6.3615754607154456,53.341899839082494],[-6.362349102493565,53.34190970367369],[-6.362615517713137,53.341806761527224],[-6.362668738546953,53.341771407918195],[-6.362715601265177,53.341732972493666],[-6.362788242500531,53.34164838702504],[-6.362835119186622,53.34145907339808],[-6.3625523845035,53.33982123727105],[-6.362338544446201,53.33912822009546],[-6.361356458783315,53.33729395964914],[-6.3604825029135785,53.33552400372095],[-6.360709973209535,53.335275788704664],[-6.362686279669643,53.33497938861531],[-6.364742151440248,53.33479602824231],[-6.366129199390504,53.33503284040503],[-6.368661576299727,53.335804416166376],[-6.370283737487966,53.336142727529015],[-6.372425144620826,53.336322940373705],[-6.375812572968426,53.33714241571959],[-6.377123794789726,53.33736315924084],[-6.378540589236975,53.33744752920137],[-6.379534384889404,53.33738637298653],[-6.379818100227576,53.33720149553523],[-6.379750639423341,53.33625708499669],[-6.3793798127388035,53.33553227374103],[-6.379572111494011,53.33530808276056],[-6.380511017910224,53.33489493696087],[-6.3804912420321855,53.334588049706085],[-6.377824356222231,53.3331927494304],[-6.375588138735782,53.332116463474684],[-6.371817085734881,53.33024108844417],[-6.370304375397196,53.32935213870126],[-6.369789773960262,53.328763874398874],[-6.369457504740551,53.327752210549534],[-6.369538535740944,53.32720358669993],[-6.370120304412132,53.32697394951362],[-6.3726722547856385,53.32737173320913],[-6.374653724181282,53.32763810361864],[-6.375817659640628,53.327666714539234],[-6.3787320569414625,53.32743023043822],[-6.383057450860462,53.32754483398364],[-6.383226032405458,53.32704248816679],[-6.382440853449679,53.32615913960311],[-6.382007959961826,53.32580205850312],[-6.379729430936318,53.324385742560786],[-6.377739244730175,53.323305041657505],[-6.375558753529198,53.32195674639548],[-6.375548261943478,53.32142420135058],[-6.376458747024559,53.3206519873664],[-6.376967918463402,53.3198453582235],[-6.377253694954815,53.31940720614417],[-6.377446648049706,53.319136652331316],[-6.377350269039063,53.31890133138204],[-6.376294488529917,53.31854056212872],[-6.373259556160893,53.31801791044001],[-6.372947144596208,53.317858881386556],[-6.372918688657883,53.317819267621985],[-6.372887219432957,53.317775723864855],[-6.372816745115886,53.31767918754674],[-6.372656180960981,53.317464707912094],[-6.372374989584948,53.3171183342244],[-6.37218997390347,53.31691689153982],[-6.3721518164794215,53.31687573416256],[-6.37211286933631,53.31683483093355],[-6.371943075829271,53.31667659564665],[-6.371402620189812,53.31638857138215],[-6.3709357682736085,53.31635951716508],[-6.370152946143547,53.31654895941606],[-6.368842741690868,53.31636747741465],[-6.368321469703046,53.316636177693375]]},"properties":{"route":"G1","routes":["G1","L54"],"category":"spine","colour":"#d62728","route_colour":"#bfef45","pdf_colour":"#ed1c24","source":"pdf-future","phase":"future"}},
{"type":"Feature","geometry":{"type":"LineString","coordinates":[[-6.430600344104823,53.3581250736245],[-6.433452253711904,53.358256957713955],[-6.435907792452228,53.358211711632016],[-6.4371810658093835,53.35825951942531],[-6.440376142354517,53.358562544918755],[-6.4420837231975,53.35860867140398],[-6.443545184615153,53.35843373029283],[-6.444628294049757,53.35806568387777],[-6.445305882332521,53.357679152389935],[-6.4469393574598195,53.3564711166347],[-6.448304108174989,53.35575287155656],[-6.449562837142643,53.3553194611482],[-6.450719709799238,53.35517273797466],[-6.454544822900066,53.35510086198586],[-6.457502763165563,53.35470482321054],[-6.460219226708277,53.3541362999346],[-6.462132176519815,53.35389057947321],[-6.463832628841343,53.35393928281892],[-6.4658283538018,53.35423331427339],[-6.466051693505191,53.35423208238318],[-6.466204983743114,53.35422540529948],[-6.466390989186482,53.354216739169956],[-6.466439363435429,53.35421442394093],[-6.466487623142885,53.354212092457715],[-6.46658207153986,53.35420746717768],[-6.466859841136306,53.35421881050643],[-6.467191745291755,53.35430236177127],[-6.46737691233853,53.35437525312063],[-6.467597665507998,53.354462105724956],[-6.468121021900619,53.354667834043674],[-6.469320776699836,53.355138358537594],[-6.470937588748034,53.3557634822808],[-6.473828036609769,53.35659148771566],[-6.475388255919064,53.356897309695576],[-6.476351276635969,53.35699415483888],[-6.476813586319747,53.35702768381809],[-6.476912709430243,53.357033222750545],[-6.477002582341452,53.35703738585409],[-6.4800732283802995,53.35699296686285],[-6.480429508609803,53.356776117653006]]},"properties":{"route":"C3","routes":["C3","C4","L54","X25","X30","X31","X32"],"category":"spine","colour":"#d62728","route_colour":"#4363d8","pdf_colour":"#ed1c24","source":"pdf-future","phase":"future"}},
{"type":"Feature","geometry":{"type":"LineString","coordinates":[[-6.302721259954877,53.29717282894138],[-6.303169977278919,53.29706560004211],[-6.30352380560402,53.29702325487389],[-6.303801254234708,53.2970145487047],[-6.303963272820073,53.29700534772288],[-6.3040094145279575,53.297001421835816],[-6.304058139368545,53.296996654893775],[-6.304921190882658,53.29689486164839],[-6.306555204127429,53.29658894439319],[-6.307659866408712,53.29627378206867],[-6.310654384168915,53.295199893144414],[-6.312367715372652,53.29475032195995],[-6.313983577829666,53.29442718016546],[-6.312410754284094,53.293309539192066],[-6.311421685141345,53.29290584557425],[-6.309657424077761,53.29242561376754],[-6.309090524365305,53.29220432170707],[-6.308853672020016,53.29209555605551],[-6.3087512576580185,53.29204566320904],[-6.308661179715657,53.292000295066735],[-6.308439460627515,53.29188152376419],[-6.310738144798749,53.290886106488045],[-6.311870900204002,53.29053088157476],[-6.312772507419496,53.29041797875265],[-6.315547428155457,53.29047340400378],[-6.316991845747656,53.29029465958043],[-6.3179884617475945,53.28998587027548],[-6.3192716377876,53.2894102835502],[-6.320216580326239,53.28910571477141],[-6.3247665378471005,53.28786537468919],[-6.324932424466051,53.287652381136475],[-6.324893583994077,53.28759484791321],[-6.324650261505214,53.28726818776969],[-6.324038907819803,53.2865037223013],[-6.323582545359218,53.28571022597753],[-6.323331747181117,53.28475263114054],[-6.323345413858248,53.28379426827892],[-6.323460958386237,53.283330061693675],[-6.324065263311866,53.28187380431861],[-6.324234089794541,53.281079799574435],[-6.324117783278918,53.27960536104683],[-6.323901220377345,53.278292462464584],[-6.323910570084172,53.27753346851544]]},"properties":{"route":"A1","routes":["A1","A3","F1","S6"],"category":"spine","colour":"#d62728","route_colour":"#e6194b","pdf_colour":"#ed1c24","source":"pdf-future","phase":"future"}},
{"type":"Feature","geometry":{"type":"LineString","coordinates":[[-6.302779720067628,53.297005833925134],[-6.303630385771804,53.29665321241478],[-6.3031652402905625,53.29549268964778],[-6.302970721576614,53.294886112432515],[-6.302814066540878,53.294437912339006],[-6.302909465259024,53.294226162086865],[-6.305170170295888,53.29267805390361],[-6.305246614369744,53.2925607324379],[-6.304742502984226,53.290836671675855],[-6.304341115477469,53.28846597307311],[-6.304077455973408,53.287182731517156],[-6.303966469352652,53.28617719608161],[-6.304029104732517,53.28570449900281],[-6.304687740421644,53.28525904603845],[-6.305827317530242,53.284893580325935],[-6.30635639650844,53.28460359174504],[-6.307777788879282,53.28363147354647],[-6.308418612880369,53.283389824747324],[-6.309692952689884,53.28333327907791],[-6.310808542396977,53.28342261824936],[-6.311244303354578,53.283205169936394],[-6.310762798316188,53.28220341535876],[-6.3097437167359525,53.281067984913854],[-6.309760215498866,53.28094909398891],[-6.309795965517738,53.28089419392302],[-6.309820319659214,53.28086847974536],[-6.309848842354503,53.280844151187836],[-6.3103798163971385,53.28066138949777],[-6.312023411771308,53.280300482936205],[-6.313390403621052,53.27990460915445],[-6.314397276617107,53.27949770049266],[-6.31621974517422,53.27889237323186],[-6.318109379480631,53.27849954582753],[-6.323459356756813,53.27796662193186],[-6.323659843723995,53.27767559606133]]},"properties":{"route":"A1","routes":["A1","F1","S8"],"category":"spine","colour":"#d62728","route_colour":"#e6194b","pdf_colour":"#ed1c24","source":"pdf-future","phase":"future"}},
{"type":"Feature","geometry":{"type":"LineString","coordinates":[[-6.12211252289804,53.268644504145854],[-6.122786886928063,53.26891974010426],[-6.12310218801155,53.26906992552784],[-6.123610343841387,53.26932291852209],[-6.124243969452133,53.26963440664097],[-6.124519721101384,53.26976896650321],[-6.124644443721542,53.26982992838349],[-6.124769627075574,53.26989114994102],[-6.125021094308715,53.270014345328335],[-6.125526459139473,53.27026355787556],[-6.127485911864045,53.27127674221048],[-6.127654670483769,53.27146286557081],[-6.127652302111058,53.271588942860916],[-6.12763894725296,53.27161947473595],[-6.127620541690719,53.27164917337622],[-6.127568687257468,53.271705194440884],[-6.127335042251443,53.27184706551123],[-6.127286013848646,53.27186999936891],[-6.127235568763707,53.27189356166465],[-6.1271317572118384,53.27194194316531],[-6.126921749231195,53.2720393349685],[-6.12656659897066,53.27220144310347],[-6.1258676974443365,53.272518249087504],[-6.125459345241565,53.2727433917274],[-6.125632314216019,53.27309633581392],[-6.128124421996863,53.27377728048945],[-6.128682461488843,53.2741146060243],[-6.128610261516992,53.2744018099994],[-6.124890414864372,53.27622429680419],[-6.124553485172461,53.27644563094369],[-6.124534208762853,53.27699312404943],[-6.125088213665287,53.277433525475416],[-6.12861000708612,53.27916829540388],[-6.12879239700273,53.27916560243732],[-6.133231529898572,53.27693432350198],[-6.134094118392183,53.276692990628455],[-6.134871009823495,53.27665778602393],[-6.135472135036464,53.27655127397638],[-6.136167536606827,53.276339963781766],[-6.136369252588771,53.27631661036846],[-6.136398948524835,53.27631853952598],[-6.136428439168826,53.27632174506565],[-6.136486237735417,53.27633193201449],[-6.13661722175014,53.27637880372765],[-6.136888274887001,53.27652217921122],[-6.137014910115322,53.2765891828646],[-6.1371352609738,53.27665287821743],[-6.137249059855107,53.27671312608851],[-6.137356039151916,53.27676978729661],[-6.137455931256898,53.276822722660526],[-6.137548468562727,53.276871792999046],[-6.13869791288554,53.277487145523324],[-6.143041573366601,53.27979520797505],[-6.143983825919462,53.280297979328985],[-6.1441215998918794,53.280372653483425],[-6.1441716827349335,53.28040019225495],[-6.144225527613837,53.28042965666198],[-6.144470620601537,53.28056281048538],[-6.144953047172284,53.2808242267976],[-6.145166831944066,53.28094091014071],[-6.145480342098526,53.28109820248133],[-6.145551833227806,53.28113428461987],[-6.145603519445248,53.281161072787185],[-6.1456441288479455,53.281181659836754],[-6.145738640075436,53.28122851955431],[-6.145964621836083,53.28133767582514],[-6.146025439968529,53.28136665889238],[-6.146086829293408,53.28139579772815],[-6.14620900575151,53.281453499042705],[-6.146434739518377,53.28155929060592],[-6.1467272482835025,53.28185093098626],[-6.146816665138803,53.28220938564227],[-6.146850409921886,53.28232739320973],[-6.14685931472704,53.28235632297195],[-6.146863554227557,53.282369736940026],[-6.146867583140405,53.28238221633733],[-6.146880563120685,53.28241927878761],[-6.147075324382713,53.28279772923088],[-6.1486267539932244,53.28503629258759],[-6.149942968450483,53.286593870620884],[-6.150397219931249,53.287049759870015],[-6.152329553232904,53.28709636580997],[-6.155463545231514,53.28758463495731],[-6.156465206823512,53.287676488004564],[-6.156547839133497,53.287714589718114],[-6.156586061065365,53.28773596020798],[-6.156621990818842,53.287758813407066],[-6.156846305739674,53.28793002141218],[-6.1568848374266425,53.28796432600507],[-6.157022330343663,53.28808643478287],[-6.157126045814806,53.28817891182897],[-6.157340104347517,53.28837270808924],[-6.157647184394233,53.28867576474965],[-6.157720003707581,53.288775896448186],[-6.157775726215959,53.28887770496905],[-6.157798114724957,53.28892915350723],[-6.157817355300719,53.288980919814236],[-6.157984019725803,53.28984637317421],[-6.157997427742542,53.2900709074666],[-6.157982785736154,53.290180752665634],[-6.1579682983804815,53.29023469971225],[-6.1579483363712395,53.29028785541271],[-6.156932750406028,53.2912257960654],[-6.156649840959819,53.291602130168684],[-6.156420841825328,53.292406409021645],[-6.156582734694851,53.2932387597932],[-6.157065678360521,53.29405029175144],[-6.15783088190297,53.29495641675894],[-6.1583704959266345,53.29536965999388],[-6.15893996875906,53.29567106089851],[-6.1591637170482,53.295777939276995],[-6.159235775229617,53.295811354783915],[-6.159308827010006,53.29584500292474],[-6.1593823587561545,53.29587900222024],[-6.1595288076128965,53.295948528358345],[-6.15980486505427,53.296097009404555],[-6.160075986605952,53.296310067619615],[-6.1604786043671895,53.297004242847656],[-6.160530201360732,53.29705974733512],[-6.160598841981109,53.297129404396976],[-6.160639807636945,53.297171111305836],[-6.1607289839036525,53.29726341880756],[-6.1609024601341495,53.297456375344446],[-6.161004946773977,53.29760858115921]]},"properties":{"route":"B4","routes":["B4","L11"],"category":"spine","colour":"#d62728","route_colour":"#3cb44b","pdf_colour":"#ed1c24","source":"pdf-future","phase":"future"}},
{"type":"Feature","geometry":{"type":"LineString","coordinates":[[-6.132382964498342,53.29609397949064],[-6.132059871176404,53.29603944247945],[-6.131762223028813,53.29598352807562],[-6.131630721394995,53.29595793641742],[-6.131575425928477,53.29594693254172],[-6.13152943392999,53.29593758066065],[-6.131472360040422,53.29592520495951],[-6.130335885896697,53.295578428713185],[-6.129400877412391,53.295246162547976],[-6.1289106720714175,53.2950636652786],[-6.12841889116133,53.29487646317962],[-6.125599826335348,53.29374774970037],[-6.125552044932727,53.29373187935635],[-6.125452843217701,53.29370946461652],[-6.125351432806039,53.29369914463579],[-6.125154673171566,53.293713157726806],[-6.12498714058682,53.29377065617971],[-6.1248959357819,53.29384035472073],[-6.123734704509606,53.29513745175973],[-6.123714503425295,53.295355902184404],[-6.1237517690305,53.29540196909599],[-6.12380303862472,53.295444541150914],[-6.12383375479016,53.29546414248674],[-6.123867767799795,53.29548242116396],[-6.123905009602605,53.29549922753439],[-6.125780208150343,53.2962363358903],[-6.126932920232985,53.296571233966056],[-6.128112047657915,53.29680324222152],[-6.130193928937871,53.2970121727888],[-6.1308957657277885,53.297020365002055],[-6.132017576731446,53.29696427450554],[-6.132440245298711,53.29669007961377],[-6.132408194733102,53.29627535640681],[-6.132682294589625,53.296120012207204],[-6.135484983727399,53.29617446912751],[-6.136436193044323,53.296053914459364],[-6.138580561463445,53.295333712264366],[-6.139862986175295,53.295014175228744],[-6.140580732219486,53.294953605119346],[-6.140772631952426,53.294953232674835],[-6.140966083468799,53.294958019827476],[-6.143097558369196,53.29504115371835],[-6.144343091379577,53.29491111409318],[-6.145256702099789,53.295022472972875],[-6.150023330989283,53.295720890808965],[-6.156316857748965,53.296523993441454],[-6.157109531270163,53.29665281973294],[-6.160196070006851,53.29727817725637],[-6.160224815811722,53.29728398424008],[-6.160252730576453,53.29729007205529],[-6.160306342344944,53.29730357060323],[-6.1604066223541665,53.29733922233043],[-6.160501315785665,53.29739281920645],[-6.160711488760075,53.29763527181282]]},"properties":{"route":"98","routes":["98","B3","S8"],"category":"radial","colour":"#9467bd","route_colour":"#c7c7c7","pdf_colour":"#ed1c24","source":"pdf-future","phase":"future"}},
{"type":"Feature","geometry":{"type":"LineString","coordinates":[[-6.23690932659188,53.29356951713287],[-6.232687201876638,53.292478431198354],[-6.2322130759773975,53.29222152265899],[-6.230826852582854,53.29077534422769],[-6.231004782361708,53.29059740148897],[-6.236449851093206,53.28997380407477],[-6.2374190969844125,53.28971349400653],[-6.238127699528823,53.2893338189755],[-6.2380830653690005,53.288142926584946],[-6.237678960232462,53.28755029509052],[-6.23739068213265,53.2865430470487],[-6.2365734706311615,53.284867450802835],[-6.2353344327278695,53.28314322690611],[-6.235672762763797,53.28181404299636],[-6.235858622775176,53.27991702816607],[-6.236034555458025,53.2797371726341],[-6.237116139387457,53.27933968791013],[-6.243469982300953,53.27628680606433],[-6.244219199247617,53.275982475710805],[-6.245059361809784,53.27577980566742],[-6.245756784454181,53.275845172492225],[-6.245840941728065,53.27679121325326],[-6.245542084494572,53.27777168337736],[-6.245871887963354,53.28000308926176],[-6.246027373539135,53.280444117712776],[-6.2465731248660745,53.281164959976806],[-6.246980699930906,53.28148664783445],[-6.247806834642112,53.281863044025236],[-6.249195646126861,53.28205754455035],[-6.2518787244640235,53.28205673419972],[-6.252658865615716,53.2819784791765],[-6.252709671276459,53.28189365225806],[-6.252712992218577,53.281764394702336],[-6.252892808012173,53.28049814449381],[-6.253019146418738,53.27995977824209],[-6.253245909530222,53.27948236836505],[-6.253908265789676,53.27875472931509],[-6.254763817581517,53.27817783345209],[-6.255182470401724,53.278116499215585],[-6.255274439029352,53.27813244984505],[-6.255318711154647,53.278144092761714],[-6.255361379470539,53.27815815135946],[-6.2554762939338815,53.278214600837835],[-6.255686665702933,53.278351082493415],[-6.2557971128175085,53.27842171172146],[-6.255909039986012,53.278492225879546],[-6.256372666184608,53.27877217205127],[-6.257387939346979,53.27931195266811],[-6.25911289427948,53.28002356539233],[-6.262224994910716,53.28099640406016],[-6.266689039208515,53.28226688621752],[-6.268722042388021,53.28277366695855],[-6.27035208122757,53.28302133681525],[-6.27067707971145,53.28319735267271],[-6.271225774454625,53.28451401976029],[-6.271484427824873,53.28491900441357],[-6.272004014614321,53.28527825233663],[-6.273255913526199,53.28573529120829],[-6.273925098405678,53.2862627806498],[-6.274700841534889,53.287428520882365],[-6.275566254731018,53.288431368168936],[-6.2756840098771,53.28905657261082],[-6.275561576309774,53.29016022523544],[-6.275468071571306,53.292765745780315],[-6.275463886002646,53.29424815563037],[-6.27528640588799,53.29460639915406],[-6.2745335797352135,53.29520465314167],[-6.274770185863929,53.29557165266654],[-6.275284715807027,53.29579108065976]]},"properties":{"route":"74","routes":["74","80","A2","A4","L35","S6","S8"],"category":"radial","colour":"#9467bd","route_colour":"#ff9896","pdf_colour":"#ed1c24","source":"pdf-future","phase":"future"}},
{"type":"Feature","geometry":{"type":"LineString","coordinates":[[-6.162414770445027,53.27579707730263],[-6.161466488616703,53.27548322384793],[-6.161125765888022,53.275502429558365],[-6.1603277855534,53.27603048907183],[-6.1575034742791175,53.277695690902306],[-6.156856456359087,53.27798628582844],[-6.15540613946623,53.27835330597228],[-6.154545468268484,53.27873711045891],[-6.153406200028398,53.27934526533499],[-6.152533409224479,53.27978934262335],[-6.152200104396351,53.279945004982956],[-6.152094218857212,53.27999493666364],[-6.151989276850068,53.28004556936644],[-6.151583187918485,53.280256596509886],[-6.151038432585947,53.280606799833016],[-6.150075946528641,53.28152464634915],[-6.149046864664597,53.28195615611563],[-6.148539250067165,53.28206681302816],[-6.1482797990358895,53.28211493910791],[-6.148149932881325,53.28213805966234],[-6.148020456889081,53.28216087879168],[-6.147891734000362,53.28218364166984],[-6.14776412715637,53.28220659347073],[-6.147240274593646,53.28230490764259],[-6.14697604410871,53.28235090903905],[-6.146909402134828,53.282361518316904],[-6.146842462851004,53.28237166734711],[-6.146707565215771,53.282390377026346],[-6.146553478971452,53.28240771704752],[-6.146475940418625,53.28241472401708],[-6.1463981280068944,53.28242082137591],[-6.146241850891337,53.282430884511285],[-6.146163470829819,53.28243514891277],[-6.146084986194016,53.282439100953404],[-6.14584932805244,53.282450576034975],[-6.145536220640393,53.28247056138184],[-6.144858931066283,53.28255412644849],[-6.144269890447639,53.28265982294446],[-6.1439784344816,53.28271858575042],[-6.14383332297877,53.28274858035155],[-6.1435441192111595,53.282808559605336],[-6.143255989464507,53.2828668771348],[-6.140047978327002,53.283493714933904],[-6.1366847502501765,53.28411484257981],[-6.134794500633328,53.28473225993401],[-6.134305679994423,53.285134584773175],[-6.134381073718878,53.28556522183666],[-6.134215031316113,53.28672132641692],[-6.134115679682871,53.287032706457],[-6.134085083148846,53.287112048080466],[-6.134016623518139,53.28727350000528],[-6.133978658646656,53.287355888232824],[-6.133938135887888,53.28743956992127],[-6.133813557871925,53.28768558936972],[-6.13377209607269,53.28836030476245],[-6.134129931065063,53.2897105728766],[-6.1340206563113,53.28997219562851],[-6.131850240499096,53.293290263864655],[-6.131752714157797,53.29396732391738],[-6.131876930515575,53.295105175023515],[-6.131914136622399,53.29560807400486],[-6.131926880723172,53.29600003308035]]},"properties":{"route":"E2","routes":["E2"],"category":"spine","colour":"#d62728","route_colour":"#911eb4","pdf_colour":"#ed1c24","source":"pdf-future","phase":"future"}},
{"type":"Feature","geometry":{"type":"LineString","coordinates":[[-6.160857453439574,53.297585177428786],[-6.1612528147065495,53.29800098017177],[-6.162234587462665,53.298620270499626],[-6.163673068512476,53.29927768909992],[-6.164890609413387,53.299751996993706],[-6.165905419955073,53.29998943580046],[-6.167418071894705,53.300161985006675],[-6.1681493510313885,53.3003285105336],[-6.168745781191406,53.30052194214653],[-6.169355315005163,53.300746975649986],[-6.169659671845836,53.30086302857585],[-6.1698114282635075,53.30092180556996],[-6.1699627816370715,53.30098103205634],[-6.171148145228102,53.30146644810264],[-6.172677673380042,53.302476233180634],[-6.17338887102545,53.302863933974045],[-6.17454764734606,53.30323799626713],[-6.174616800388661,53.30326545931877],[-6.174684124317819,53.30329348701488],[-6.174814663585125,53.30335137283196],[-6.175068959000888,53.303475421606436],[-6.175595927920238,53.303754978130854],[-6.177021238793072,53.304557874025484],[-6.1794181568183,53.305475907086745],[-6.180509213293304,53.30603840993115],[-6.182009061412636,53.306937434184626],[-6.183163847652715,53.3074851068925],[-6.184505562670821,53.30786564018373],[-6.186302743606007,53.308240541889845],[-6.186913251973311,53.308436933662485],[-6.1887663006502205,53.309340876722224],[-6.191585850588902,53.310634869318044],[-6.192981997342242,53.311328193849924],[-6.1939205790274094,53.31193873008843],[-6.1946991669613585,53.31267067016924],[-6.19676716670611,53.31494750979152],[-6.197603780574832,53.315662184127774],[-6.198666593097568,53.316298619574745],[-6.199883748502284,53.31684478228513],[-6.201183391016947,53.31728863841159],[-6.2048388341935725,53.31825070581027],[-6.206487946524013,53.31881901624623],[-6.206838544666524,53.31898886296867],[-6.206922331928272,53.319031425296636],[-6.207007156334096,53.319075047363285],[-6.207173884463102,53.31916237713121],[-6.207542125321343,53.319369367047045]]},"properties":{"route":"98","routes":["98","B3"],"category":"radial","colour":"#9467bd","route_colour":"#c7c7c7","pdf_colour":"#ed1c24","source":"pdf-future","phase":"future"}},
{"type":"Feature","geometry":{"type":"LineString","coordinates":[[-6.16266293187826,53.27564225080528],[-6.161740831930157,53.27533912951413],[-6.159424059332257,53.27431855227793],[-6.158056463714165,53.27379962541488],[-6.156174783058168,53.27328683906692],[-6.154873821791195,53.272822471602254],[-6.152836500318108,53.271978465669974],[-6.1526024406617355,53.2718812966601],[-6.152368652426048,53.27178391299904],[-6.151901972752247,53.27158844697706],[-6.1479303950053925,53.2698850510528],[-6.145364817740877,53.268374891243845],[-6.145127027807332,53.26824228546984],[-6.144886225583211,53.268112278303654],[-6.14439547322586,53.26785936608623],[-6.142306420304251,53.26691697610369],[-6.137636542716391,53.26499058572689],[-6.135815732391345,53.264262532970776],[-6.135302358930611,53.264044812515166],[-6.1350513451598925,53.263932936707846],[-6.134805321348816,53.26381867770997],[-6.133480594988573,53.26306549312855],[-6.132796513432179,53.26250501627384],[-6.132264020629991,53.261913519149545],[-6.131528822735223,53.260661543516036],[-6.130648714427493,53.2583748099605],[-6.130331494083967,53.25773738208662],[-6.129567968879743,53.25679483411791],[-6.128002344365808,53.255369705939934],[-6.1264197859178156,53.25378636702277],[-6.1247321268383885,53.25242014810058],[-6.1216631694816765,53.2505768190077],[-6.120061496715342,53.249513569400115],[-6.119329044520061,53.24901595372377],[-6.116980402050443,53.2476082864266],[-6.115064388330556,53.246642570878684],[-6.114338788097282,53.24615383651648],[-6.112707930351343,53.24475878105858],[-6.112292624180613,53.2442699626806],[-6.111346311352454,53.2428819184753],[-6.110771840983579,53.24188687728674],[-6.109443240378941,53.240093738092845],[-6.1089640766445505,53.23915759411536],[-6.108650174878178,53.238803772538354],[-6.107427530716362,53.23808319760476],[-6.106313361418103,53.237081328303745],[-6.105639648197034,53.23632878368721],[-6.105536403140455,53.236052112187544],[-6.105474760062486,53.23457037535398],[-6.105463961093109,53.23239237567821],[-6.1055167293819395,53.231555657288865],[-6.105740404388086,53.230291936502674],[-6.105966665276951,53.22955488872805],[-6.105817826610749,53.22849826609692],[-6.105284668060478,53.227721622051156],[-6.104443430999107,53.227027676020896],[-6.102126450475274,53.225454199317326],[-6.101269090910674,53.224690372709276],[-6.100808888250727,53.22407649474505],[-6.099643579143089,53.222055590541586],[-6.0994385660850465,53.22126067593345],[-6.098992979470177,53.21853027193461],[-6.098459524199754,53.21754412274777],[-6.097273122624037,53.215799828501446],[-6.096599387504587,53.21499527827656],[-6.096157711862922,53.21464128932678],[-6.095671829988552,53.21433301312331],[-6.095545367488731,53.21425847324706],[-6.095417722231727,53.21418452717567],[-6.094776000556825,53.213816391254475],[-6.094283403586674,53.213508311929985],[-6.092675591670268,53.21181782270468],[-6.091847728953091,53.211211409757965],[-6.0911594192516,53.21092058300806],[-6.089281860746045,53.21043410914552],[-6.0889451067628295,53.2102982516314],[-6.088863821956899,53.21026250775251],[-6.088783904582685,53.21022616335182],[-6.088628584040936,53.21015189554177],[-6.088303598316926,53.209966983204374],[-6.08750584525165,53.20912116263585],[-6.087330712968923,53.20861085286143],[-6.087368674326498,53.20851886340925],[-6.0874132877298806,53.208412006015955],[-6.087544319007214,53.20810366396797],[-6.0879206179638725,53.20726022003563],[-6.088629968274401,53.20596084438329],[-6.089967347677063,53.20439338347817],[-6.091646342726892,53.20323000749253],[-6.0932395658411105,53.20258733233836],[-6.093860235218522,53.20214964141129],[-6.094824659296713,53.20056290790258],[-6.0953008466981,53.20005833335454],[-6.096258280609737,53.19951898495284],[-6.096569537363841,53.19935855463437],[-6.096731361260914,53.199278865105654],[-6.096895707630449,53.19920087235308],[-6.098582516409078,53.198480968207974],[-6.099682884170939,53.197892260896204],[-6.100397839771906,53.19722340568027],[-6.101581234670862,53.19557185875772],[-6.101892128017609,53.1952479054551],[-6.102268288529458,53.194861998327454],[-6.102489254329603,53.19463576217043],[-6.102724239852568,53.194395203788844],[-6.10296731711836,53.1941462228109],[-6.103454034958439,53.193646591578684],[-6.104397476458448,53.192663092035005],[-6.106065510757921,53.190532784446425],[-6.106621630850737,53.18955994840246],[-6.107165880588804,53.188324711614506],[-6.107107287353505,53.18791824885248],[-6.106978134610776,53.18775580779372],[-6.106924882364434,53.18768963572581],[-6.106866783195456,53.18761714535909],[-6.106672649678456,53.187374544578454],[-6.106535942851157,53.187204649436666],[-6.106119439081684,53.1867098919245],[-6.106122939862306,53.186407013257536],[-6.106121606081656,53.18636664999555],[-6.106118256186919,53.18634620491148],[-6.106112851812108,53.18632563510233],[-6.106066702355141,53.18624287226928],[-6.105367523178312,53.185897474036146]]},"properties":{"route":"E1","routes":["E1","L11","L12","L14","X1","X2"],"category":"spine","colour":"#d62728","route_colour":"#911eb4","pdf_colour":"#ed1c24","source":"pdf-future","phase":"future"}},
{"type":"Feature","geometry":{"type":"LineString","coordinates":[[-6.237782462438063,53.419511452423116],[-6.237536044919485,53.41988616024281],[-6.237493024291349,53.419951556892485],[-6.237449690583765,53.42001734950598],[-6.2373651549498765,53.420145370051],[-6.237255197275832,53.42031066701314],[-6.237030411573007,53.42085878928948],[-6.236857711613237,53.42251302162323],[-6.237030319980735,53.42357105751717],[-6.237323809655187,53.42477321650404],[-6.237357395817188,53.42487815507853],[-6.237394229097257,53.42498485470191],[-6.237415165555793,53.42504439274],[-6.2374369761452755,53.42510590784203],[-6.237520873591887,53.42533951258477],[-6.237552355013842,53.425426283143544],[-6.2375633638108425,53.42545652086644],[-6.237570412250473,53.42547584513135],[-6.237572896021692,53.425482644623045],[-6.238154984008869,53.42793361730636],[-6.238108195863802,53.42858384967451],[-6.237887481752752,53.429299456072954],[-6.237603084425155,53.429791041696866],[-6.237213576960923,53.43040228018791],[-6.237027366190861,53.43068513962614],[-6.23694478941742,53.430809044207756],[-6.23687242900259,53.4309167567222],[-6.236645610364806,53.43124714554701],[-6.236559150454097,53.431387589998664],[-6.236213450629973,53.43226318270943],[-6.236169415584839,53.433611028668615],[-6.236788231623801,53.43698694623594],[-6.237263789428912,53.438820237160456],[-6.2378566877419726,53.44015831558011],[-6.237967698666236,53.44066965022617],[-6.237989086535343,53.440885476034694],[-6.237995940997178,53.44099334437003],[-6.237998617217898,53.44104726980243],[-6.238000872330099,53.44110119032827],[-6.238010803205967,53.44160184082304],[-6.238012338486041,53.44168200392257],[-6.238015570218549,53.44184237136383],[-6.238019960342208,53.442163126036796],[-6.23787882323211,53.44349837943066],[-6.237293092812392,53.44467460010147],[-6.236782700822809,53.44520909373678],[-6.2357607550061305,53.44586975034562],[-6.235575611339896,53.44624708050164],[-6.235794245006717,53.44682312109808],[-6.235547516775623,53.44768883785172],[-6.233928867327826,53.45018195453561],[-6.233731935779761,53.450464714654565],[-6.232723579990811,53.45150875570377],[-6.232435848866371,53.45197252654117],[-6.232306507091668,53.452208658762004],[-6.232248027734594,53.45231927056196],[-6.23219134317879,53.45243022359849],[-6.231257743351687,53.45453111810715],[-6.2311674689452445,53.45484513246462],[-6.231378734709431,53.45497490696245],[-6.231402942679155,53.45497450912222],[-6.231427399648437,53.45497409161824],[-6.231476490931104,53.45497321182548],[-6.231571395290886,53.45497137254621],[-6.231716190532524,53.45496817077571],[-6.231800273928847,53.45496558248895],[-6.231888960856944,53.45496296284808],[-6.232077766560225,53.45495811371241],[-6.232484454117559,53.45495336548428],[-6.233280923934608,53.45499078487256],[-6.234135454898461,53.45518707609179],[-6.235804778643277,53.45583776301808],[-6.242613039723244,53.457637242829264],[-6.244004099458943,53.45819214468183],[-6.245044555452522,53.45880525961906],[-6.246852171715932,53.460082617683675],[-6.247594166875365,53.46047795047533],[-6.249014982981644,53.46108933136227],[-6.249893117494275,53.461625829801704],[-6.250885248511281,53.462365904279224],[-6.251307716496562,53.462370440398296],[-6.251891951635313,53.46180849403159],[-6.252013353115107,53.46125202005124],[-6.2514628602765905,53.45928901152404],[-6.2514577271723315,53.458640693708944],[-6.251997436742861,53.457624293451],[-6.253607460830032,53.4554561098947],[-6.254405789158056,53.4552442190929],[-6.257403794718996,53.45562419965707],[-6.258955983626137,53.455715081920665],[-6.2597238875666745,53.455674555052184],[-6.261994886859647,53.455295059179626],[-6.2633551199376285,53.455212144502084]]},"properties":{"route":"197","routes":["197","22","A4","L82","L85","X79","X84"],"category":"radial","colour":"#9467bd","route_colour":"#ff9896","pdf_colour":"#ed1c24","source":"pdf-future","phase":"future"}},
{"type":"Feature","geometry":{"type":"LineString","coordinates":[[-6.159802183772587,53.44719108338073],[-6.157851374168538,53.447132740872604],[-6.156489265406993,53.447376905129715],[-6.155209276173702,53.44738634446117],[-6.15350431258146,53.447198839325814],[-6.150663248952417,53.446611892785015],[-6.149211344133989,53.44620638301851],[-6.147187426826812,53.44549696914022],[-6.14415814857706,53.44466182567337],[-6.142777243247574,53.44400097966168],[-6.141843214184989,53.44299336325602],[-6.141187641401874,53.44261529779818],[-6.140311729942923,53.44244845906121],[-6.138632013801941,53.442275484657586],[-6.136642946307042,53.441704583408686],[-6.135079814358153,53.44111905589269],[-6.132336380064273,53.44018875173671],[-6.131430780176008,53.439668038639304],[-6.129801850078023,53.437954360098345],[-6.129388531698112,53.435951349812115],[-6.129342086176426,53.435178473533014],[-6.12898395415355,53.43442979318091],[-6.128319186572961,53.43364553971661],[-6.128338280406559,53.43336068983003],[-6.128910709373872,53.43260750660479],[-6.129245553488827,53.43175935632735],[-6.129970930156859,53.43063311719358],[-6.129994813558842,53.43060165292772],[-6.130022908795804,53.4305718966381],[-6.130054979667162,53.43054392895548],[-6.130130103510737,53.43049368193435],[-6.130317665985004,53.43041819893028],[-6.130426325406371,53.43039425303975],[-6.130483547961075,53.43038601120507],[-6.130542384144347,53.430380364285156],[-6.13072621245975,53.43037979932172],[-6.132870412603688,53.43051513846887],[-6.135787184804848,53.430820802179575],[-6.136561649758369,53.431106673699965],[-6.136852438694071,53.431523607731165],[-6.137212553755363,53.43163881829832],[-6.142528402172064,53.43120939987256],[-6.142749172286827,53.43103061312435],[-6.142354098743596,53.429482497001814],[-6.141411202302141,53.42874131435704],[-6.1395147254338625,53.427560701991034],[-6.139031886910488,53.42695519680083],[-6.1388860515450085,53.426303502804416],[-6.1392702510948025,53.42311321975731],[-6.1396855124698995,53.42042696099917],[-6.1396610428471385,53.420154800352854],[-6.1396426980666865,53.4201100400456],[-6.139631326888306,53.42008791616421],[-6.139618370698532,53.42006599726571],[-6.139617744086285,53.42006494794386],[-6.1396149278997685,53.420060652836455],[-6.139549856115219,53.41994700704834],[-6.1395422070527355,53.41984518399338],[-6.1400684281989815,53.41936591236787],[-6.141728916982809,53.41841662487981],[-6.1440414529605984,53.41689997718803],[-6.1465050766768305,53.415422361537644],[-6.147023765680803,53.41513006044962],[-6.147085395599325,53.41509177981853],[-6.147126239935549,53.41506062438655],[-6.147138783750695,53.41504980702175],[-6.147150777533078,53.415038784010804],[-6.147162212552121,53.41502756163226],[-6.147226542928949,53.41494308639755],[-6.147236203577763,53.41491904925483],[-6.147239193682927,53.41490682860639],[-6.1472409445169385,53.414894524032114],[-6.147235368266594,53.41484522835978],[-6.147175739484483,53.41476452953881],[-6.1469556160601035,53.414627755238875],[-6.144923308972656,53.41408730966801],[-6.144359227961024,53.413840712225145],[-6.143373288385963,53.41317548061138],[-6.142289197769246,53.412208621679845],[-6.141589855873755,53.41149008143055],[-6.140701089439628,53.410079023917355],[-6.140416095537507,53.40843095316729],[-6.1398149546080125,53.40717726498892],[-6.138153900241549,53.40472753666827],[-6.13595842205071,53.40277672252937],[-6.134261358343684,53.40120351778357],[-6.133228362361209,53.40001082126278],[-6.13132120316554,53.3984133579011],[-6.130073542027033,53.397574595143574],[-6.1294274208039825,53.39701428711368],[-6.128660998551452,53.39605798726438],[-6.128447921291304,53.39571567772511],[-6.128347932365354,53.39554406420851],[-6.128251895182779,53.39537331687573],[-6.12782009886203,53.39456333836628],[-6.126910616231709,53.392748256883515],[-6.12617232404973,53.391416179918544],[-6.125937025532342,53.39092834244096],[-6.1256711992424355,53.390232969055155],[-6.125565571310777,53.38997919940452],[-6.125535143686742,53.389916468646184],[-6.12550260057273,53.38985412896738],[-6.124603968510158,53.38849143089048],[-6.1244590451051915,53.38795465668507],[-6.124491933362965,53.38775390624206],[-6.1245179536223855,53.387654319233015],[-6.124532349084345,53.38760478796188],[-6.124547283834322,53.38755545634356],[-6.124613994349865,53.387342785058785],[-6.124895095870033,53.38695880724461],[-6.124909760981752,53.38694619846322],[-6.1249260046702965,53.38693307024038],[-6.124962564918581,53.3869058223633],[-6.125047336885004,53.386851329134224],[-6.125274914144337,53.38675389487312],[-6.125421547519963,53.38663718070168],[-6.12546178724386,53.38662330781146],[-6.125484525043166,53.386618667429325],[-6.125496462429337,53.38661696689293],[-6.125687483774394,53.38659388270284]]},"properties":{"route":"20","routes":["20","H2","L81","X77","X78"],"category":"radial","colour":"#9467bd","route_colour":"#98df8a","pdf_colour":"#ed1c24","source":"pdf-future","phase":"future"}},
{"type":"Feature","geometry":{"type":"LineString","coordinates":[[-6.398843803704778,53.3915599523327],[-6.4007285013959745,53.39033641943314],[-6.4011104315745815,53.390257973192135],[-6.405516826002353,53.39045808097081],[-6.40588936135091,53.390398985222625],[-6.40597096842116,53.39037318722985],[-6.406047674888831,53.39034372099496],[-6.406185806224797,53.39027526655925],[-6.406246941197271,53.390237019738606],[-6.406302595775522,53.39019658743623],[-6.406396883957719,53.39011064914665],[-6.406992146518606,53.389058174524045],[-6.407336969931569,53.38814188171351],[-6.408711063940663,53.384028281368295],[-6.408891008359538,53.38365280901261],[-6.409148285191611,53.383478590781415],[-6.40932608559764,53.383452344851925],[-6.409373763765237,53.3834516650907],[-6.409422240578062,53.383453502614174],[-6.4094712697455085,53.38345793972045],[-6.410688677904234,53.38359880840783],[-6.413231264417505,53.38402213868438],[-6.4162808459754865,53.38455826960275],[-6.416902122450849,53.38466447494262],[-6.417082629671987,53.38469501825776],[-6.417269190057018,53.384726497514414],[-6.417459792567428,53.38475858228732],[-6.417652426164702,53.384790942151184],[-6.419240054688171,53.38505597151286],[-6.422829702518816,53.38568587406064],[-6.427358421375832,53.3865049969935],[-6.432473079076929,53.387337804931526],[-6.436353938387073,53.38803203837083],[-6.43881903933153,53.38840655722952],[-6.439360506215418,53.38846847976376],[-6.439705406193099,53.388506439125365],[-6.439886755141552,53.388526316154234],[-6.440067837819327,53.38854614836345],[-6.440244005043602,53.38856545346427],[-6.440562996400389,53.3886005531856],[-6.441197347168144,53.38867429181067],[-6.443105067621624,53.3888375620889],[-6.444609352663092,53.38904525412415],[-6.44690817940868,53.3895255834049],[-6.44932709796388,53.39014158719759],[-6.451878204737859,53.39061409899546],[-6.4535642166212295,53.39102547880902],[-6.4538678907654985,53.391368782795894],[-6.453291822026954,53.39241176470838],[-6.45206840776412,53.3936164122655],[-6.451801140992967,53.3942903477781],[-6.451470149229641,53.39610065158038],[-6.45121540191195,53.39635190288011],[-6.449449294205437,53.397017254615136],[-6.448631920270032,53.397396807059586],[-6.447738166955132,53.39798036779175],[-6.446685958095517,53.39915083349201]]},"properties":{"route":"37","routes":["37","B1","L52","L61","X61","X62"],"category":"radial","colour":"#9467bd","route_colour":"#8c564b","pdf_colour":"#ed1c24","source":"pdf-future","phase":"future"}},
{"type":"Feature","geometry":{"type":"LineString","coordinates":[[-6.3723923885155465,53.420512489180666],[-6.373263489249251,53.420684464070945],[-6.373907863415048,53.420463366542435],[-6.374298136716754,53.41999484572112],[-6.3766974729355175,53.41922572931409],[-6.379938426739396,53.41840349838862],[-6.380604901541376,53.41850735721382],[-6.381346109041193,53.41831136287786],[-6.3824335611901315,53.41835299450117],[-6.387254951256952,53.4191131934918],[-6.388133130147518,53.41930615309018],[-6.389132388209911,53.4196754207934],[-6.389281540238567,53.419688492664505],[-6.389363967303141,53.41968763279889],[-6.389452207852923,53.41968108155172],[-6.38985887767867,53.419588725238306],[-6.390144574694088,53.41928520196992],[-6.389871854985339,53.418658441123384],[-6.390606194824491,53.41743719821088],[-6.391463136494479,53.41650344996965],[-6.392121434462348,53.41592865775396],[-6.3943111373793915,53.4159863618305],[-6.395129329949059,53.416534781294914],[-6.395229902630018,53.41718974823335],[-6.39552772378258,53.41741671826356],[-6.39731353202384,53.41787685681193],[-6.39810234864367,53.41782388907513],[-6.3987071548186485,53.41795118327464],[-6.400681777029814,53.418731350562325],[-6.401716365500018,53.418717935644125],[-6.402719424484911,53.41802585609671],[-6.403917830334363,53.417472950568815],[-6.404239317695693,53.417066649419944],[-6.403789258896181,53.41655069190137],[-6.40287812685769,53.416426467805344],[-6.400525258917891,53.416461205318164],[-6.399684564774007,53.41628466764005],[-6.399297761542451,53.41570610835136],[-6.398819832814298,53.415338482373635],[-6.397006333829755,53.4147966788497],[-6.3963545658935494,53.41430586383774],[-6.396059601736572,53.41371656398587],[-6.395734099080407,53.41341762585916],[-6.394470979158181,53.41292448808076],[-6.3943265569276475,53.412634576245416],[-6.395145347822801,53.41183323236384],[-6.396558792043023,53.41082242298259],[-6.397556906055435,53.409801225574526],[-6.398830719676363,53.40831762172189],[-6.399279265248404,53.407690642883786],[-6.399545004966492,53.40700402139449],[-6.4013427472133495,53.405036019254894],[-6.4026840747918685,53.40330532876879],[-6.402913849046656,53.40295771262708],[-6.402928491657364,53.40293254259526],[-6.402939745419053,53.40290697498543],[-6.402947645566149,53.40288110634879],[-6.4029535259542785,53.40282885219984],[-6.402926593670235,53.40272497983265],[-6.402368408549353,53.40232389200694],[-6.399896965797255,53.40117659494978],[-6.398113049954102,53.40028411985099],[-6.397055505368489,53.399294399706875],[-6.395843119820183,53.39863726819851],[-6.394597812157047,53.398260911157266],[-6.3938675262929765,53.39794116301703],[-6.392688949704056,53.397215021968144],[-6.392779231793967,53.39703143398427],[-6.395280154301227,53.39649038234135],[-6.396357492394835,53.39621076630929],[-6.398019913765241,53.395661438475],[-6.3984933871608165,53.395417021085635],[-6.39937475049853,53.394926376083234],[-6.4004911438162075,53.394201256270584],[-6.4026474930706625,53.393039745815855],[-6.40411750397228,53.392143993959344],[-6.405010672826695,53.39149194876472],[-6.4019628156097,53.39132314280386],[-6.401673394398622,53.3914253275617],[-6.40055014338604,53.39226107639635]]},"properties":{"route":"B3","routes":["B3","L62","N8"],"category":"spine","colour":"#d62728","route_colour":"#3cb44b","pdf_colour":"#ed1c24","source":"pdf-future","phase":"future"}},
{"type":"Feature","geometry":{"type":"LineString","coordinates":[[-6.206884627666597,53.32438407495181],[-6.2073709704098015,53.324339302576064],[-6.2078726199860945,53.32508507137764],[-6.2098551628929135,53.326528440809454],[-6.210142816449523,53.32709653171052],[-6.210099417217515,53.32811524478869],[-6.209766594660453,53.3285246372792],[-6.2100330827798516,53.32891382783639],[-6.211104651675939,53.329624011997254],[-6.211540618265122,53.330287380429425],[-6.211603406776087,53.33044370537086],[-6.211661698690386,53.33061534398719],[-6.211740045477511,53.33090984138357],[-6.211774026750263,53.33159034848024],[-6.211626437591942,53.3320965042998],[-6.2118326369789765,53.33239074309212],[-6.212728900708062,53.332990224713654],[-6.215589422496817,53.33474083723217],[-6.216347173953409,53.335155033592365],[-6.2172448114814465,53.33547785984344],[-6.218498473430154,53.33565820807053],[-6.21880075199755,53.3358357254977],[-6.219078533552462,53.33674656104886],[-6.219483805919621,53.33765816067642],[-6.220122951054796,53.338333838921955],[-6.220627950715102,53.33935148086734],[-6.22103783937067,53.33964309869018],[-6.222928148531161,53.34056849773748],[-6.224011586659971,53.34127195212211],[-6.228748117305462,53.34089084149616],[-6.229310805890578,53.34091016636321],[-6.231618030801636,53.34120397931547]]},"properties":{"route":"52","routes":["52","82","C1","C2","C3","C4","L13","S2"],"category":"radial","colour":"#9467bd","route_colour":"#c5b0d5","pdf_colour":"#ed1c24","source":"pdf-future","phase":"future"}},
{"type":"Feature","geometry":{"type":"LineString","coordinates":[[-6.371801822773137,53.29973821216487],[-6.373311786890989,53.29869625468828],[-6.3742906623273266,53.29817809305773],[-6.375024625137677,53.29793340614212],[-6.380730431701072,53.29662168179163],[-6.384295458774024,53.295752949258464],[-6.3853787821452945,53.29549649568447],[-6.385741334959197,53.295413725541444],[-6.386104592027358,53.295332120284826],[-6.38683317510851,53.29517194290021],[-6.395350070087479,53.293375364932935],[-6.399611230468171,53.292496326841274],[-6.402185191856233,53.291937550445475],[-6.402540843798333,53.29186136293114],[-6.402896692582874,53.29178546324444],[-6.403608838972677,53.29163428695402],[-6.406102344156243,53.291105401811215],[-6.4094796165213195,53.290370216203115],[-6.412463824732277,53.289665550177006],[-6.413913086221888,53.28928275335985],[-6.415598358126119,53.28859387065016],[-6.416369247346596,53.28794710496872],[-6.417140634748956,53.28707939802319],[-6.417246022976259,53.286962728919185],[-6.417300466939006,53.286905244216754],[-6.417356339838732,53.286848496743715],[-6.417534499941665,53.28668395767347],[-6.417631704124074,53.286607543703624],[-6.417684452694749,53.286570306909454],[-6.4177395289203885,53.28653364780722],[-6.4179765604023675,53.2863917517894],[-6.418038362425161,53.28635720375064],[-6.418100527111852,53.28632292244532],[-6.418285922170188,53.28622116066587],[-6.418462791257185,53.28611993373641],[-6.419152828934157,53.28570692597769],[-6.420344457389154,53.28531126370203],[-6.420897751559137,53.28522675161013],[-6.42310493004434,53.28508303529803],[-6.424491451473486,53.28510964992319],[-6.4261755228643125,53.2849464048477],[-6.428193136253677,53.28495219023376],[-6.428699110585506,53.28502409467301],[-6.4296372364356476,53.285455896039046],[-6.4310242478380815,53.28545582236689],[-6.4343094367814775,53.285722515771624]]},"properties":{"route":null,"routes":[],"category":null,"colour":null,"route_colour":null,"pdf_colour":"#ef3b2c","source":"pdf-future","phase":"future"}},
{"type":"Feature","geometry":{"type":"LineString","coordinates":[[-6.018470859105202,53.353378016627566],[-6.016805062841287,53.35397100468429],[-6.013643521301336,53.35541633972428],[-6.013245173683007,53.35595096762086],[-6.0131833933966945,53.35653935555908],[-6.013342308644578,53.357080488124986],[-6.0141359203431355,53.35787693161216],[-6.015503085528717,53.358509665673544],[-6.016871287179708,53.35878421662613],[-6.02117835240912,53.35918676192368],[-6.022314808807576,53.35923877029486],[-6.0243959189295255,53.359637087561374],[-6.028488885930671,53.36068119017699],[-6.029330090429422,53.36082306853524],[-6.030763458482306,53.360933501999384],[-6.034060746944457,53.3609941135368],[-6.0354610555108055,53.36122546219232],[-6.039107432726725,53.362153745840885],[-6.040586361500907,53.36272690081321],[-6.043933531481574,53.36434586899076],[-6.044735515563642,53.36462486295494],[-6.045617884395871,53.36480042668312],[-6.047349643542568,53.36484278130647],[-6.048403019125585,53.36495391929515],[-6.052239870305868,53.36571432327556],[-6.052823315034242,53.36581483598145],[-6.0558360553189585,53.36640035625138],[-6.057062616324069,53.3666020781813],[-6.058128584187555,53.366757644368114],[-6.062256302515145,53.36723520828769],[-6.0646587768037765,53.36737315794656],[-6.07320130934352,53.367379168513615],[-6.076166823210788,53.367226776885914],[-6.077260830117242,53.36722847038144],[-6.078194637239564,53.36731647026508],[-6.079014454102281,53.36743634447151],[-6.080087897134125,53.36767977606893],[-6.0811502103703114,53.36803338262029],[-6.085442837307985,53.36977369154245],[-6.086609050212755,53.37021073878866],[-6.087897699772521,53.370589526034394],[-6.090682258344446,53.371243944666446],[-6.091831895784168,53.3714665111417],[-6.093542813275889,53.371629605524475],[-6.0942066119554195,53.37162628946591],[-6.095392622647715,53.371557495057935],[-6.0998853885824635,53.37108726183416],[-6.102074874121688,53.370864916271024],[-6.104698224381741,53.37044956405068],[-6.109507984913709,53.36927255274865],[-6.112107487751695,53.3686754415841],[-6.113093868995439,53.368554895781166],[-6.114491631127166,53.36857674937433],[-6.116246552308439,53.36880085494167],[-6.119859304789405,53.369437660088224],[-6.121887029066219,53.36978038275915],[-6.133353898604206,53.37182307628685],[-6.133682230906312,53.371816242654795],[-6.1352363595891735,53.372146330552816],[-6.139910516209094,53.37299523245807],[-6.141245944946209,53.37303204638373],[-6.143624084262283,53.37263690996738],[-6.144452515442867,53.372366974356396],[-6.1461384890994255,53.37144528599947],[-6.147359051203199,53.37056203609036],[-6.150027497365843,53.368198824757485],[-6.153009803594411,53.36548700603113],[-6.153437533122856,53.36520575143527],[-6.1546622644788345,53.36475745928462],[-6.15600031626602,53.36451450923096],[-6.157686360045073,53.36447370414869],[-6.15889767283621,53.36461435237434],[-6.162172559510307,53.365434232523626],[-6.164439268141925,53.365829564129925],[-6.166248153227013,53.36599934021092],[-6.169016622739717,53.36619138134375],[-6.173377224420071,53.366534066063],[-6.1806371491381045,53.367246261723345],[-6.181531503605037,53.36732272475811],[-6.182290272108018,53.36728730029435],[-6.183023445548856,53.36717487525137],[-6.184157415440798,53.36681370000993],[-6.184998985077962,53.366207145648126],[-6.185874598941725,53.36490749900262],[-6.186688853097315,53.36407486400125],[-6.18691348197248,53.36395057868347],[-6.187428941099665,53.36367034811427],[-6.1883628600316145,53.36337878569533],[-6.189029220286853,53.363281797108925],[-6.190404365431756,53.36326463159272],[-6.194460298028141,53.36382952185066],[-6.1958336716086935,53.364043623557],[-6.196468391050337,53.364172413544075],[-6.196867392946122,53.36428145150236],[-6.197740143343526,53.36457788599338],[-6.199961798692991,53.365660643211584],[-6.201812463592834,53.36624366338868],[-6.206583624665857,53.367119049315626],[-6.207221681982555,53.36722177281996],[-6.209488773183159,53.367564008220945],[-6.209593320490303,53.3675805823394],[-6.209697577455159,53.36759742642114],[-6.210216855947591,53.36768207455002],[-6.210633897661814,53.3677440976387],[-6.2108444345491325,53.367770934196066],[-6.210950441880589,53.36778294655509],[-6.211057031282101,53.3677938836637],[-6.213333964919991,53.368020121864234],[-6.214469113665159,53.36814217234733],[-6.214752758956863,53.368174195180295],[-6.215036385103919,53.368206929149174],[-6.2158778554725345,53.368308428552474],[-6.218895749832953,53.368681008534075],[-6.219995617632236,53.368805586334595],[-6.223123194989839,53.369142999854134],[-6.223818292208164,53.36921798105193],[-6.224165857394026,53.36925547198572],[-6.224513434889649,53.369292963204586],[-6.224861025639003,53.3693304547549],[-6.225208630586058,53.369367946683035],[-6.225556250674788,53.36940543903535],[-6.2314231539103195,53.37002055309482],[-6.232931795364692,53.370112344023916],[-6.234279778798832,53.370093200492015],[-6.235213229698738,53.36999176281164],[-6.236131099685553,53.369859004640226],[-6.236319495259386,53.36983014199346],[-6.236507877720026,53.369801279211316],[-6.236884611088078,53.36974355340243],[-6.237072965888669,53.36971469045648],[-6.2380146989208445,53.3695703769276],[-6.239144945373511,53.369397208667046],[-6.239572813476357,53.36933099181111],[-6.23967961914035,53.36931419109988],[-6.239786341987699,53.369297269518825],[-6.239999502688548,53.36926301920534],[-6.240212222491077,53.36922815178692],[-6.240318394215525,53.36921045882469],[-6.240424428307458,53.36919257817982],[-6.240530315630896,53.369174498716845],[-6.240636047049863,53.36915620930029],[-6.240741613428377,53.3691376987947],[-6.240847005630463,53.369118956064604],[-6.241909775314717,53.36889809459881]]},"properties":{"route":"10","routes":["10","20","21","73","78"],"category":"radial","colour":"#9467bd","route_colour":"#ffbb78","pdf_colour":"#009bdf","source":"pdf-future","phase":"future"}},
{"type":"Feature","geometry":{"type":"LineString","coordinates":[[-6.005031568313916,53.350851485740854],[-6.018128205335005,53.35159881537186],[-6.018961519132799,53.35187060677122],[-6.0201005820866795,53.35197811104997],[-6.020502359177571,53.351593471148284],[-6.02117052312504,53.35156603957262],[-6.02181177597,53.351355741162536],[-6.025188286171099,53.3508412523078],[-6.0313566400085605,53.350083017936846],[-6.033408841971074,53.349900102199705],[-6.034737163080275,53.35003414882349],[-6.0382275612276715,53.350119517832084],[-6.041402105194351,53.35049547919039],[-6.0436365483727155,53.35057042482183],[-6.045489639846666,53.350556035755574],[-6.0456506418665406,53.3505041924121],[-6.045717435688252,53.350397183750594],[-6.0457210419168055,53.35036521549108],[-6.045720782874176,53.350332134686155],[-6.0457114122145095,53.35026458322451],[-6.045552898652984,53.349671263915496],[-6.045512856704984,53.349533318655965],[-6.0454712484245245,53.349395480177435],[-6.045428250667359,53.349257735503365],[-6.045384040289243,53.34912007165717],[-6.045292689093176,53.34884493454219],[-6.044883831360711,53.34767527998957],[-6.046386782599222,53.34729446310259],[-6.046423866681244,53.34727675484241],[-6.04645404045731,53.3472570336143],[-6.046491502330442,53.3471840462571],[-6.046461421210623,53.347117832295204],[-6.046432734608407,53.347081410442414],[-6.046416227130252,53.34706283526837],[-6.0463987520420766,53.34704419420363],[-6.046279269348991,53.34692300909868],[-6.046061956485654,53.34666345534958],[-6.045225005150554,53.34652229019253],[-6.044490788187865,53.34560254913399],[-6.044342610935841,53.34524577347759],[-6.0448168171589955,53.344844765366936],[-6.04597231680368,53.34468047423837],[-6.048910711414509,53.34437385635198],[-6.053176366446354,53.34388343477145],[-6.054373810690684,53.34365994165715],[-6.054466118363831,53.3436434458777],[-6.054559286668108,53.34362892364648],[-6.054938783015051,53.34358584623092],[-6.056677967813195,53.34342318410748],[-6.058732871113793,53.343180551717005],[-6.067811472650253,53.342155910801694],[-6.068765097890927,53.34153022667827],[-6.069192866277084,53.340882980545835],[-6.070009779776685,53.3400073299933],[-6.070506746363315,53.33964651778657],[-6.072034297116147,53.33891750419121],[-6.073823312069502,53.33839711116162],[-6.078389496533168,53.33730016662276],[-6.081310411285462,53.336346069176166],[-6.081956012877774,53.33611579285784],[-6.083077401250721,53.33570512118191],[-6.08339921991504,53.33558896586756],[-6.08356080073109,53.33553146641013],[-6.083722945066045,53.3354744541858],[-6.0880275000638076,53.33396799285588],[-6.091163123425975,53.332841150924374],[-6.0916790186033705,53.33273470070533],[-6.093479856575577,53.332597055038384],[-6.094024843212756,53.33239428715277],[-6.094343645989307,53.33198927126964],[-6.094118386368157,53.3313009165007],[-6.093705876725311,53.33096827489224],[-6.092412072749663,53.3306543169557],[-6.091945688992179,53.33043797255166],[-6.090572827423244,53.32933984224184],[-6.08935698967298,53.328532973496934],[-6.087628924104681,53.32673819824119],[-6.086633502881623,53.3259717216973],[-6.086292724628472,53.32560058647028],[-6.086308644233668,53.32515256008579],[-6.086721263775856,53.32478933763553],[-6.0888645636384755,53.32385550473902],[-6.0895997336857715,53.32357917201555],[-6.0901845650857585,53.3233912443623],[-6.090380330617388,53.32332889439367],[-6.090576276160977,53.32326653740624],[-6.090772263204209,53.323204081414],[-6.091163807740343,53.32307850447104],[-6.093037176999384,53.32242964809808],[-6.0940512536459295,53.32199978363445],[-6.095132115285297,53.32140541630292],[-6.095244184633102,53.32131672184995],[-6.095269781474911,53.32129085596471],[-6.095294758961623,53.321265692388955],[-6.095343622279054,53.32121724250736],[-6.095442347154981,53.32112624421432],[-6.095650284032182,53.320976352411364],[-6.096194647360588,53.320658856112566]]},"properties":{"route":null,"routes":[],"category":null,"colour":null,"route_colour":null,"pdf_colour":"#ef3b2c","source":"pdf-future","phase":"future"}},
{"type":"Feature","geometry":{"type":"LineString","coordinates":[[-6.096453781449755,53.32059063275196],[-6.097410648737393,53.319930905529354],[-6.098495687704179,53.319447735400374],[-6.1010406157983095,53.31887126695621],[-6.104595691437059,53.31801150260448],[-6.105053593727904,53.317904120847025],[-6.105283228117254,53.31785168033032],[-6.105513309026505,53.31779997671058],[-6.105974783476563,53.317698490128855],[-6.114068464231182,53.31600382340902],[-6.1156987225604915,53.31564995416939],[-6.115923985783608,53.31560167960133],[-6.11614937368776,53.3155535889945],[-6.1166004300662795,53.315457807987556],[-6.118179619715114,53.315122795112984],[-6.120318829105446,53.31465710047587],[-6.123126954720933,53.31396838269118],[-6.1241944791133625,53.31353204553065],[-6.124682544999817,53.31312240325663],[-6.124947752344026,53.31283433657571],[-6.125171201492188,53.312572798650535],[-6.125238017218286,53.31249887155494],[-6.125272543045167,53.312462453551035],[-6.125307980166631,53.31242650925361],[-6.125587123208679,53.31220427750236],[-6.125662405842763,53.31215939251581],[-6.125701112959523,53.312137317047],[-6.125740254802707,53.31211544135377],[-6.126009044221467,53.311965076052054],[-6.1264459304913945,53.311703365091944],[-6.127200487962099,53.31145292701618],[-6.128948842107167,53.311308581208934],[-6.129827156391027,53.31132515389317],[-6.130893950964388,53.31122186768568],[-6.132492388661941,53.311271097012444],[-6.13308687316639,53.31154456277237],[-6.133964666124723,53.31154451376799],[-6.1360455541454275,53.311713342107495]]},"properties":{"route":null,"routes":[],"category":null,"colour":null,"route_colour":null,"pdf_colour":"#ef3b2c","source":"pdf-future","phase":"future"}},
{"type":"Feature","geometry":{"type":"LineString","coordinates":[[-6.052577785418987,53.36619311424664],[-6.052746990703932,53.367680441251046],[-6.052625113234765,53.36779719069413],[-6.051516500683421,53.36775786153876],[-6.047881615874479,53.36800204867174],[-6.047186823509593,53.3679948303761],[-6.04605384450736,53.36767883169516],[-6.044972699451171,53.36774710428498],[-6.045765059604635,53.36862355528508],[-6.045572259402102,53.36905407605056],[-6.0459803774918415,53.37000654226913],[-6.046590602173825,53.37057153604312],[-6.047969471230183,53.37126489220264],[-6.048909838479837,53.371828201408505],[-6.050784154403136,53.37309826670966],[-6.051502490315317,53.37356528181945],[-6.052260539521657,53.37409206352715],[-6.054261490192502,53.37541301612446],[-6.054848197495732,53.375850217425814],[-6.054318660613801,53.376179917376064],[-6.054122809566712,53.37653978463183],[-6.0540899041737815,53.37654098058412],[-6.0540524513075,53.376542722350074],[-6.054025574585249,53.37654388711804],[-6.053992909949287,53.37654522526386],[-6.053821271904747,53.37655088708395],[-6.053624625786506,53.37655362478294],[-6.053577894109088,53.376553318110645],[-6.053533824336167,53.37655247254535],[-6.0534932614495665,53.376551016859985],[-6.052777968978214,53.376513806368315],[-6.052681755406696,53.37699952347804],[-6.053078847237948,53.37735733271387],[-6.053720176080313,53.37762070967014],[-6.054180958364485,53.37818726368837],[-6.054803679510225,53.37927835160155],[-6.055352575491269,53.379977257400014],[-6.056482551996898,53.3806348895783],[-6.0567907637767195,53.38092861056445],[-6.05684462082544,53.38150314456718],[-6.0563269709806455,53.38270684305756],[-6.056300399991783,53.38394873860941],[-6.056517637573458,53.38457279193293],[-6.0561532127771365,53.385369918405374],[-6.055473349565357,53.386375746130476],[-6.056082930840158,53.387112812269905],[-6.05681258492184,53.38762022934967],[-6.0595072759334645,53.38861373053933],[-6.0603027831669865,53.3891230791943],[-6.060649125144457,53.389919257903315],[-6.060723541004434,53.390427901968415],[-6.060643876779276,53.39131212508802],[-6.060919885207717,53.39201403027179],[-6.061034318732019,53.392798643520905],[-6.0609459487408275,53.39374798314756],[-6.061016815250091,53.39530068903787],[-6.0608595654224064,53.395988373576245],[-6.060149205272254,53.39753902193249],[-6.059907704711567,53.39839400050154],[-6.05933803276145,53.39924665108916],[-6.058603502613261,53.399824704563244],[-6.057721106369354,53.400326904769685],[-6.057880555482382,53.40070191678404],[-6.057700713553332,53.401000646296296],[-6.057570487941263,53.402025140632375],[-6.056620913792544,53.40254827093381],[-6.056665543576758,53.403319339872915],[-6.056018868502355,53.40399313215957],[-6.0557322791803,53.404509297541296],[-6.054989912182,53.40503590193006],[-6.055280438455456,53.40563748766996],[-6.057095934875016,53.40733544098509],[-6.056955992465741,53.40746247231135],[-6.053402737288861,53.40727256232152],[-6.05352935149267,53.4079402803539],[-6.05388046097654,53.408481640437245],[-6.0537097248256,53.41060081420575],[-6.053806745923146,53.41085774611124],[-6.054512773813849,53.411666018791664],[-6.054660602124583,53.413310109383715],[-6.055067727526807,53.41493449416861],[-6.051383838085914,53.41519197868634]]},"properties":{"route":"H3","routes":["H3"],"category":"spine","colour":"#d62728","route_colour":"#f032e6","pdf_colour":"#66ae3e","source":"pdf-future","phase":"future"}},
{"type":"Feature","geometry":{"type":"LineString","coordinates":[[-6.149028754622653,53.35577994468373],[-6.14922354055074,53.35661980328094],[-6.1490397105147725,53.356850808066376],[-6.146822761866479,53.35720074997146],[-6.146659945577994,53.35734801107291],[-6.147013455180847,53.35815058398444],[-6.147875485671042,53.358495328028404],[-6.149193736658476,53.358257638430686],[-6.14990183685091,53.35822900621873],[-6.151365023434219,53.358427721620394],[-6.152565247820517,53.35890340275623],[-6.153182415506863,53.359389082535934],[-6.153099494344544,53.360200709121656],[-6.153311271647016,53.36090192124139],[-6.154087341148313,53.36175256009797],[-6.154249625149136,53.363227273302776],[-6.154178122633534,53.363712414642556],[-6.154320859324249,53.36441016812048],[-6.153236767320999,53.36507030697214],[-6.152417204181788,53.36569350526419],[-6.152178696272023,53.365734956415736],[-6.1502214926027765,53.365551588472506],[-6.146383988937939,53.365815763978375],[-6.145706327348897,53.36592297138108],[-6.144895657184611,53.366391971281764],[-6.143334909425149,53.36647082783767],[-6.14319677329691,53.36658533401519],[-6.143845187675344,53.36784016406621],[-6.143864838851944,53.369305018098245],[-6.143700569075862,53.37005015347097],[-6.143261284042383,53.37123030562121],[-6.142964667017089,53.37133062064055],[-6.1420258286679,53.371240489446734],[-6.141261721365624,53.37103476360064],[-6.140337447755754,53.370966855865966],[-6.13885847224857,53.37050577885021],[-6.138117427073882,53.37016623312777],[-6.136763043685083,53.37001299743575],[-6.135329698786402,53.370104585251845],[-6.132936307307332,53.36980309089828],[-6.132715484917142,53.36997347760312],[-6.133096635842715,53.37126138863997],[-6.133198967242887,53.371566459069236],[-6.133282738753431,53.37180794389453],[-6.133299934445835,53.37185718040853],[-6.1333143895898115,53.37189849444349],[-6.1333351033594985,53.3719575586635],[-6.132702122326221,53.37220627420731],[-6.132112992279914,53.37222372970617],[-6.126919614542102,53.37201315399667],[-6.125110251331773,53.37186115563591],[-6.124604567109097,53.37192770317984],[-6.122761206135503,53.37185865171023],[-6.120745192726024,53.371724404966876],[-6.120720661896042,53.37172313474894],[-6.120673263864255,53.37172476099521],[-6.120588844131245,53.37174300443477],[-6.120491284530434,53.37182604884992],[-6.120488364047999,53.371839627108685],[-6.1204838924040725,53.3718722793905],[-6.12048339692422,53.3718754749157],[-6.120482903359821,53.37187856056381],[-6.120482412158572,53.3718815299596],[-6.1204804799390375,53.37189211751495],[-6.120438670079053,53.37206564289618],[-6.120085466481742,53.37322170456823],[-6.119438318742519,53.37379749232126],[-6.119203980720387,53.37436606611133],[-6.118391093632728,53.37682366006666],[-6.118019261653878,53.3775448496463],[-6.117777963319622,53.377664073291626],[-6.1147720163547525,53.377525018601574],[-6.114370767230681,53.37758866465744],[-6.113077820157957,53.37843289417376],[-6.113100696352991,53.37872890420625]]},"properties":{"route":null,"routes":[],"category":null,"colour":null,"route_colour":null,"pdf_colour":"#66ae3e","source":"pdf-future","phase":"future"}},
{"type":"Feature","geometry":{"type":"LineString","coordinates":[[-6.111945217672399,53.35506182797282],[-6.113499175838576,53.35424612841057],[-6.1139981200113604,53.35392498324485],[-6.118830247373732,53.35402646396431],[-6.119267989129748,53.3540469935173],[-6.119291333554532,53.354047848230174],[-6.119320830118817,53.35404859747984],[-6.119395767981459,53.35404970856022],[-6.11959184085199,53.35404988384],[-6.11981602079041,53.35404638288766],[-6.120828465570561,53.354017211850625],[-6.122418887384173,53.35428962742931],[-6.1231764089343965,53.35424700692335],[-6.1243434337379545,53.35402123377367],[-6.125437508432875,53.35400552928361],[-6.126349750838991,53.35408695501197],[-6.1279906733604035,53.354397097847944],[-6.129419013509741,53.3545511195096],[-6.12990939165287,53.35456242818737],[-6.130059806445486,53.35456277934777],[-6.130127318438292,53.35456269825676],[-6.130188144741898,53.354562559911905],[-6.130241118791155,53.35456244970846],[-6.130318843866027,53.35456265530674],[-6.130353763297792,53.35456231695677],[-6.130456791816375,53.3545581357606],[-6.130591233437524,53.354550429331304],[-6.130665419247498,53.35454568443994],[-6.130741680436236,53.35454057458315],[-6.131993756122155,53.354454183592125],[-6.1326221443837685,53.3543974731685],[-6.133695063416585,53.354050821737374],[-6.134061799973149,53.353631767672596],[-6.134249625229653,53.35306343681182],[-6.134515577690478,53.35295662238714],[-6.136710082130499,53.3531985038855],[-6.138314354870348,53.352849252918986],[-6.139605315274823,53.352451742645904],[-6.1409196669438275,53.35236384558336],[-6.142007152026532,53.351884841348905],[-6.141504885619553,53.351525486520394],[-6.1438242168287225,53.3501917286204],[-6.145087018057232,53.34864832498892],[-6.1459344201575234,53.34858809390075],[-6.148509894777578,53.34859210122124],[-6.14935021041413,53.348764496999145],[-6.149071551715623,53.350675628626384],[-6.148506917599556,53.3517575494967],[-6.148542426923987,53.35211716027744],[-6.149001714589687,53.35313817496807],[-6.1487199662140695,53.35388640863879],[-6.148901058161731,53.35522908957324]]},"properties":{"route":null,"routes":[],"category":null,"colour":null,"route_colour":null,"pdf_colour":"#66ae3e","source":"pdf-future","phase":"future"}},
{"type":"Feature","geometry":{"type":"LineString","coordinates":[[-6.114730019383757,53.37871838563629],[-6.1154673275132065,53.378350999737144],[-6.1179733881290375,53.37847751363004],[-6.118842293390505,53.37906857241598],[-6.119121677281827,53.37939610449106],[-6.119181653961212,53.38006068337234],[-6.11893252849262,53.38067154384515],[-6.118960482109029,53.3812601404518],[-6.119296291769722,53.38166870434095],[-6.119878979850951,53.38199086873897],[-6.12267931090801,53.38270937076529],[-6.124466595778546,53.383341625361936],[-6.125964183803637,53.383611437106694],[-6.127280590193862,53.38360973932223],[-6.128294487683244,53.38427628657095],[-6.128697263680261,53.38442053891006],[-6.130575607327165,53.38477270302356],[-6.1330399645313,53.38475688556055],[-6.134654747998147,53.38454672171401],[-6.136191544494522,53.38456811679671],[-6.136202487860511,53.38456994723545],[-6.136225991734908,53.38457410755315],[-6.136260428120666,53.384580306543484],[-6.136474938836365,53.38461966510445],[-6.136734129970066,53.38466834592075],[-6.136793699090952,53.38467978867971],[-6.136847920752728,53.38469035804796],[-6.136962221012921,53.384713913745074],[-6.137208058130702,53.38477233388938],[-6.137329944173662,53.38480316191363],[-6.137360235195714,53.38481108677088],[-6.137390440557375,53.38481910787282],[-6.137450567369706,53.38483545701922],[-6.13757096641239,53.38487010849331],[-6.138244896983885,53.38512075393192],[-6.138989250179266,53.38555839618078],[-6.139719578431041,53.38631334036934],[-6.138969161017684,53.3869462411176],[-6.138746392200125,53.38752170505939],[-6.140145415393183,53.38794982925563],[-6.142843675274624,53.388346942754076],[-6.145124076248134,53.38873457491957],[-6.148360255918071,53.388836425674114],[-6.148795628992859,53.38892212584238],[-6.150526988682327,53.38974280194797],[-6.1511201999311975,53.38991223395998],[-6.1512947902460375,53.39001583777814],[-6.151415424001759,53.39010913962108],[-6.151472180979622,53.390157320897906],[-6.151500112763047,53.390181485079275],[-6.15152791560737,53.39020558055751],[-6.151555716161018,53.3902295190338],[-6.151611816989994,53.390276571785236],[-6.151898551322062,53.39050113360653],[-6.152200661308121,53.39071879609004],[-6.153494285871502,53.39146968210638],[-6.154013091284103,53.39146286038027],[-6.154642044801268,53.391513488028615],[-6.154881596703243,53.39153602848236],[-6.155001433940528,53.391547890955955],[-6.155121243766094,53.391560131262274],[-6.1565439797151456,53.391735426022],[-6.159127358100115,53.39211074128157],[-6.161879880715563,53.39219535948149],[-6.16326564446426,53.392296221481324],[-6.163617729845313,53.39236074999074],[-6.164589625581977,53.39263886987482],[-6.165513294406801,53.392885334366014],[-6.165745340091147,53.39294562431682],[-6.165977611529216,53.393005627882076],[-6.16667465217812,53.393185140680615],[-6.167138406368645,53.39330562138147],[-6.167682010679708,53.393449060214024],[-6.168571943736258,53.393799496813635],[-6.170748128393015,53.39447751849603],[-6.17267126995605,53.39576469286741],[-6.173635413469104,53.39617675282061],[-6.1770509090502745,53.39709453382797],[-6.178286636370024,53.397348752900065]]},"properties":{"route":"D2","routes":["D2","H2","H3","X78"],"category":"spine","colour":"#d62728","route_colour":"#f58231","pdf_colour":"#66ae3e","source":"pdf-future","phase":"future"}},
{"type":"Feature","geometry":{"type":"LineString","coordinates":[[-6.114566185181056,53.3790173924819],[-6.115507610826652,53.378460230399384],[-6.117593221372656,53.3785727027231],[-6.117755445704251,53.3787387143939],[-6.116219260765782,53.379762411349944],[-6.11479736575346,53.380529609789924],[-6.113783897813503,53.381171332164804],[-6.114220486872622,53.38184717547522],[-6.11527375637483,53.38257929502653],[-6.116127467683225,53.38305040926609],[-6.117828944560106,53.383785741515844],[-6.117962222050127,53.383931950067996],[-6.117627478775617,53.384607163967004],[-6.116455710371385,53.38571594693289],[-6.116596001845396,53.38593832923236],[-6.11853805439742,53.38654670809986],[-6.120393920361743,53.386978038018114],[-6.120593067981682,53.38702043747314],[-6.120792699738035,53.38705799319138],[-6.120850764136021,53.38706873088453],[-6.120910799968339,53.38707975907373],[-6.121034203637519,53.38710218892152],[-6.121477560764849,53.38717862721636],[-6.1217227057642045,53.38721547009997],[-6.12186199061345,53.387235335561265],[-6.12201007856426,53.38725594260069],[-6.12232564837613,53.38729871810933],[-6.123449624671172,53.3874474156567],[-6.124131956316152,53.38754241595633],[-6.124300093242438,53.387565614291546],[-6.124478652472164,53.38759015100504],[-6.124665527598381,53.387615857339604],[-6.1250557999125,53.387670103843085],[-6.125843453392946,53.387785206985484],[-6.12681402775487,53.38796247184932],[-6.128082964289924,53.38831202225834],[-6.129136451867946,53.38851852210045],[-6.1327604167182646,53.3890058966869],[-6.134386189379265,53.389286584565276],[-6.135542631649997,53.389532755619356],[-6.135731409154351,53.389574911389126],[-6.135845042435026,53.38960067732952],[-6.135905044083498,53.38961434650036],[-6.135966549594921,53.389628392828506],[-6.136456979930035,53.38974111323439],[-6.136618641701721,53.390018183249076],[-6.136028215033375,53.390439446801814],[-6.134392549835214,53.392126010690504],[-6.133244226467671,53.392607264512705],[-6.132817362761882,53.39297540862355],[-6.1327283201228315,53.393501841334015],[-6.132815854506059,53.39476132433393],[-6.133010023991155,53.394880016032765],[-6.134573296541159,53.394828098127874]]},"properties":{"route":"H3","routes":["H3"],"category":"spine","colour":"#d62728","route_colour":"#f032e6","pdf_colour":"#66ae3e","source":"pdf-future","phase":"future"}},
{"type":"Feature","geometry":{"type":"LineString","coordinates":[[-6.052982582868957,53.36556694657862],[-6.05300908965396,53.365787798032464],[-6.05300882054145,53.36580616140059],[-6.053008103703155,53.36582463053787],[-6.053005941185991,53.365900143518544],[-6.053005357016691,53.36597594125812],[-6.053008496144127,53.366128228579484],[-6.053029011220323,53.366434433549536],[-6.053148816802299,53.36740063307269],[-6.053383154334581,53.3675022108125],[-6.054779671454642,53.36746307841941],[-6.055806487494243,53.367525458300534],[-6.056798182985664,53.36770377770742],[-6.056924064255848,53.36773391729944],[-6.056955354816754,53.36774166329672],[-6.056986563969619,53.3677494761958],[-6.057048719040449,53.36776526762351],[-6.057171843167109,53.367797267466386],[-6.057501463440184,53.367884055630476],[-6.057775412952733,53.36795168735553],[-6.0589331196481675,53.36812444268037],[-6.059249263954344,53.36835272320097],[-6.0605508142541495,53.36894090508652],[-6.061685121738008,53.36920412593764],[-6.062584759065705,53.369511909386986],[-6.063053574307132,53.36985565558776],[-6.064049283940613,53.370942140965035],[-6.064904843023421,53.371614912748846],[-6.064924754918572,53.37177492743258],[-6.063862227369923,53.37255953072124],[-6.061864422739665,53.372330992531865],[-6.062230216906203,53.373153563897695],[-6.062338368183509,53.375587760996815],[-6.063513734957306,53.37592330650275],[-6.065934326700669,53.376370569597825],[-6.067049394382692,53.37670149888415],[-6.067080225575804,53.37717537898524],[-6.0688218453332095,53.37783986515105],[-6.069543713704666,53.37820632449011],[-6.0699957551413775,53.37859333423204],[-6.070649689645268,53.378873489608935],[-6.072267590127611,53.37923012048133],[-6.073096186660341,53.37948462737398],[-6.074247978429382,53.38003656674863],[-6.075654159044666,53.380849693898575],[-6.075897756495852,53.381558656656594],[-6.077107881570582,53.382548178291934],[-6.080991207750662,53.3848625889284],[-6.081790291111233,53.38528056552104],[-6.083227142600105,53.385805058088636],[-6.084161402588451,53.38706087791601],[-6.085013506441996,53.38773986410715],[-6.085238192670215,53.388397018346],[-6.085138550880397,53.38869882687852],[-6.085068124096772,53.3888471612769],[-6.08503107069244,53.38892045495085],[-6.084994052121537,53.38899307825244],[-6.084958014515395,53.389064965165026],[-6.084948755710984,53.38908301951434],[-6.0848727722899705,53.389216230584815],[-6.084841986195854,53.38929628514913],[-6.08523952560687,53.389960234932154],[-6.086416763935039,53.39015785081494],[-6.088634046891576,53.39070451847336],[-6.090708025636423,53.391144506697486],[-6.092380443251088,53.391353803818646],[-6.093438436226176,53.39170577933152],[-6.0941705049778845,53.39167874260245],[-6.0948040875003535,53.39181072418005],[-6.096020009721946,53.39252863103041],[-6.096193998871561,53.392723091032906],[-6.096282483557819,53.39457459554054],[-6.096428464184176,53.3954440261936],[-6.096990186179397,53.39657114465946],[-6.096706739958439,53.39703182173697],[-6.097095858284279,53.397344285956216],[-6.098421238784189,53.397437318055744],[-6.099810967960474,53.39797560553142],[-6.102292938124487,53.39884315643154],[-6.102669915235231,53.39883283481518],[-6.103144870351463,53.39832527942319],[-6.1040242718985755,53.398210956597005],[-6.104940791695526,53.397829211983314],[-6.106718902248705,53.39790434206558],[-6.1069833210156075,53.39778596309827],[-6.107613876908103,53.396634307287854],[-6.107623555909145,53.39659010842962],[-6.107631009867477,53.39654827721742],[-6.107638446562773,53.39647459724924],[-6.107634594807507,53.396419026419494],[-6.10758713743045,53.3961799406029],[-6.107736027505642,53.39574452370864],[-6.1081593747009055,53.39506478836861],[-6.109158785901899,53.394083265287556],[-6.109452284754179,53.394003522584846],[-6.110774224451204,53.39409563708015],[-6.111446622764038,53.39452620725013],[-6.111557534608127,53.39499748977742],[-6.11248618475406,53.39526320159389],[-6.1134935756516136,53.3953143014984],[-6.115112162611696,53.39588923570293],[-6.11657159472663,53.395096457127266],[-6.116657323194567,53.39471467675139],[-6.116148672350022,53.39463206147724],[-6.114658098211812,53.39465429318044],[-6.113894665814787,53.394454263305015],[-6.113646624824538,53.39407665409837],[-6.113163482465611,53.393816669766814],[-6.1122841196763,53.39357110702694],[-6.111803640536811,53.393223201283654],[-6.111538169843538,53.39274977995111],[-6.110698322593281,53.39239275867619],[-6.110515772903485,53.392026496314706],[-6.111050773025476,53.391495706452964],[-6.111965443826961,53.390843701268544],[-6.111924800563208,53.390615260178194],[-6.111179791514355,53.39040299940187],[-6.1094864461469705,53.3901226849769],[-6.108915709691712,53.39002616891549],[-6.108631565711529,53.38997512014101],[-6.108489847070597,53.3899488114894],[-6.108348382009981,53.38992194701261],[-6.107803817175183,53.38981173772376],[-6.105676128666388,53.38929179768065],[-6.103975397039496,53.38883145902974],[-6.103063389220508,53.38859225553391],[-6.1028042134888265,53.388522105269494],[-6.102675291968773,53.38848621591408],[-6.1025469302411945,53.388449646901826],[-6.100511705371426,53.387725522787925],[-6.100470846820319,53.38751470406423],[-6.101426602675515,53.38695314897273],[-6.1017752192683,53.38658875601434],[-6.102222537838696,53.38579196704154],[-6.102583806660441,53.38488380152928],[-6.102611912244955,53.384823905922225],[-6.102640208202698,53.384768166422695],[-6.102671146822103,53.384713147902154],[-6.102740784814555,53.38460529043947],[-6.102909933194628,53.38439841031791],[-6.103358354580244,53.384020921211764],[-6.104622707292877,53.38338117219065],[-6.105294332351393,53.383176475908165],[-6.109097874560771,53.38235343164359],[-6.109440861414224,53.38215248088269],[-6.111403660514791,53.381729591916674],[-6.112310921029912,53.38147486992218],[-6.113242689974723,53.381092355096506],[-6.114470860708949,53.38032583337238],[-6.115568920074432,53.379733762391695],[-6.116953623212888,53.37888047831204],[-6.115643375430851,53.37873945953662],[-6.114916169518699,53.3792578964809],[-6.114362775298674,53.37927170442765]]},"properties":{"route":null,"routes":[],"category":null,"colour":null,"route_colour":null,"pdf_colour":"#66ae3e","source":"pdf-future","phase":"future"}},
{"type":"Feature","geometry":{"type":"LineString","coordinates":[[-6.196335642245756,53.335417997719496],[-6.19606227400478,53.33547371169382],[-6.196044373727605,53.33547693341578],[-6.196026194333128,53.33547931052511],[-6.1959523252538125,53.33548061149139],[-6.195880548984126,53.33546935327651],[-6.195788286298968,53.33543058807597],[-6.1953277536211795,53.33513342704176],[-6.194966022069112,53.335125645329036],[-6.19427605266479,53.335561200119386],[-6.194571531792165,53.33579159334916],[-6.1963919185319964,53.33540245033633],[-6.196422067331998,53.335396857390016],[-6.196483542283396,53.33538999998608],[-6.196545678707223,53.33538877168252],[-6.196667575990912,53.33540251973061],[-6.196850543692343,53.335475009747434],[-6.197655666285599,53.33614393565572],[-6.1980684629321905,53.33675171504842],[-6.199254541693255,53.33888504578708],[-6.199861763093337,53.34007884393767],[-6.20007214650579,53.34140362025989],[-6.2006944473090755,53.342104473236084],[-6.201897423984868,53.34263610895816],[-6.20524821939832,53.34398763980358],[-6.206092097116416,53.34436277545016],[-6.206965664603445,53.34401682574956],[-6.208491403033247,53.34327154615528],[-6.209616207153008,53.342545376733405],[-6.2104761494814715,53.34222329282675],[-6.211357555394869,53.34213275986033],[-6.212522818351822,53.34230332446011],[-6.215539041319043,53.34291853629064],[-6.218330954879158,53.34353785169695],[-6.218465546378991,53.34373710757505],[-6.214937617643279,53.347226748767646],[-6.214497820987953,53.34753032497351],[-6.2129195518271025,53.34808983916564],[-6.213871657283164,53.35020518105805],[-6.213946657765357,53.3510130226729],[-6.213598411132888,53.35141508785592],[-6.212517219570346,53.35185826254655],[-6.212367653082298,53.35189001148841],[-6.21229187787697,53.35190462804358],[-6.21221550847984,53.35191861681426],[-6.211698621594287,53.35200687670634],[-6.211163421119318,53.3521325583533],[-6.211050077821269,53.35227307406521],[-6.212040405713166,53.35321042872123],[-6.212272383802089,53.35379432990559],[-6.212286118429498,53.354866061227504],[-6.212556261586409,53.35545616281021],[-6.213364953329617,53.356179764664255],[-6.2133840270869705,53.35626824304572],[-6.213369247082492,53.35628902839707],[-6.2133465866975515,53.35630788065718],[-6.213332291830699,53.35631636322275],[-6.212926081877766,53.35653106108186],[-6.21154285676659,53.357386298300064],[-6.2108246309971475,53.35769038230539],[-6.209606093629426,53.35787624142781],[-6.208265001331333,53.35776262486444],[-6.205674035986558,53.35725652163937],[-6.204415761800869,53.35717778412207],[-6.203099931528176,53.357390949899425],[-6.20266754911098,53.35867361750583],[-6.202335179602932,53.35911692411626],[-6.202291603136476,53.35915796098567],[-6.202246154372346,53.35919844559177],[-6.2021496475653315,53.359277804622],[-6.201940025708086,53.3594262743019],[-6.200761781625343,53.360161656565424],[-6.200132307958684,53.36075057380457],[-6.199993047595527,53.360967066429914],[-6.199920500751013,53.36102072493907],[-6.199849155514542,53.361040709495796],[-6.199829345154092,53.361043423804055],[-6.19980894121664,53.361045158101824],[-6.199745148159925,53.36104414454153],[-6.1983806665073935,53.36100101998845],[-6.196079707581593,53.36118781457439],[-6.195270290204453,53.361133610886455],[-6.194012949760612,53.36071842617657],[-6.192789026405392,53.36066915570102],[-6.1916533428026135,53.36095504992761],[-6.190574802290391,53.36094321861505],[-6.189512372132619,53.36065847037146],[-6.188656891620479,53.360673935911045],[-6.187476939843923,53.360983628328164],[-6.1861136986829806,53.36101208041722],[-6.182331009687822,53.361923301606105],[-6.181877420989554,53.36241864234726],[-6.181867304720088,53.36243160779777],[-6.181840664484386,53.3624544492878],[-6.181766795066182,53.362486779868505],[-6.181552886983819,53.36248403908603],[-6.180759744170142,53.36227254878682],[-6.179525505819918,53.3621274810324]]},"properties":{"route":"81","routes":["81","L13","S2"],"category":"radial","colour":"#9467bd","route_colour":"#7f7f7f","pdf_colour":"#66ae3e","source":"pdf-future","phase":"future"}},
{"type":"Feature","geometry":{"type":"LineString","coordinates":[[-6.200678250804714,53.34209528019276],[-6.200767252185812,53.34226513247457],[-6.200743141135877,53.34228146370407],[-6.20071912122861,53.34229431140045],[-6.2007107143430344,53.342298675898554],[-6.200702113355886,53.342303072772836],[-6.200693321881167,53.3423074968692],[-6.200646633684086,53.34232984528912],[-6.2004854637237345,53.34240615922256],[-6.200396506339459,53.342466952054345],[-6.200175316921462,53.34283996014401],[-6.200314862164967,53.34360678606432],[-6.2002583175022075,53.34429219251163],[-6.200392594785066,53.34469533693581],[-6.200526405991846,53.34488705305508],[-6.2006138968453115,53.34499179940273],[-6.2008158126371775,53.345272500504],[-6.200720489528915,53.34540027392671],[-6.192812601704497,53.34700410374737],[-6.191527418472365,53.34726496586546],[-6.190293950849621,53.347515426615495],[-6.188123340431311,53.34795656013225],[-6.185955664896534,53.34839958807857],[-6.185764570810755,53.34850078163033],[-6.186196472813112,53.34956381769116],[-6.186670635138423,53.35008173155036],[-6.187382407685952,53.35050839927467],[-6.18885481516778,53.3510708275198],[-6.188926957272494,53.35127418517604],[-6.188206976393414,53.351844231543886],[-6.1878579593551395,53.352556563324384],[-6.18750837308526,53.35371430437917],[-6.1862990078475875,53.35465561225757],[-6.18564790355651,53.35543533080487],[-6.185171002650966,53.35662005053438],[-6.184221601102191,53.35751362117997],[-6.183731674427549,53.35836149793734],[-6.1829333519415135,53.358917898516175],[-6.181568171550568,53.35951407238938],[-6.181429755048099,53.359583556812794],[-6.181292765015888,53.35965418947273],[-6.181022339813444,53.35979813599431],[-6.17996147037409,53.360381676149935],[-6.179054136109124,53.36083806516192],[-6.179155207011386,53.36118442363722],[-6.179834954853723,53.36170757939153],[-6.179815358125694,53.36182404213698],[-6.179798646419927,53.361857676262815],[-6.179778324375196,53.36189191226675],[-6.1797290786099195,53.36195977891357],[-6.179701269559914,53.36199220405878],[-6.179672079512022,53.36202282008673],[-6.17961178576366,53.36207621379548],[-6.179524921038716,53.362127667258136]]},"properties":{"route":"10","routes":["10","97"],"category":"radial","colour":"#9467bd","route_colour":"#ffbb78","pdf_colour":"#66ae3e","source":"pdf-future","phase":"future"}},
{"type":"Feature","geometry":{"type":"LineString","coordinates":[[-6.174597767619958,53.36073732654216],[-6.174254496133711,53.360604580301136],[-6.173180824334259,53.36063064418582],[-6.172767962825617,53.36042080298435],[-6.172839772850959,53.35962005593024],[-6.172714495900259,53.359487045035614],[-6.17120414457806,53.3590496918814],[-6.165020872178423,53.35763285134576],[-6.160107723652826,53.356531469674934],[-6.156643604185557,53.35525049943369],[-6.155825093437795,53.35524262295879],[-6.154122477568567,53.35502414187826],[-6.1526836518470445,53.355156670782634],[-6.150965545485806,53.35551698033711],[-6.148760904381306,53.355788817439546],[-6.146662673781204,53.355839581706185],[-6.1458740071431945,53.35593758684872],[-6.144976016922173,53.35625393225196],[-6.143968759414565,53.35683787674615],[-6.143134332681819,53.357449693534605],[-6.1424355613367005,53.35777545592189],[-6.14111063464367,53.35803114052588],[-6.139892230747834,53.35798950323914],[-6.137602598862096,53.357774946484525],[-6.134555267073429,53.35778182195964],[-6.13350335643116,53.35760505100187],[-6.133411494739815,53.35750243166103],[-6.13339206280911,53.35746109551356],[-6.133354111601521,53.35737692864871],[-6.133263305937899,53.35717264237417],[-6.133193080195328,53.35703652043869],[-6.133123145176889,53.35694673315328],[-6.132962020459102,53.35681880724769],[-6.13283200625416,53.356718608675166],[-6.132760174680446,53.356663715268546],[-6.132685903360291,53.356607250461515],[-6.132610774719486,53.35655043276397],[-6.1325363711838214,53.35649448068576],[-6.1323960691310795,53.356390047426906],[-6.132230614985299,53.356270352430684],[-6.130994297590945,53.35543174281988],[-6.130277378280826,53.35466346393686],[-6.130228155149963,53.35458350350271],[-6.130189775460151,53.354507111092744],[-6.130134524276851,53.35428687894618],[-6.130202749052437,53.35346743461915],[-6.130456575525656,53.35277811840642],[-6.13295051403583,53.34769030628875],[-6.133819323077068,53.34587668023306],[-6.130329629000525,53.34525229994618],[-6.127383799524999,53.3450846336282],[-6.126487191784189,53.345118500438204],[-6.1252846490015,53.34558719497352],[-6.124777326714151,53.34667557140592],[-6.122819374099396,53.34632553713686],[-6.1212523592419,53.346211869474],[-6.121198765016281,53.34620015438385],[-6.121158049327106,53.34618715099312],[-6.121136189405382,53.34617843674522],[-6.121114204406444,53.34616810404154],[-6.121012014627213,53.34604142284682],[-6.120855981539449,53.34478801794583],[-6.120674533747257,53.34417686047318],[-6.1198522268596065,53.34258461657009],[-6.1191580680757065,53.34060475641735],[-6.118880286346293,53.33919657637627],[-6.118417394044093,53.337934495534384],[-6.117558848173996,53.33632814529019],[-6.1168306502264675,53.33635426293892],[-6.1138819889695775,53.337691413497424],[-6.112323753286964,53.33817929768415],[-6.112118575870256,53.33816901180923],[-6.112037731991337,53.33812014037977],[-6.111992415245238,53.338088086151],[-6.111969200017068,53.33807099607575],[-6.111945889214381,53.33805331178496],[-6.111855825191929,53.33797834884165],[-6.111753008857174,53.33786266715056],[-6.11150273912182,53.33688318220563],[-6.111631564132307,53.33578887841901],[-6.11136085058107,53.335310503652494],[-6.111133649545118,53.335301646917856],[-6.111039076009368,53.3353096773665],[-6.110894698003731,53.3353243760957],[-6.11084810347487,53.33532887141281],[-6.110803192540943,53.3353327013749],[-6.110649800472014,53.335337378294966],[-6.1099184492515555,53.33507406340062],[-6.109743741596593,53.334826649483446],[-6.109681697024068,53.334719524415725],[-6.109656291668897,53.33467170446401],[-6.109634360312493,53.33462832132304],[-6.109627642917719,53.33461672766912],[-6.1091676980139225,53.3345922787776],[-6.10871625747918,53.33516994954083],[-6.108759866974135,53.33555700071961],[-6.108506838713985,53.335861102785344],[-6.107917198090783,53.33615378859563],[-6.1068438199051025,53.336453654675275],[-6.103809323906124,53.33763868119111],[-6.103341063383303,53.33715956326578],[-6.1022947183420095,53.336449926675776],[-6.100716969357804,53.335587222909126],[-6.099008191492486,53.334538536873644],[-6.099702574878692,53.33383476182707],[-6.100116152050797,53.33314831522028],[-6.099202876970039,53.332630232350645],[-6.097051615806538,53.332240646504474],[-6.096615129402823,53.33206798331855],[-6.096604510200966,53.33205174268109],[-6.0965939550687205,53.33203364270193],[-6.096572701672491,53.33199279196251],[-6.09648800921254,53.33182532132773],[-6.0960894474962215,53.331446479789264],[-6.095312777850045,53.33154196446567],[-6.0944589876052735,53.33143530981077]]},"properties":{"route":null,"routes":[],"category":null,"colour":null,"route_colour":null,"pdf_colour":"#66ae3e","source":"pdf-future","phase":"future"}},
{"type":"Feature","geometry":{"type":"LineString","coordinates":[[-6.1585725492086425,53.34345744540719],[-6.158516420014311,53.34388910811816],[-6.157383301511102,53.34399273539161],[-6.156120757760403,53.34420845112576],[-6.153943634675298,53.34433837173294],[-6.153442290655215,53.34426879009531],[-6.152759103011889,53.34450292674921],[-6.151690667290812,53.344597226753706],[-6.150021741167023,53.34458484644896],[-6.1497290308665615,53.34464668764602],[-6.149476960727221,53.346065119694345],[-6.149208244851863,53.34802457432625],[-6.148828273482198,53.348175404606614],[-6.145411925819845,53.34817996169709],[-6.14612044812413,53.3474492150332],[-6.1461244046001084,53.346986515031666],[-6.144973847604846,53.34621258693343],[-6.143339043975469,53.34559175068225],[-6.1407441616492315,53.345029294816534],[-6.1386687851093535,53.34500744296866],[-6.137718121867007,53.345164231847995],[-6.1361792031416815,53.34560557233139],[-6.135682448440459,53.34560755574974],[-6.134847120634346,53.345536095844835],[-6.134543361649459,53.34550149174499],[-6.134392568660093,53.34548367592754],[-6.134245682802376,53.34546601112635],[-6.134105091173504,53.34544886748739],[-6.133973180870673,53.34543261515663],[-6.133595391774302,53.3453854630762],[-6.132417165891669,53.34520213680058],[-6.131001772917041,53.34519747618768],[-6.127497891638443,53.344983179950596],[-6.126517867870629,53.34498940466024],[-6.125171645867296,53.34547826735118],[-6.124635674792498,53.34649442716616],[-6.124404781307706,53.34654314418336],[-6.122747343993609,53.34620923747525],[-6.1212748172424005,53.34612117399027],[-6.121179119955958,53.34614129554861],[-6.121128956315217,53.3461696442649],[-6.121105535410364,53.34619011129214],[-6.121084074988198,53.34621542893109],[-6.121037855660384,53.3463254017605],[-6.120673040032436,53.34795352048617],[-6.119439664960053,53.3524112560941],[-6.119368605459948,53.352953625821584],[-6.119372523944097,53.353263701555626],[-6.119314185302606,53.35396359148806],[-6.1193144690121075,53.35401008820122],[-6.119306728737291,53.35404503919525],[-6.119299213373419,53.354063646713385],[-6.119288613765841,53.35408221823058],[-6.119086849847068,53.35416139787873],[-6.114171766046815,53.35405697006843],[-6.1123997526609655,53.35498122557865]]},"properties":{"route":null,"routes":[],"category":null,"colour":null,"route_colour":null,"pdf_colour":"#66ae3e","source":"pdf-future","phase":"future"}},
{"type":"Feature","geometry":{"type":"LineString","coordinates":[[-6.157353110357711,53.26876424660879],[-6.15595246774283,53.26918636604321],[-6.15480740218357,53.27005744207273],[-6.15348048831344,53.27138817493627],[-6.152958581087741,53.27177547388648],[-6.152469726951741,53.27217346277996],[-6.151599892444665,53.27351189579984],[-6.15106136022658,53.27421017576714],[-6.150171432883673,53.275143520883404],[-6.149804589225505,53.275523146157646],[-6.148896157372661,53.27646182551336],[-6.14756160254834,53.2777750945422],[-6.146036769290962,53.27884970257353],[-6.145533723346318,53.2790640543835],[-6.145242671654,53.27919941292164],[-6.145157394090236,53.279247838730036],[-6.144289305606448,53.28025499142665],[-6.144195076329021,53.2804511902834],[-6.1438027754276145,53.28129111543044],[-6.143724898119986,53.28146298760092],[-6.1435495337155555,53.28186145036205],[-6.143470648096468,53.28213767929265],[-6.143638710805309,53.28240730707521],[-6.143736783860882,53.28252389670232],[-6.1438126447355215,53.282616119736524],[-6.143900755559076,53.282722313080626],[-6.144262636378447,53.28314958563061],[-6.144476037131706,53.28345190922983],[-6.14470818203808,53.28492668293508],[-6.14471529073486,53.28573109480062],[-6.1451890695293185,53.28670076863541],[-6.145361145516013,53.28770264631171],[-6.145382989498551,53.28787106264068],[-6.145393114876022,53.28795923467718],[-6.145402571308081,53.28804824692326],[-6.145419063727325,53.2882233849289],[-6.145431639539011,53.288385662427046],[-6.145436200211622,53.28845859903877],[-6.145439471525864,53.28852426518718],[-6.145427545071577,53.28873557220836],[-6.145415225669009,53.288779237791125],[-6.145399570476065,53.28882712271307],[-6.145359913927843,53.28893232657064],[-6.145311897844494,53.28904473577329],[-6.1452857932326435,53.2891016273766],[-6.145258844643606,53.28915790231327],[-6.145150916559549,53.28936071537414],[-6.145026176763712,53.28954111054955],[-6.143459882210731,53.29154207363791],[-6.142637523678475,53.292008251845424],[-6.142468888141179,53.29263887738858],[-6.141723447155235,53.29340296797765],[-6.141103779705329,53.293663082048596],[-6.140867304369184,53.29424011980949],[-6.140853842171293,53.29450686098991],[-6.140879658041986,53.294695993489015],[-6.140884318987366,53.29474288275035],[-6.140886240847258,53.294789151588034],[-6.140883300596882,53.29487827869971],[-6.140879155129767,53.29492036232733],[-6.140873703863468,53.294960276238555],[-6.140825004563576,53.29515795587597],[-6.140810811820168,53.295186687789375],[-6.140790692680739,53.29521711499775],[-6.140664582163861,53.295351940048526],[-6.140234241021793,53.29575520942622],[-6.140106140587241,53.29599938714983],[-6.140047232283418,53.29619430564956],[-6.1399886985490255,53.29644669960094],[-6.139954216338497,53.29657284524455],[-6.139935776425993,53.29663365393611],[-6.139916719524497,53.29669256152517],[-6.139758452133984,53.29706013113577],[-6.139084182672252,53.297829318553426],[-6.13844877959166,53.2981836621832],[-6.137920409485886,53.298694239880376],[-6.1376045032338515,53.29935520872909],[-6.136866085978052,53.29985895688865],[-6.13599267511507,53.300652146269556],[-6.134903894396368,53.301280730775936],[-6.133426144728616,53.3025104744732],[-6.13237911887583,53.30327120756647],[-6.131058905055502,53.30438390606627],[-6.130382512461024,53.304743309524746],[-6.1271802454176205,53.30513833697642],[-6.126170842178787,53.305395083704255],[-6.12484389575495,53.30604652159208],[-6.124267818598532,53.30606159939575],[-6.12179805005408,53.30589432948393],[-6.119873758912518,53.30565450112658],[-6.114975415636889,53.30527346987904],[-6.114021436223135,53.305241320010616],[-6.112688467924539,53.305377700945996],[-6.111074531237379,53.306060350492565],[-6.110369691065029,53.306699982415914],[-6.1096604444052725,53.307057587931176],[-6.108320276078257,53.30754661523509],[-6.105118641142739,53.308620533604255],[-6.104453682732378,53.30889440310242],[-6.104259268860417,53.30900423655433],[-6.104156101736505,53.30906668285483],[-6.104103831999387,53.309099065973264],[-6.104051411049045,53.30913194719414],[-6.103064016001739,53.309754019996355],[-6.102150979430335,53.31035042954452],[-6.101156944242973,53.310755099649136],[-6.100223394606812,53.31099343088748],[-6.0985021326629525,53.31121372485881],[-6.098096242336823,53.31153279497844],[-6.096427150490386,53.31213333541722],[-6.095749247323542,53.31219413537118],[-6.095635602383745,53.31247470040277]]},"properties":{"route":"B3","routes":["B3","B4","E1","E2","L21","L22","L27","S8"],"category":"spine","colour":"#d62728","route_colour":"#3cb44b","pdf_colour":"#66ae3e","source":"pdf-future","phase":"future"}},
{"type":"Feature","geometry":{"type":"LineString","coordinates":[[-6.100019971913826,53.374918735501126],[-6.100735557629673,53.37528647791303],[-6.100780009056008,53.3754712404094],[-6.100512424579191,53.37567012706076],[-6.1003697608077205,53.375776526838216],[-6.100299713957483,53.375828879763596],[-6.10023185824282,53.37587968287481],[-6.099887993478034,53.37614164898171],[-6.099532274452545,53.37653840471649],[-6.09951531696149,53.37655751045652],[-6.099975844966462,53.37728727745989],[-6.100818169584771,53.37727389730398],[-6.101085737458178,53.37725824382554],[-6.101217650886495,53.37724971924217],[-6.1012830192554635,53.37724535017844],[-6.1013479494064615,53.377240935719634],[-6.101624590676204,53.37722120282845],[-6.102326801282834,53.377167361683995],[-6.103784986363595,53.37717301666658],[-6.104698603006699,53.377389050106686],[-6.105164583536968,53.377628104596596],[-6.105228851803278,53.37779060282581],[-6.105221481153119,53.37781101393559],[-6.105210578371982,53.377830967054024],[-6.105178045641858,53.37786892337226],[-6.105097288794152,53.3779298322477],[-6.103921711188759,53.37864200848506],[-6.101821670388684,53.380272715103644],[-6.101017517020153,53.380836255899865],[-6.100868739947336,53.380930747798246],[-6.100716765046971,53.38102463116851],[-6.100403370648987,53.381210483781715],[-6.099739845661761,53.38157391269797],[-6.098929029988756,53.38197061175342],[-6.09878528603633,53.38203513207578],[-6.098640003019663,53.3820987159123],[-6.09834549026803,53.3822232904412],[-6.097745371212552,53.38246358111626],[-6.09547621238098,53.38332816572768],[-6.09401598984599,53.384105174022274],[-6.093305959820696,53.38462062626302],[-6.093168987753868,53.384978417165875],[-6.091412568090937,53.386349226226734],[-6.091470208274517,53.386505281452784],[-6.092728058857731,53.38699841715778],[-6.093748048143875,53.38851800525557],[-6.094176117591936,53.389117972888414],[-6.094239361338755,53.38920664464854],[-6.094299285390383,53.389291900471264],[-6.094329094415701,53.389334563677615],[-6.0943588874844465,53.38937723132841],[-6.094388729129434,53.389419889109476],[-6.094448816279403,53.38950511780576],[-6.094509872128143,53.38959013525313],[-6.094540924646595,53.389632528973046],[-6.09457241293819,53.38967482693824],[-6.094636954972076,53.38975907834775],[-6.094735904903156,53.38987963978191],[-6.094884484406352,53.39001181015809],[-6.0957599632366755,53.39042747362551],[-6.096573183496915,53.390955418993755],[-6.097410038212062,53.3910592878051],[-6.098478866740221,53.390023310111815],[-6.098591873728275,53.38995114764001],[-6.098724478992341,53.389876685853785],[-6.098942780453092,53.38975965882572],[-6.099016752777546,53.38971899346412],[-6.099089675001449,53.389677402485056],[-6.099403828206947,53.389453517059245],[-6.099585949484955,53.389260747859836],[-6.099634266503338,53.3892133367877],[-6.099682810299084,53.389165988420245],[-6.099730854183182,53.389118524026486],[-6.099822535460388,53.389022532236105],[-6.100020849429012,53.38865663268552],[-6.100125286822461,53.38772282216347],[-6.100439117365879,53.38733783626158],[-6.10140926973811,53.3866947955681],[-6.101900666720972,53.38594179605366],[-6.102346267413284,53.3848485505702],[-6.102406960709313,53.3847234227542],[-6.102438644791996,53.384666651289024],[-6.102592960177483,53.38444470043928],[-6.103167079930156,53.38392996926897],[-6.103954280549495,53.38370865426536],[-6.1046116960815535,53.38321638876188],[-6.105504037495448,53.3829730308512],[-6.109052300922263,53.3822333404051],[-6.109330946983733,53.382057007210705],[-6.111966162259732,53.381460290206846],[-6.11297763384907,53.381084169468984],[-6.116591220576767,53.37896148044351],[-6.115752829987201,53.37885601309452],[-6.1150314427268375,53.379358224499235],[-6.114327057093591,53.37936996101273]]},"properties":{"route":"6","routes":["6","H3"],"category":"radial","colour":"#9467bd","route_colour":"#2ca02c","pdf_colour":"#66ae3e","source":"pdf-future","phase":"future"}},
{"type":"Feature","geometry":{"type":"LineString","coordinates":[[-6.099068319991125,53.373145017799295],[-6.099430005469197,53.37307965654337],[-6.100298805120236,53.37323339283959],[-6.101332485364435,53.37357485067234],[-6.102545016807862,53.373781815441696],[-6.103308885547163,53.374000071010116],[-6.105011801363489,53.37473226019667],[-6.106151892736584,53.37561309658846],[-6.107049887627188,53.37551946178834],[-6.108535049747116,53.374306372080355],[-6.109203683910028,53.373886421993134],[-6.111266657229872,53.37298823680198],[-6.112119543967086,53.37268789410536],[-6.114426862375407,53.372057136288205],[-6.115551981974762,53.3720338896121],[-6.116953024790838,53.371879100057285],[-6.119162898807527,53.371963041916324],[-6.12013972289362,53.371886595604096],[-6.120291377657701,53.37188135716203],[-6.120417007507591,53.37187813857942],[-6.120488856284194,53.371876731945264],[-6.120565098345006,53.37187560819725],[-6.120644511727358,53.3718748781714],[-6.120725874468577,53.37187465270373],[-6.120889560176936,53.371876158787074],[-6.121119159864209,53.371884972999176],[-6.122661456346315,53.3719892710865],[-6.124148615187902,53.37200770069223],[-6.124380677952655,53.37218319629253],[-6.1245879509495715,53.372990986839135],[-6.125047236025734,53.37390561191953],[-6.125111168098737,53.374181224455754],[-6.125097574582322,53.37429479368886],[-6.125081698084341,53.374351354592655],[-6.12506081523609,53.37440747122743],[-6.124705504751251,53.374965648144155],[-6.124484118609141,53.37564660197957],[-6.124394988586464,53.376382593947135],[-6.124478790629488,53.376977410964514],[-6.125081537797976,53.37713124031756],[-6.126721835264519,53.37690316994028],[-6.129172121468351,53.37708215682914],[-6.1302631858847585,53.377283422847476],[-6.130946135635195,53.37773606315764],[-6.131061794799309,53.378027339859706],[-6.13100251698601,53.37880493584381],[-6.130675038433595,53.37946657425345],[-6.128390169770761,53.38236480087322],[-6.127616823726632,53.382960047123646],[-6.126357113690958,53.383313976802384],[-6.125360989162382,53.383265407834806],[-6.123119099619723,53.382510953404534],[-6.120098460943298,53.38173592619853],[-6.119582096280031,53.38137776914182],[-6.119418452362101,53.381056772722644],[-6.119775576177926,53.37977772934156],[-6.119682076047368,53.37942074044719],[-6.119149627555848,53.37884713107855],[-6.118721520920268,53.37857367900996],[-6.11848622892999,53.37825709755653],[-6.1184070278627924,53.37818897396126],[-6.118366104974581,53.37815742961179],[-6.118325890516694,53.378128555862205],[-6.118195966989385,53.378054651379585],[-6.118166260808967,53.378053072609475],[-6.118137305665608,53.377991263275916],[-6.1181228604191835,53.377968561345625],[-6.11810486738443,53.37794416046276],[-6.118057101294366,53.377893257957],[-6.11773639255476,53.37777168950456],[-6.114844447182422,53.37763276830851],[-6.114418415096748,53.377739527930984],[-6.113377704955551,53.37842457017757],[-6.11337014504415,53.378635209838386]]},"properties":{"route":null,"routes":[],"category":null,"colour":null,"route_colour":null,"pdf_colour":"#66ae3e","source":"pdf-future","phase":"future"}},
{"type":"Feature","geometry":{"type":"LineString","coordinates":[[-6.157826663612807,53.31932040004277],[-6.158186188052664,53.318939596402636],[-6.158525063761373,53.318295050317715],[-6.1584701669864605,53.317689029893],[-6.15914214513906,53.31671643072443],[-6.159582189721227,53.31659798066193],[-6.161334921100473,53.31704448959342],[-6.162683127573847,53.317249389919404],[-6.163717293844817,53.317276975615115],[-6.166732110832638,53.31768694797625],[-6.168655707855943,53.31782297709215],[-6.170888556463354,53.31833209156364],[-6.171751805596518,53.31847912075065],[-6.172836197030374,53.319176281870874],[-6.173413717251099,53.32004882245106],[-6.174641091297883,53.32071478296969],[-6.1758914828938725,53.32096803682939],[-6.178110582049582,53.321046919940784],[-6.178446347272642,53.321245362805655],[-6.1784297167699025,53.32194588660815],[-6.1777633481214815,53.32318474154446],[-6.176210343478006,53.32522080066759],[-6.174527960270807,53.32682414792586],[-6.174171184461871,53.327088323992164],[-6.173005289541992,53.32761697537904],[-6.172199024444067,53.32813282966379],[-6.170654010988369,53.32936731565033],[-6.169538237214988,53.33007795271805],[-6.168422641589894,53.330335743562465],[-6.16615232872898,53.3305749153078],[-6.165241269937829,53.33091695004827],[-6.163828952047815,53.33089829289009],[-6.163092799293641,53.33102933218279],[-6.1619775318842445,53.33163081561616],[-6.16093499919187,53.33177650695963],[-6.158769615420268,53.33188305644789],[-6.1572547143296585,53.3323617086052],[-6.154893602763948,53.33268643145324],[-6.153770043278966,53.33317345307514],[-6.153507806038631,53.33318977858078],[-6.151925038038119,53.33278709337497],[-6.150981843725894,53.332639296469395],[-6.150269531207725,53.332645499874104],[-6.149422857348682,53.33314210230159],[-6.148141114186523,53.3333407940326],[-6.146969519170997,53.33324956042367],[-6.145529301752144,53.332535996588085],[-6.145057727169438,53.33240229078676],[-6.142629420240966,53.332304469312895],[-6.1397153567917195,53.33196048952397],[-6.1376636425438775,53.33201861107334],[-6.1363653579702895,53.33212855506637],[-6.135465672815961,53.33221847649879],[-6.134634858550413,53.33235530704168],[-6.132295734281261,53.333029942697905],[-6.130868628003392,53.333246421443356],[-6.128418485106296,53.33348759134082],[-6.127849464206081,53.33275742816744],[-6.127215105362145,53.33265157933454],[-6.126216349782926,53.33280525617886],[-6.12539051925538,53.332750468488996],[-6.12459947711846,53.33288981367207],[-6.122186256301762,53.33363147744618],[-6.121042041866621,53.33393636456709],[-6.118828912123225,53.33442224438321],[-6.1187206725960435,53.33452125725812],[-6.118664150778842,53.33512140720182],[-6.118661055186072,53.33513001512417],[-6.1186573256089165,53.33513824858431],[-6.118647518339117,53.33515339687493],[-6.118615388201258,53.33517705223632],[-6.118053993463223,53.335311835743425],[-6.117897819884981,53.33540771897728],[-6.117380142487875,53.33594615166979],[-6.1165507182013785,53.33609332934985],[-6.113727773989553,53.33735750730044],[-6.112020112669908,53.33791529060236],[-6.111683579764267,53.33717927995467],[-6.111805297895633,53.33568609680253],[-6.11144089577323,53.33527496779707]]},"properties":{"route":null,"routes":[],"category":null,"colour":null,"route_colour":null,"pdf_colour":"#662484","source":"pdf-future","phase":"future"}},
{"type":"Feature","geometry":{"type":"LineString","coordinates":[[-6.073493354776949,53.3651223532399],[-6.0735446425405275,53.3651383464977],[-6.073558806274845,53.36514171583429],[-6.073573167846281,53.36514437265658],[-6.073602237878411,53.36514759918554],[-6.073714100386927,53.365134526093904],[-6.073981793266492,53.36501417366382],[-6.074516976560571,53.36464874143146],[-6.0749792245964676,53.36462433205449],[-6.076805187163838,53.36485552776469],[-6.08390258586051,53.36392064148003],[-6.084529533812575,53.36397080645198],[-6.086669234037153,53.364529367975706],[-6.087728548002408,53.364720257361185],[-6.0890576046127824,53.36480054602202],[-6.090408791694974,53.36510695485795],[-6.091762192910717,53.36533065370659],[-6.092004699125317,53.36538073980779],[-6.092067155211816,53.36539731687092],[-6.092128407286006,53.36541504663823],[-6.092247881130993,53.36545346389104],[-6.092364284127347,53.36549499077747],[-6.092421697640748,53.36551660758681],[-6.092478779742143,53.36553862650878],[-6.0928692495679755,53.365688689878056],[-6.093478261269626,53.3658873137553],[-6.093520615056091,53.36590857691018],[-6.093559776111421,53.36593128334721],[-6.09367328040497,53.36601821822012],[-6.093747703243184,53.36608670124843],[-6.093783427084037,53.366122660380064],[-6.093818069922467,53.366159510285435],[-6.0938838447413035,53.366235119503656],[-6.0939444919981804,53.366312003075585],[-6.094109980968771,53.36657251840273],[-6.09429524693308,53.36706674459367],[-6.094378471374907,53.36721982906527],[-6.094432180605052,53.36729640471352],[-6.094492289696432,53.36737177600315],[-6.0945244447269165,53.36740902688773],[-6.094557840366908,53.367445996931764],[-6.094627874334337,53.367519121497],[-6.094701433316582,53.36759120369646],[-6.095004061328629,53.36786161189194],[-6.095159092823268,53.3679876534218],[-6.0953239314098155,53.36810965806142],[-6.095548827026311,53.36825507140911],[-6.096069990416286,53.36856603826286],[-6.096157929664224,53.36862578056544],[-6.096241043343834,53.368687635261395],[-6.096271617201512,53.36871400289523],[-6.096285260899873,53.368727405773605],[-6.096298000167348,53.36874092833766],[-6.096321338577931,53.36876825345691],[-6.0964324840825865,53.368905339594214],[-6.096660914046387,53.369251431730966],[-6.096706917627986,53.36931964845341],[-6.096743238358208,53.36936975395411],[-6.0967563853414415,53.36938554759822],[-6.09682039638525,53.36945304969433],[-6.096853677359249,53.36948648726624],[-6.0968878029620965,53.369519696534525],[-6.097032666573747,53.36964996077845],[-6.097361642640798,53.36989512583951],[-6.097636332082851,53.37005452093365],[-6.098237498752047,53.37038286163362],[-6.098257904851237,53.37039158258365],[-6.098279309374592,53.370399003747096],[-6.0983712758712,53.37041569475601],[-6.09858177990692,53.37036760007333],[-6.099929336056366,53.36951939633967],[-6.101807466079753,53.3690427070438],[-6.103645694419718,53.36812859783458],[-6.104400167974413,53.368376826278755],[-6.105187745479249,53.3688695520316],[-6.105837492447474,53.36873792187839],[-6.106335885110842,53.36843091486445],[-6.106818874392783,53.36782429876214],[-6.107035865663572,53.36722385812938],[-6.111833884807416,53.36740123230485],[-6.1119903180274875,53.36725677341511],[-6.110207073581066,53.36551373290674],[-6.109914978631403,53.36504942889986],[-6.109701919644537,53.36403112434444],[-6.109937032316271,53.3638796807927],[-6.111254206048333,53.363892678598845],[-6.113097491294334,53.3641873912878],[-6.11642002889274,53.36519793389106],[-6.117305901708105,53.365586099165085],[-6.118286079239211,53.36620662357541],[-6.119939447778446,53.36700768487982],[-6.1213373616715545,53.36749952117107],[-6.1216819727628975,53.36784197110581],[-6.12040172536331,53.368678888052],[-6.120024776579355,53.36910342114006],[-6.119898272555536,53.36933510620604],[-6.119852352034649,53.36945638423783],[-6.119818686374058,53.36958150721865],[-6.119839882603855,53.370211967021326],[-6.120067432486251,53.37070419144449],[-6.120719146383552,53.37160612227151],[-6.12073403824845,53.371718456579124],[-6.120734886316502,53.37173207026318],[-6.120735425459555,53.37174524943934],[-6.120735369614956,53.371769379880064],[-6.120726882218175,53.37184112162479],[-6.1207216110899925,53.371873042209955],[-6.120715590688096,53.37190543689622],[-6.120686544863158,53.37203392568788],[-6.120449168107324,53.37277777341563],[-6.120370959924016,53.37312541628629],[-6.120162207904253,53.37382673722027],[-6.118969036135889,53.37722717505204],[-6.118634098723774,53.37781676044602],[-6.118337721447945,53.37819167007323],[-6.11832649054197,53.37820759896804],[-6.118306253252873,53.37823152174806],[-6.118275512166907,53.378261164655704],[-6.118256121329889,53.37827681258082],[-6.118234006899402,53.378292308245975],[-6.118117662281101,53.3783422196944],[-6.118000211229864,53.378352210450466],[-6.115318201432367,53.378217308278764],[-6.114607605186867,53.378603599256984]]},"properties":{"route":null,"routes":[],"category":null,"colour":null,"route_colour":null,"pdf_colour":"#662484","source":"pdf-future","phase":"future"}},
{"type":"Feature","geometry":{"type":"LineString","coordinates":[[-6.0703142194642385,53.32506367805455],[-6.069770898265661,53.32465470736871],[-6.069662901145327,53.32395204882642],[-6.069438678708674,53.323815164885026],[-6.067637271673858,53.323869455179505],[-6.064465751202291,53.32383589864755],[-6.063063327642255,53.324002668904946],[-6.062737590155384,53.32403464254345],[-6.06253545532306,53.32404519273183],[-6.062437403972037,53.324051006100625],[-6.06235163470156,53.324057393734364],[-6.062113933967485,53.324089178255306],[-6.06149437695781,53.32488476749703],[-6.060044573436046,53.325675136587584],[-6.058719205585117,53.32622060595897],[-6.057356697136584,53.32667618215345],[-6.054813651902343,53.327442570323285],[-6.053084893345175,53.32804368393526],[-6.051628645050478,53.32872403379338],[-6.051009160284772,53.32924402054227],[-6.04944969152064,53.32907974898181],[-6.047703031009997,53.328745542242416],[-6.047691658927984,53.328743485018116],[-6.047687110037955,53.32874273726397],[-6.047680309245247,53.328741717632695],[-6.04759706163788,53.32872877599153],[-6.047502066620236,53.32871401929117],[-6.047283868061917,53.328680178392716],[-6.046783872807755,53.32860301036365],[-6.046292862807575,53.328528096422694],[-6.043608863766606,53.32813170519428],[-6.040760765002303,53.327698518849196],[-6.038637637063936,53.3273539782391],[-6.038130087841109,53.327480362080316],[-6.037999297589206,53.32751930506469],[-6.037814367425013,53.32757024501998],[-6.037739335445907,53.32759169023417],[-6.037703606213286,53.32760207321012],[-6.037668887637742,53.32761226706039],[-6.037239899525709,53.32774256390866],[-6.036600857850315,53.327919711105665],[-6.033791214806255,53.32852569077604],[-6.031957401331621,53.32884967980028],[-6.031738952329381,53.3289569476602],[-6.0282327158001685,53.334489997110055],[-6.027932761223877,53.33469994175711]]},"properties":{"route":null,"routes":[],"category":null,"colour":null,"route_colour":null,"pdf_colour":"#662484","source":"pdf-future","phase":"future"}},
{"type":"Feature","geometry":{"type":"LineString","coordinates":[[-6.095978761290245,53.312948243662774],[-6.096548696170193,53.314292877301824],[-6.096060804373691,53.31477228284294],[-6.094270894706524,53.31509296010162],[-6.093019108095167,53.315433589193134],[-6.091733500615048,53.315659171964796],[-6.0914184472574,53.315674461815235],[-6.091382286280094,53.315675242494684],[-6.0913480006680665,53.31567514276843],[-6.09128492370346,53.3156720271723],[-6.0911798239573605,53.315652206919765],[-6.091046458360099,53.315542814287724],[-6.090609814291347,53.314674233866015],[-6.089927653735745,53.31482939937384],[-6.088999815148136,53.3148830328126],[-6.088288210506596,53.314647919140874],[-6.0868020190169,53.31372715028904],[-6.085182416129108,53.31391107027412],[-6.084102078630523,53.313941160602994],[-6.0825635451961055,53.313876555923734],[-6.081452819829473,53.31405993556111],[-6.079201662638106,53.31419476733788],[-6.07407387715825,53.314708547933364],[-6.072410105976607,53.31483818748763],[-6.072161497750494,53.31477479435664],[-6.071517718196134,53.314061151030415],[-6.06904386322951,53.31478782460371],[-6.067920354652254,53.31529135725762],[-6.067682759804452,53.31584696367311],[-6.067123782408367,53.315978937020105],[-6.066142092701461,53.31588451362274],[-6.0652457582977854,53.31599711517177],[-6.060381848501097,53.31710004916242],[-6.060512052635644,53.31746017441617],[-6.063029716964981,53.31850901353213],[-6.064142971083502,53.31913611263728],[-6.0644030886321545,53.319584046685094],[-6.064348697991916,53.320386011834586],[-6.063929252714026,53.320943780907136],[-6.063985662357661,53.321399152320545],[-6.06324743515166,53.32165595438931],[-6.06248054683996,53.3229832392248],[-6.062280553140401,53.3236386052846],[-6.062452157895578,53.323994960151694],[-6.062456446268947,53.3240398685386],[-6.0624572382351785,53.32408553075474],[-6.062436416520382,53.32426059088091],[-6.06235722270328,53.32449499900893],[-6.062057376491124,53.32489986528645],[-6.060782268417196,53.32566705678148],[-6.061583761997927,53.32674483585302],[-6.062193457536073,53.3278951581966],[-6.0621033297468845,53.32854006722518],[-6.061309513654594,53.32960709449015],[-6.060743551027782,53.330068565291896],[-6.05988953326758,53.33057983188498],[-6.059350905604958,53.331395037390934],[-6.058757214174283,53.33178196327443],[-6.058270846496244,53.33292815554347],[-6.0552451419150035,53.33321822640425],[-6.0527020446547715,53.33375549841474],[-6.052392466302792,53.333696539366095],[-6.051124194887403,53.33253311258972],[-6.050944517082921,53.332472407067556],[-6.050892690979527,53.33247196475372],[-6.050867060510909,53.33247412813227],[-6.050841938086993,53.33247792348608],[-6.050772016503304,53.33249941853636],[-6.047301732451759,53.33403541285267],[-6.045464230980324,53.33479031599549],[-6.045133628799057,53.33475957823989],[-6.044372596498731,53.33418412112371],[-6.043242995421673,53.33350967973848],[-6.041273855410723,53.33251526971418],[-6.040033694856115,53.33212361270651],[-6.038880697567944,53.33212122366829],[-6.037657113341597,53.33240617337156],[-6.036964832881694,53.33291074829268],[-6.036393397051354,53.332978136103826],[-6.03530381560716,53.33271646849365],[-6.035263542909334,53.332717722629766],[-6.035238479395758,53.332720172850834],[-6.035212954821467,53.33272332857233],[-6.034996883379565,53.33276811646557],[-6.034690772732191,53.332852921333874],[-6.033606120071771,53.33311816467926],[-6.031085238212267,53.33375423914921],[-6.030647988282588,53.33382793572222],[-6.030020542241192,53.33365942094076],[-6.028776967099947,53.33410922426791],[-6.028480875704583,53.334469558214785],[-6.027932761223877,53.33469994175711],[-6.0274332985851435,53.334878693639425],[-6.027166160535738,53.3385260725201],[-6.0271124866878445,53.339684379303876],[-6.027830170302106,53.34162007904579],[-6.027630539422995,53.34177708882493],[-6.02598069141326,53.341859834566584],[-6.025583191885828,53.34199673777154],[-6.023068776776482,53.34188949185073],[-6.022835917031692,53.34197515565751],[-6.022387224772355,53.3428786600725],[-6.021699921970692,53.343040257483445],[-6.020877946287657,53.34430849571993],[-6.020349889681946,53.344362033173766],[-6.01920100744118,53.34566441435651]]},"properties":{"route":null,"routes":[],"category":null,"colour":null,"route_colour":null,"pdf_colour":"#662484","source":"pdf-future","phase":"future"}},
{"type":"Feature","geometry":{"type":"LineString","coordinates":[[-6.074397911611739,53.368068780350704],[-6.073439378083275,53.368087249390676],[-6.0729812110178365,53.36849189478897],[-6.069937983831203,53.36848376148064],[-6.068776565106534,53.36857392287005],[-6.068302006362981,53.36813534728385],[-6.067290395481632,53.36790635276121],[-6.066592395580941,53.367599021784244],[-6.063526027845489,53.36758288638124],[-6.062150863539522,53.367621421868435],[-6.0613013156459905,53.36821947074472],[-6.060262607088442,53.36801372434235],[-6.059450841185024,53.368214478007225],[-6.059109389050944,53.36811306842201],[-6.058287863312802,53.36752846619389],[-6.058042733024311,53.36732412222829],[-6.057800079305097,53.367096450932635],[-6.057667340613416,53.3669651345823],[-6.057600871753636,53.366897376295285],[-6.057535385482307,53.36682908271989],[-6.057410507498233,53.3666934840626],[-6.057352689182105,53.366627476160005],[-6.05729900024766,53.366563527327635],[-6.057250227393206,53.366502286155146],[-6.056932760542393,53.366102834954944],[-6.056579288310276,53.36497611950266],[-6.056753128063185,53.36444983062462],[-6.0565435433042065,53.36388217206678],[-6.055834194418474,53.36330494492577],[-6.0556753010556665,53.36324569796251],[-6.055597905229867,53.36321666012977],[-6.0555222460801525,53.363188131336386],[-6.0552425178273666,53.363080885657894],[-6.054850653869307,53.36291787053219],[-6.054229654026285,53.36255937038254],[-6.053867616961735,53.362464766299134],[-6.051647543779876,53.36241869059304],[-6.049060856127527,53.36228337475791],[-6.0477901335874025,53.36213664346102],[-6.047475086600957,53.36208640029226],[-6.047161144261262,53.36202975017937],[-6.046536675896747,53.36189526350857],[-6.045639652585184,53.36152066143],[-6.044722386364316,53.3609572237027],[-6.042573946511223,53.36063012500973],[-6.041126785598243,53.36036015814412],[-6.040878438936514,53.36014099323711],[-6.041081351091059,53.35901023321261],[-6.041142260698587,53.358628219354145],[-6.04090227132949,53.35847123015804],[-6.0368069376908515,53.35833130542223],[-6.035375083705861,53.35798682661294],[-6.034012453968425,53.35797487883016],[-6.032689377093547,53.3578854964026],[-6.03224416760396,53.35711486208999],[-6.031195410690998,53.3561632295348],[-6.031107238051669,53.3558411572439]]},"properties":{"route":null,"routes":[],"category":null,"colour":null,"route_colour":null,"pdf_colour":"#662484","source":"pdf-future","phase":"future"}},
{"type":"Feature","geometry":{"type":"LineString","coordinates":[[-6.032434679553254,53.34758820289081],[-6.032857198542185,53.347538573544895],[-6.033820934673118,53.347695413869374],[-6.0366461231826225,53.34758796817199],[-6.038604048937543,53.34789045058301],[-6.041552974055028,53.34808486619585],[-6.043632418978083,53.3479992198222],[-6.044367491624275,53.347860182991774],[-6.0447550579778655,53.34756397355178],[-6.045976251617149,53.34730582007981],[-6.046059428905223,53.347293349750736],[-6.047137290693582,53.347195228092474],[-6.047190213240802,53.34719038131368],[-6.047283529878184,53.34718191324538],[-6.047496665354361,53.34706561458735],[-6.047493776616849,53.34699894598794],[-6.04748475415411,53.34698183535777],[-6.047447121097846,53.34692129670359],[-6.047160687949875,53.346327263622385],[-6.048669796215051,53.345984796132335],[-6.04997300226055,53.34579418959579],[-6.050657793841533,53.34536869489541],[-6.051030619002124,53.34492063910915],[-6.055095285948283,53.34528122585535],[-6.055327911023231,53.34518786180334],[-6.055416432031721,53.34450965502407],[-6.055067039210751,53.3441347578698],[-6.054417711510086,53.34365443433056],[-6.054383725194367,53.34362222604012],[-6.054351747582043,53.34358984866905],[-6.054230373019244,53.343453151047946],[-6.0541258304334225,53.34331604840336],[-6.053962288652824,53.343039494500175],[-6.0537233868278175,53.341855932851885],[-6.054132645787643,53.34162586265034],[-6.056104486016177,53.34168129962663],[-6.057886398294443,53.34161946089972],[-6.06027242946059,53.341136497352984],[-6.061542558806041,53.340658889272014],[-6.062854315765193,53.340021247205726],[-6.063906717040867,53.33970221862508],[-6.065223577090464,53.33943924548529],[-6.065348593987497,53.33926041867167],[-6.06326307534272,53.33669067776885],[-6.0634380889182555,53.33650531576481],[-6.066884573641956,53.33619092225414],[-6.067470405371822,53.33600508332896],[-6.067556689535688,53.33594583273411],[-6.067595064869014,53.33591382423681],[-6.067630076426173,53.33588030430398],[-6.067725131964334,53.335769358830134],[-6.068375570812262,53.33519388695725],[-6.068979939709952,53.33464028562323],[-6.06929624212036,53.33430991026589],[-6.0701578747988,53.334457059894426],[-6.07045054804735,53.334860481259966],[-6.070964619174575,53.334942184917814],[-6.071996228992964,53.33469913994428],[-6.0717411429105965,53.334176945905114],[-6.071155478445371,53.33392590236921],[-6.0704978238946135,53.33391107217167],[-6.0701578747988,53.334457059894426]]},"properties":{"route":null,"routes":[],"category":null,"colour":null,"route_colour":null,"pdf_colour":"#662484","source":"pdf-future","phase":"future"}},
{"type":"Feature","geometry":{"type":"LineString","coordinates":[[-6.021712360138158,53.345415818337976],[-6.021021548427976,53.34483367963923],[-6.021981918539976,53.34337807135039],[-6.0226925811433825,53.34318314356067],[-6.02353441459459,53.34319692744772],[-6.026158775840418,53.343838001665766],[-6.02766180822657,53.343806522816614],[-6.029889494798779,53.34415989283928],[-6.030727854681853,53.3444586703607],[-6.032138082944389,53.344747171685455],[-6.032084208757797,53.34415087670434],[-6.032277087150417,53.343592581650064],[-6.032795116404269,53.34269125339102],[-6.033178115554579,53.34224640098622],[-6.03345779264575,53.34149958143712],[-6.033330160219616,53.34058446641546],[-6.033357677520947,53.33958720184577],[-6.033543861090222,53.33905445997132],[-6.035213844676724,53.336802923114774],[-6.035704782852308,53.33502350880544],[-6.035601607499554,53.33432008479758],[-6.035162762159567,53.33324152392643],[-6.035178634038946,53.33297792826667],[-6.035205002221285,53.332847242501856],[-6.035242593316149,53.33271751580034],[-6.035489208082289,53.33221146492573],[-6.036844539349407,53.33059707437543],[-6.037183494079226,53.32992587145833],[-6.036946362335335,53.32938711289314],[-6.037286867873234,53.327887032952475],[-6.037724557862055,53.3276438413286],[-6.037732611724364,53.32760736888835],[-6.0377416615477495,53.32756656246795],[-6.037783898546162,53.32737756975848],[-6.037835572483012,53.3271492509599],[-6.037850859781708,53.32708293981626],[-6.03785656570501,53.327058659451104],[-6.0378607183505535,53.32704146740864],[-6.037863121623044,53.32703224232755],[-6.037913171867134,53.32683771609278],[-6.037968569628588,53.32642921464064],[-6.0378786761067955,53.32568979910697],[-6.0375041567806775,53.32472062699475],[-6.037424413166686,53.32382267751686],[-6.037606017031114,53.32265542413105],[-6.037324978375507,53.32074720862516],[-6.0377369782002015,53.32006805063217],[-6.0387735614962,53.32001222109054],[-6.039831922667496,53.31984406970066],[-6.040976834723518,53.31950045267556],[-6.043636699482698,53.31923691981617],[-6.04500744452277,53.318956757990506],[-6.045137556196929,53.31887838563974],[-6.045215212897758,53.318780571121486],[-6.045232707186068,53.31872676336105],[-6.045235829711454,53.31869905266002],[-6.04523509159452,53.318670963432545],[-6.045080158621804,53.31816387064754],[-6.045454735127647,53.31659500108663],[-6.04552844104593,53.31494828535553],[-6.045838797066632,53.3142092828766],[-6.04254887032131,53.31292068212228],[-6.0425361732300304,53.31274515307656],[-6.043548758324844,53.311847415631924],[-6.043995705162426,53.31110638448504],[-6.0447365972121565,53.310298142075204],[-6.045067319694887,53.3101110924333],[-6.047181981112392,53.31035227691306],[-6.048560773031355,53.31037327430547],[-6.049264561944469,53.31026207620832],[-6.050121582601484,53.30991401621883],[-6.05125918689196,53.30882415553676],[-6.050973353254718,53.30854753808207],[-6.048768815402875,53.30841229701179],[-6.046933922082456,53.30873168765438],[-6.046654331510023,53.30859834353241],[-6.047076744196186,53.307302529786526],[-6.047391204440627,53.30606670462132],[-6.04782279128601,53.30561173521068],[-6.049248497939269,53.30475770536048],[-6.04968113856804,53.304611576350794],[-6.053066504556731,53.30448933496912],[-6.054292310383308,53.304574858607246],[-6.055971393536504,53.304801810823406],[-6.05660382408686,53.3047309096351],[-6.057544460297035,53.30445362990545],[-6.058271254629827,53.30401148510651],[-6.058703701653492,53.303905154640134],[-6.059870428918416,53.30388679116086],[-6.061934418964846,53.303521348731294],[-6.06813350055725,53.302011702220504],[-6.069571425993809,53.30193236820217],[-6.07057082428188,53.302197781985555],[-6.0711458342837,53.30250858385272],[-6.0738764094937405,53.30296018574601],[-6.074783873403533,53.30333624178902],[-6.075443374340846,53.30349323609457],[-6.077853500499171,53.30388851257736],[-6.0786458451590955,53.304186209040076],[-6.079386930216015,53.30494241542868],[-6.078568949648694,53.30519460865113],[-6.0788647817269235,53.30551285735279],[-6.080679445159497,53.30571548755377],[-6.081951264056455,53.30613667295681],[-6.083198963429319,53.30670211492433],[-6.083683573679967,53.30658480974019],[-6.08975785696216,53.30677458637681],[-6.091223712232602,53.30681318284827],[-6.09250832495661,53.30683134176962],[-6.092788571136884,53.30683760261314],[-6.0928586306441375,53.30683961399055],[-6.092928638258609,53.30684183568856],[-6.093068395653898,53.3068469737544],[-6.0934356955575115,53.30685487436494],[-6.093628527448236,53.30690122089359],[-6.093724419083087,53.30695867570274],[-6.09374290681306,53.30697563661399],[-6.093758894513238,53.30699347878743],[-6.093782757907611,53.30703149167804],[-6.095326675228084,53.311303487156415],[-6.095322583344585,53.31218902239872]]},"properties":{"route":null,"routes":[],"category":null,"colour":null,"route_colour":null,"pdf_colour":"#662484","source":"pdf-future","phase":"future"}},
{"type":"Feature","geometry":{"type":"LineString","coordinates":[[-6.162597525728253,53.30742978867139],[-6.161819636922197,53.30790817865506],[-6.161592855252152,53.308727231155096],[-6.161309855525327,53.30900616713413],[-6.1601590807672,53.309478908845335],[-6.159466539362062,53.30946448579268],[-6.1567306718438175,53.30956247762063],[-6.155105415645261,53.30971021135834],[-6.15327002437856,53.31006912350693],[-6.151622503030935,53.31076234974654],[-6.150305023374684,53.3109548261039],[-6.148926359128915,53.310868831263996],[-6.147852757550891,53.311061778550176],[-6.14727008304449,53.31151007212638],[-6.146824419290668,53.31143874502137],[-6.1457440250598765,53.3106891989199],[-6.1450258973134035,53.30993544522837],[-6.1446962801644975,53.30985156636645],[-6.143280868215163,53.30994865251176],[-6.141317137910653,53.30955380674556],[-6.1405121279724995,53.30909144679766],[-6.14001193444871,53.30904169615826],[-6.139346436062293,53.30929688090865],[-6.138744754223666,53.309791116769176],[-6.137952158479305,53.31111379564855],[-6.137789326253195,53.311667272665126],[-6.137692172572274,53.31271023602572],[-6.1373750294795295,53.31421126635495],[-6.136395954828199,53.31516418778137],[-6.13307245565511,53.31557136491275],[-6.130155189086418,53.315744098011024],[-6.129946121924001,53.315864542800625],[-6.129946815684558,53.315892236404956],[-6.129946873762749,53.315894231515564],[-6.129946922015364,53.315896203322666],[-6.129947018704442,53.315901973747664],[-6.129947076098954,53.31590931000194],[-6.129947658454468,53.315949137680796],[-6.129948826912861,53.316040116662975],[-6.129949497808212,53.31608297285626],[-6.129953184408134,53.3161513144073],[-6.130384072174126,53.31666591120117],[-6.129950000357372,53.31688195024046],[-6.128905591240829,53.31704951169799],[-6.1268078308561424,53.31702998559402],[-6.12617784890133,53.317158172700665],[-6.1250659964360565,53.317621810537105],[-6.123898712992522,53.318280511576496],[-6.124879952445848,53.31898401282355],[-6.125507325894392,53.31967834031421],[-6.124871182870894,53.32070387132911],[-6.124730310561157,53.32138129208305],[-6.124505351403866,53.32167713270974],[-6.1237250086563915,53.3218304889448],[-6.123437571729258,53.32192083022276],[-6.123039897345107,53.32210240473711],[-6.1230202132320475,53.322113421134596],[-6.122991756378562,53.32213842779092],[-6.122976229948838,53.32219494318063],[-6.123092660492067,53.32229083532131],[-6.1235549308232295,53.32239704071351],[-6.124508812246972,53.32281729861981],[-6.125919743166545,53.32332831140074],[-6.125464402317956,53.32346477082656],[-6.124242789659002,53.32309204966623],[-6.123640070257962,53.32317101661285],[-6.1209716525441245,53.32409424713658],[-6.118161068679102,53.325159054045066],[-6.117505083184816,53.325478247580854],[-6.116442234658617,53.326493464351174],[-6.115981543985815,53.32708054706151],[-6.115257001213131,53.32758581324003],[-6.1160347168681275,53.328282061211304],[-6.116384967397021,53.32843868513698],[-6.117873801235244,53.32842799832314],[-6.11853760639412,53.32874868915357],[-6.119523688966224,53.32993237072747],[-6.119571269466285,53.330214635645575],[-6.118677160960827,53.33066975110296]]},"properties":{"route":null,"routes":[],"category":null,"colour":null,"route_colour":null,"pdf_colour":"#662484","source":"pdf-future","phase":"future"}},
{"type":"Feature","geometry":{"type":"LineString","coordinates":[[-6.030623430538336,53.35583372425718],[-6.0308027958437,53.356311697678144],[-6.031834083204977,53.35724509083987],[-6.032044730160106,53.35789471372704],[-6.0326568807260665,53.358156137424494],[-6.035531374602457,53.35827746820625],[-6.036815332104044,53.35860440252218],[-6.03821159407431,53.35864284104359],[-6.039772248599738,53.35870058176021],[-6.041018899565865,53.358748058815955],[-6.041201904803713,53.358754952900036],[-6.041385321144444,53.358761824634854],[-6.0417530958293035,53.35877545354108],[-6.047540125514486,53.35895691837275],[-6.0477695734265176,53.359055919104364],[-6.048280169042898,53.35980867451472],[-6.04832586850485,53.360472001486265],[-6.047856360466648,53.361470027258015],[-6.047292881148403,53.361900325833],[-6.04723191854413,53.36198951985757],[-6.047199507553971,53.36204127489882],[-6.047166019397704,53.362097230644096],[-6.046878172498937,53.36264468357508],[-6.0467107857766225,53.36301215843454],[-6.046944553435314,53.363554865802364],[-6.047666893448607,53.363854657610055],[-6.052997974876802,53.364805284238635],[-6.055573719176509,53.36490809396147],[-6.055784548324023,53.364768613671345],[-6.05524777690595,53.363566357233445],[-6.055620218859981,53.36322317546931],[-6.055651596242095,53.36313277804448],[-6.0555359355142215,53.363030829255216],[-6.054582174865423,53.36258440125639],[-6.054611855580473,53.36244950630882],[-6.055937635276761,53.362049470785294],[-6.057562735878837,53.36125088465378],[-6.05781244762351,53.36123040969153],[-6.061653261796517,53.36236883086196],[-6.063881077506178,53.36285069030787],[-6.064044609618824,53.36301628278046],[-6.063555924763021,53.36398700415147],[-6.063136952007386,53.364725891127804],[-6.06267343916564,53.36548396702398],[-6.062539767709537,53.36567693533129],[-6.062513198833254,53.365715682729004],[-6.062487197564615,53.365754538698106],[-6.062393261160782,53.36591153965362],[-6.062229532180344,53.3662287646318],[-6.060543757331299,53.36625857539757]]},"properties":{"route":"6","routes":["6"],"category":"radial","colour":"#9467bd","route_colour":"#2ca02c","pdf_colour":"#662484","source":"pdf-future","phase":"future"}},
{"type":"Feature","geometry":{"type":"LineString","coordinates":[[-6.045210511427479,53.34991643552096],[-6.045081594057809,53.34931227339426],[-6.045204822746371,53.34924778887679],[-6.045314124021833,53.34922540834147],[-6.045382493955401,53.34921133702235],[-6.0453990818342005,53.349207816042096],[-6.045414858769871,53.34920443844431],[-6.045442761609248,53.34919840268153],[-6.045477008657775,53.349190884961466],[-6.0456533699624515,53.34914327347547],[-6.045845046446003,53.34911689846466],[-6.049609106215279,53.348831415019276],[-6.0523102411607,53.348356433013414],[-6.054705703209039,53.34757257757984],[-6.055490460280835,53.34745239830846],[-6.055509508468987,53.34702302939252],[-6.055614577898818,53.34691405921958],[-6.055678580212697,53.34690260272007],[-6.0557105810735505,53.34689983158894],[-6.055740971695363,53.34689852655957],[-6.055826507625462,53.346900728533775],[-6.058620843051147,53.34709948281806],[-6.062557703045141,53.34668751318479],[-6.062825004661052,53.34664738329998],[-6.062995963293091,53.346615435906465],[-6.063086568221767,53.34659757571563],[-6.063178989713788,53.346578870859666],[-6.063839711872153,53.34643599385157],[-6.064155644711781,53.34639067064459],[-6.065873401834982,53.34636954237181],[-6.067135911134774,53.34664391493018],[-6.069332658332659,53.34677353933835],[-6.069859514996062,53.34660305250898],[-6.0715350696041375,53.34688520788429],[-6.0724240670662795,53.34655675501992],[-6.075861775381714,53.3459698645859],[-6.077897405616722,53.3455286342168],[-6.080517613007227,53.34502664959589],[-6.080452188948557,53.34442039767896],[-6.081052964279733,53.34435089540647],[-6.081647888079453,53.34577109444302],[-6.081799559296163,53.34619561416042],[-6.081947754196927,53.34662877935939],[-6.082106213307771,53.34710032355933],[-6.082480268150087,53.34739911816126],[-6.082849070354512,53.34799307255644],[-6.084535954613798,53.349094318461745],[-6.08615384165231,53.34812927329809],[-6.086817648794103,53.347572828262486],[-6.087105104032834,53.34720928899791],[-6.087125917973907,53.34714073167161],[-6.08712853524291,53.34712943157128],[-6.087131125559547,53.34711775594644],[-6.087136188852516,53.3470935556097],[-6.087145590694803,53.34704370099324],[-6.087149111902541,53.347030732576165],[-6.087395926971959,53.3469347375748],[-6.090276682722267,53.3471553699789],[-6.093015145293956,53.34744037717939],[-6.0932301593403455,53.347388803263954],[-6.0936120414046835,53.3466690996765],[-6.093474317246554,53.346504356873076],[-6.093960719407465,53.345775038655056],[-6.097178362800873,53.346298905789865],[-6.097363039510772,53.34622476362817],[-6.097542970548207,53.34540282212429],[-6.098524989528466,53.3444069606643],[-6.100859768069062,53.344594337693806],[-6.101848289476351,53.34435486322443],[-6.101604971338101,53.343354539444725],[-6.102201227188826,53.34296170916043],[-6.102617541766347,53.34304999103555],[-6.104097064307334,53.34409324568829],[-6.1050669477184325,53.34439796570578],[-6.105847662497735,53.34431422970285],[-6.1060062939079165,53.343770545036755],[-6.106683075118469,53.34363486629861],[-6.109034050554538,53.34335577767985],[-6.110087399471483,53.342974655983724],[-6.110997067706479,53.34226256314732],[-6.111715434228312,53.34066100642203],[-6.112688354749535,53.33985790223448],[-6.113273574433597,53.33962750899232],[-6.112546323448859,53.33881643027366],[-6.111626402033312,53.33830185659717],[-6.111528169903243,53.33822974716182],[-6.11148021692371,53.33818969656424],[-6.111433692194436,53.338147064536024],[-6.111271668678836,53.33795195945634],[-6.11099085513816,53.33702858382088],[-6.111124987047396,53.33582467486375],[-6.110898130592734,53.335329793517424],[-6.110890351156453,53.3353208055084],[-6.11086796839609,53.33530605898147],[-6.110802461088487,53.335287224047114],[-6.110369518620293,53.335231122531376],[-6.109922165390991,53.33486325972421],[-6.109815532259727,53.334622882914154],[-6.109799685018888,53.33440841064341]]},"properties":{"route":null,"routes":[],"category":null,"colour":null,"route_colour":null,"pdf_colour":"#662484","source":"pdf-future","phase":"future"}},
{"type":"Feature","geometry":{"type":"LineString","coordinates":[[-6.0472428510929115,53.33718015816134],[-6.047207751177212,53.33681679935339],[-6.049441068067751,53.3363530503646],[-6.050339046291793,53.33611480641283],[-6.049875307280631,53.33564878431477],[-6.048605200855167,53.33549690777924],[-6.048168034812907,53.33498644618655],[-6.048467365454898,53.334571399140614],[-6.049040243804788,53.3344419346334],[-6.05016999873046,53.334707682884115],[-6.051013157036712,53.33447555860879],[-6.052215180318311,53.33447772865686],[-6.052367881574904,53.33388488644286],[-6.051157173136909,53.3327844399297],[-6.050914813628539,53.332521043559524],[-6.050835262834944,53.33243527275069],[-6.050756639108322,53.33235115563422],[-6.050604895430833,53.33219030270584],[-6.050289404968834,53.33185946398246],[-6.049594284268034,53.3311082309846],[-6.04923131950908,53.33017332579401],[-6.04761441974965,53.32994260943963],[-6.046624970706074,53.32962969536778],[-6.046576895605505,53.329470590570274],[-6.047209542005041,53.32903150106533],[-6.047508684149888,53.328823062859875],[-6.047578158428796,53.32877449088166],[-6.047644858069876,53.32872777343568],[-6.047768633168731,53.328640781146426],[-6.047648923437906,53.32846186080437],[-6.038331572998096,53.32705368684763],[-6.038194194160625,53.32705034433939],[-6.037822597687513,53.32705114686648],[-6.037736387254805,53.32705127154562],[-6.037529374104448,53.327049304814565],[-6.037372075276517,53.32694664753253],[-6.0374586036787266,53.32615647319712],[-6.036788967888536,53.324764710540855],[-6.036669492899272,53.324188643535535],[-6.03690134566663,53.32302422010551],[-6.036758328822174,53.32172580587884],[-6.036578368815049,53.32105017917437],[-6.036638452514006,53.32057697295761],[-6.037021084363718,53.3198839373053],[-6.037068244217868,53.319607902819584],[-6.037092542380017,53.31947314381916],[-6.0370985245382585,53.31944065785479],[-6.037104293388919,53.31940955952775],[-6.0371148384581685,53.31935333803171],[-6.037630092756432,53.318807405719966],[-6.038348526759127,53.318431685252314],[-6.038751898618122,53.31800188838525],[-6.038939832774512,53.317169511276006],[-6.039864287965852,53.31615837131142],[-6.040798325852607,53.313995127662565],[-6.041246384287716,53.31335675558216],[-6.042847449106312,53.31228446866301],[-6.043311706506866,53.31180686531953],[-6.043689402453823,53.311147510980376],[-6.044495350671292,53.31026650706859],[-6.04428590194044,53.31000629010162],[-6.042848213880866,53.30980768154303],[-6.0417024524857394,53.30973350824398],[-6.039540649533821,53.30980667514435],[-6.038057896292365,53.309779156639586],[-6.036219823609274,53.3098322634283],[-6.035862379329592,53.30946774572031],[-6.035655756555376,53.308530447785046],[-6.035686265429144,53.30781874508255],[-6.0381716451326275,53.307559143594446],[-6.038977867842895,53.307575660968425]]},"properties":{"route":null,"routes":[],"category":null,"colour":null,"route_colour":null,"pdf_colour":"#662484","source":"pdf-future","phase":"future"}},
{"type":"Feature","geometry":{"type":"LineString","coordinates":[[-6.0588993958160176,53.33268913431336],[-6.0590497882659085,53.33212981588035],[-6.0600480552458125,53.33129304810194],[-6.06677654004167,53.331715954449336],[-6.070081426956972,53.33176998263984],[-6.071371021776337,53.33159205104895],[-6.073183437987762,53.331608064770705],[-6.07703020843524,53.33114414191314],[-6.079426164810199,53.331220388287825],[-6.080190772278842,53.33108337371361],[-6.083023784732807,53.330250632184935],[-6.08442594091273,53.32994197960799],[-6.08657350703152,53.32917390907528],[-6.086582669767468,53.32897514873213],[-6.084025491608549,53.327823008781316],[-6.083052803163728,53.327468708616095],[-6.082999570629345,53.32727000423426],[-6.083943169168717,53.326616062263035],[-6.085092526686564,53.325396648721636],[-6.086519906137335,53.32460800644426],[-6.088759764561869,53.32363787892601],[-6.090008888002737,53.32320597695106],[-6.090320290029458,53.32326139789745],[-6.090625643162414,53.32357414637011],[-6.0906525973720775,53.323621302404575],[-6.090805009797483,53.324346555734905],[-6.091386960743596,53.32486507793146],[-6.092890514641397,53.32552832301824],[-6.0933442442618855,53.32564477116975],[-6.094320360189012,53.32528952309925],[-6.095578995089816,53.32536447307836],[-6.09614979083385,53.32527189209809],[-6.096948710412728,53.3247486605004],[-6.09724331772442,53.324036322805746],[-6.098261330495403,53.323350928735984],[-6.098036786766365,53.32285883743627],[-6.098064207103266,53.322843739948226],[-6.098092578805709,53.322828155818485],[-6.098151179839809,53.32279608370444],[-6.098268837152969,53.32273221655184],[-6.098450170583985,53.32263673049851],[-6.099080097843521,53.32232795673247],[-6.100694445230172,53.321406842706395],[-6.102736619051846,53.3206498162861],[-6.104222744564251,53.3195954522445],[-6.104661440473454,53.31898152696214],[-6.1044441772221365,53.318511795679775],[-6.105212482017906,53.31799929217761],[-6.105134389486036,53.31791380046644],[-6.10508986602943,53.3178648021626],[-6.105042553747694,53.31781251907451],[-6.10483835589922,53.317583791598366],[-6.104492777448492,53.31717010832702],[-6.103819724292451,53.31619484885969],[-6.103940326504022,53.31518403616451],[-6.103791970663277,53.314634987256575],[-6.104095375390131,53.31380719802945],[-6.104647295330031,53.31344020131286],[-6.104730653294254,53.3125234369716],[-6.105439209774796,53.31242227110903],[-6.106244645325518,53.31275490661769]]},"properties":{"route":null,"routes":[],"category":null,"colour":null,"route_colour":null,"pdf_colour":"#662484","source":"pdf-future","phase":"future"}},
{"type":"Feature","geometry":{"type":"LineString","coordinates":[[-6.073363938194931,53.36508088093612],[-6.073428406487311,53.36510127419575],[-6.073536169898037,53.365135380240815],[-6.073557684589997,53.36514218686686],[-6.073579164470381,53.36514898029031],[-6.073706781153242,53.36518926337734],[-6.074181992963363,53.36533980950798],[-6.074364194083014,53.36539690706197],[-6.07549963091907,53.365746556947244],[-6.07635127144591,53.36596342826105],[-6.079582462315682,53.366978048963745],[-6.085482237440133,53.36867855637551],[-6.0884368966703235,53.36957380700252],[-6.090861418763967,53.37045655134049],[-6.091149974897403,53.37042513403357],[-6.091381307798278,53.36977526637238],[-6.090781821810477,53.36537117358001],[-6.091049812333815,53.36523581171209],[-6.0914898368095685,53.365294551340504],[-6.0919417659270545,53.36537127469016],[-6.092007937193645,53.36538548545257],[-6.092068518436747,53.365399660045526],[-6.09212378232049,53.36541360139484],[-6.092220579624417,53.365440979615165],[-6.092374803679644,53.365495084911196],[-6.092441116889008,53.365522592997515],[-6.092473517701828,53.36553663174632],[-6.092539584761893,53.36556552272104],[-6.0926110417587145,53.365595823753004],[-6.092890900633928,53.365704976100744],[-6.093304789645302,53.365831589245616],[-6.093420364608943,53.36586880706216],[-6.093473044937414,53.36588844495886],[-6.093520911752093,53.365908962423276],[-6.093542709917176,53.36591959636261],[-6.0935629084943095,53.36593050463696],[-6.093597978605396,53.36595321678148],[-6.093670631962046,53.366012113815536],[-6.093739769742374,53.36607656241929],[-6.093804871372059,53.36614492099774],[-6.093835745950936,53.36618005352904],[-6.093865416276782,53.366215547955896],[-6.093970753614059,53.36635704063127],[-6.094051617159641,53.3664879076854],[-6.094272891482755,53.36705411368757],[-6.094401634884983,53.36726146478052],[-6.094465876156864,53.36734231981844],[-6.094500053814154,53.36738205681612],[-6.094535423963972,53.36742134139407],[-6.094571852465039,53.36746017949815],[-6.094609205176076,53.367498577074215],[-6.094686146662941,53.36757407442572],[-6.094992974394995,53.367848629464746],[-6.095152625533643,53.3679788001165],[-6.095421373631541,53.36817248574845],[-6.096074219607713,53.36856557042807],[-6.096239272181776,53.368682438391005],[-6.096268919751434,53.36870934824184],[-6.096279705393482,53.36872105527269],[-6.096284950098618,53.36872710950183],[-6.0962901233582825,53.3687332970811],[-6.096344314713244,53.3688043506078],[-6.096380570190119,53.368849139366475],[-6.096411076751956,53.36888252680887],[-6.09670061519925,53.36931937501417],[-6.096734990048523,53.36936233678443],[-6.096769392617721,53.36939909258517],[-6.096804581002257,53.369435469092664],[-6.096840546122484,53.369471457522785],[-6.0968772788987575,53.36950704909143],[-6.09691477025143,53.36954223501447],[-6.097031704971372,53.36964527106887],[-6.097374644394203,53.369899995301765],[-6.0975899536474705,53.370027542608014],[-6.098112390117689,53.37031194439356],[-6.098201471434851,53.3703616251458],[-6.098222557816018,53.37037360118665],[-6.098243079290404,53.37038536488588],[-6.098342311509359,53.370435546221884],[-6.099005948043802,53.37110728831798],[-6.099064875810918,53.37117607508813],[-6.0991219159411685,53.37124527277695],[-6.099231599947008,53.37138464478248],[-6.099832898937372,53.37216266369929],[-6.100228528697569,53.372694174712706],[-6.0992532691279076,53.372669078076875],[-6.0984969559616955,53.372880733218416],[-6.097967638402929,53.37325410628357],[-6.097933741701827,53.37328732573577],[-6.09762681735474,53.37374395407121],[-6.097721878733961,53.37403921401183],[-6.098362326502883,53.374460943737766],[-6.098946536081183,53.37473354524702],[-6.09970193495516,53.375108074819735],[-6.10017153668776,53.37536124398528],[-6.100169215415437,53.37546541399873],[-6.100050039979475,53.37555407940375],[-6.099945274245055,53.375632226797144],[-6.099775193785974,53.37575969656301],[-6.0995663902427975,53.3759184391086],[-6.099462639343976,53.376003961035735],[-6.099094755986029,53.37637013295531],[-6.099066924070176,53.37639679149768],[-6.09899377462882,53.37663401785633],[-6.0997015656492914,53.37741704022568],[-6.100389339053582,53.37742695605715],[-6.101251600447655,53.37738431655669],[-6.1013189490324065,53.377379817970954],[-6.10138625924356,53.377375240622015],[-6.101520769985745,53.37736591679009],[-6.101653846383982,53.37735616257578],[-6.102327964995989,53.37730396956022],[-6.102873788901185,53.37727561121242],[-6.1036935191281545,53.377299156458854],[-6.104549647394292,53.37748904961876],[-6.104869362600427,53.37764262575599],[-6.10533312264178,53.37787300447127],[-6.105350680533236,53.378000514891085],[-6.10438194288946,53.37855814244558],[-6.103414651617166,53.379225307477554],[-6.10394331710422,53.379722731830924],[-6.102365882883,53.380505037233135],[-6.101224185271448,53.38139483258128],[-6.101741649057803,53.38185788998544],[-6.104310784560498,53.382526694404945],[-6.107635460166408,53.38155096349163],[-6.108647170067823,53.381486219448306],[-6.109517927861548,53.38189254944421],[-6.110959771991276,53.381583096547736],[-6.11262398297614,53.381096167348474],[-6.116275344464327,53.379006550967745],[-6.115861499749774,53.378968503407954],[-6.115135618985119,53.379456619624506],[-6.114291712324809,53.37939773398561]]},"properties":{"route":"6","routes":["6"],"category":"radial","colour":"#9467bd","route_colour":"#2ca02c","pdf_colour":"#662484","source":"pdf-future","phase":"future"}},
{"type":"Feature","geometry":{"type":"LineString","coordinates":[[-6.1095901148628595,53.33420034032676],[-6.108683895901503,53.33408775880844],[-6.105645734243477,53.33350944668823],[-6.103607493099644,53.33320254863851],[-6.100322135791676,53.332773604932925],[-6.0998692508486405,53.332511716824094],[-6.098860062740894,53.332278784524796],[-6.097127102679494,53.33203784442534],[-6.096939993393842,53.33203387818458],[-6.096889558395678,53.332036501069695],[-6.096388024804265,53.332061088728814],[-6.095930935929557,53.33205901108975],[-6.094987182196265,53.33199745022326],[-6.093837734498953,53.3327332590358],[-6.09289029400038,53.33289232533915],[-6.091355908833322,53.333021445592465],[-6.087514641258719,53.33439733637935],[-6.083928013709957,53.33565030473296],[-6.083853358070017,53.33567650783246],[-6.083778657782683,53.33570287709811],[-6.0834798972743265,53.335809650699076],[-6.083182370867355,53.33591762246598],[-6.082140482799446,53.33629935815573],[-6.081438999423151,53.33654856030534],[-6.079869247337465,53.33708760185347],[-6.0784943733665555,53.33750451463491],[-6.0735121561061804,53.33870552234626],[-6.071990155082358,53.33918894801631],[-6.071022825500262,53.3396542553003],[-6.070234887239325,53.340199296474495],[-6.069748180384819,53.34070287880051],[-6.068778079398103,53.34196893266731],[-6.066462587607659,53.343747511561936],[-6.064429998642722,53.345045624662866],[-6.063244822379439,53.34494295806575],[-6.060519721887389,53.345485494574945],[-6.058782713843161,53.3454023568585],[-6.055715202285614,53.34533255001211],[-6.055450762377461,53.345988477486145],[-6.055453731141877,53.34600517863602],[-6.055465016762069,53.34605434932528],[-6.055490293777414,53.34615253776628],[-6.05564909077333,53.34669148567409],[-6.055672847556825,53.34678977630863],[-6.055694411021799,53.34688773960713],[-6.055715609897991,53.34698570573739],[-6.055736505612389,53.347083673737345],[-6.055777633263751,53.347279611498124],[-6.05583858670202,53.347573508110564],[-6.055858953412386,53.34767146712547],[-6.055879446949869,53.347769421275665],[-6.055900128741457,53.347867369599086],[-6.0559210602141365,53.34796531113366],[-6.055985966988597,53.34825908538379],[-6.05614544529999,53.348960847333984],[-6.0564076002444756,53.35034561584143],[-6.056010242330371,53.35060230922683],[-6.0527274536110305,53.350621849427874],[-6.04821714034621,53.350558002147274],[-6.047516629347491,53.35035822771082],[-6.045772577214136,53.350366261803124],[-6.045750988865964,53.350366110650775],[-6.0457244198640705,53.35036576661193],[-6.045709112636215,53.35036551042082],[-6.045609869519608,53.350363198320295],[-6.045525547988181,53.3503603076632],[-6.045333686415892,53.35033490066852],[-6.045214260424981,53.35030259079877],[-6.0451581966926655,53.35028210146476],[-6.045131238251078,53.350270813617556],[-6.045105056800646,53.35025884571482],[-6.045079698372451,53.35024620930501]]},"properties":{"route":null,"routes":[],"category":null,"colour":null,"route_colour":null,"pdf_colour":"#662484","source":"pdf-future","phase":"future"}},
{"type":"Feature","geometry":{"type":"LineString","coordinates":[[-6.157000387656031,53.35504311320277],[-6.159716145061954,53.356047844673036],[-6.162568805507326,53.35678201113508],[-6.164474979268569,53.357190631594676],[-6.1650204526516195,53.35731607095849],[-6.165222149170039,53.357362376424426],[-6.165439813947348,53.35741229803371],[-6.16589750709855,53.357517064446185],[-6.16672355952672,53.35770481339418],[-6.1693311772161135,53.35829402650411],[-6.171944208429234,53.35889605952214],[-6.173355980220624,53.35935338390519],[-6.173263178585554,53.36026638800906],[-6.17430313140098,53.360285247502226],[-6.176689225441638,53.35976710103245],[-6.17731587367631,53.35987285986302],[-6.177836275531386,53.36045958526772],[-6.177736333611857,53.36100760962831],[-6.177738034356706,53.361148110916346],[-6.177753853755488,53.36120816699721],[-6.177764763890089,53.3612370240916],[-6.177777391716208,53.36126562539139],[-6.177840840956549,53.361385345185944],[-6.178545106636412,53.36174228936259],[-6.179110394750976,53.36183097084069],[-6.179715457576049,53.361862442720735],[-6.1797817436609135,53.36186696816339],[-6.179858747632005,53.361873696584475],[-6.180228621335684,53.361915184796594],[-6.180804073175482,53.36199203000954],[-6.181578015664489,53.36219836263008],[-6.1825756908729375,53.36167071833899],[-6.1861968310854145,53.36088244438362],[-6.187940525519968,53.36075321649741],[-6.188688854457032,53.36052533054577],[-6.189698824482408,53.36056289607521],[-6.190555871977405,53.3608298328824],[-6.1914877145147456,53.36085655042328],[-6.193399112033042,53.36049804797735],[-6.1941525487558255,53.360630695237255],[-6.19567920176671,53.36108052358561],[-6.196501715022348,53.361066870704974],[-6.198990141823831,53.36086242985178],[-6.199714165004593,53.36094006590915],[-6.1998151770838845,53.360990762903924],[-6.199844225738484,53.36103511338398],[-6.199853948687283,53.36106007339543],[-6.19986068518099,53.36108614107384],[-6.199837731120641,53.361252452115686],[-6.1991160208154925,53.361811203456135],[-6.197337714095102,53.36253397105034],[-6.196511109163341,53.363233543404576],[-6.196370057723739,53.36340728810785],[-6.196073685623052,53.36376953640086],[-6.195963059744873,53.36390461333607],[-6.195843008098616,53.36405111124148],[-6.195587812732619,53.364362161753775],[-6.195334469986557,53.364670271519444],[-6.19521673411522,53.364813093491584],[-6.195109350321927,53.364943024120215],[-6.1948822744871945,53.365214947422174],[-6.194810997326187,53.36530636823112],[-6.194758378630496,53.3653902331872],[-6.194722478378892,53.36546677102848],[-6.194707261388759,53.365704226007225],[-6.194894443860739,53.36589907134359],[-6.195587286500451,53.36603565855395]]},"properties":{"route":null,"routes":[],"category":null,"colour":null,"route_colour":null,"pdf_colour":"#662484","source":"pdf-future","phase":"future"}},
{"type":"Feature","geometry":{"type":"LineString","coordinates":[[-6.0458638720467945,53.34947956054963],[-6.04582070356918,53.34934739546232],[-6.045954707833742,53.34923945110261],[-6.049356458089296,53.348971722858565],[-6.052557732303731,53.34845241515634],[-6.054688541699653,53.34774072650072],[-6.05554498007874,53.34758685384482],[-6.055661928946639,53.34758712898926],[-6.055812294494735,53.347587489484305],[-6.055895287967743,53.347587689983925],[-6.056067455199453,53.34758810797862],[-6.056570314411894,53.34758933843328],[-6.060563519667823,53.347283605735925],[-6.063064985227726,53.34717369860958],[-6.065469327256289,53.3474577655325],[-6.071364077503506,53.34851961119137],[-6.073144922496375,53.3485655325438],[-6.076034456418145,53.34820231173425],[-6.077597493280692,53.34819746988701],[-6.079561863871428,53.34833966141671],[-6.080429479477845,53.34852493476694],[-6.081184341022086,53.348836993804305],[-6.081843797511382,53.349295373610204],[-6.083192124277362,53.35068178847351],[-6.0835695361202315,53.35095477907759],[-6.084510477233937,53.35134595634184],[-6.085587568874836,53.35155781948045],[-6.087209343904432,53.35177024499066],[-6.0878686019614605,53.35192312804908],[-6.08863184927875,53.35229373012085],[-6.089511926224969,53.352922947537074],[-6.090474357968955,53.353370913230776],[-6.094503580544683,53.35375310384471],[-6.095858601838687,53.354002199121766],[-6.101173862097322,53.355156250203024],[-6.102848965768208,53.35547393926844],[-6.104543229605989,53.355438727767066],[-6.106132824249227,53.35520318448118],[-6.108558467617126,53.355325770759165],[-6.109365575519501,53.355307884534795],[-6.111407193537293,53.355082426582285],[-6.111874169966077,53.35504753029949],[-6.112112878259243,53.355030932163366],[-6.112350119917072,53.35501520356201],[-6.11321021987721,53.35496552747295],[-6.113830469954164,53.354950230613134],[-6.115953448321208,53.35515124238814],[-6.121172026910033,53.35629840364183],[-6.123921474116367,53.35679228328421],[-6.125484215645357,53.35696573672781],[-6.128303333094438,53.35700457327424],[-6.129481188107151,53.35697673390796],[-6.130723504244865,53.356801142765136]]},"properties":{"route":null,"routes":[],"category":null,"colour":null,"route_colour":null,"pdf_colour":"#662484","source":"pdf-future","phase":"future"}},
{"type":"Feature","geometry":{"type":"LineString","coordinates":[[-6.095735188358637,53.31294757238031],[-6.096323818151536,53.31435990483413],[-6.095982929625536,53.31463934441701],[-6.094149000588233,53.314969950967836],[-6.092919556408674,53.31530506589403],[-6.09137376823724,53.315606927255836],[-6.091435521145937,53.315743652931886],[-6.092034737983953,53.31706446008016],[-6.092330703574489,53.317729540905916],[-6.092998945594137,53.319260926390896],[-6.093349161460387,53.319886286068694],[-6.0939083049962655,53.32046634943328],[-6.094645456046319,53.32094603297617],[-6.095053432960239,53.32116558010474],[-6.09526180450422,53.32127281135952],[-6.09536640264044,53.32132610782843],[-6.095471015340424,53.32137931206556],[-6.095591582946422,53.32144109305919],[-6.096183306568858,53.321756622037064],[-6.096646110034289,53.32201525317271],[-6.09710270459393,53.32227739083067],[-6.097795595777638,53.32267898033884],[-6.098029285249611,53.32281346710778],[-6.098263385261848,53.32294771333037],[-6.103880411444454,53.32611447090795],[-6.105603690061763,53.32715779003882],[-6.106289280906617,53.327722767646705],[-6.107491403552671,53.32899216808931],[-6.108956271491785,53.329804287326276],[-6.108627448708234,53.330013553983555],[-6.107665035531696,53.33017232626273],[-6.108025622046004,53.33099099585548],[-6.1087114922908725,53.33223430396497],[-6.109768699092899,53.3338545174637],[-6.109719293092219,53.33407923625659]]},"properties":{"route":null,"routes":[],"category":null,"colour":null,"route_colour":null,"pdf_colour":"#009bdf","source":"pdf-future","phase":"future"}},
{"type":"Feature","geometry":{"type":"LineString","coordinates":[[-6.111424416149335,53.35495173027611],[-6.113144718968787,53.35404782933861],[-6.113564554025103,53.35347937621743],[-6.113024196454607,53.35288759401587],[-6.109826838341915,53.35143721938109],[-6.109541337408735,53.35113657530824],[-6.10945614381168,53.350415208779616],[-6.109885047186276,53.350321372741334],[-6.111565011940612,53.350395334820035],[-6.11428877574895,53.35045067173622],[-6.114558266483598,53.350331564411995],[-6.114684215626442,53.34952814507179],[-6.114735542629294,53.3476079846209],[-6.11526653992401,53.345736229434586],[-6.115345784610118,53.34521646989362],[-6.115241137705699,53.343487682844476],[-6.115376727465771,53.342969481604264],[-6.115549684451051,53.34271297981098],[-6.115699540784846,53.34257763220264],[-6.115802761489669,53.342495313192856],[-6.115900779052766,53.34241975435494],[-6.115912980944229,53.342409718885484],[-6.1159240288308006,53.34239934482521],[-6.115952313131214,53.34223374737028],[-6.115556348266614,53.34161076906681],[-6.11432339825682,53.34014110334208],[-6.113002283540666,53.33913914330178],[-6.11259323443204,53.338638322748324],[-6.111813937984389,53.338214824751816],[-6.1117722092082225,53.338184213615705],[-6.111685348481559,53.33811182550635],[-6.1116077153416395,53.33803734450171],[-6.1114783791154315,53.337882917297065],[-6.111311157931267,53.33755789654],[-6.111244369065844,53.33688874510373],[-6.111354958620935,53.33565292717046],[-6.1111470549712665,53.335339347310516]]},"properties":{"route":null,"routes":[],"category":null,"colour":null,"route_colour":null,"pdf_colour":"#009bdf","source":"pdf-future","phase":"future"}},
{"type":"Feature","geometry":{"type":"LineString","coordinates":[[-6.124608362870417,53.317692024181625],[-6.125486118711737,53.317226734604866],[-6.126242119166454,53.316977626810306],[-6.127075733357471,53.3168732783646],[-6.128551638127738,53.316914840890675],[-6.129436915023605,53.3168478842905],[-6.130114553070066,53.316607746848554],[-6.129752415733433,53.31628266789438],[-6.12970873230564,53.31611531273873],[-6.129706575511537,53.31602033175526],[-6.129705786489795,53.315967865682325],[-6.129705457319689,53.31594066262428],[-6.129705316244595,53.31592709030267],[-6.12970509136399,53.31590039223546],[-6.12969365248063,53.315768160130325],[-6.129425876578794,53.31518805245736],[-6.129069876461819,53.314821529136225],[-6.128110228467343,53.31429580584399],[-6.127144817004094,53.31406546418769],[-6.126410142184923,53.31364481755893],[-6.126001019296902,53.31305920458493],[-6.125795423098458,53.312470873882276],[-6.125762541875715,53.312336943603604],[-6.125723403309154,53.31216951124943],[-6.125715560848047,53.31213603026226],[-6.125707648959929,53.31210255298935],[-6.125160852044924,53.30986673257763],[-6.12496466807413,53.30881181626939],[-6.124824215297149,53.308489939221275],[-6.123840024368675,53.30751330662351],[-6.122630909089939,53.306761695115156],[-6.121964343996614,53.30614077083903],[-6.121661668583296,53.30601778758725],[-6.119807796561171,53.30578477583268],[-6.114420080718158,53.30538260012731],[-6.113624117607524,53.30539082688518],[-6.112618837271091,53.30555129289938],[-6.111103711015477,53.30624136019399],[-6.110537252337374,53.306813390740395],[-6.110039906128195,53.30707695955779],[-6.108610590462526,53.307611774352814],[-6.105136846664449,53.30878100326383],[-6.104414792997836,53.309116528662464],[-6.104285639449489,53.309195783032514],[-6.104220510064273,53.309236730372525],[-6.1041557852914945,53.30927790965752],[-6.103762741277575,53.30953182513611],[-6.103317430371564,53.30980377695538],[-6.102416479151516,53.310399732411184],[-6.101241909705474,53.31088836344052],[-6.100321390521892,53.31112175956554],[-6.0985543419356185,53.31134823970014],[-6.0982024080463475,53.311667155355885],[-6.096506097892799,53.31226485672839],[-6.095784701191983,53.3123300352446]]},"properties":{"route":null,"routes":[],"category":null,"colour":null,"route_colour":null,"pdf_colour":"#009bdf","source":"pdf-future","phase":"future"}},
{"type":"Feature","geometry":{"type":"LineString","coordinates":[[-6.2464878851664,53.37882869287468],[-6.248839144690024,53.37818598347758],[-6.24892539220432,53.37805928656085],[-6.2477953734811225,53.37641203511114],[-6.244591084688132,53.37185990373034],[-6.243643830749722,53.370871885045176],[-6.2426257978960935,53.37087305713836],[-6.241303484340559,53.3700065877026],[-6.240924978598887,53.36969197914401],[-6.2406133680640234,53.369358129221624],[-6.2404833714870485,53.36918550150076],[-6.24037096629726,53.369009878741046],[-6.2401030433132005,53.368289539327705],[-6.240082932986766,53.368108017884246],[-6.2400821492184875,53.367927132006145],[-6.2401397181370415,53.367569687348784],[-6.24021222927319,53.367361280341015],[-6.240225571292203,53.36734507449222],[-6.2402343358342165,53.36733350442039],[-6.240244251112475,53.36731949683572],[-6.24028332520883,53.36724684994782],[-6.240256318143948,53.36711548523979],[-6.239626689093935,53.36668982922001],[-6.239251353719866,53.36644855416626],[-6.238517724423991,53.365955375494835],[-6.235796816468991,53.364105265455606],[-6.23491585182937,53.363720816663054],[-6.2346727552773045,53.36364851905906],[-6.234549321365705,53.363614702079765],[-6.2344250043451215,53.363582138954044],[-6.2341748429211945,53.36351987217866],[-6.234049559489942,53.36348971748666],[-6.233924514893895,53.36345991456356],[-6.2337373518995705,53.363414975374354],[-6.233643287410238,53.36339212601024],[-6.2335807025703325,53.36337675599047],[-6.233549497293561,53.36336903042757],[-6.233518372199926,53.36336127808715],[-6.233425643675464,53.36333786233438],[-6.233085692336752,53.36325030755758],[-6.232915693414168,53.36320655822982],[-6.232745679069451,53.36316282756297],[-6.231725272497188,53.36290083350038],[-6.23070432585188,53.36263950249878],[-6.230161293221443,53.36250158304302],[-6.2299004133572735,53.362434753584935],[-6.229835040598363,53.362417892348695],[-6.229769670442857,53.36240097150941],[-6.229639065383163,53.362366954912964],[-6.228990157859581,53.3622025428419],[-6.228095821162479,53.36208153666526],[-6.22671703087064,53.36204867312755],[-6.226653687388418,53.36204684289037],[-6.22659040893011,53.36204493087272],[-6.2264131879732645,53.36203917073516],[-6.226238827247163,53.36203438717826],[-6.225503314162833,53.36202012627296],[-6.225414668403536,53.361971250948905],[-6.225412104828635,53.36194159635428],[-6.2254093933932415,53.36191015666878],[-6.225403662107716,53.36184335303793],[-6.225394801017831,53.36173870323999],[-6.225383912380386,53.36160589968711],[-6.225374831288964,53.36148290831912],[-6.2253268118120175,53.36067104839571],[-6.225026644767665,53.36045140365701],[-6.2244205039461145,53.360371467259434],[-6.22423293911394,53.360344354071906],[-6.224086138081068,53.36032326297605],[-6.223983982123503,53.36030868752265],[-6.223574475272508,53.36025193923312],[-6.223471945709759,53.36023798085082],[-6.223420667337848,53.36023101400567],[-6.223369382169086,53.360224050068155],[-6.2233180919011,53.36021708504601],[-6.223266798231522,53.36021011494695],[-6.223002149934922,53.360174312631365],[-6.222209763009897,53.36006535049463],[-6.221106571985116,53.3598838486246],[-6.219744966101425,53.35945673175118],[-6.216331539361407,53.35760117613276],[-6.214719922188137,53.35682680871727],[-6.213550593326345,53.35639485303349],[-6.213260060705466,53.35628273752508],[-6.213077911286248,53.35619112097441],[-6.212219053749388,53.35533110705949],[-6.212051040897023,53.354900505753484],[-6.212006062609586,53.35364543527273],[-6.211721437596888,53.353129649823025],[-6.211140536879077,53.352592924456744],[-6.209679455999707,53.35146907580194],[-6.208968918302561,53.351000878747634],[-6.208927391925498,53.35096622228529],[-6.208887858596703,53.350930924034415],[-6.208746501604978,53.35078450434621],[-6.208151417167738,53.34993625741426],[-6.208113490547672,53.34926376862429],[-6.208368332693006,53.34839795331835],[-6.207836582050571,53.347857091759394],[-6.205768949713825,53.34687168852282],[-6.204880400702578,53.34636196476981],[-6.205040494836165,53.34599156331184],[-6.206093321340212,53.34465423156542],[-6.205242905007129,53.34414854578774],[-6.201598499529113,53.342677074349794],[-6.200805666544366,53.34233431747018],[-6.200737585637103,53.34230321190477],[-6.200670752171442,53.342271376065455],[-6.200541955630449,53.342204956768356],[-6.20031174056847,53.34205723012284],[-6.199832036567526,53.341412316205506],[-6.1995872582383775,53.33998885891005],[-6.1990439932051915,53.33895381326444],[-6.197623883279064,53.336438881935834],[-6.197072228885288,53.33584622170555],[-6.196532274152305,53.33549741703238],[-6.194952858180503,53.335847468518196],[-6.194749824375068,53.33584868259718],[-6.194613660456836,53.33579566861801],[-6.19448652452573,53.3357111603592],[-6.194465156762632,53.33569423740611],[-6.1944838925165,53.33556800599549],[-6.195042178438945,53.33522501472219],[-6.195252934635012,53.33523023783214],[-6.195770689625301,53.33556008923243],[-6.196532274152305,53.33549741703238],[-6.195879693497777,53.3350201051823],[-6.193593757309153,53.3336715668972],[-6.192205447153718,53.332983955032],[-6.191295434209919,53.33212193898604],[-6.189935614964349,53.33127793384029],[-6.186354245211667,53.32938158813296],[-6.185970273393777,53.328895616815736],[-6.1861693171924514,53.32811810947965],[-6.186538063076265,53.3261615311066],[-6.186894496647258,53.32506005331436],[-6.187399263605352,53.32414070312575],[-6.187372037729751,53.32380016051445],[-6.186531019643958,53.32330374919948],[-6.185392670139827,53.32305285854058],[-6.184985025562238,53.322834263016276],[-6.1828290615820425,53.32091279390094],[-6.1823014762021335,53.32067338102854],[-6.181155882066662,53.32090828338892],[-6.179912171394879,53.32098489616817],[-6.17763974132086,53.32088939588946]]},"properties":{"route":"22","routes":["22","73","N2"],"category":"radial","colour":"#9467bd","route_colour":"#2ca02c","pdf_colour":"#00a7e9","source":"pdf-future","phase":"future"}},
{"type":"Feature","geometry":{"type":"LineString","coordinates":[[-6.177625005489822,53.32088922388498],[-6.17597524852846,53.32083843779184],[-6.175083545612351,53.32069496998908],[-6.17411189825302,53.32031913483991],[-6.173609029017341,53.31997499444493],[-6.173053813629211,53.319123897804],[-6.171885200626533,53.31836868000784],[-6.171182932841362,53.31825678241787],[-6.169242718422291,53.317777140370886],[-6.168439719697989,53.31766251703888],[-6.1662392847191985,53.317504650855156],[-6.1638288308096705,53.31714911633532],[-6.162162907121718,53.317059751040745],[-6.159311542506611,53.316373160248055],[-6.158494183995409,53.31600926038732],[-6.156398581395867,53.31530578438315],[-6.154432357043235,53.31432486882278],[-6.153350663700608,53.31347656912051],[-6.152946281330876,53.312806834401094],[-6.152737708964057,53.312106159054835],[-6.152414758318915,53.311590935954165],[-6.151689940905502,53.31097486830342],[-6.150851282420945,53.31109023874232],[-6.149222584389756,53.31100635840852],[-6.148341282039333,53.31106163599636],[-6.147314297693192,53.311646679997445],[-6.146454359434662,53.31142554567667],[-6.145595766054148,53.31080083170748],[-6.144888942572135,53.31008713808609],[-6.144651234771701,53.310005108387244],[-6.143285053476205,53.310085338529305],[-6.141580289062349,53.309764115737],[-6.1400909753194925,53.309175553025085],[-6.1391970338269894,53.309615106732416],[-6.138724740535341,53.3101968496767],[-6.138213229992059,53.31109124427479],[-6.1380426001555515,53.31162310214628],[-6.137950435415067,53.31266279192984],[-6.137775814750858,53.31320694475919],[-6.137755159622874,53.313916448526356],[-6.137530378202151,53.31436290473927],[-6.136592761525009,53.3152694341949],[-6.133409422622541,53.315673843288074],[-6.132232624528814,53.31577841893964],[-6.130015741861839,53.31588891393364],[-6.1299785488273235,53.31589153739483],[-6.129941630958374,53.315894473281595],[-6.129868624649296,53.315901398109695],[-6.12978432066446,53.31591215206403],[-6.12954895482091,53.315961190844284],[-6.129214455454758,53.31584898356693],[-6.128682142906034,53.314970165628914],[-6.1281866862082754,53.31465638060722],[-6.126443321302521,53.314112801133554],[-6.125592547058064,53.31322921513863],[-6.125334287164627,53.31256203063949],[-6.125303417984737,53.31244129660279],[-6.125298503850917,53.31242124673508],[-6.12529364555844,53.31240122989869],[-6.125284081375446,53.31236131380751],[-6.125229485933195,53.312129110750455],[-6.1251351830399745,53.311745644124265],[-6.124774972430532,53.31163072445242],[-6.12307901931973,53.31218247091764],[-6.122357648500637,53.31225108427313],[-6.1177938684734565,53.312478345127666],[-6.116373766762659,53.31240574292299],[-6.115654831518914,53.31330651046081],[-6.1148623465848155,53.31394803041036],[-6.114035066199372,53.31439433170425],[-6.11297370717364,53.314706547181615],[-6.111204316958384,53.313904239989775],[-6.109119874492336,53.31276900114366],[-6.1064916914139475,53.31117767044793],[-6.104233851403812,53.310032863550454],[-6.103329135272293,53.31002174833345],[-6.102238742621186,53.31068368768703],[-6.100418660917445,53.31124956094874],[-6.09869293193618,53.31147573911561],[-6.098407571132315,53.31175503386494],[-6.097133418310857,53.312254995667764],[-6.0959481668309135,53.31246098624199]]},"properties":{"route":null,"routes":[],"category":null,"colour":null,"route_colour":null,"pdf_colour":"#00a7e9","source":"pdf-future","phase":"future"}},
{"type":"Feature","geometry":{"type":"LineString","coordinates":[[-6.113472889035389,53.37874024675877],[-6.112968602729719,53.37904709201162],[-6.111311098117882,53.378216550894585],[-6.109921590182231,53.377755049216404],[-6.108728915757336,53.37755898461641],[-6.108014078420199,53.377048399460726],[-6.107305796921459,53.37701572500782],[-6.105975742691392,53.37750814510588],[-6.10570510824932,53.377453586123714],[-6.105064880328688,53.37623786330875],[-6.104724409733235,53.37602394552247],[-6.09958080250422,53.37372377655933],[-6.0988028701061525,53.37341658436113],[-6.098252446921762,53.373230138896695],[-6.098100397603166,53.373177011482504],[-6.097921107104634,53.37311346347652],[-6.0969856195605,53.37277520232962],[-6.0964247408329655,53.3725697260389],[-6.096130482823966,53.37246142540335],[-6.095830618134769,53.372350758894],[-6.095224885965645,53.37212635561293],[-6.094924427110652,53.372014632520695],[-6.094629178825331,53.37190457091367],[-6.094532920359963,53.37169350370159],[-6.094660585882716,53.3715730194105],[-6.094823320314875,53.371419568561116],[-6.095716469103247,53.37057828129618],[-6.096736808304801,53.369618255960496],[-6.096971087344374,53.36939801494631],[-6.097186196276188,53.36919589823158],[-6.097537208209672,53.36886647404353],[-6.097746452891519,53.368670856082524],[-6.099577897373715,53.36699172440143],[-6.100925892044284,53.36550665357918],[-6.101430526292743,53.3650363730801],[-6.103727673763331,53.36349805952068],[-6.104291272963732,53.363006833162494],[-6.104914653825766,53.36221155241304],[-6.105389619643695,53.3611118145113],[-6.105854148264475,53.35847062200411],[-6.106303090773546,53.35641068849523],[-6.106536408596654,53.35624712081207],[-6.108107174308673,53.35604650317207],[-6.110295760749935,53.35564915487395],[-6.113183763567518,53.3553554979057],[-6.114787636136389,53.35539157705163],[-6.115831499053047,53.355548009733944],[-6.1209601340292235,53.35667395791702],[-6.1235180891465,53.35715793383866],[-6.124839637487355,53.35732131882529],[-6.126663582767188,53.357396819816934],[-6.129900311996961,53.35735829176964],[-6.130549120810907,53.3572750910914],[-6.131096933881924,53.35717071739774],[-6.131282157090577,53.3571320166963],[-6.1313758692718805,53.3571113717723],[-6.1314696155396815,53.35708982940416],[-6.132682316131936,53.356691320273455],[-6.132740053282014,53.356666839247396],[-6.132753396128903,53.356659999495804],[-6.132766245514984,53.356652880578935],[-6.132790350135611,53.356637822514834],[-6.132861341730278,53.3565672869221],[-6.1328818529595726,53.35652240163256],[-6.132887991987092,53.356499044210565],[-6.132891449065677,53.356475230537754],[-6.132890504703503,53.35642669524168],[-6.132740788790342,53.356195811882564],[-6.131427429351038,53.35528723500992],[-6.130932672946987,53.35483172050933],[-6.130764160594826,53.354601936942046],[-6.130729916299402,53.3545421736994],[-6.1306988378409955,53.35448151151509],[-6.130646203075181,53.35435754631881],[-6.130563906213081,53.35383614553916],[-6.13079759993255,53.35311230668491],[-6.132325889369746,53.350057204261205],[-6.132263311365581,53.349672960758234],[-6.133941309484065,53.3461903410774],[-6.134223490049448,53.345565678231594],[-6.134256021744511,53.34548711565492],[-6.134288114756689,53.34540847733079],[-6.134351189213101,53.34525101046881],[-6.134454862241066,53.34498684934574],[-6.13447596795624,53.344941308511586],[-6.134640591764881,53.34441474488385],[-6.134949096273451,53.34264301346591],[-6.135263426658662,53.34201099585121],[-6.135528342848514,53.34013162101448],[-6.135842451281217,53.33832762685469],[-6.136059046656785,53.338234562660645],[-6.138624363515233,53.338377603210894],[-6.139591521108981,53.3385027216095],[-6.140157113042881,53.33845129690239],[-6.140163510721697,53.338418458800604],[-6.14016693791309,53.33840256217222],[-6.14017080743977,53.3383847060174],[-6.140175871457623,53.33836144566397],[-6.140188854578397,53.3383023154467],[-6.140221142441073,53.33815883856853],[-6.140263526634421,53.337988674705066],[-6.140425434673139,53.337416091236975],[-6.140445812403125,53.336992446569305],[-6.140225301956026,53.33628734726718],[-6.14009154717356,53.336031393421905],[-6.140067014419197,53.3359921648848],[-6.140054720247486,53.335973857614405],[-6.1400424173280275,53.33595652986338],[-6.140030112997276,53.33594026277217],[-6.139957466576397,53.33586168431644],[-6.138104906323308,53.33434043603489],[-6.137270144541249,53.33359924326825],[-6.136262692850826,53.33259375753628],[-6.136149820865519,53.332332396379726],[-6.13613170676255,53.33229894406751],[-6.136107874188712,53.33226708936946],[-6.136044666906473,53.33220885196261],[-6.136006098837093,53.332182808827184],[-6.135963425574888,53.33215904245267],[-6.135867376750035,53.332119019133145],[-6.135522650876702,53.332071249251975],[-6.13426007313663,53.332298370462134],[-6.133146567441691,53.33264758763185],[-6.1328094379182065,53.332595413703835],[-6.130886449275897,53.33054080727276],[-6.1303188489816,53.32973939843006],[-6.12989558118686,53.328915578304375],[-6.129629368841622,53.32806648990783],[-6.12951908593296,53.32648822158014],[-6.129073170559474,53.32520622422334],[-6.128593240706111,53.32457742446321],[-6.127807442614295,53.32394445719246],[-6.126795411896156,53.32347005636216],[-6.12524089306247,53.3229579282552],[-6.123662185869885,53.322278449613336],[-6.123149799487617,53.322162725170706],[-6.1230610376667665,53.322132853642266],[-6.123038027746413,53.32211949626118],[-6.1230184676181825,53.32210484027651],[-6.122976658412398,53.322038048288604],[-6.123058639906194,53.321926813817115],[-6.124440364635323,53.32146267529603],[-6.124690345605063,53.320505812544724],[-6.1252903448133385,53.319610290703295],[-6.124559649961037,53.31894438503683],[-6.1236964018316495,53.31841234733284],[-6.123560578454217,53.318178229023175],[-6.122762255981282,53.3177419490189],[-6.121565293107972,53.31661700957128],[-6.121030034399775,53.3158021729077],[-6.120700319534001,53.31566429821586],[-6.116210728008778,53.31564908487299],[-6.115998567830589,53.315638777522665],[-6.11579447388731,53.31562596795589],[-6.1154207646714465,53.315591718171035],[-6.114788306243156,53.31546016447085],[-6.11336268765645,53.314909219609554],[-6.112830699160466,53.31481095977859],[-6.1110525528838755,53.3140050030579],[-6.1091500091546065,53.3129778893935],[-6.107176748335427,53.31176728447524],[-6.105877030480175,53.31103377951334],[-6.104040030349472,53.31011307178633],[-6.103474080360923,53.31014115329691],[-6.102398204674761,53.31079163087591],[-6.101547717981794,53.311113618089315],[-6.100516602796168,53.31137774420735],[-6.0988196292904835,53.3116038598545],[-6.098538457941003,53.311876712675044],[-6.0972677035165646,53.31237331108081],[-6.095980769305305,53.31259709414693]]},"properties":{"route":null,"routes":[],"category":null,"colour":null,"route_colour":null,"pdf_colour":"#009bdf","source":"pdf-future","phase":"future"}},
{"type":"Feature","geometry":{"type":"LineString","coordinates":[[-6.011604295118274,53.31694405125567],[-6.0130923943263985,53.317346096659556],[-6.018943058590543,53.31830408079183],[-6.0192801215944245,53.31820993157071],[-6.019816982475929,53.31774035703949],[-6.024341914079614,53.31618496664267],[-6.025281207268414,53.316056970950854],[-6.025937876865938,53.31607955083547],[-6.027450214278134,53.31628843983047],[-6.029486307094442,53.31678349715969],[-6.031059839389782,53.31727251672152],[-6.034320108982894,53.31790109933815],[-6.036534355607716,53.31898566533938],[-6.037050300589829,53.31937606461404],[-6.037086795734638,53.31941834000979],[-6.037094484555101,53.3194300474406],[-6.037101633545427,53.31944209253179],[-6.037114380347979,53.31946696015054],[-6.037150875415824,53.31958112235718],[-6.037370020555858,53.31972020688286],[-6.03819080397777,53.31986144870646],[-6.0393556128860215,53.319808549630146],[-6.040893818181573,53.31936944662906],[-6.043905609096456,53.319060774144596],[-6.045096603349732,53.31877211026427],[-6.045234334026354,53.318724189786444],[-6.045370077903477,53.318673992065634],[-6.045636192727833,53.31856718886823],[-6.046446659897539,53.3182107808245],[-6.048678249464157,53.317698354368204],[-6.051608273347371,53.31762366126779],[-6.0523521938014335,53.317500617155424],[-6.053076485671838,53.317205222608614],[-6.054419193580871,53.31627998415385],[-6.055422630574414,53.315774112038724],[-6.057669795684828,53.314809322761434],[-6.05831082742423,53.31460979978068],[-6.0593178967980945,53.31450914647492],[-6.060912874483319,53.31454801203128],[-6.062127225828258,53.31429214357469],[-6.063430413394444,53.313757528803016],[-6.066455316844937,53.31294364827861],[-6.066911116857187,53.31282203678154],[-6.066980002102583,53.312803734419234],[-6.06704115966003,53.31278749631197],[-6.067165729829229,53.31275445501643],[-6.0693883063125655,53.31187627752944],[-6.071687293040381,53.31132899315453],[-6.072537194302943,53.3109455785679],[-6.073558103081454,53.30988039982931],[-6.075590171573475,53.30899121432342],[-6.076686002587591,53.30756446781288],[-6.077435976439463,53.307163549624],[-6.078991887211428,53.30657053845033],[-6.080018604904985,53.306015669361116],[-6.0804180630504465,53.30595075833999],[-6.081887763708547,53.30643040231997],[-6.083179651590287,53.30718626779856],[-6.083678122027826,53.307869215218375],[-6.084084065203602,53.30869459170143],[-6.084455663045271,53.30898399403144],[-6.0851910218549445,53.310597469925334],[-6.085546776651832,53.311189446538194],[-6.086750631386372,53.3124220283044],[-6.087164204541065,53.31314603334745],[-6.087663449022023,53.313649673080405],[-6.088994885523752,53.314468956024285],[-6.089670212294922,53.314431227337856],[-6.090621144686736,53.31420099811532],[-6.091220256041001,53.31442020869465],[-6.091529431580828,53.315100294548856],[-6.0926315469976355,53.31489941620028],[-6.0937701007726925,53.31458717121207],[-6.09549493403137,53.31425858077351],[-6.094979040419396,53.31294546682773]]},"properties":{"route":null,"routes":[],"category":null,"colour":null,"route_colour":null,"pdf_colour":"#009bdf","source":"pdf-future","phase":"future"}},
{"type":"Feature","geometry":{"type":"LineString","coordinates":[[-6.131883118659549,53.345250150620494],[-6.133773316043868,53.3455284176376],[-6.133995711377978,53.34547089449595],[-6.134011067058708,53.345449790502],[-6.13401599525271,53.345438332163006],[-6.134026308159561,53.34540840888308],[-6.134239005936281,53.34490323825033],[-6.134401635068922,53.344384892416095],[-6.134707886294639,53.342623076669256],[-6.135137816612023,53.3415003870492],[-6.135328124338964,53.33979620464293],[-6.135555623445376,53.338358229985566],[-6.136010688550839,53.338099115569165],[-6.139631940783365,53.33826150485252],[-6.139882253012023,53.33734480112806],[-6.139826372855725,53.33665103251482],[-6.139466449975973,53.33571141248719],[-6.13717491580011,53.33379588668516],[-6.135780257823953,53.33249119006051],[-6.1347187455473575,53.332664635834625],[-6.1330924531310655,53.33316978333493],[-6.131761448474807,53.33344356611531],[-6.128576164205687,53.33379841096608],[-6.1285531440948695,53.33380075225988],[-6.128506730714714,53.33380331253268],[-6.128413720600112,53.33380012241317],[-6.128093914805947,53.33371918179031],[-6.127871540229974,53.33370874256899],[-6.123994977248314,53.33411302601136],[-6.122675067164349,53.33428226112161],[-6.121176853477277,53.33457612376402],[-6.120698820844312,53.33469646729578],[-6.119543439297891,53.335053048947614],[-6.119090533119207,53.33517976234052],[-6.118926086847359,53.335228174098674],[-6.1188901449169535,53.33523855892802],[-6.118854164937549,53.335248840801704],[-6.118782564108495,53.335268885720076],[-6.118503786941513,53.33533768215226],[-6.1180672385426895,53.335544191817526],[-6.117507969104269,53.33608927594665],[-6.116765812028322,53.33621227429534],[-6.114639000479256,53.33718878123231],[-6.113140314922909,53.33776316070144],[-6.112614266838316,53.33791500304143],[-6.112171134137834,53.33803606805624],[-6.11199374910641,53.3380850126443],[-6.111905170667886,53.33810984806493],[-6.111763823628056,53.33813970486983],[-6.111663722939481,53.338160584425665],[-6.111543277182815,53.33818546362307],[-6.11140617481979,53.338213464060715],[-6.111256104312144,53.33824370733727],[-6.110931812709922,53.33830740880186],[-6.110031302452722,53.338460987592065],[-6.108257207645804,53.33853666462822],[-6.1034846724682446,53.338457931052254]]},"properties":{"route":null,"routes":[],"category":null,"colour":null,"route_colour":null,"pdf_colour":"#ed1c24","source":"pdf-future","phase":"future"}},
{"type":"Feature","geometry":{"type":"LineString","coordinates":[[-6.147706665684445,53.33938585663655],[-6.147319102989931,53.339401993910435],[-6.146297265947793,53.33916855929672],[-6.145949175771538,53.338665542236384],[-6.141048443389746,53.33845405755134],[-6.1408412726988,53.33844259557333],[-6.1403473193387095,53.338408969583035],[-6.1401933970560645,53.33839775955646],[-6.140123712199223,53.33839264053456],[-6.140060438088324,53.338387989580106],[-6.140004744640583,53.33838391474798],[-6.139957801773216,53.338380524093076],[-6.139882655808571,53.33832468756749],[-6.140172162683553,53.33700194552758],[-6.139843748584241,53.33611342355551],[-6.139979519269738,53.33599392361344],[-6.141308443444623,53.33585050578251],[-6.14150038595112,53.33583309904118],[-6.142214708823948,53.33584818871498],[-6.14466882230926,53.336098080872596],[-6.146117837901043,53.33607837307382],[-6.147401880587664,53.33544204315406],[-6.149808792696156,53.3345017884167],[-6.150415459428142,53.33418288072714],[-6.150657294977915,53.333850722648414],[-6.14897380197828,53.33345270291962],[-6.147809524239988,53.33351561362271],[-6.1469120463699465,53.33338983035249],[-6.145444017151902,53.33266712004606],[-6.144977108039226,53.332533383676925],[-6.142548109796982,53.33243829758696],[-6.139680717580115,53.33210039752397],[-6.13785071472961,53.332155318230456],[-6.136532381183775,53.33226342648491],[-6.136404655410334,53.332272101211366],[-6.13554828526381,53.332333268854164],[-6.1344479202927396,53.3325399532094],[-6.132475937518607,53.33312192121509],[-6.1310195161956935,53.33335645400561],[-6.128642917890177,53.333604437267745],[-6.128523484852355,53.33371928438567],[-6.12864761038361,53.33394648297803],[-6.128718507112901,53.33405643294816],[-6.129333647002724,53.3347579473498],[-6.131034087614737,53.335619698101404],[-6.131273300989316,53.336048470217385],[-6.131209498181998,53.33649708106138],[-6.130043172878605,53.339129461378256],[-6.129846201824933,53.33920933587445],[-6.1281761851088685,53.33906474640101],[-6.12504109414621,53.33856223865226],[-6.122157144954794,53.338553551170236],[-6.121808979753573,53.33842040295009],[-6.122417705946538,53.33718250149052],[-6.122501242635005,53.336677168549116],[-6.122274273870846,53.336183507735136],[-6.121755908732158,53.33574754962858],[-6.1201679888586344,53.335008709781675],[-6.118960014337441,53.33524685572614],[-6.118723767018819,53.335157116302916],[-6.118721279131341,53.33515617125167],[-6.118668406414534,53.33513555819232],[-6.1186465089184034,53.335126817165076],[-6.118621960085421,53.335116889213346],[-6.118349392598507,53.33499460093472],[-6.118264133867119,53.33489645558148],[-6.118057153452947,53.33375812307368],[-6.116861674450447,53.332482895437984],[-6.115463523097415,53.33193863909081],[-6.111368405324603,53.33116816716679],[-6.110807210462453,53.33238609536326],[-6.110770437942311,53.333667063831015],[-6.110963869784565,53.334308618001806],[-6.110716369815343,53.33450855390381],[-6.110015337189332,53.334573899611264],[-6.109562410434938,53.33463820791609],[-6.108953368871765,53.335172640878014],[-6.1089919527843435,53.33563619305736],[-6.108141565936668,53.336234194706535],[-6.107068071633595,53.33656686567135],[-6.10542414208087,53.33720024145784],[-6.10403609317245,53.33780271067959],[-6.104077739476911,53.33827977640956],[-6.103210234053746,53.338349719647596]]},"properties":{"route":null,"routes":[],"category":null,"colour":null,"route_colour":null,"pdf_colour":"#ed1c24","source":"pdf-future","phase":"future"}},
{"type":"Feature","geometry":{"type":"LineString","coordinates":[[-6.048081213310588,53.32863170040762],[-6.050100369116094,53.327420921172305],[-6.050133978265898,53.32724774800809],[-6.048775347263825,53.32542665389367],[-6.0477759439541865,53.32435221388361],[-6.047374642141699,53.32348022944972],[-6.0474972292219835,53.32329807093391],[-6.0497462086071225,53.32244778342571],[-6.051286373269063,53.32212535072202],[-6.053162815569166,53.32267032690954],[-6.053570167874024,53.32261879402653],[-6.05395386298474,53.32187300285262],[-6.053297323908029,53.319139269580575],[-6.053547806128175,53.31866877384607],[-6.053131008622984,53.31750444943241],[-6.0547739908742875,53.316320634727106],[-6.055594572488156,53.315937489072034],[-6.056513705596015,53.31573905342233],[-6.057856565923218,53.31516458655978],[-6.058671302195521,53.314904979061865],[-6.05952227730596,53.31484607672098],[-6.061312541041386,53.314858880995985],[-6.062478568244912,53.314580283885874],[-6.063674693024311,53.31407932858193],[-6.066816164776676,53.3132186575975],[-6.067031974960174,53.31286295688053],[-6.067010284063743,53.31283582168543],[-6.066860884030451,53.312636006850994],[-6.066470028381251,53.31214677190415],[-6.0662014491628495,53.31167902651888],[-6.06605934263281,53.31116682883024],[-6.0660770887552715,53.310419481411394],[-6.066568279845015,53.309124274777986],[-6.066570340423713,53.308177587469835],[-6.067849941692327,53.30833139865591],[-6.06929257361638,53.30805919640735],[-6.0699077047898005,53.307744239269574],[-6.070796883113894,53.307039232193624],[-6.074031699317298,53.30656973550761],[-6.075083513791245,53.30664664379191],[-6.075652878902451,53.30690591626328],[-6.0762399016923885,53.30737873329334],[-6.077190325737148,53.307091503017524],[-6.078931885517689,53.30641735157511],[-6.080057353928647,53.30584038389615],[-6.081069579243345,53.30597921796694],[-6.08247123145431,53.30651936108641],[-6.083035912253266,53.306849243665866],[-6.084056824968537,53.306711037303685],[-6.0890608244945,53.30689021159549],[-6.093333267975581,53.30699034161555],[-6.093571349736118,53.30710201758026],[-6.095086256912312,53.311317965966616],[-6.095080268715424,53.312184142799744]]},"properties":{"route":null,"routes":[],"category":null,"colour":null,"route_colour":null,"pdf_colour":"#ed1c24","source":"pdf-future","phase":"future"}},
{"type":"Feature","geometry":{"type":"LineString","coordinates":[[-6.24130019362097,53.36448758047642],[-6.240978411043027,53.36520692341619],[-6.240804456722683,53.3655645321579],[-6.240715946129052,53.36574309024106],[-6.240627073179549,53.365921586758844],[-6.240538332823997,53.36610009868107],[-6.240363229694045,53.3664574766181],[-6.240194596337792,53.36681583981067],[-6.240113943199365,53.36699558330231],[-6.240036392353835,53.367175804017286],[-6.239962438751027,53.367356578925396],[-6.239838208102297,53.36792171046875],[-6.239860395381076,53.36830257877014],[-6.23990184293261,53.36849254840813],[-6.239963016025025,53.368681453395666],[-6.240143007630853,53.369053804493454],[-6.2402610605434425,53.36923611814073],[-6.240397307795266,53.369415102211626],[-6.241116584186681,53.370086418101614],[-6.242293063411922,53.37085670938911],[-6.242275436052415,53.3711004484809],[-6.2413877936521,53.37136447411986],[-6.241377887430513,53.37136738635893],[-6.241355914929321,53.371373507085785],[-6.241264937482647,53.3713963795397],[-6.241142981652321,53.37142168368661],[-6.240208475650467,53.371325109969604],[-6.236771859242198,53.37132449119551],[-6.233961886171851,53.371003394183575],[-6.231799444639055,53.370994722114986],[-6.230325992394124,53.37082752817822],[-6.2281533520739965,53.37028786851613],[-6.226310414539719,53.3701143788499],[-6.225607294900794,53.370028444211634],[-6.224785183723205,53.36992120015362],[-6.224667634236923,53.369906220807145],[-6.224550020188206,53.36989146874222],[-6.2241962779149365,53.369848385721966],[-6.223846708426572,53.3698003814902],[-6.2236172166768196,53.36976450259899],[-6.223503293857485,53.369745401044796],[-6.223389811600864,53.369725525068176],[-6.222488081117366,53.36953866654512],[-6.221250560995002,53.369249153680926],[-6.220220476119098,53.36907507639372],[-6.217880942663592,53.36884815104446],[-6.2166832105658365,53.368709601506296],[-6.214978732637476,53.36850884613062],[-6.214491465909824,53.368452142813126],[-6.214247763411792,53.368424125984326],[-6.214004008523337,53.368396392536305],[-6.213028370551024,53.36828919496434],[-6.211028044520921,53.36810370071595],[-6.210563234438703,53.36804248790683],[-6.210447576226279,53.36802560460357],[-6.210332069947424,53.3680082714574],[-6.210101381611054,53.36797262003133],[-6.209525016968652,53.36788199612754],[-6.2092939227994215,53.36784706150422],[-6.209060562969211,53.36781263732435],[-6.208827755187801,53.36777794111039],[-6.208363643094264,53.367707505979666],[-6.204938707612816,53.36710520338],[-6.203472040378319,53.366891264431075],[-6.201762369574068,53.36676310919172],[-6.199562835832393,53.36632819938233],[-6.197031589447517,53.36594451144762],[-6.196146286861062,53.36577175891263],[-6.195470896134886,53.36560834556538],[-6.194881186797452,53.3654732760204],[-6.194712264236187,53.36543521515252],[-6.1945420952266,53.36539707483502],[-6.194212721147343,53.365323831737236],[-6.193176827059983,53.365102036382815],[-6.19038264366856,53.364444532735064],[-6.188304772959594,53.363999456362514],[-6.187374915230022,53.36381264695423],[-6.187141707453002,53.36376697120362],[-6.186908387655336,53.36372142214346],[-6.186675048495626,53.36367585779872],[-6.1862086827244775,53.3635841153552],[-6.185279795816125,53.3633942001504],[-6.1840677256294585,53.36311121085518],[-6.182111799799302,53.36249756415194],[-6.181895628815341,53.36243381110016],[-6.181787082954771,53.36240241256019],[-6.181678244554076,53.36237129042669],[-6.181240181134097,53.36224893219525],[-6.180676194493005,53.36211959752793],[-6.179794783382736,53.3620017421728],[-6.179695866454228,53.36199523132491],[-6.179600950828599,53.361990628685874],[-6.1792617528215485,53.361977864634426],[-6.178666465400056,53.36190932008151],[-6.17796089847722,53.3617031988811],[-6.177685968776944,53.361542475284466],[-6.177583643140913,53.36145067621448],[-6.177543427313064,53.36140236009569],[-6.177511333168807,53.361352601581636],[-6.177499125169321,53.36035709718117],[-6.176800735674518,53.359908662179144],[-6.174370847413138,53.36042990963614],[-6.173100465266243,53.36043514259006],[-6.17306479047148,53.359518328584194],[-6.172836029166376,53.35935137011571],[-6.170705114982063,53.35880682633171],[-6.165465776041816,53.35755641022035],[-6.161282582606548,53.356651204789245]]},"properties":{"route":"20","routes":["20","21","73","78","N2"],"category":"radial","colour":"#9467bd","route_colour":"#98df8a","pdf_colour":"#ed1c24","source":"pdf-future","phase":"future"}},
{"type":"Feature","geometry":{"type":"LineString","coordinates":[[-6.242020413440113,53.37024110682],[-6.240961951569059,53.36945445686271],[-6.240749873156237,53.369188434495925],[-6.240661205320817,53.369052321638655],[-6.240584146437436,53.368914486495385],[-6.240392420995004,53.368351105511124],[-6.240403930176416,53.36743448857636],[-6.240014190631527,53.36721880118975],[-6.235565778371429,53.36421584169118],[-6.234620131521805,53.36382128210707],[-6.234145978431304,53.36369399133236],[-6.234025746465894,53.36366445962048],[-6.2339054345705724,53.36363544469424],[-6.23365922049009,53.36357680155869],[-6.2336275189555295,53.36356921627331],[-6.233595781449332,53.36356159060623],[-6.233532263600618,53.36354621655355],[-6.233342538778739,53.36349908432646],[-6.233280007270199,53.36348302640515],[-6.233110044954654,53.36343931189024],[-6.23294006642568,53.36339560741956],[-6.232600061344833,53.36330823335483],[-6.232430035101655,53.363264566132756],[-6.2322599932624385,53.363220913698854],[-6.23191986341328,53.363133657939514],[-6.231239423353793,53.36295937606234],[-6.229755021853654,53.36258052530884],[-6.229623773204082,53.36254662513299],[-6.229558092497112,53.36252955470472],[-6.229492408441059,53.36251240362441],[-6.229159201148201,53.362424306480335],[-6.228864911939188,53.36235312547446],[-6.2280343596813585,53.362239414163874],[-6.226978724843355,53.36221503071757],[-6.226597021300417,53.36220506599971],[-6.226469922319999,53.36220106453125],[-6.226406474212358,53.36219890085591],[-6.226356332175298,53.36219724387209],[-6.226184689272635,53.36219249816326],[-6.225927926196656,53.362186838709874],[-6.225673213511894,53.36218216693961],[-6.225558197481056,53.36218027782436],[-6.22550579954112,53.36217945832722],[-6.225457579745826,53.362178727296325],[-6.225300962921596,53.3621541263754],[-6.225273375952025,53.36214452039921],[-6.225247439719021,53.36213357484783],[-6.2252012142138105,53.362108046200284],[-6.2251636759081626,53.36207830279438],[-6.225148598674612,53.36206208879506],[-6.2251362143042765,53.36204510699175],[-6.225116955250309,53.36199050770996],[-6.225029037060778,53.360689508099846],[-6.224900242992532,53.36060181926618],[-6.224511333466955,53.36055269534113],[-6.223676870634803,53.36043434298635],[-6.223625887625854,53.360427304048436],[-6.223574896843884,53.36042028702442],[-6.223472894648521,53.360406304822035],[-6.2231667713885,53.36036452285101],[-6.223067193729422,53.36035109103624],[-6.223000862508171,53.360342098238355],[-6.222967706797925,53.360337592039635],[-6.2229345549034605,53.360333080052904],[-6.222636014985093,53.36029230392672],[-6.222102535585755,53.36021877231882],[-6.220969202078104,53.36003154304594],[-6.219905058482415,53.35973172803183],[-6.2190069893088555,53.35931971489658],[-6.216042234474648,53.35768341731763],[-6.214269571668074,53.35684140971997],[-6.21357151914288,53.35658515642074],[-6.213353804378655,53.356495646639985],[-6.21324612128917,53.35644874606868],[-6.213141974713345,53.35640113363578],[-6.212952552058401,53.35630592896223],[-6.212195274653539,53.3556846158125],[-6.211858791459822,53.35508798203602],[-6.211789067221895,53.35379446408895],[-6.211481672578329,53.3531547154438],[-6.210946694367068,53.35266755669521],[-6.209508687749612,53.35156091071167],[-6.208909717887293,53.35117463610998],[-6.208739135489406,53.35104581820006],[-6.208663295363789,53.350977669147184],[-6.208627863134262,53.35094306701357],[-6.208593923956125,53.350908168357215],[-6.208530028241637,53.35083764712247],[-6.207885492404635,53.34987609736127],[-6.207878287691108,53.3492168152631],[-6.208108280155873,53.34861487365081],[-6.207743390978613,53.34798781680815],[-6.205604664137153,53.34696604332151],[-6.204716115125906,53.3464563195685],[-6.204614823362643,53.34614348748861],[-6.20578803780713,53.34469362549057],[-6.204933694812661,53.34424210697072],[-6.201142036941344,53.34505318810317],[-6.20056481754898,53.345171883338786],[-6.199987242217115,53.34529006949734],[-6.198831221761213,53.34552524125534],[-6.193624683083412,53.34657829702465],[-6.192467535449438,53.34681101959798],[-6.1918887349900755,53.34692697596973],[-6.191599278808469,53.34698486493607],[-6.191309785595548,53.34704269899765],[-6.190151446480253,53.347273554820326],[-6.187951158436148,53.34771712305028],[-6.184414740769136,53.34841577625109],[-6.177450825245459,53.349817773147905],[-6.176280171785812,53.35011491270828],[-6.175233017811976,53.35052648331139],[-6.168677452793071,53.35374773128679],[-6.166450237944138,53.35482481891314],[-6.165569452558461,53.35539895040328],[-6.165185512741662,53.35613454730348],[-6.165353008959108,53.3573760991484],[-6.165353041386957,53.35738763543024],[-6.165351778563682,53.35740096581584],[-6.1653430356879575,53.3574303245143],[-6.165225102662917,53.35749166511533],[-6.165085700413527,53.35747407744806]]},"properties":{"route":"73","routes":["73","97","N2"],"category":"radial","colour":"#9467bd","route_colour":"#aec7e8","pdf_colour":"#ed1c24","source":"pdf-future","phase":"future"}},
{"type":"Feature","geometry":{"type":"LineString","coordinates":[[-6.114355987200035,53.37855863731411],[-6.115216809016917,53.37809265619853],[-6.117869995455401,53.37821732803332],[-6.118037355070842,53.378231932080624],[-6.118160078095902,53.37825859362517],[-6.118206850906034,53.378275097046966],[-6.118245044591365,53.37829299614874],[-6.1183533968895825,53.378602747646475],[-6.119089631973316,53.379057354273094],[-6.11935163746884,53.379410468484906],[-6.119445745592193,53.379992810284136],[-6.1191318160041765,53.380913709307634],[-6.119571851469941,53.38165138687278],[-6.120113141436397,53.38191795729274],[-6.122910949926808,53.38262370319047],[-6.1245740041934384,53.383223476666],[-6.126004100800104,53.38347619924766],[-6.127287640880659,53.3832965164768],[-6.127861233261461,53.38305900805766],[-6.128699561810867,53.38239661760803],[-6.131088466197799,53.379289279861275],[-6.131365167432075,53.37847375544708],[-6.1313118016332835,53.37782250298856],[-6.130835754704362,53.37733358663975],[-6.12947850004878,53.37695147516528],[-6.126762765242122,53.37674009720541],[-6.125075569292298,53.376956396464756],[-6.124716443429155,53.37681896274425],[-6.124668361607914,53.37636016936657],[-6.124853985247261,53.37540105338426],[-6.125189346108747,53.374662664213645],[-6.125302629764103,53.374476845682345],[-6.125318297154794,53.37444895804079],[-6.125332826106801,53.374421544888946],[-6.125357122772725,53.374369222086415],[-6.125334273507907,53.373987476244615],[-6.124746158866469,53.37259353246473],[-6.12465796072437,53.3721888311836],[-6.125097704781574,53.37198013409843],[-6.126738113892576,53.37212026486263],[-6.132216625974215,53.372347763653934],[-6.133551378321808,53.37221412677963],[-6.136356655959235,53.372746536032814],[-6.136767594336969,53.37292641394964],[-6.136698334428974,53.373901014944344],[-6.137013239538803,53.37417376560879],[-6.137966718868654,53.374541549197666],[-6.138241610526146,53.37476827386853],[-6.1391452453154125,53.37620719249266],[-6.139537172675135,53.37662030970748],[-6.139575063737081,53.3767240036645],[-6.139590639444484,53.37678403290197],[-6.139604228797874,53.376848189557506],[-6.139721066329525,53.378097420470745],[-6.139652261619385,53.3785403278639],[-6.139030418437559,53.379401508277276],[-6.138385938214048,53.379922271471436],[-6.138299673600661,53.380435747336044],[-6.138479705720997,53.38065928047824],[-6.139239146567248,53.380983300560736],[-6.140357064214052,53.38175020369605],[-6.142381618110573,53.38303058428907],[-6.142450305590319,53.38309409294353],[-6.142478089035995,53.383121399017284],[-6.142505722564029,53.38314868455323],[-6.142533288199325,53.3831759320037],[-6.142560867966784,53.38320312382104],[-6.142616397997802,53.383257270365675],[-6.142672968856301,53.38331098380584],[-6.1427018496581125,53.38333763424259],[-6.142731236741501,53.38336412376023],[-6.142855488388875,53.38346812168653],[-6.142922784549487,53.38351869889585],[-6.142940190566086,53.38353122235267],[-6.142959472471141,53.38354501622571],[-6.143003158825803,53.38357573288964],[-6.1431074858676915,53.38364490557329],[-6.143589315981336,53.38391812470923],[-6.143537280616546,53.38422923105152],[-6.142487122785467,53.38527617486967],[-6.141719135300973,53.38593215361127],[-6.140264578185279,53.38646796553785]]},"properties":{"route":"H2","routes":["H2"],"category":"spine","colour":"#d62728","route_colour":"#f032e6","pdf_colour":"#ed1c24","source":"pdf-future","phase":"future"}},
{"type":"Feature","geometry":{"type":"LineString","coordinates":[[-6.111608176469523,53.35504679338028],[-6.113992493374527,53.353788490404156],[-6.118835507034589,53.35388574246721],[-6.119085396602439,53.35376213810894],[-6.119147610156712,53.352589013950194],[-6.120558630373057,53.34734073169859],[-6.120718464850797,53.34582247875701],[-6.120531241012271,53.344497708450874],[-6.12031471175737,53.344294453774076],[-6.119364315158284,53.34413339714464],[-6.117649691393962,53.34312377642886],[-6.116452423784985,53.34264224384391],[-6.116108291022758,53.34247489780565],[-6.116013067690981,53.34243414493104],[-6.115945065440025,53.342408771686216],[-6.115926897320512,53.34240249039311],[-6.115908438755982,53.342396341449195],[-6.115889778035281,53.342390378625446],[-6.115869319074917,53.34238464605921],[-6.1155833411813845,53.3424263411151],[-6.115055828674767,53.34312963821463],[-6.11500969878142,53.34362699229771],[-6.115115708494039,53.3450311094198],[-6.115026079997305,53.345713260829996],[-6.114492549073331,53.34761983684261],[-6.114454010102102,53.34934229772476],[-6.114223816333827,53.35031232802201],[-6.111291609777963,53.35025457226409],[-6.109549305714435,53.35016366404459],[-6.108992100121593,53.35025758308107],[-6.106854068927934,53.35009852291872],[-6.105317446614615,53.34976246353314],[-6.1041577696336375,53.349253297300464],[-6.103436366122501,53.3490562146461],[-6.102557310993367,53.349004056107326],[-6.102055944660717,53.348680941118516],[-6.100915017374705,53.34838806997387],[-6.098311320785538,53.348001012244865],[-6.096514219976594,53.34783172842972],[-6.09144472021741,53.34744767394246],[-6.089966175997379,53.34737901559327]]},"properties":{"route":null,"routes":[],"category":null,"colour":null,"route_colour":null,"pdf_colour":"#ed1c24","source":"pdf-future","phase":"future"}},
{"type":"Feature","geometry":{"type":"LineString","coordinates":[[-6.032337561381355,53.347462925021176],[-6.032667469633755,53.34729683861959],[-6.034092972205734,53.34751227632889],[-6.036389822330735,53.34737224152954],[-6.037490551229591,53.34747919042107],[-6.038655841774357,53.347690253554426],[-6.041675611129008,53.34788358192576],[-6.042688225644565,53.34785769640293],[-6.044072044164802,53.347717826614236],[-6.044608595411972,53.34737170995231],[-6.045847789741322,53.34711015048178],[-6.045979509552597,53.347091570814875],[-6.047365846091171,53.34696502740165],[-6.047409679494925,53.34696035319301],[-6.047452666287825,53.34695422999934],[-6.047466807333167,53.34695187774598],[-6.047494807917003,53.34694672035189],[-6.047549684558009,53.346934658861464],[-6.048471254431246,53.34670700650623],[-6.0489298577226895,53.34662310486871],[-6.052795653320536,53.346120818715995],[-6.054352848282759,53.34611861097152],[-6.055253769918965,53.34606239228603],[-6.055381826348041,53.34605532573064],[-6.055509683323671,53.34604912356451],[-6.056231838188668,53.346028531853776],[-6.058369537965675,53.34609604454206],[-6.059115722884246,53.346056785861826],[-6.06219530963255,53.34554911040558],[-6.063118844562054,53.34531043806749],[-6.063662369298628,53.345302544821394],[-6.0639443430389175,53.34555619864289],[-6.0634642330149155,53.34627565303781],[-6.0631001484316975,53.34648553258851],[-6.063023022246194,53.34656136051193],[-6.063015845569878,53.346589247318775],[-6.063024574013834,53.346611530669264],[-6.063178283369545,53.34665511669214],[-6.0651079762231594,53.34655100356357],[-6.06616537353503,53.34662060774198],[-6.0672628991747395,53.3468663891273],[-6.069235650903087,53.346972363069376],[-6.070754120270788,53.347167806005814],[-6.072877049628886,53.34760959189304],[-6.073782598886649,53.34766756509412],[-6.075223876533928,53.34740722606309],[-6.0766660456369666,53.3468576805102],[-6.077939448946825,53.34678309874586],[-6.080094134086082,53.34715054701772],[-6.081597237260317,53.34711207691843],[-6.081733729161426,53.347103225659936],[-6.081930953068234,53.347089111611815],[-6.082044487922942,53.347080721997585],[-6.082163783858075,53.34707178583308],[-6.082978490238461,53.34700906868253],[-6.083399395026661,53.34698437844899],[-6.085133989106759,53.34698265763957],[-6.08648617837475,53.34706930361727],[-6.08696741872676,53.34710623323761],[-6.087044769341663,53.347112239893754],[-6.087136591818073,53.3471193656167],[-6.087259520591814,53.34712889951646],[-6.087585721585376,53.34715417158716],[-6.088468669235386,53.34722239099816],[-6.089980191490068,53.347338300509975]]},"properties":{"route":null,"routes":[],"category":null,"colour":null,"route_colour":null,"pdf_colour":"#ed1c24","source":"pdf-future","phase":"future"}},
{"type":"Feature","geometry":{"type":"LineString","coordinates":[[-6.015596293912233,53.34786404151242],[-6.015978494043626,53.34807507123692],[-6.0164603923677475,53.34872638124111],[-6.017043542198214,53.34900952245871],[-6.018047047556293,53.34915718887948],[-6.021033209378709,53.34932309239014],[-6.02265592441422,53.34933640503903],[-6.022975157581208,53.349552181448594],[-6.02327768622512,53.350409741670035],[-6.024150177536114,53.35048940462541],[-6.027147935316643,53.3497875257804],[-6.027978221350139,53.3496430294095],[-6.031441285967439,53.349260005493285],[-6.033231313891381,53.34916489674777],[-6.034547940819643,53.34926424558856],[-6.03579015310208,53.34943547706225],[-6.03866287507578,53.349916961377225],[-6.04051297234573,53.3500415817414],[-6.043654563369178,53.35013598053295],[-6.044160185684825,53.35017029607974],[-6.04448312690329,53.35020494671631],[-6.04499735000398,53.35025824359658],[-6.045125056973998,53.35027159352581],[-6.04517599278057,53.35027697926473],[-6.045215726039085,53.350281245181925],[-6.0452423136777185,53.350284196023956],[-6.045277881512182,53.3502874038554],[-6.045676401552716,53.35014890233885],[-6.045545516355321,53.349689142436006],[-6.045546285620412,53.349665296337974],[-6.045550657617026,53.349642034084106],[-6.045558498951713,53.34961945079635],[-6.04558405606149,53.349576701606935],[-6.045670933025994,53.34950353618705],[-6.045798379332954,53.3494518878829],[-6.045835579418559,53.34944305127079],[-6.045874648120804,53.34943603508815],[-6.045915452046238,53.34943093445692],[-6.049974501534329,53.34908546794878],[-6.05218316143216,53.34874973146136],[-6.053201726599419,53.348522023340195],[-6.054975631243369,53.34788097799404],[-6.0555803369942405,53.347787469414314],[-6.055674011490633,53.34778781848433],[-6.055864191509682,53.347791953494564],[-6.055957850521146,53.34779318490214],[-6.056050731471887,53.347793831625474],[-6.0567816033102035,53.34777550105179],[-6.06137760973185,53.34743576908417],[-6.062907503244484,53.347376457638674],[-6.063843625886107,53.347415970051266],[-6.065295610937214,53.34761907289287],[-6.071000595796217,53.34864761850193],[-6.07264918365878,53.348782284265454],[-6.073376744075421,53.34873383685741],[-6.075144818521441,53.34847474005495],[-6.076966135779543,53.34837777214677],[-6.079312810223867,53.348510217239195],[-6.080470367045946,53.348769591209305],[-6.081432395645074,53.349322593682814],[-6.082761745414149,53.35065465159412],[-6.083613207240536,53.351237408082504],[-6.084151374354951,53.35145579366827],[-6.0853493102159835,53.35172849075912],[-6.086915482456449,53.3519251012715],[-6.088063260647939,53.352247881055696],[-6.089263677561053,53.35307005914663],[-6.090287473020958,53.353517580959576],[-6.091034114090373,53.353643068587],[-6.092881653606421,53.35374195593862],[-6.09536341613733,53.35410173252124],[-6.102118975355539,53.35557600294235],[-6.103893266086876,53.3557029157178],[-6.106979954333408,53.35539573369005],[-6.108627479059644,53.35552905435578],[-6.109845820186166,53.355492166257925],[-6.111647599978602,53.35526430992991],[-6.113135276652052,53.35515174511517],[-6.114634880424077,53.355175583796175],[-6.115387775571857,53.35525909503076],[-6.11759157667531,53.35570489476323],[-6.121202079513467,53.356512223771425],[-6.122650568479229,53.356803693028674],[-6.125065358773712,53.35713620497984],[-6.126574034905446,53.357191943005425],[-6.12875692913021,53.35719931762619],[-6.130075605144657,53.357129541915214],[-6.131903887060754,53.35675145510416],[-6.132183572737266,53.35664125365746],[-6.132606230789434,53.35648488045708],[-6.132873500034928,53.35647821038495],[-6.132907747449442,53.356492416846756],[-6.132939078574649,53.356508924445585],[-6.132993030720215,53.35654572984251],[-6.133411726890166,53.35694499783083],[-6.133665157442041,53.35752954813075],[-6.133513131517017,53.35751251833073],[-6.133423258814999,53.35750153858933],[-6.1333264284142075,53.35748925573177],[-6.1331187408989845,53.357461801002415],[-6.132352002021366,53.35735087415231],[-6.1320102926542885,53.3572820310211],[-6.131560353771672,53.357169656739664],[-6.131442147305574,53.357139014453956],[-6.131327290109925,53.35710896256271],[-6.131118899467221,53.35705384972478],[-6.130853863995196,53.35698274535381]]},"properties":{"route":null,"routes":[],"category":null,"colour":null,"route_colour":null,"pdf_colour":"#ed1c24","source":"pdf-future","phase":"future"}},
{"type":"Feature","geometry":{"type":"LineString","coordinates":[[-6.0663241870180435,53.33601422922102],[-6.067282021872652,53.33591694811236],[-6.067468341761664,53.3359006315231],[-6.067662201776525,53.33588464395437],[-6.068063336402371,53.33585521646321],[-6.068664053151155,53.335823296534805],[-6.0751559297494895,53.3356705483302],[-6.075546838723833,53.335847096086226],[-6.075798999646807,53.336385716627404],[-6.076489855998801,53.337198420903626],[-6.077161555523939,53.33732446094316],[-6.078613778975543,53.33693457992128],[-6.082780215010514,53.33549029637819],[-6.083363124614009,53.33551133796655],[-6.083449454945795,53.33554817269784],[-6.083543046797791,53.33558818950492],[-6.083746713351181,53.335675566950414],[-6.083854137196956,53.33572182639082],[-6.083963520851704,53.33576906551097],[-6.084182865876885,53.335864280394524],[-6.084817469559715,53.33614745434508],[-6.085560453656021,53.336492392775455],[-6.087319191092129,53.33706901139995],[-6.088323833407887,53.33724006754046],[-6.094127414410966,53.33788898060967],[-6.098420834047391,53.338474929210534],[-6.099645908953341,53.338461376906416],[-6.101014830268975,53.33833710057655],[-6.103644120847533,53.33841561959597]]},"properties":{"route":null,"routes":[],"category":null,"colour":null,"route_colour":null,"pdf_colour":"#ed1c24","source":"pdf-future","phase":"future"}},
{"type":"Feature","geometry":{"type":"LineString","coordinates":[[-6.113582450922667,53.37874964585712],[-6.114775938948171,53.37797468680008],[-6.1150178981559185,53.377925046024785],[-6.117674658803303,53.37805055591756],[-6.117932524544001,53.378039168247945],[-6.118044869451147,53.378014397386416],[-6.118096573418583,53.37799805989583],[-6.118145175920847,53.377979399011785],[-6.1184113204955,53.37777448795275],[-6.118937307969014,53.376656736471205],[-6.119832440370677,53.373978921966064],[-6.120059839616849,53.37364760946861],[-6.120163420650386,53.373619949504835],[-6.12022167151893,53.373614522332765],[-6.120251869129398,53.37361408757978],[-6.120282574700474,53.373615239908105],[-6.120313633114517,53.373618030212185],[-6.121084998128598,53.37370706840718],[-6.122695170893118,53.373975174847224],[-6.124627259996786,53.37431481450009],[-6.125020568315597,53.37438203990772],[-6.12513487270607,53.37440139109514],[-6.125253017074794,53.37442134015458],[-6.125373725948738,53.37444167705497],[-6.125495723854874,53.374462191765204],[-6.126501117816322,53.374630195346015],[-6.127044567993169,53.374723037162745],[-6.131643415568249,53.37554782369476],[-6.138902159964187,53.376752437621384],[-6.139245307826529,53.37679163806547],[-6.139463766600073,53.37681566158438],[-6.139578621131116,53.37682823954262],[-6.139693300832958,53.376840787746694],[-6.139804862011563,53.37685300078159],[-6.140006854022918,53.37687519968378],[-6.140408523941888,53.37692177563248],[-6.141616875248221,53.37702528251374],[-6.1439852449673245,53.377451880994364],[-6.1455578769992405,53.37785127018027],[-6.148241715643396,53.378411136287276],[-6.148434143820054,53.37862863821797],[-6.1480691266551935,53.379289134190856],[-6.147293933489802,53.38005209159249],[-6.147124962078999,53.38047895459041],[-6.147061002042242,53.380989331703105],[-6.146949324879529,53.38132749458783],[-6.146932982903696,53.38144941803172],[-6.146923846498325,53.381538747072284],[-6.146921652769493,53.38156131987547],[-6.146919530439542,53.38158348777846],[-6.146915570476033,53.38162560664902],[-6.146753971421889,53.38178462890027],[-6.145117561964968,53.3824465023483],[-6.144881440080014,53.382580525916765],[-6.144825419678985,53.38261567310543],[-6.144770723053864,53.382651514195544],[-6.1446655406269945,53.38272535284587],[-6.144551492289405,53.38281613596029],[-6.144340455846822,53.38301893471353],[-6.144148239491035,53.38323687147239],[-6.1440577162619405,53.38334657709383],[-6.144013593182436,53.38340074980079],[-6.1439701309540435,53.38345413980456],[-6.143927255947577,53.383506500129656],[-6.143884894533846,53.383557583800545]]},"properties":{"route":null,"routes":[],"category":null,"colour":null,"route_colour":null,"pdf_colour":"#ed1c24","source":"pdf-future","phase":"future"}},
{"type":"Feature","geometry":{"type":"LineString","coordinates":[[-6.096828237352059,53.397087821110155],[-6.097379927778016,53.397196768870224],[-6.098035221613979,53.3967600053004],[-6.099554900546082,53.396272817556024],[-6.101607485371242,53.39575190397764],[-6.103187925363508,53.39572003847967],[-6.106242115479289,53.3962013715603],[-6.107431473298844,53.39655769459784],[-6.1075259237097415,53.396565979700505],[-6.107578119755101,53.39656543116197],[-6.107633997948251,53.39656127226892],[-6.107891466595733,53.3965027388547],[-6.10807225523049,53.39631050831329],[-6.107929719655871,53.39583768722712],[-6.108364667778434,53.395140068897625],[-6.109324413092496,53.3941844078771],[-6.110711287210375,53.39422101052417],[-6.1112297574115235,53.39456819841094],[-6.111481744628273,53.39512689559898],[-6.112612949967839,53.39541842780177],[-6.1134954567789155,53.39546560978639],[-6.115013643491555,53.3960229519721],[-6.115401831301836,53.39595109852507],[-6.116095750303622,53.39547952968237],[-6.116796122345342,53.395162692739994],[-6.116999614445,53.394905393969694],[-6.116714880151807,53.394578669128556],[-6.116137476051908,53.39449968885249],[-6.114725622432971,53.394521921624204],[-6.114127488553311,53.39441920609388],[-6.11356727650864,53.393810627580564],[-6.112418313171381,53.393467527884965],[-6.112005552587016,53.39315664473991],[-6.1116129224557785,53.39259384962793],[-6.110812566521694,53.39228165169189],[-6.110721202641568,53.39209792221845],[-6.111240152601603,53.39159039602017],[-6.112134723306378,53.39095033069623],[-6.112767383276688,53.39030343534698],[-6.112891452895635,53.390160790600824],[-6.112950470354632,53.39008838332481],[-6.112979564936696,53.39005212532455],[-6.113037411791931,53.38997981040454],[-6.113124784260489,53.389872770140684],[-6.113574080034755,53.38936378613938],[-6.1137761677208875,53.389100819417656],[-6.114110478401126,53.388428769065506],[-6.114856754991261,53.38764098488751],[-6.1149840396104915,53.38749931689812],[-6.115045586483902,53.38742816649859],[-6.115105889748185,53.38735678842968],[-6.115165064414602,53.387285170141794],[-6.115223225494408,53.38721329908532],[-6.116014416592063,53.38618883814742],[-6.116168312716515,53.38582150554103],[-6.115814924992253,53.38556735684675],[-6.113119556218414,53.384275597230655],[-6.1124493029160325,53.38364844821053],[-6.11168121842092,53.383232282495015],[-6.110430713922428,53.38279144267761],[-6.109740780218043,53.38221489243405],[-6.111838857196789,53.381741931278114],[-6.113060645271192,53.38134755039119],[-6.114625674893006,53.38042236846071],[-6.115991613981506,53.37968681055326],[-6.117488605235231,53.37870666607877],[-6.115557621350909,53.378599521734685],[-6.114663216174309,53.379193598763266]]},"properties":{"route":"6","routes":["6"],"category":"radial","colour":"#9467bd","route_colour":"#2ca02c","pdf_colour":"#ed1c24","source":"pdf-future","phase":"future"}},
{"type":"Feature","geometry":{"type":"LineString","coordinates":[[-6.096453781449755,53.32059063275196],[-6.097410648737393,53.319930905529354],[-6.098495687704179,53.319447735400374],[-6.1010406157983095,53.31887126695621],[-6.104595691437059,53.31801150260448],[-6.105053593727904,53.317904120847025],[-6.105283228117254,53.31785168033032],[-6.105513309026505,53.31779997671058],[-6.105974783476563,53.317698490128855],[-6.114068464231182,53.31600382340902],[-6.1156987225604915,53.31564995416939],[-6.115923985783608,53.31560167960133],[-6.11614937368776,53.3155535889945],[-6.1166004300662795,53.315457807987556],[-6.118179619715114,53.315122795112984],[-6.120318829105446,53.31465710047587],[-6.123126954720933,53.31396838269118],[-6.1241944791133625,53.31353204553065],[-6.124682544999817,53.31312240325663],[-6.124947752344026,53.31283433657571],[-6.125171201492188,53.312572798650535],[-6.125238017218286,53.31249887155494],[-6.125272543045167,53.312462453551035],[-6.125307980166631,53.31242650925361],[-6.125587123208679,53.31220427750236],[-6.125662405842763,53.31215939251581],[-6.125701112959523,53.312137317047],[-6.125740254802707,53.31211544135377],[-6.126009044221467,53.311965076052054],[-6.1264459304913945,53.311703365091944],[-6.127200487962099,53.31145292701618],[-6.128948842107167,53.311308581208934],[-6.129827156391027,53.31132515389317],[-6.130893950964388,53.31122186768568],[-6.132492388661941,53.311271097012444],[-6.13308687316639,53.31154456277237],[-6.133964666124723,53.31154451376799],[-6.1360455541454275,53.311713342107495]]},"properties":{"route":null,"routes":[],"category":null,"colour":null,"route_colour":null,"pdf_colour":"#ef3b2c","source":"pdf-future","phase":"future"}},
{"type":"Feature","geometry":{"type":"LineString","coordinates":[[-5.980751002941677,53.275743725244496],[-5.979490768524715,53.276185968290456],[-5.976847171891159,53.27739230623079],[-5.976525103421634,53.277824650475466],[-5.976603397886226,53.27873807109414],[-5.9772456667563425,53.27938210743834],[-5.9783510383401,53.279893589853565],[-5.9794571835399,53.28011603476743],[-5.982940667741474,53.28044137459116],[-5.983859703224831,53.280483328162205],[-5.985542936424034,53.280805439376365],[-5.988852671177609,53.28164982154579],[-5.990692288131548,53.281853969627065],[-5.993358729582749,53.281902972849956],[-5.9944913683835646,53.28209034393991],[-5.997439795110391,53.282840893189096],[-5.998636812091291,53.28330438609646],[-6.0013429560538665,53.284613830558214],[-6.002705749211156,53.28498121240425],[-6.0049578059164395,53.28510554570024],[-6.010969187415328,53.286275239227095],[-6.012823059300654,53.28656415857005],[-6.016161145909156,53.28695025343318],[-6.0181044172269935,53.2870618848641],[-6.025013065473192,53.287067018977204],[-6.027411474790288,53.2869435896287],[-6.028295777676327,53.28694481412614],[-6.029713948598154,53.287112792634325],[-6.031441211027971,53.28759592813377],[-6.034912958320123,53.289003245591985],[-6.036898544767526,53.28966297392097],[-6.040080013703002,53.29037223098821],[-6.041463905422413,53.290504239611096],[-6.042000074300171,53.290501400502755],[-6.042959245865629,53.29044577647429],[-6.046592947892552,53.29006554066682],[-6.048363605562349,53.28988576082172],[-6.0504847462712315,53.289549935686416],[-6.054375111157386,53.288598222439646],[-6.056477122387433,53.288115104880966],[-6.057275309509517,53.288017676268986],[-6.058405592449629,53.28803521319552],[-6.059824804004537,53.28821665713499],[-6.062745845942588,53.28873152401123],[-6.064386371715169,53.28900884344149],[-6.0736598007803835,53.29066060791134],[-6.073925143888384,53.290655005749166],[-6.075181994128656,53.290921922442564],[-6.079002586145825,53.2916150144264],[-6.080042390838317,53.291638517589355],[-6.081995897738979,53.29131086099314],[-6.082612975400764,53.29110991910086],[-6.083999315706834,53.29035508653864],[-6.084986099857696,53.289641104772365],[-6.087143963401382,53.28772976761897],[-6.089556276634528,53.28553674593086],[-6.090892065564509,53.284946638527664],[-6.091974262109712,53.28475009907732],[-6.093337647728049,53.284717002262354],[-6.094317618547018,53.28483083075492],[-6.094895402199983,53.28495777371596],[-6.09696610897884,53.285493941125615],[-6.098798506335176,53.28581344980201],[-6.10026202480901,53.28595073153218],[-6.106027788687294,53.28638333452224],[-6.112622089185241,53.287020952737045],[-6.113828774813378,53.28690180806894],[-6.114745098958584,53.286609630039585],[-6.11542593471421,53.28611902132034],[-6.116134225668873,53.28506770094649],[-6.1167924923803945,53.28439415369809],[-6.116974767397854,53.284293891558676],[-6.1173913259705985,53.28406745388554],[-6.118685307118102,53.283753211867314],[-6.119797753450972,53.28373931449663],[-6.120403314820947,53.28381754658364],[-6.123078235091597,53.28419631085034],[-6.1241889963149125,53.2843693884313],[-6.124701884130538,53.28447344535209],[-6.125024233709764,53.28456142675556],[-6.125729984181132,53.28480135072154],[-6.127526792199969,53.28567710831373],[-6.129023832716702,53.28614847104859],[-6.132882347125205,53.286856402856976],[-6.133398332358247,53.28693948855503],[-6.133666952515471,53.28698102968627],[-6.1338013815244965,53.287001509871054],[-6.1339358684275895,53.28702183873175],[-6.134070397180092,53.28704204796568],[-6.134204951737346,53.2870621692702],[-6.134339516054694,53.28708223434265],[-6.134474074087478,53.28710227488037],[-6.134608609791043,53.28712232258069],[-6.134877550031877,53.28716256625855],[-6.135231180657976,53.28721632313549],[-6.136157588485284,53.28736207083303],[-6.140398385398854,53.287818177167765],[-6.142838919026816,53.288119457292154],[-6.143728312953875,53.28822024424061],[-6.145133675419192,53.28837192355024],[-6.1454147481212615,53.28840225319321],[-6.145695820937334,53.288432579444034],[-6.1462579669874895,53.28849321950777],[-6.146820113721663,53.28855383921859],[-6.147101187392758,53.28858414002824],[-6.14738226129186,53.28861443405359],[-6.148225484547206,53.2887052697702],[-6.1529705939084955,53.28920290038575],[-6.155280520996285,53.289261670225386],[-6.156684789456643,53.28908618120387],[-6.1573872045518545,53.28897880022172],[-6.157691934576462,53.28893217932649],[-6.157844291295687,53.28890886499974],[-6.158148998966409,53.28886223472359],[-6.158453713371402,53.28881561046464],[-6.15921564243983,53.28869914056609],[-6.159388663342797,53.28867241662976],[-6.159475122521559,53.28865895135715],[-6.159561537222147,53.2886454062073],[-6.159906596797399,53.28859026172122],[-6.159992673273095,53.288576193349456],[-6.1600786589370085,53.288561995566184],[-6.160164546066868,53.28854766011567],[-6.1602503269404085,53.28853317874221],[-6.16033599383536,53.2885185431901],[-6.160421539029454,53.28850374520361],[-6.1605069548004225,53.28848877652704],[-6.160592233425997,53.288473628904676],[-6.161450743885811,53.28829506259958]]},"properties":{"route":"B4","routes":["B4","L33"],"category":"spine","colour":"#d62728","route_colour":"#3cb44b","pdf_colour":"#009bdf","source":"pdf-future","phase":"future"}},
{"type":"Feature","geometry":{"type":"LineString","coordinates":[[-6.043817546427399,53.24922793330769],[-6.044591186912596,53.248694302200256],[-6.045468253884376,53.248303468422584],[-6.04839121009805,53.24763149440928],[-6.050217843564528,53.24718654214918],[-6.050772604565058,53.247055176252104],[-6.050958282042406,53.24701277732331],[-6.0511443288396,53.24697097380816],[-6.051517508188549,53.24688891436725],[-6.05766711870475,53.245601895317144],[-6.059381340103583,53.24523231024984],[-6.059563564749037,53.24519328449293],[-6.059745877096357,53.24515440550286],[-6.060110697881789,53.24507696699643],[-6.061387870445379,53.24480611499499],[-6.063117829175505,53.24442936794578],[-6.065534588086842,53.243826483240916],[-6.06625189490959,53.24351945342705],[-6.066646935745339,53.243188128349445],[-6.067041892384131,53.242743633998025],[-6.067095935545038,53.24268384870045],[-6.067123869383438,53.24265438381594],[-6.06715254695384,53.24262529142259],[-6.067244058757348,53.24254090405171],[-6.067349029540679,53.24246403693173],[-6.068072846841357,53.24204054468894],[-6.0688681281221415,53.24180591333565],[-6.071670432059123,53.24165114578851],[-6.072703379905849,53.24165414267753],[-6.07339757127818,53.24190739831283],[-6.075836412328893,53.242048554255945]]},"properties":{"route":null,"routes":[],"category":null,"colour":null,"route_colour":null,"pdf_colour":"#ef3b2c","source":"pdf-future","phase":"future"}},
{"type":"Feature","geometry":{"type":"LineString","coordinates":[[-6.086336110612669,53.27768623889623],[-6.086493528339048,53.27836519966989],[-6.086344827703645,53.27855232339243],[-6.084552007832312,53.278835374038906],[-6.084638177052494,53.2794938757136],[-6.085374092813909,53.279882036486484],[-6.0870421813546916,53.279666939034975],[-6.088225837955847,53.279827472648556],[-6.089167461928882,53.280198263734206],[-6.0896582841850275,53.28052462747533],[-6.089724663299357,53.28168033093857],[-6.090426967257223,53.28251635584872],[-6.090615715517909,53.28466582873081],[-6.088883075550582,53.28573682869027],[-6.087300936852117,53.28558867870097],[-6.084197205592174,53.285802591263874],[-6.083649058995399,53.28588918544575],[-6.082993716082484,53.28626845251745],[-6.081619885019127,53.28642500339473],[-6.082144012504496,53.28743950551895],[-6.08215988497492,53.28862431034775],[-6.081662727218798,53.290191382310454],[-6.080672397196048,53.29018944432154],[-6.07934932992072,53.28997335429433],[-6.078111397377758,53.28959563300146],[-6.077511793664989,53.28932078789289],[-6.076416627560767,53.28919681821429],[-6.075337465632465,53.28926928341762],[-6.073404653265329,53.28902987879957],[-6.073143013503682,53.28916480844299],[-6.07345170488885,53.290206497239666],[-6.073534394150086,53.29045317347189],[-6.073602027528079,53.29064850536445],[-6.073615908203953,53.29068833465132],[-6.073627576124574,53.290721755812],[-6.073644294915894,53.29076953727861],[-6.072656101143074,53.29098475390713],[-6.068455551811533,53.29081449650351],[-6.066988269481641,53.29069115926081],[-6.066583933723283,53.2907452395471],[-6.063462248303457,53.2905807057905],[-6.063442444484751,53.29057972013894],[-6.0634041802937375,53.29058109847531],[-6.063368421993218,53.29058662306656],[-6.063267598783193,53.290642505635134],[-6.06292899124937,53.29179171043763],[-6.062346350616847,53.292346445957875],[-6.061558353512144,53.29470492917413],[-6.0610625216743355,53.2953843100321],[-6.0586344595929935,53.295271950990994],[-6.058307624857055,53.29532338287238],[-6.057261471247959,53.296005942331156],[-6.0572800038498436,53.29624574777423]]},"properties":{"route":null,"routes":[],"category":null,"colour":null,"route_colour":null,"pdf_colour":"#66ae3e","source":"pdf-future","phase":"future"}},
{"type":"Feature","geometry":{"type":"LineString","coordinates":[[-6.058597945862179,53.29623712070148],[-6.0591941463557895,53.295940035642744],[-6.061274931367027,53.29604766458997],[-6.061923600504224,53.29652028398475],[-6.062230018738196,53.29713241365867],[-6.061996729098272,53.29781675378349],[-6.062018995383035,53.29829264671152],[-6.06276216002499,53.298883558706],[-6.0655389851547685,53.299612741740276],[-6.066422403333753,53.29995994659191],[-6.067683379303068,53.300194168432654],[-6.068747830689932,53.30019280092957],[-6.069893715837948,53.30084864577304],[-6.071548687214764,53.30114385028256],[-6.073405568929348,53.30112051088348],[-6.075077454889431,53.300929230949265],[-6.075954427027439,53.300967885236794],[-6.0770698070760725,53.30121219729145],[-6.078217173553514,53.301768698478746],[-6.07880729931967,53.30237944129568],[-6.0782730603761745,53.30282616448628],[-6.0780203569132345,53.30335670117699],[-6.079094376081462,53.303688460919865],[-6.083178221737017,53.30433758627062],[-6.086002724021483,53.30444773505615],[-6.088168741082093,53.30537358186214],[-6.088839108114161,53.30589862996574],[-6.089843191213844,53.306517569401336],[-6.09126332924182,53.306622497031825],[-6.09241421522277,53.30676445914161],[-6.092793522631715,53.30682314722655],[-6.092982786146405,53.30685363438422],[-6.0931719518483325,53.306884307960935],[-6.09336114147282,53.30691473621338],[-6.093550476755187,53.30694448739823],[-6.093740079430754,53.30697312977218],[-6.093930071234842,53.307000231591914],[-6.094120573902773,53.307025361114114],[-6.094503598771441,53.307067976292636],[-6.096729567457876,53.30713618755415],[-6.0978499994145405,53.30721783990232],[-6.101370471085785,53.3081362206051],[-6.1035730677817055,53.30885685041709],[-6.103856490462298,53.30896206440893],[-6.1040432566563805,53.30905233508345],[-6.104091979879775,53.30907967027671],[-6.104140861853237,53.309109012590085],[-6.104189575616824,53.309140412078705],[-6.104242532643258,53.309175938843964],[-6.10430336440432,53.309216850392495],[-6.104442827865371,53.30931102313314],[-6.104752184688465,53.309522134244844],[-6.105024457846767,53.30971287011353],[-6.105456338170716,53.31002287757401],[-6.106236390890449,53.310355950892344],[-6.108998480027018,53.311098079670884],[-6.109997241978795,53.31130365688717]]},"properties":{"route":null,"routes":[],"category":null,"colour":null,"route_colour":null,"pdf_colour":"#66ae3e","source":"pdf-future","phase":"future"}},
{"type":"Feature","geometry":{"type":"LineString","coordinates":[[-6.124594369242094,53.26121907502164],[-6.124373475942847,53.26126432517503],[-6.124358976145601,53.261266927224966],[-6.124344258147563,53.2612688409611],[-6.1242845146009035,53.26126982601723],[-6.123486424385999,53.26098275764782],[-6.122928841240872,53.26133484261596],[-6.123167625962696,53.26152110126772],[-6.124640394124531,53.26120655713311],[-6.124664673623255,53.26120201946581],[-6.124714245205194,53.26119645152344],[-6.12476441798506,53.261195447201125],[-6.124862972347895,53.26120658748286],[-6.125010954135143,53.26126544372],[-6.125661985524572,53.26180615602598],[-6.125968572121357,53.262250229108034],[-6.127244381458723,53.264547966522464],[-6.127478010270936,53.265118710660175],[-6.1276162365824,53.266060078261006],[-6.128023084296997,53.26656814165804],[-6.128985879820922,53.26701194953523],[-6.131897098984973,53.268188105639084],[-6.132738053047842,53.268440270858804],[-6.134424958600546,53.26757054235086],[-6.13446266458582,53.26754671227921],[-6.134493445532725,53.267525326487366],[-6.134531559157754,53.26749975611527],[-6.134576043121721,53.267470546991824],[-6.134680272709728,53.26740339580652],[-6.135334565278441,53.26698319712624],[-6.136030031082935,53.26672286800668],[-6.136743056561579,53.266649336935274],[-6.137685601612034,53.26678727026094],[-6.142382310538091,53.26778582557472],[-6.142490834038226,53.267946818399324],[-6.139507847754452,53.27087420673601],[-6.138978478233052,53.27115242080829],[-6.138005919268974,53.27146703301762],[-6.138600602119458,53.27278344358143],[-6.138635021313521,53.272858381315686],[-6.138670926685369,53.27293567875072],[-6.138707174770566,53.2730149495388],[-6.1387761252232655,53.273177865783154],[-6.138836942680772,53.27383119533565],[-6.138555053961713,53.27415617817655],[-6.137680756772605,53.27451477987939],[-6.136586233600434,53.274736779341474],[-6.137410916314769,53.27580824598055],[-6.1374877230720895,53.27613974485096],[-6.1374767447681915,53.27675837324525],[-6.137480337529215,53.27683411083346],[-6.137483657831022,53.2768718667664],[-6.137488151220062,53.27690957870298],[-6.137520212744083,53.277060455152174],[-6.13754967340667,53.2771445208017],[-6.137569820818952,53.27719088587693],[-6.137592772538292,53.27723738329845],[-6.137712440696304,53.277424485767696],[-6.138347130174379,53.2779936163662],[-6.138387369226836,53.27806342231777],[-6.138369771285237,53.27809788842864],[-6.1383514194702204,53.278113051088724],[-6.138339839917,53.27811986967253],[-6.13801180823217,53.278293961906996],[-6.136892925276405,53.27898537834923],[-6.136311781416967,53.2792312515129],[-6.1353262582114185,53.27938162513368],[-6.134242221761656,53.2792898561514],[-6.1321467371715634,53.27888039383291],[-6.131128567049762,53.27881695160713],[-6.130064819606939,53.2789891647186],[-6.129715121010236,53.2800264756589],[-6.129170058265586,53.28060641963023],[-6.128380881083488,53.28106913189847],[-6.127665017004642,53.281706118899024],[-6.127545269869577,53.281889938471],[-6.127451175074094,53.281937851690856],[-6.127435735797344,53.28194081647638],[-6.127419732487005,53.28194302128909],[-6.127386337572531,53.281945045526534],[-6.127351597944624,53.28194371346416],[-6.126248092875442,53.28190865859371],[-6.124387142640334,53.28205949396344],[-6.124304549402407,53.28206092639292],[-6.1242219678631695,53.282060848822596],[-6.124057275465208,53.28205525832301],[-6.123893936615335,53.282040911745725],[-6.12381304701121,53.28202988907825],[-6.12373282248244,53.28201599837175],[-6.123574804235408,53.281978707482104],[-6.123456818821792,53.281942475474665],[-6.123399218497552,53.28192294772017],[-6.123342325200868,53.28190270098747],[-6.1227157094598255,53.281680193905935],[-6.121726304446989,53.2816403763491],[-6.120807543313381,53.28187145990309],[-6.119935475464555,53.281861917046704],[-6.119076153790653,53.28163175390792],[-6.118384305722576,53.28164420194684],[-6.1174304602586576,53.28189467740716],[-6.116327764783456,53.2819177129097],[-6.113436551200552,53.282581458589384],[-6.113061095875441,53.28282995182779],[-6.112901562201404,53.283055266730436],[-6.112893323563573,53.283065753119516],[-6.1128717154172785,53.283084235564885],[-6.112844223717192,53.28309920395679],[-6.1127761861694925,53.283117669253585],[-6.11263920252084,53.283108334085576],[-6.110999234520912,53.28281995689522]]},"properties":{"route":"98","routes":["98","L22","L27"],"category":"radial","colour":"#9467bd","route_colour":"#c7c7c7","pdf_colour":"#66ae3e","source":"pdf-future","phase":"future"}},
{"type":"Feature","geometry":{"type":"LineString","coordinates":[[-6.107014448804684,53.281695395867224],[-6.106109799294864,53.281622712909154],[-6.105525658172588,53.281398582771196],[-6.105491363864202,53.28068414276321],[-6.104269656927625,53.28033035006817],[-6.100894816216247,53.27957092064942],[-6.099811097667563,53.27931226885463],[-6.099375193769934,53.279209400108606],[-6.099269413597075,53.279184774680104],[-6.0991698029025425,53.27916167155587],[-6.098998872263863,53.279122203422396],[-6.0952960385282795,53.27829403712005],[-6.092494759395182,53.277257945930515],[-6.091832869480713,53.27725151719365],[-6.090455498253721,53.27707477000648],[-6.089291992091565,53.277182023959234],[-6.088667385557886,53.277329225089424],[-6.088486860298105,53.27736679472251],[-6.088396524673275,53.2773848710746],[-6.0883081318716545,53.277402123005565],[-6.08790221678244,53.27747353306451],[-6.0861195839583875,53.27769337132073],[-6.084422723391134,53.277734355645734],[-6.083784745891896,53.27781359075144],[-6.083058322984494,53.27806946372922],[-6.081569144482296,53.27903664170823],[-6.081004359295712,53.279299950628285],[-6.079932946048841,53.27950669874635],[-6.078947345791723,53.27947305024682],[-6.077095382928014,53.27929972738259],[-6.0746307608876515,53.279305008702494],[-6.073780154006316,53.27916211236595],[-6.073473169316443,53.278629612531475],[-6.07323740630516,53.27844538970466],[-6.073179307392619,53.278401027759024],[-6.073119248613491,53.27835539010439],[-6.072998370974453,53.27826422759363],[-6.0727514707936585,53.278082945106256],[-6.071750989873305,53.27740481999058],[-6.0711715989048205,53.2767835020328],[-6.07111108906923,53.27581606329436],[-6.071316778939387,53.27525886088275],[-6.074035788547947,53.26967725976331],[-6.071213612828935,53.26917208720742],[-6.06883136510909,53.269036826002655],[-6.068106698081334,53.2690642477553],[-6.06713385486919,53.26944292829104],[-6.066723224926913,53.270323258074825],[-6.065139916305552,53.27004026862583],[-6.063873128457626,53.269948308228855],[-6.063829621258204,53.26993880117262],[-6.0637965699424985,53.26992826343845],[-6.063778825479983,53.26992120583474],[-6.0637609799582295,53.26991284055952],[-6.06367805471108,53.269810412464125],[-6.063405573453915,53.268302803989926],[-6.062740479031534,53.26701489207774],[-6.062178917103589,53.26541387416329],[-6.061954277906571,53.26427495987805],[-6.061580222532209,53.26325423176246],[-6.060885838579963,53.26195511902598],[-6.060296569098532,53.261976228570695],[-6.057911895573763,53.26305780172684],[-6.056652149077296,53.263452294324665],[-6.056190600031782,53.26319625348671],[-6.055987749970174,53.262403942633135],[-6.056092129545676,53.261519040989064],[-6.055873462700266,53.26113220422884],[-6.054846382929938,53.261048228556874],[-6.054628950606001,53.260837455983],[-6.054565494482322,53.260740966966715],[-6.054515423588957,53.26065434408296],[-6.054494986367733,53.260615690425375],[-6.054477389970997,53.26058065288244],[-6.054471820875038,53.260571242247565],[-6.05416397068041,53.26052343323133],[-6.0537536231070534,53.2609254082033],[-6.053769656941358,53.26133134900916],[-6.053088269949212,53.261814206229175],[-6.052220049799051,53.26205650188177],[-6.04976620458163,53.26301491720859],[-6.049387022718059,53.26262738026457],[-6.0485412509417715,53.262053700722106],[-6.04726538076429,53.26135591477167],[-6.045883478339349,53.26050781730911],[-6.0464450424756135,53.25993861138943],[-6.0467795619260745,53.259383582022004],[-6.04604072558548,53.258964705826095],[-6.044301327341709,53.258649362225825],[-6.0439478967815745,53.25850986534795],[-6.043522737971125,53.25800748822443],[-6.042894772354439,53.25808435762392],[-6.042204488274096,53.25799835878685]]},"properties":{"route":null,"routes":[],"category":null,"colour":null,"route_colour":null,"pdf_colour":"#66ae3e","source":"pdf-future","phase":"future"}},
{"type":"Feature","geometry":{"type":"LineString","coordinates":[[-6.0940544447170435,53.26772075538112],[-6.0940090385591255,53.268069806202774],[-6.093000492040341,53.26816292524265],[-6.092792524297691,53.26819805833722],[-6.092766629338255,53.26820310355063],[-6.092741145833924,53.2682081439519],[-6.092691880001126,53.26821803025631],[-6.092525868986765,53.2682515958859],[-6.092368778280308,53.268282369863854],[-6.092071943522254,53.26832812550621],[-6.0903109722260735,53.26843330762324],[-6.089352926747747,53.26856603443955],[-6.086902195873552,53.26868262088571],[-6.086734749980222,53.26958517021635],[-6.0866625560375835,53.27008111899776],[-6.086627388395253,53.2703313770583],[-6.086594025587034,53.27057299537473],[-6.08648042305784,53.271424110287334],[-6.086310345470234,53.27152791717141],[-6.085204160147666,53.27155374845056],[-6.083825332778659,53.27153212793978],[-6.0837057008418745,53.27154011536761],[-6.08366610984479,53.27154509818201],[-6.083612121794202,53.27155241819874],[-6.083596311548072,53.27155447824342],[-6.083581905097889,53.27155620712448],[-6.083460490614057,53.27156548437906],[-6.0834114354735656,53.27153999346492],[-6.083983998292178,53.270949218376614],[-6.083987215769551,53.27057475007942],[-6.083057147432279,53.2699488012143],[-6.081735169364195,53.26944666312704],[-6.079636278282213,53.26899188244169],[-6.077957733604373,53.26897438239924],[-6.077189007499188,53.269101022145314],[-6.075947505596136,53.269457137064045],[-6.0755424137035785,53.26945936895454],[-6.074866945104397,53.26940167505767],[-6.07462140024958,53.269373737161644],[-6.074499516666481,53.26935935274162],[-6.074380798397025,53.26934508961108],[-6.073855206098224,53.26927998140817],[-6.07284180988671,53.26912337515427],[-6.071757649149413,53.26912817167505],[-6.068923598380971,53.26895461044134],[-6.068131001540095,53.26895957442752],[-6.067041977298706,53.26935501977163],[-6.066608675292792,53.27017671393149],[-6.065327627275074,53.2699727508167],[-6.0638910958933065,53.26987479469547],[-6.063813651672676,53.26989113029106],[-6.063773107007415,53.2699140693008],[-6.063754197777566,53.26993061921075],[-6.063736890136816,53.26995108466774],[-6.063699773153504,53.270039938898314],[-6.063404160450346,53.2713568757555],[-6.062406355352508,53.274961822795596],[-6.062284818247382,53.2763131999958],[-6.062121643310577,53.27637706688755],[-6.0581463316225,53.276292730287295],[-6.056713358481893,53.27704024694386]]},"properties":{"route":null,"routes":[],"category":null,"colour":null,"route_colour":null,"pdf_colour":"#66ae3e","source":"pdf-future","phase":"future"}},
{"type":"Feature","geometry":{"type":"LineString","coordinates":[[-6.093068237695688,53.20731461445752],[-6.091935522506459,53.20765602861965],[-6.091009671825396,53.208360453701076],[-6.089936577226631,53.20943678734348],[-6.089118983275572,53.21007169850662],[-6.089019388438243,53.21017133305735],[-6.088904318593203,53.21031550255601],[-6.088856147455253,53.21039993125056],[-6.088662751383475,53.210737299883185],[-6.088513651469409,53.21099492435501],[-6.088415862230599,53.21115391922199],[-6.087979889707238,53.211718935870486],[-6.086228759355597,53.21353974965829],[-6.085149667102159,53.21460216183945],[-6.084274928054798,53.21524193207705],[-6.084055420462326,53.21539593472762],[-6.084010386652671,53.21542072296207],[-6.0839705538949085,53.21544081800994],[-6.083916095092954,53.215471022333354],[-6.083205395594259,53.21579284493247],[-6.08250333120364,53.21660741191669],[-6.0818412748151935,53.21813017311835],[-6.082654407845194,53.21919291749281],[-6.082842328478514,53.22038567782536],[-6.082847679957151,53.2210360295793],[-6.083230833383345,53.22182014591945],[-6.083430688810149,53.22343454338159],[-6.083099452749258,53.22411733821926],[-6.081832676888307,53.22573566806024],[-6.081140035866388,53.226154521498785],[-6.081037548062707,53.226604159248815],[-6.080394777326516,53.227273190708196],[-6.079947160739559,53.22743721093733],[-6.079735772489618,53.22791738974299],[-6.079701555251849,53.22865959444029],[-6.079224038114142,53.22914260695538],[-6.078809761086455,53.23024053354192],[-6.078293623292454,53.2308204446911],[-6.077352639193183,53.23151955312793],[-6.077051239832812,53.2320999777174],[-6.0757935177759865,53.23310300696002],[-6.074913550612264,53.23361144107366],[-6.073717731807205,53.234606081004515],[-6.072871223471582,53.23522127710763],[-6.0718038101053935,53.23612110727174],[-6.071256332343042,53.23641177457454],[-6.0686664152028795,53.23673113640207],[-6.067850577604573,53.23693874222933],[-6.066777335887031,53.23746582426259],[-6.0643143257157694,53.23734257592869],[-6.062757652167264,53.237148476350356],[-6.058796404801971,53.23684056036369],[-6.058024966476722,53.2368146144316],[-6.056946948582726,53.23692479781973],[-6.055641476404584,53.237476839562405],[-6.055071520500887,53.237994159353335],[-6.054498123392081,53.23828323623685],[-6.050357890549144,53.239732969643036],[-6.048285521756636,53.24101848616018],[-6.046866587074116,53.241466240977104],[-6.04547444759778,53.24164451481695],[-6.0451459778500185,53.24190320680864],[-6.04405916080593,53.24232384636676],[-6.043247689632168,53.242437327206616],[-6.0431558458777515,53.24266439390405]]},"properties":{"route":"E1","routes":["E1"],"category":"spine","colour":"#d62728","route_colour":"#911eb4","pdf_colour":"#66ae3e","source":"pdf-future","phase":"future"}},
{"type":"Feature","geometry":{"type":"LineString","coordinates":[[-6.093451241098849,53.24820058805611],[-6.094016117728443,53.24737136462769],[-6.093971713098571,53.246881311118976],[-6.094514910048757,53.24609462425808],[-6.094871056761202,53.24599905321841],[-6.096211957560293,53.24634096517431],[-6.097315521249703,53.2465214776215],[-6.098344305319232,53.246559186134064],[-6.099488176677206,53.246743098123105],[-6.0997219557913755,53.24677565848242],[-6.099779373307468,53.246783120609976],[-6.099836120384458,53.246790381483144],[-6.100002270180534,53.24681151773086],[-6.100156865335191,53.24683175275631],[-6.102209090604749,53.246989501684716],[-6.104190495045717,53.24744268295052],[-6.104283880667426,53.2474587075028],[-6.104560046888839,53.24749143160902],[-6.104577117833275,53.24749360145422],[-6.104593905003464,53.24749580987538],[-6.1046259712230135,53.24750029985451],[-6.104679473592237,53.24750927422212],[-6.105589616590979,53.248084043510374],[-6.106087650671846,53.248817781547494],[-6.106242124565761,53.24893357936583],[-6.106285706692666,53.248961723364225],[-6.106331026216428,53.24898955260645],[-6.106426381325491,53.249044281675026],[-6.107049335756415,53.249328240965866],[-6.108061100948291,53.249533123936345],[-6.109855105968575,53.249596753058064],[-6.110126954294399,53.24975728741483],[-6.110113488327051,53.25032379586904],[-6.109574746573285,53.25132565098563],[-6.108318796162478,53.252972281729434],[-6.108035872633553,53.25326113425922],[-6.107607500722172,53.25366615609853],[-6.10749668271925,53.25376915778796],[-6.107389441715546,53.25386848324255],[-6.107288311215685,53.25396194509897],[-6.10719582472429,53.2540473559939],[-6.107114515745986,53.25412252856398],[-6.106962988935859,53.254264742691845],[-6.1050743508651255,53.25532727726076],[-6.103824819822209,53.256325765964114],[-6.102922587447695,53.25690070297653],[-6.1020204597312215,53.257108935990495],[-6.100184288977716,53.25730231576757],[-6.099447656217918,53.2575787581076],[-6.098305335224894,53.25756394137471],[-6.097710304968378,53.25766985450565],[-6.096808356025957,53.25815620543254],[-6.0967275622647925,53.258184920425784],[-6.096647205515818,53.25820674064512],[-6.096534960421275,53.25822792532165],[-6.095965022048625,53.258274077922586],[-6.094214223794537,53.25836010409979],[-6.092988695980073,53.25874722137019],[-6.091079322387903,53.25900997485389],[-6.089972828367587,53.25942068973251],[-6.088678544740209,53.259091475308104],[-6.087339347210007,53.25897701010255],[-6.086655010441594,53.259378424701616],[-6.085618553021275,53.25953911661573],[-6.08467075806923,53.25946546955804],[-6.083125005242585,53.25878025889326],[-6.081160785901519,53.25870122055552],[-6.078804215142461,53.25842269867225],[-6.0771449208763135,53.258470046163225],[-6.076095465897171,53.25855872190334],[-6.0753669446309715,53.258631661864975],[-6.074439531893511,53.25880982989288],[-6.07258238198347,53.25933240670629],[-6.069668347474456,53.25965796173317],[-6.069208296193576,53.25906742819104],[-6.068695433919807,53.25898197691784],[-6.067887228412619,53.25910603408019],[-6.066579607229117,53.259174578253486],[-6.063702852767491,53.26002103192995],[-6.0619126244378725,53.260413612724214],[-6.061825254415944,53.260494020414214],[-6.061786319459851,53.26094895614178],[-6.061779450511924,53.26097924351076],[-6.061776917907885,53.260986226557044],[-6.061773880734968,53.2609928978405],[-6.061765935838398,53.26100515263009],[-6.0617400659335585,53.261024243677895],[-6.061159842524722,53.26121080427574],[-6.060763191830063,53.26162850040607],[-6.060070479945386,53.26176551712413],[-6.057787543312777,53.262787644724284],[-6.056406237594372,53.26323861155049],[-6.056133965037015,53.26264355453114],[-6.056232789057244,53.26143592290793],[-6.055938290753799,53.26110328334512]]},"properties":{"route":"L11","routes":["L11"],"category":"local","colour":"#2ca02c","route_colour":"#2ca02c","pdf_colour":"#662484","source":"pdf-future","phase":"future"}},
{"type":"Feature","geometry":{"type":"LineString","coordinates":[[-6.025248966516848,53.28524169439771],[-6.025290451607644,53.285254465071844],[-6.02530196194081,53.2852572043096],[-6.025313623220637,53.285259370608394],[-6.025337199946631,53.285262019257],[-6.0254276110352105,53.285251439688714],[-6.026076919089887,53.2848587346997],[-6.027927228837716,53.28502581065653],[-6.0336671800323245,53.28426998503987],[-6.034174167262664,53.28431035843095],[-6.036437478797703,53.284879613267506],[-6.0378361777603615,53.28498155198628],[-6.040023138112144,53.28541015547925],[-6.040219358431337,53.28545068399119],[-6.040269938973967,53.28546408273385],[-6.040319537974371,53.285478414009305],[-6.0405104673643875,53.28554304091789],[-6.040556920261659,53.285560517216425],[-6.040603096259906,53.2855783189914],[-6.040741137265826,53.285632665414376],[-6.040880914039726,53.28568629878717],[-6.0414111632542795,53.28586019907862],[-6.041445401747176,53.28587738489882],[-6.041477068834779,53.28589573874596],[-6.041505837376266,53.28591538540043],[-6.041568799868269,53.2859660639069],[-6.04162899503803,53.28602148220059],[-6.041657909635507,53.28605058203543],[-6.041685958112552,53.28608040273842],[-6.04171308237254,53.286110789616686],[-6.041739224318845,53.286141587977326],[-6.041788328883914,53.28620380037422],[-6.041921910668207,53.28641452079814],[-6.0421827819341924,53.2869999879518],[-6.042231427047043,53.28706093538992],[-6.042257441281887,53.28709106048523],[-6.04228445497905,53.28712095949073],[-6.042312371896063,53.287150637150916],[-6.042341095790456,53.28718009821031],[-6.0424005795415034,53.28723838950473],[-6.042645169166576,53.28745705036328],[-6.042770481585896,53.28755902151666],[-6.042974429085183,53.287705664468575],[-6.043123975747358,53.28779821249234],[-6.043470455337042,53.28800320865451],[-6.043612523758018,53.288099920011554],[-6.043670430454907,53.28814651550788],[-6.0436815090819085,53.28815736253749],[-6.043691845305544,53.28816830611709],[-6.043710754290307,53.288190418985025],[-6.043800173557466,53.2883013413182],[-6.043984995488671,53.288581002169536],[-6.044022245496187,53.28863616950233],[-6.044051637558356,53.2886767048056],[-6.044062264385229,53.28868949029228],[-6.04411413021287,53.28874403008212],[-6.044141077673654,53.288771048020074],[-6.044168698941126,53.28879788327531],[-6.044285883708603,53.28890317679823],[-6.044413695905899,53.28900466471404],[-6.044552012751253,53.28910164087578],[-6.0447739040359165,53.28923048489832],[-6.045260006094063,53.28949612785025],[-6.0452765035816824,53.28950312704252],[-6.045293820643859,53.28950908862826],[-6.0453682827212285,53.28952252386588],[-6.045538669257441,53.28948362370693],[-6.046693446718614,53.28877002692766],[-6.04814724484358,53.288412265111866],[-6.049634024727942,53.28767276318261],[-6.050244179312824,53.28787377635845],[-6.050880737934447,53.28827209189852],[-6.051573407547087,53.28807881068977],[-6.052069597895774,53.28766243740309],[-6.052375246397763,53.28694132444365],[-6.056256254983552,53.28708467173461],[-6.056382604884745,53.2869679507064],[-6.054939941848098,53.28555821963631],[-6.05463262893325,53.284965921614386],[-6.054531789876135,53.2843594312265],[-6.054721402867439,53.28423671596371],[-6.055701429744147,53.28424181581076],[-6.05727757018626,53.28448543324038],[-6.0599650483721845,53.28530282954496],[-6.062708302210983,53.286723652701596],[-6.064181351923044,53.28726694669326],[-6.064220050220147,53.28744095180282],[-6.06327935660874,53.28803788248486],[-6.062944303588995,53.28837175967264],[-6.0628243816428,53.288553616859474],[-6.062777806263481,53.28864873856573],[-6.0627407201192005,53.2887468322385],[-6.062730693890253,53.28935777400128],[-6.063348028004317,53.29029772325149],[-6.063442080095604,53.29048532006139],[-6.063450628889267,53.29054284365381],[-6.063452805002094,53.290564915492496],[-6.06345367890935,53.290576083343694],[-6.0634543567204835,53.29058709146236],[-6.063454307053548,53.29062581130549],[-6.062991135927267,53.292280962527975],[-6.062026164841037,53.2950310579008],[-6.061490351458401,53.29584327086412],[-6.061242583112934,53.29594104534097],[-6.059073744760801,53.29583190890489],[-6.058499053670804,53.29614426686169]]},"properties":{"route":null,"routes":[],"category":null,"colour":null,"route_colour":null,"pdf_colour":"#662484","source":"pdf-future","phase":"future"}},
{"type":"Feature","geometry":{"type":"LineString","coordinates":[[-6.097309600107885,53.23858433264679],[-6.096680424718627,53.23897134646061],[-6.096497206616251,53.2396336612199],[-6.096268130597149,53.239859255375094],[-6.095337579113076,53.240241548517254],[-6.092564871299014,53.240308906652736],[-6.091249985749244,53.24042838404592],[-6.089766256625726,53.240719054889624],[-6.088433785246526,53.2412795434626],[-6.087368219300012,53.24143500891086],[-6.086253304086124,53.241365605048514],[-6.085385314255972,53.24152167011142],[-6.0847332059007275,53.241880811932205],[-6.084396508821298,53.24174521157324],[-6.082832567473403,53.240542876594056],[-6.08168760060144,53.24062160526275],[-6.080099334896917,53.240302122199125],[-6.079448606723332,53.23992826798268],[-6.078505845167663,53.2400942922933],[-6.0780194761858874,53.24049395747277],[-6.077378138690262,53.24156379711733],[-6.076911517618592,53.24406867350808],[-6.0761201735223045,53.244839242219435],[-6.073432119670105,53.245168521711946],[-6.071072714943424,53.24530853894311],[-6.070903721019689,53.24540585841402],[-6.0709036591390175,53.24541648439723],[-6.070903891979788,53.245419878008256],[-6.070904072976243,53.24542322378812],[-6.0709041488408735,53.24542487605796],[-6.07090421751405,53.245426513149916],[-6.070904280918981,53.24542813399062],[-6.070904340978874,53.24542973750672],[-6.070904399616938,53.24543132262484],[-6.070904658415069,53.245437457650276],[-6.070904931821667,53.24544181314575],[-6.070906319737451,53.24559600519274],[-6.0709545679241765,53.245749475431296],[-6.071247840734799,53.24605943032156],[-6.070565675607558,53.24631235888631],[-6.068206158170706,53.246368927092185],[-6.067453250488111,53.246589611185854],[-6.066012896536941,53.24735958046578],[-6.066567456363963,53.24773732186347],[-6.067313333158075,53.24849009143301],[-6.067023359005788,53.248835152989],[-6.066685423289392,53.24986710585931],[-6.0665034704015905,53.25010634139707],[-6.065872238726012,53.25023069146133],[-6.065640071788916,53.25030354007752],[-6.065318417385052,53.25045036279952],[-6.065302442516716,53.250459306281016],[-6.065279334409286,53.2504795714974],[-6.06526665587727,53.25052528019388],[-6.065360818871535,53.25060273264247],[-6.0657351432050355,53.25068850579148],[-6.066506614665629,53.251028621109285],[-6.067647325562756,53.25144203907385],[-6.06727904902978,53.2515521818617],[-6.066291156167016,53.25125081125606],[-6.0658037475192765,53.25131466720445],[-6.062522308937716,53.25247371385496],[-6.060919401021032,53.25312906196799],[-6.059982561990262,53.25400176477921],[-6.059610126954981,53.25447625793166],[-6.059023923964803,53.25488490352733],[-6.059936438904053,53.255574594463],[-6.061140838427432,53.255566097760976],[-6.061677208479865,53.25582542892426],[-6.062474982367045,53.25678270705037],[-6.0625030934434365,53.25703905827681],[-6.06178973919423,53.25737915797782]]},"properties":{"route":null,"routes":[],"category":null,"colour":null,"route_colour":null,"pdf_colour":"#662484","source":"pdf-future","phase":"future"}},
{"type":"Feature","geometry":{"type":"LineString","coordinates":[[-6.0134463933971345,53.259012182155935],[-6.013609715988691,53.25847953623844],[-6.01426130827516,53.25790084505702],[-6.019816998662143,53.258225026291626],[-6.0224895762457455,53.25826878957992],[-6.023737425767269,53.25809610947068],[-6.024997911096518,53.25813775980872],[-6.0281087522588725,53.25776275871378],[-6.030046926291063,53.257824423787405],[-6.030665042194997,53.257713518324984],[-6.032956553557503,53.257039980994016],[-6.034090262783744,53.25679067786505],[-6.035827204201674,53.25616937011839],[-6.035834376886942,53.25600854532021],[-6.033950139281912,53.255152666218954],[-6.032980309469341,53.254790304438465],[-6.032937039261941,53.25462968718186],[-6.033679332661103,53.25411802925934],[-6.034716151581122,53.253064224874954],[-6.03578406737102,53.2524769617162],[-6.037595053812004,53.25169216849339],[-6.038605400783918,53.2513430997809],[-6.039103844890557,53.25164071540324],[-6.039133025301086,53.25202771426711],[-6.039546352852047,53.2525706268639],[-6.041153512620521,53.253301862706756],[-6.042091988632846,53.25302795464104],[-6.043110221735722,53.25308861541524],[-6.043571425331281,53.25301379493255],[-6.044218165344255,53.25259038042652],[-6.044456278920544,53.25201433223945],[-6.045276783096127,53.25146185023318],[-6.045097907268014,53.251062269181716],[-6.047573762339243,53.24972910850316],[-6.048898500705386,53.24927568194987],[-6.050344367210998,53.24818897328139],[-6.050353341963936,53.24741393733166],[-6.050900942885859,53.24713202700645],[-6.050837739757462,53.24706292217596],[-6.0508017225184,53.24702331556712],[-6.050763457662807,53.24698105266565],[-6.050598364575829,53.24679613567983],[-6.050319018818916,53.24646140236682],[-6.04977449416016,53.24567284582495],[-6.0498723296707535,53.24485533198216],[-6.049752110991973,53.24441144002398],[-6.050109331720693,53.24363958073038],[-6.05044367364759,53.243445012406525],[-6.0505113082099795,53.24270362514113],[-6.0510843590725925,53.24262207169225],[-6.051735808945375,53.24289113740501]]},"properties":{"route":null,"routes":[],"category":null,"colour":null,"route_colour":null,"pdf_colour":"#662484","source":"pdf-future","phase":"future"}},
{"type":"Feature","geometry":{"type":"LineString","coordinates":[[-6.02514425685477,53.28520813602509],[-6.02521398178509,53.285230116945556],[-6.025248878045813,53.28524116181324],[-6.025283707433241,53.28525221099058],[-6.025301076095483,53.28525772970427],[-6.025421015194887,53.28529597136654],[-6.025770310988593,53.285406305349085],[-6.026804977145735,53.28572674463329],[-6.027560374699181,53.28592191279075],[-6.030173345295157,53.28674240261105],[-6.034944915463313,53.28811770173248],[-6.037148008778749,53.28878309375211],[-6.039270820353258,53.289546949524514],[-6.039654196408016,53.28936508973223],[-6.039715202360936,53.28900459113041],[-6.039230643170572,53.28544292715137],[-6.039447335472308,53.285333354829206],[-6.040168759188609,53.285443012226224],[-6.040222356032106,53.2854545029527],[-6.040271304445566,53.28546596865369],[-6.040315951974634,53.28547725032188],[-6.040394143697199,53.285499414625605],[-6.040518709023245,53.28554321856257],[-6.040572279897132,53.28556547045876],[-6.040598461789692,53.2855768178213],[-6.040651867633048,53.28560014670744],[-6.040709661750053,53.285624576251216],[-6.040993905759239,53.28573279289598],[-6.041270822006236,53.28581522991412],[-6.041364217924915,53.285845322692836],[-6.041406825329587,53.28586120632779],[-6.041445568195095,53.28587779509684],[-6.041463223823463,53.28588638835284],[-6.0414795933944,53.28589519922779],[-6.041508047800462,53.28591352894843],[-6.04156679679644,53.28596111865241],[-6.041622730482655,53.28601323605623],[-6.041675408753404,53.286068540969],[-6.041700389574946,53.28609696993159],[-6.041724391502982,53.28612569319985],[-6.041809510015806,53.286240178852296],[-6.041903011569381,53.28640289593046],[-6.042053571106368,53.28680391401133],[-6.042157748209481,53.286971716080394],[-6.042209714072081,53.287037165938834],[-6.042265983863523,53.287101112949856],[-6.0422954614750255,53.28713253562829],[-6.0423256895597,53.28716359788371],[-6.042387963136511,53.287224661510635],[-6.042636334840563,53.28744646080876],[-6.04290674431097,53.287656597160286],[-6.043086573287197,53.28777393820752],[-6.043412885340301,53.28796544381494],[-6.043510615613387,53.28802638947675],[-6.043644139032506,53.28812089899271],[-6.043668033520375,53.2881425805291],[-6.043676760820339,53.288152022890856],[-6.0436810160276,53.28815690975834],[-6.043685222113225,53.288161907330505],[-6.043753860697965,53.28825029195128],[-6.043782850381214,53.288282642354936],[-6.043808266911764,53.288319494291564],[-6.044024798752565,53.28864608219534],[-6.044044910409971,53.28867039280055],[-6.0440727875310145,53.28870020732928],[-6.044101290576331,53.28872969902395],[-6.044130412949454,53.28875886202804],[-6.044160148053914,53.288787690485016],[-6.044190489293244,53.288816178538355],[-6.044489748099226,53.289056286527625],[-6.044736780743691,53.289208704549004],[-6.04508232764038,53.28939672668023],[-6.045158698425234,53.28943857206974],[-6.045213286819395,53.28946892263953],[-6.045264453006036,53.289497906145556],[-6.045344702273438,53.28953837017609],[-6.04588152660057,53.29008170205865],[-6.045929224463209,53.290137349828406],[-6.045975390281681,53.29019332740619],[-6.0460641493120395,53.29030606604294],[-6.0465504421653264,53.290935381794085],[-6.046870770853303,53.29136500450592],[-6.0456419900585345,53.291425472457014],[-6.04546949595663,53.29151589110584],[-6.0450419739641665,53.29181810629019],[-6.045014612500653,53.29184506751903],[-6.044842789142252,53.29245271890716],[-6.045361148598712,53.29279399153987],[-6.046824156658183,53.2935219792097],[-6.045871979903062,53.29455144463988],[-6.046443682850704,53.29518443214025],[-6.048898745208431,53.29507422926613],[-6.049854508291064,53.29511235247258],[-6.050365120232869,53.29524285012924],[-6.051012765675241,53.295656855837336],[-6.049447062913498,53.29664676805073],[-6.0498274489177355,53.29709000635223],[-6.048771967807542,53.297565653187746],[-6.047675391337136,53.298401704521105],[-6.0480940354661605,53.2987759964796],[-6.050048126782588,53.29932856303646],[-6.052860406278765,53.298527929206465],[-6.053678503550639,53.298475323371356],[-6.054383381820608,53.29880419775414],[-6.055548720748267,53.298553894128354],[-6.05714862723686,53.29802913331681],[-6.059847676598324,53.296470061667975],[-6.059513612633223,53.296439279857765],[-6.058922597571377,53.29683631116726],[-6.058243214936773,53.29678621776031]]},"properties":{"route":null,"routes":[],"category":null,"colour":null,"route_colour":null,"pdf_colour":"#662484","source":"pdf-future","phase":"future"}},
{"type":"Feature","geometry":{"type":"LineString","coordinates":[[-6.0927829997663245,53.27709037061402],[-6.094979092541458,53.27790292057615],[-6.097286429644576,53.27849674756486],[-6.09882769935049,53.27882742151083],[-6.099268893394748,53.27892885841903],[-6.099432025058891,53.27896630097869],[-6.0996080678966145,53.27900666594437],[-6.099791856288696,53.279048755036094],[-6.099978224615913,53.27909136997385],[-6.100646184891714,53.27924312258547],[-6.101673057491799,53.27947181957982],[-6.104868549214288,53.28020619606749],[-6.106018591929284,53.28058785599711],[-6.1059351852946255,53.28131462456568],[-6.10677638198534,53.28132958346127],[-6.108705971919599,53.280910863065046],[-6.109212537195803,53.28099624083633],[-6.109633458476227,53.28147066161591],[-6.109637332575341,53.282219330837364],[-6.110206548692632,53.28250787865306],[-6.112033405618696,53.28271028511665],[-6.112659838012094,53.28287693714679],[-6.113466218416851,53.28245024604927],[-6.116394949171223,53.28181290430379],[-6.117805462508654,53.28170858805835],[-6.11841030693626,53.28152407341205],[-6.1192270647542655,53.28155430430719],[-6.119920101911899,53.28177029329349],[-6.12067364576253,53.28179184634916],[-6.1222199019553845,53.28150198225608],[-6.122828698067218,53.28160922539653],[-6.123108190696581,53.28170584864771],[-6.1233333875743705,53.28179921772879],[-6.123384067889928,53.28181890663649],[-6.123434273665121,53.28183684709685],[-6.123533082512112,53.28186797872056],[-6.123723035816363,53.281914717095276],[-6.1238134639444,53.28193230802643],[-6.12385738418038,53.28194009296735],[-6.123900382170231,53.28194736957354],[-6.1240636318580295,53.28197303559484],[-6.124105346006924,53.28197728752958],[-6.124148257855384,53.28198027749399],[-6.124236556456816,53.281983000286154],[-6.124728420849627,53.28196212450386],[-6.126741361163718,53.28179667629666],[-6.127326110555282,53.28185924545736],[-6.1274316992157996,53.28193622308443],[-6.1274396023942215,53.28195640277697],[-6.12744508327944,53.28197747262791],[-6.127449299701174,53.28202046800483],[-6.127434401866187,53.28209717785789],[-6.126842738144829,53.28256408148507],[-6.126605549950239,53.282684584272666],[-6.126437016112965,53.282756070697594],[-6.1263445304442685,53.28279340370799],[-6.1262481908221735,53.28283133221801],[-6.126149216156661,53.282869507953414],[-6.126048825357714,53.28290758263996],[-6.125848670999436,53.28298203576948],[-6.125485000720827,53.28311440537546],[-6.125404940131769,53.28314821609715],[-6.12473630251492,53.283713910145465],[-6.1243825172529585,53.28414738480826],[-6.1242930525600245,53.28425664837659],[-6.124195965381075,53.28437515067288],[-6.123989586971447,53.28462676104234],[-6.12336139908429,53.28539049733591],[-6.123318850260276,53.28545828601733],[-6.123289819343882,53.285520159632696],[-6.123277502862901,53.28571217902684],[-6.1234288364900005,53.285869865365434],[-6.123989216340711,53.28598038884431]]},"properties":{"route":null,"routes":[],"category":null,"colour":null,"route_colour":null,"pdf_colour":"#662484","source":"pdf-future","phase":"future"}},
{"type":"Feature","geometry":{"type":"LineString","coordinates":[[-6.165153646444218,53.296326326339255],[-6.167055091189026,53.295806468276865],[-6.167125029570242,53.295704098546416],[-6.16621077897421,53.29437169903989],[-6.163620007992453,53.29069022471116],[-6.163253556255408,53.290297050844366],[-6.163197492797883,53.290239431374594],[-6.163141657307717,53.290182338611835],[-6.163033678987733,53.290072624652154],[-6.162853554297045,53.289891323109714],[-6.162590893750973,53.289840814761234],[-6.162272161063303,53.289926453109906],[-6.162256747182955,53.28993008641687],[-6.1622409621997285,53.28993290086725],[-6.162224894344633,53.289934907300214],[-6.162192262942867,53.28993653947061],[-6.162127487841269,53.289930584526054],[-6.1620304159970685,53.28989239316804],[-6.161909760219535,53.28980894390571],[-6.161895128853362,53.28979882389853],[-6.161854467074237,53.28977068849561],[-6.161787877658323,53.289724571797514],[-6.161590002692258,53.28959529505013],[-6.160960803381299,53.289191623106646],[-6.160801106608493,53.28906657402911],[-6.160654708577068,53.288937149666424],[-6.160402740563968,53.28866713453001],[-6.160297636495095,53.28852752347847],[-6.160206762993209,53.288385496586166],[-6.159990233783557,53.287803027831224],[-6.159973409447085,53.287510034797634],[-6.1600200301577965,53.28722109451164],[-6.160078272229143,53.28705260959624],[-6.160089069154679,53.28703946126313],[-6.160096162464056,53.28703007678946],[-6.160104187753424,53.287018717722596],[-6.160135826465515,53.28695985058051],[-6.16011409050818,53.286853750156105],[-6.159605055866265,53.28650936481877],[-6.159301207159098,53.28631411297867],[-6.15870787559016,53.285915324943225],[-6.157179685612251,53.28486194187425],[-6.156427414465847,53.284371712834705],[-6.155697491001235,53.28407820919208],[-6.154615054165808,53.283804724616274],[-6.15459017177595,53.28379829921952],[-6.1544526774593145,53.283762899904936],[-6.154177682178378,53.28369215478697],[-6.1539026647558535,53.28362147685608],[-6.153352499751482,53.28348030258182],[-6.151897468820286,53.283108635882655],[-6.151131512826425,53.282910266920084],[-6.150198337011015,53.2827795572108],[-6.148183023798994,53.28273310852101],[-6.148111230259753,53.28269351539671],[-6.148080243267284,53.28231383679165],[-6.1480792957664105,53.282298569269486],[-6.148067046409718,53.28210351655108],[-6.1480523555056745,53.2818726483904],[-6.1480397528916395,53.28164180460535],[-6.147797286810357,53.281464246498324],[-6.147537708232488,53.28143144158735],[-6.146705927628903,53.28131428217346],[-6.146374366471577,53.28126929805358],[-6.145946295509804,53.28121053650611],[-6.145743604578486,53.28118285669639],[-6.145631782168321,53.28116756505399],[-6.1455196321887495,53.28115207870448],[-6.145407292230859,53.281136264362836],[-6.145182592744458,53.281103118563124],[-6.144958784437808,53.28106706137478],[-6.144847558454603,53.28104760779735],[-6.144736968039594,53.28102702651773],[-6.144303713883224,53.28093075867722],[-6.144094477582444,53.280872393133606],[-6.143992188695204,53.28084018595843],[-6.143895271438226,53.28080724126929],[-6.14285399107401,53.28031565823737],[-6.1408501580548585,53.27920155032058],[-6.139462213793228,53.27853292530347],[-6.139141188871126,53.278399302902464],[-6.138516630156804,53.27818344433349],[-6.1382817357851716,53.278092936430404],[-6.13817281899523,53.278042182893486],[-6.137439724329196,53.277323241782625],[-6.137340673971436,53.27711249490458],[-6.137319741991862,53.27704364578242],[-6.137304011386844,53.2769750687947],[-6.137285657040685,53.276838584008175],[-6.1372817846696535,53.2767706026022],[-6.137280616413391,53.27670274611629],[-6.137295711377639,53.276228156975215],[-6.137267616712401,53.27595998894034],[-6.1365673524704585,53.27510883486005],[-6.134631299339031,53.273646365400886],[-6.134150376775306,53.272960544022425],[-6.134118912903447,53.272416239598655],[-6.1343253487104565,53.27171622828482],[-6.133895194252871,53.27127883270932],[-6.132222763936119,53.27048209940468],[-6.131459298054839,53.26995575303023],[-6.1324855400973615,53.26868868095028],[-6.131797680066081,53.268279661841866],[-6.128980673500067,53.26714371205216],[-6.127809984196345,53.26658840543892],[-6.127421921514813,53.26606712485237],[-6.127223945528921,53.26491580120228],[-6.125636413277667,53.26204473369187],[-6.124753658025475,53.26128324173419],[-6.123476193452068,53.261566426312406],[-6.123348021207528,53.26157292864511],[-6.123201612755783,53.261524490279726],[-6.1230988303463745,53.26145606032352],[-6.123096895857312,53.26134020677378],[-6.123548074441412,53.261062773211236],[-6.123718792210341,53.261067154933805],[-6.124137705788283,53.26133416054752],[-6.124753658025475,53.26128324173419],[-6.124225978630967,53.26089751877124],[-6.122377049824673,53.25980665881377],[-6.121254197176511,53.25925053049326],[-6.120518661076064,53.25855360613254],[-6.119418265891958,53.257870832565146],[-6.116355583360957,53.2562340774089],[-6.116211319887408,53.255944442723155],[-6.116342648168952,53.25546978707624],[-6.1163727153491045,53.2553155930541],[-6.1164218331448525,53.25504537923656],[-6.116444343008373,53.25492723284914],[-6.116459381396687,53.254847619465565],[-6.116474298529916,53.25476799300153],[-6.116548113655398,53.25436979919421],[-6.116577839205622,53.25421056482782],[-6.116592864534814,53.254130972289005],[-6.116608038168082,53.25405140131195],[-6.116743535851239,53.25343064747254],[-6.116959213049654,53.25284240289668],[-6.1171287385475175,53.25251586986435],[-6.1171741161846604,53.25244332327844],[-6.1171981146481915,53.25240624037261],[-6.117222439918409,53.25236870711998],[-6.117246682277846,53.25233079056687],[-6.117293279394521,53.25225407574459],[-6.11736745113004,53.25209899653307],[-6.117345299362114,53.25182343618155],[-6.1170716388021145,53.2516194810092],[-6.116857491515283,53.25150855562002],[-6.11676172051204,53.25146317946864],[-6.116713533603574,53.25144205566503],[-6.116664959410896,53.2514220273957],[-6.116245652469352,53.251305982234136],[-6.115744409270721,53.251219256851],[-6.115169744767763,53.250845064163585],[-6.114558067451719,53.25025360156823],[-6.114414074401941,53.25012566353977],[-6.114341210296122,53.25006196492679],[-6.114268024080792,53.24999836209623],[-6.114231449554786,53.24996637387909],[-6.113976259686639,53.2497411358222],[-6.1136711757492055,53.249488495905666],[-6.113244627501699,53.2492949297101],[-6.112317974893245,53.24948487357439],[-6.112054390250252,53.24950982470695],[-6.111920998489131,53.24951946387965],[-6.111854051011474,53.24952368138462],[-6.111786992283491,53.249527538270414],[-6.111312326074586,53.249546704172516],[-6.109474398646748,53.249469142308456]]},"properties":{"route":"98","routes":["98","B4","L22","L26","L27"],"category":"radial","colour":"#9467bd","route_colour":"#c7c7c7","pdf_colour":"#00a7e9","source":"pdf-future","phase":"future"}},
{"type":"Feature","geometry":{"type":"LineString","coordinates":[[-6.109462447202389,53.24946900280482],[-6.107922394421207,53.24941177894329],[-6.106621687430685,53.24900813590783],[-6.10621516024948,53.24872983528807],[-6.105765750389402,53.24804159536123],[-6.105450506522005,53.2478076017901],[-6.105401156547098,53.24777980685168],[-6.105349545379927,53.247751930799474],[-6.105227101008193,53.24768826097558],[-6.105094022808489,53.247614464835706],[-6.104820446768881,53.247430866808095],[-6.104606899873275,53.247386016919485],[-6.104525855105814,53.24737608534938],[-6.104485214554744,53.24737146078565],[-6.104445270306594,53.24736699168336],[-6.104406603672226,53.24736262402794],[-6.1043354284882785,53.2473539769994],[-6.104252780587239,53.247340416943665],[-6.102683716542872,53.246952394167174],[-6.100254739123319,53.24673211071253],[-6.100119267971168,53.24671533015294],[-6.099851525054694,53.24668092376615],[-6.099782736256035,53.24667206211174],[-6.099713584484754,53.24666296298909],[-6.099437130225394,53.24662285736465],[-6.098305261519319,53.24644461737078],[-6.097329567770637,53.24641193999943],[-6.09635500814952,53.246259033454194],[-6.094652270975426,53.24581716364442],[-6.093991132263967,53.245522917473735],[-6.092400988501206,53.2449994371313],[-6.090383397840219,53.243961417464824],[-6.089831077700743,53.24347449216635],[-6.089140404351728,53.242023028575524],[-6.088535351224782,53.24147265674226],[-6.087403938608774,53.24154731664263],[-6.085873110138165,53.24150602320837],[-6.085214498998936,53.24189571764066],[-6.084761375399079,53.241996294993406],[-6.084080918901118,53.241701484711335],[-6.082811849372755,53.24066700194902],[-6.081691063587931,53.240731952961035],[-6.07990055121544,53.24036424722421],[-6.079108002203636,53.23999589647496],[-6.078345311018899,53.240387489788],[-6.077664152092752,53.2413862262883],[-6.077451877234345,53.24197556651763],[-6.077174549933864,53.24397285580508],[-6.076415631719213,53.244844524955404],[-6.076165625145794,53.244948340157336],[-6.0727527611731915,53.245336098425],[-6.071051485036728,53.24542049512958],[-6.070929912154758,53.245427690994426],[-6.070900062493795,53.24543006612811],[-6.070870427907611,53.24543271921017],[-6.070773116440148,53.24544406316429],[-6.070582651096102,53.245483756283264],[-6.070311808763606,53.245393060705815],[-6.069881235100388,53.24468244055059],[-6.069189877467454,53.24430897409553],[-6.067958589315317,53.24391843040171],[-6.06746310904456,53.24341215388569],[-6.067211513191113,53.24286134682018],[-6.0671741398222325,53.24273490113218],[-6.067161228894559,53.242686027560495],[-6.067152970534609,53.242653471404125],[-6.067148931629886,53.242637216826175],[-6.067144946507639,53.24262098486296],[-6.067012999923217,53.24207471421224],[-6.066721836389102,53.241981570726416],[-6.06534968746656,53.24242803546381],[-6.061075945151359,53.24266719430425],[-6.0599075812163425,53.242626336636654],[-6.05934586881349,53.24333684315528],[-6.058705099692234,53.24385575513634],[-6.058036247074073,53.24421642615386],[-6.057177874151971,53.24446931893637],[-6.0557470602698436,53.243820421935666],[-6.054061123969077,53.24290230950815],[-6.052171216525277,53.24174721043339],[-6.050109345215676,53.24068970393896],[-6.0493391357854565,53.240704458992504],[-6.048495880165323,53.24121609673984],[-6.046859600798565,53.24170614455113],[-6.045628369885575,53.24185632750627],[-6.04535353306139,53.24210181820807],[-6.043894048456384,53.24260638365936],[-6.04340890229508,53.242653206682654]]},"properties":{"route":"L11","routes":["L11"],"category":"local","colour":"#2ca02c","route_colour":"#2ca02c","pdf_colour":"#00a7e9","source":"pdf-future","phase":"future"}},
{"type":"Feature","geometry":{"type":"LineString","coordinates":[[-6.057581315477589,53.296254778880986],[-6.057173433140001,53.296502662097005],[-6.055832917567122,53.29583119441486],[-6.054709301947094,53.29545779639662],[-6.0537448103002856,53.29529936570062],[-6.05316651738456,53.29488651948895],[-6.052594020523218,53.29486016562512],[-6.051309190714486,53.29523267143564],[-6.050781709802748,53.294230982319945],[-6.050548463719957,53.29407794292412],[-6.04634653418679,53.29219803988989],[-6.045717567048797,53.29194957663493],[-6.045272417370062,53.29179870201324],[-6.045149407375378,53.29175570812668],[-6.045004373555587,53.291704289541734],[-6.044247722377433,53.29143066534582],[-6.042341856167644,53.29072674777168],[-6.042264150991156,53.290555834676454],[-6.042367417100229,53.29045845179018],[-6.042499050868479,53.29033440163301],[-6.043221502521137,53.28965416817609],[-6.044046796672162,53.288877817907654],[-6.044236279345743,53.288699702044006],[-6.044410249672442,53.28853623884981],[-6.044694101282772,53.28826979844591],[-6.044863247498302,53.28811155264824],[-6.04589796040495,53.287174787107446],[-6.046660973760151,53.28643125723976],[-6.04784240154233,53.285171971632316],[-6.049700262812412,53.28392806279725],[-6.050660345222028,53.282887448448705],[-6.051044383254404,53.28199827515644],[-6.051419749576265,53.27986230588976],[-6.051782863012424,53.27819619389572],[-6.0519711943394885,53.27806397736677],[-6.05339948542779,53.27787525483073],[-6.055011974524458,53.27758033369406],[-6.057480107676882,53.27733876706153],[-6.058986413271653,53.27741212912041],[-6.060885329986917,53.277793343717434],[-6.063636213089051,53.2784091647055],[-6.065705250618219,53.278800721495365],[-6.0667740227893985,53.27893300717065],[-6.068249056480695,53.27899391567534],[-6.070866524187451,53.27896275938903],[-6.072135590910516,53.278745500934036],[-6.073116308524011,53.278423466809215],[-6.073152023090021,53.2784089910067],[-6.073173989520677,53.2783981383058],[-6.073184358836213,53.278392366183375],[-6.073194291811536,53.278386370158636],[-6.073255610735015,53.2783309365889],[-6.07328485713043,53.2782092995765],[-6.073163186849462,53.27802270795214],[-6.072101678962031,53.277287565851715],[-6.071512289551878,53.276636058613796],[-6.071402993701696,53.276114137635034],[-6.071592045169242,53.27552890783804],[-6.072830113040306,53.27304815322065],[-6.072777253060108,53.27274753205009],[-6.074134292126231,53.26993080404056],[-6.074336097807285,53.269489153138935],[-6.074389088142807,53.26936217416736],[-6.074415013954207,53.26929859242094],[-6.0744406158521365,53.26923495980901],[-6.074540619170705,53.26898008033019],[-6.074566886460186,53.26892068572388],[-6.074949845557551,53.267062183604885],[-6.075284409315351,53.26622581200662],[-6.075638422952968,53.263634855517815],[-6.0758475414504005,53.26349692111794],[-6.079161310433448,53.26367209574671],[-6.079166505311458,53.26364557118296],[-6.079167288504972,53.26364204612757],[-6.079169339079562,53.26363269638428],[-6.079172507959546,53.26361825051933],[-6.079181604332961,53.26357698468951],[-6.079193385019748,53.26352407716813],[-6.0792476397541835,53.26329820485004],[-6.079360645829496,53.26291598125933],[-6.079391867073007,53.26274903837491],[-6.0793102447051695,53.26214842037391],[-6.079167322346709,53.261822597707415],[-6.079088757706471,53.261683257371914],[-6.079078857640649,53.26166843624411],[-6.079068963702495,53.26165441071272],[-6.079049222758609,53.261629008777795],[-6.0769051176755235,53.25982244703564],[-6.076013187567112,53.25893669769673],[-6.075921099011163,53.25872364329068],[-6.075906363729774,53.25869657458601],[-6.075887017168043,53.25867080874322],[-6.075835788861799,53.258623726509335],[-6.075804556446409,53.258602680551284],[-6.075770011408922,53.258583478321185],[-6.075692282125906,53.25855114591095],[-6.074392529629278,53.25869612106123],[-6.073492126746143,53.25897882028554],[-6.073219540614317,53.25893611119657],[-6.0716637713385415,53.25727461727192],[-6.07086281710429,53.25596046466394],[-6.070647799839644,53.2552738263198],[-6.070532827886287,53.25386289058062],[-6.070197631305468,53.25296039833386],[-6.069809687250948,53.25245207470526],[-6.069174282823153,53.251940265333786],[-6.068355754169216,53.25155628742246],[-6.066918492924855,53.25107607771979],[-6.065939374108054,53.25063966591642],[-6.0654075203487015,53.25049906247442],[-6.065335719307755,53.25047493011179],[-6.065317115441654,53.25046413043214],[-6.065301302600347,53.25045227882944],[-6.065278352674566,53.25042620191007],[-6.06533321077753,53.25030840122392],[-6.06640043698179,53.249996887681995],[-6.066838273915668,53.24879225527509],[-6.067138471999031,53.24843486464023],[-6.065739817411831,53.24727671088629],[-6.064940431837103,53.246796044836195],[-6.064163732898685,53.24605235664783],[-6.0636931576258,53.24535543750966],[-6.063449092448167,53.245244184819164],[-6.060149953296775,53.24524288250684],[-6.059795480076993,53.24523139249603],[-6.059623870710485,53.24522307182362],[-6.05945878726671,53.24521272891404],[-6.0589053291260875,53.245146558017034],[-6.0577736923945675,53.244723955992356],[-6.057061609526874,53.24455372501389],[-6.055624283987442,53.24390197688867],[-6.0544119990493055,53.24325997717537],[-6.051882779505176,53.241735140955036],[-6.049980712797757,53.24076802931583],[-6.049494749505948,53.24077700468449],[-6.048624598731239,53.2413033623918],[-6.047016954376617,53.241794712697164],[-6.045730957177105,53.241959890579],[-6.0454754579599586,53.24219255188416],[-6.044468706035104,53.24258447146703],[-6.043434921171847,53.24276338088957]]},"properties":{"route":null,"routes":[],"category":null,"colour":null,"route_colour":null,"pdf_colour":"#009bdf","source":"pdf-future","phase":"future"}},
{"type":"Feature","geometry":{"type":"LineString","coordinates":[[-6.085266978292898,53.264427981308366],[-6.0841272460009606,53.2642521765479],[-6.083845469444325,53.2638452165735],[-6.079882019046302,53.26367423589669],[-6.079651013890909,53.26366095475253],[-6.079381736887788,53.263642620222484],[-6.079251677288415,53.26363329678642],[-6.079191105112164,53.26362890032415],[-6.079134766741211,53.2636247966223],[-6.079083608717808,53.263621072623295],[-6.079000619882672,53.26361511150358],[-6.078939590378401,53.263569707685654],[-6.079169315578972,53.262460485922496],[-6.078905819923481,53.261772781385716],[-6.079018304266309,53.261684705243546],[-6.0800920069123565,53.26156876222319],[-6.080247381860491,53.261554708140224],[-6.0828099474207935,53.26176931111193],[-6.083997403795845,53.26174593773038],[-6.085020483581536,53.26123842520376],[-6.0870400763163675,53.26044812686646],[-6.087708247825331,53.260021769580405],[-6.086291529859912,53.2596294802636],[-6.0853499672334905,53.259680611175355],[-6.084624383672239,53.25957872932137],[-6.083059289598127,53.258886190689616],[-6.081095329846709,53.25880931412767],[-6.0787764038639915,53.25853632276027],[-6.077296243279496,53.25858037972225],[-6.076230087939393,53.25866797667707],[-6.0761267510045815,53.258675014574955],[-6.075434275494113,53.25872426796137],[-6.074809678711424,53.25882463000413],[-6.072949930498643,53.259362206100235],[-6.07177179736647,53.25955194946335],[-6.069850082240721,53.25975228931616],[-6.069753481097693,53.259845250267254],[-6.070439288966005,53.26070765357003],[-6.07178315211617,53.26138216125204],[-6.071925564559197,53.26209163303361],[-6.0709821830409165,53.26422091790486],[-6.070006143108577,53.26423921408476],[-6.066936515846827,53.26376172257244],[-6.064604385898119,53.26375484884799],[-6.0643227176146235,53.26364728637522],[-6.064880143546782,53.26239174487618],[-6.064699244011458,53.261838206548795],[-6.0642801228416205,53.26148546323373],[-6.062995963354224,53.26088802693478],[-6.062048796297096,53.2610903172625],[-6.061820057533858,53.26100504901794],[-6.061798297335637,53.26099663114373],[-6.061783035976525,53.260990634344004],[-6.061765299583541,53.26098357894363],[-6.061676290764816,53.26094677095206],[-6.061509019336098,53.26086716363513],[-6.0614565593587875,53.2607974406305],[-6.06127246117088,53.259845483810714],[-6.060315428003038,53.258840948235424],[-6.059003756986897,53.258364106779],[-6.055879243370112,53.257782371770595],[-6.055425816739044,53.25876726632062],[-6.055397116640057,53.25980972243107],[-6.055551701360772,53.260321955297954],[-6.055352436336521,53.26048369911212],[-6.05478502575786,53.26053639110217],[-6.05441878703582,53.260588245925746],[-6.053926110364334,53.26102062879892],[-6.053820275995573,53.261565533447765],[-6.053269639020898,53.261879101850646],[-6.052401650373945,53.26214796223547],[-6.049949512510552,53.26314767953037],[-6.049847296027293,53.26359857477623],[-6.049281666362299,53.26359003307414]]},"properties":{"route":null,"routes":[],"category":null,"colour":null,"route_colour":null,"pdf_colour":"#ed1c24","source":"pdf-future","phase":"future"}},
{"type":"Feature","geometry":{"type":"LineString","coordinates":[[-6.160958695129247,53.28472809599154],[-6.160200610170318,53.286321363488995],[-6.160064280073666,53.28661118367939],[-6.159999070616676,53.2867565555702],[-6.159936361479024,53.28690232031459],[-6.159876550104546,53.28704854165495],[-6.159775980274926,53.28750566522178],[-6.159876805365876,53.28812014062422],[-6.15994189724187,53.288271589610595],[-6.160022324136728,53.2884212530502],[-6.16011777643923,53.28856867214253],[-6.160227944538155,53.28871338808704],[-6.160352518822285,53.288854942083205],[-6.160491189680399,53.2889928753305],[-6.160809582673702,53.289256044376344],[-6.160988685586451,53.28938036257384],[-6.161085362561543,53.28944238362377],[-6.161184123699998,53.2895037201869],[-6.161233956259049,53.28953425391329],[-6.161283914373215,53.28956476307083],[-6.161333866213923,53.28959529651047],[-6.1614332237606595,53.28965663163986],[-6.161761398759746,53.28987925056856],[-6.161746459314283,53.29007636287279],[-6.16075951976332,53.290336127816765],[-6.160439800321763,53.29027741924893],[-6.158374534692714,53.29027955692371],[-6.157991624131981,53.29027681693387],[-6.157895841045203,53.29027560105711],[-6.157800012519486,53.290274270968204],[-6.157512138007182,53.290270086126434],[-6.157296181899743,53.29025750678031],[-6.155023512054661,53.28999787208005],[-6.153274826171826,53.289990807344005],[-6.152083198768543,53.289855490274455],[-6.15032630186672,53.28941915669144],[-6.146843412394066,53.289024921739205],[-6.1464738757928306,53.28896442915965],[-6.146108812269323,53.28889390787819],[-6.146017767835444,53.28887471374868],[-6.145926684654658,53.288854894942325],[-6.145744147400954,53.28881338499268],[-6.145562959619283,53.28877051754078],[-6.145472388812195,53.28874878748129],[-6.145381787381761,53.288726975108126],[-6.1452911208186,53.288705166852836],[-6.145109454256565,53.288661908422],[-6.144743821126934,53.28857924396216],[-6.143910785701754,53.288438444541185],[-6.142018709356084,53.28825482591721],[-6.138094443749631,53.28780247722554],[-6.136288016717483,53.287629105758775],[-6.135913355189806,53.28757559097581],[-6.135167535983957,53.28745934714276],[-6.134697072777042,53.2873894358153],[-6.134509197609483,53.287361080418535],[-6.134321708788965,53.28733241641169],[-6.134134574979472,53.28730339768764],[-6.133947764844984,53.287273978139254],[-6.133761247049484,53.287244111659405],[-6.133574990256954,53.28721375214098],[-6.1328319463961805,53.287086461538884],[-6.130365678295449,53.2866723051653],[-6.128983071335005,53.286568624471776],[-6.127111521173209,53.28619921750303],[-6.125157438292122,53.2859065914247],[-6.124441224895126,53.28576678964358],[-6.123895030587226,53.28563478545059],[-6.123418052061934,53.285525560944706],[-6.123281437632179,53.28549478000641],[-6.123143815911591,53.28546393160075],[-6.122877431855006,53.28540467730213],[-6.122039837426458,53.285225153322045],[-6.121979770229489,53.28521190864401],[-6.121919785794648,53.28519851480563],[-6.121800080389214,53.28517126837202],[-6.121680751565877,53.28514339146951],[-6.1216212378586565,53.28512920954501],[-6.121561829680356,53.285114861546404],[-6.12150253082544,53.28510034465472],[-6.121236131380582,53.28503419340633],[-6.121028751589254,53.28498350614331],[-6.120613432475707,53.28488430405725],[-6.119780127163077,53.28469351371058],[-6.118099416499814,53.2843337808429],[-6.117347228978756,53.28418263929357],[-6.11715860432632,53.284145664338205],[-6.1167811897013165,53.2840718985739],[-6.116404057512773,53.28399762750771],[-6.115653054188938,53.28384396548362],[-6.114673153199877,53.283615128301825],[-6.113091218084751,53.28311876533369],[-6.112916345616958,53.2830671887152],[-6.112828530597635,53.28304179063632],[-6.112740472633998,53.28301661874658],[-6.112385955025908,53.28291768361253],[-6.111930215261534,53.28281323213535],[-6.110305293574044,53.28264312973444],[-6.109370846952,53.28219298168685],[-6.109361006756793,53.281387903715405],[-6.108795819034874,53.28102526327115],[-6.1068309443253845,53.281446920043614],[-6.105803632495917,53.28145106247304],[-6.105774620874229,53.28070951568272],[-6.104574551550513,53.28028986684579],[-6.103103647926848,53.27995473991963],[-6.09985800132593,53.279178898169036],[-6.099750258473095,53.27915255096155],[-6.099713231080267,53.27914342158484],[-6.0996933915044105,53.279138520293884],[-6.099672769870159,53.27913341902612],[-6.099629486010174,53.279122689834935],[-6.096246410051342,53.27839091767491]]},"properties":{"route":"B4","routes":["B4","L26"],"category":"spine","colour":"#d62728","route_colour":"#3cb44b","pdf_colour":"#ed1c24","source":"pdf-future","phase":"future"}},
{"type":"Feature","geometry":{"type":"LineString","coordinates":[[-6.161540594777208,53.289381278649714],[-6.160684683652626,53.28874511431393],[-6.160594247070147,53.28863845947976],[-6.160513173468497,53.288529987283944],[-6.160441476977743,53.28841990814612],[-6.160379171727954,53.288308432485906],[-6.16022414573981,53.287852773013995],[-6.160233438497484,53.28711161232078],[-6.159917756590464,53.286937125096344],[-6.1568572019455114,53.284858673263194],[-6.156004790636531,53.284346899740164],[-6.155269606522654,53.28411112141319],[-6.155075481769764,53.284062842603895],[-6.154830030394496,53.28400407276714],[-6.154676161964687,53.28396697430385],[-6.154650508787824,53.283960713266495],[-6.154624880692882,53.283954428767515],[-6.154599287989717,53.28394812036167],[-6.154472216195363,53.28391620414606],[-6.15090125770905,53.28300218542686],[-6.150155492520451,53.28290743643142],[-6.148145748081787,53.28286105274332],[-6.147870375602504,53.28270918870491],[-6.147838439242555,53.282314218424446],[-6.147826189885863,53.28211916570604],[-6.147818880944573,53.28200366757565],[-6.14781530577004,53.28194587376539],[-6.147799562993981,53.28165666520361],[-6.147695228748769,53.28158587638271],[-6.147380463241928,53.28154611971834],[-6.146664792569182,53.28144461350443],[-6.146105506629804,53.28136837918285],[-6.146051824497462,53.28136104235956],[-6.146024982742531,53.28135736665802],[-6.145998140310053,53.28135368543416],[-6.145863912252253,53.28133517909219],[-6.145547579184721,53.281291882163856],[-6.1453178347288535,53.28125985341354],[-6.145202705682285,53.28124316695844],[-6.1450875687892115,53.281225843567654],[-6.14462939324064,53.28114734741168],[-6.144180894103081,53.28104732734083],[-6.143962723677203,53.28098641260136],[-6.1438555870855245,53.28095273323932],[-6.1437542519776525,53.280918275969356],[-6.142678889251215,53.28041154956736],[-6.141252025982677,53.27960433144336],[-6.139215701756867,53.27859540584734],[-6.138533431442385,53.278337593142425],[-6.1383574017292775,53.27826519382159],[-6.138270337543742,53.27822725817849],[-6.138186133750408,53.2781887463686],[-6.137589074311392,53.27778970148942],[-6.137134499031162,53.27708431161161],[-6.137113087167981,53.27699996761243],[-6.137104985142633,53.276958041069165],[-6.137098445049215,53.276916278536085],[-6.137085293911328,53.27675087409504],[-6.137084696825404,53.27666916320195],[-6.137085436138585,53.27662855656543],[-6.137086693350292,53.27658811617488],[-6.137097579798477,53.27635530819189],[-6.1370965160586275,53.2761352561472],[-6.137053911916888,53.27590394843943],[-6.136410593814048,53.2751693366298],[-6.134692913978963,53.273911391732845],[-6.133954613237656,53.27296743132148],[-6.13389610362009,53.272630464034314],[-6.134124100503821,53.271853902559286],[-6.13382039069804,53.27138459352633],[-6.132129190775259,53.27057944104041],[-6.131372019155483,53.270145887696174],[-6.131289759181596,53.26989307256945],[-6.1322386352906815,53.268720399094015],[-6.131534952073741,53.26835692308248],[-6.128481461702403,53.26901116960336],[-6.126612458468462,53.26939292821546],[-6.125676781100743,53.26958228871603],[-6.124740782147717,53.26977136564174],[-6.124272770416213,53.26986596861451],[-6.12380480829578,53.26996070571416],[-6.123336939122217,53.27005564528089],[-6.122869532683982,53.27015029242933],[-6.121466186792112,53.27043284353512],[-6.120998087587763,53.27052662574215],[-6.120763988338664,53.2705734520197],[-6.120529858905882,53.27062023817753],[-6.119370337504264,53.27085154612076],[-6.117813367488232,53.27116567310516],[-6.116028226446671,53.27151544682603],[-6.115490399414354,53.271622705241214],[-6.115356056679883,53.27164962633865],[-6.11522176641518,53.271676599304314],[-6.114953357015736,53.27173071938185],[-6.109321679099736,53.272864443286124],[-6.108375059383729,53.27310470480947],[-6.107528149932798,53.273437745261525],[-6.100425728720105,53.27691396573014],[-6.099712903669307,53.27737816020019],[-6.099402489280688,53.27797307229701],[-6.099538167793352,53.278976924905926],[-6.099538194529641,53.278986259983554],[-6.099537174414748,53.278997046989346],[-6.099530109010774,53.27902080487271],[-6.099434788233779,53.27907045506819],[-6.09936574231547,53.27906531789706],[-6.099322110596972,53.27905623955289]]},"properties":{"route":"98","routes":["98","B4","L21","L26"],"category":"radial","colour":"#9467bd","route_colour":"#c7c7c7","pdf_colour":"#ed1c24","source":"pdf-future","phase":"future"}},
{"type":"Feature","geometry":{"type":"LineString","coordinates":[[-6.043817546427399,53.24922793330769],[-6.044591186912596,53.248694302200256],[-6.045468253884376,53.248303468422584],[-6.04839121009805,53.24763149440928],[-6.050217843564528,53.24718654214918],[-6.050772604565058,53.247055176252104],[-6.050958282042406,53.24701277732331],[-6.0511443288396,53.24697097380816],[-6.051517508188549,53.24688891436725],[-6.05766711870475,53.245601895317144],[-6.059381340103583,53.24523231024984],[-6.059563564749037,53.24519328449293],[-6.059745877096357,53.24515440550286],[-6.060110697881789,53.24507696699643],[-6.061387870445379,53.24480611499499],[-6.063117829175505,53.24442936794578],[-6.065534588086842,53.243826483240916],[-6.06625189490959,53.24351945342705],[-6.066646935745339,53.243188128349445],[-6.067041892384131,53.242743633998025],[-6.067095935545038,53.24268384870045],[-6.067123869383438,53.24265438381594],[-6.06715254695384,53.24262529142259],[-6.067244058757348,53.24254090405171],[-6.067349029540679,53.24246403693173],[-6.068072846841357,53.24204054468894],[-6.0688681281221415,53.24180591333565],[-6.071670432059123,53.24165114578851],[-6.072703379905849,53.24165414267753],[-6.07339757127818,53.24190739831283],[-6.075836412328893,53.242048554255945]]},"properties":{"route":null,"routes":[],"category":null,"colour":null,"route_colour":null,"pdf_colour":"#ef3b2c","source":"pdf-future","phase":"future"}}
]}