{
"type": "FeatureCollection",
"name": "future-routes-edited",
"features": [
{ "type": "Feature", "properties": { "route": "6", "routes": [ "6", "H3", "L81" ], "category": "radial", "colour": "#9467bd", "route_colour": "#2ca02c", "pdf_colour": "#7a4e9f", "stroke-width": 2, "source": "pdf-future", "phase": "future" }, "geometry": { "type": "LineString", "coordinates": [ [ -6.15244623791643, 53.386493587422194 ], [ -6.150659320459945, 53.38695850247219 ], [ -6.149190782112373, 53.387110726391811 ], [ -6.147791081393604, 53.387118720006519 ], [ -6.131075141507806, 53.386063368532163 ], [ -6.112446024903955, 53.386161834567432 ], [ -6.08732745206359, 53.384830214327536 ], [ -6.079780924757192, 53.384107425552166 ], [ -6.069384177965476, 53.382371920683553 ] ] } },
{ "type": "Feature", "properties": { "route": "D1", "routes": [ "D1", "N6", "X77" ], "category": "spine", "colour": "#d62728", "route_colour": "#f58231", "pdf_colour": "#7a4e9f", "stroke-width": 2, "source": "pdf-future", "phase": "future" }, "geometry": { "type": "LineString", "coordinates": [ [ -6.159552357190023, 53.444145634990939 ], [ -6.159584865374657, 53.442235826828352 ], [ -6.15935537186115, 53.439641851938859 ], [ -6.15916632141073, 53.438544469632099 ], [ -6.15873968996743, 53.436898613741825 ], [ -6.156041829627226, 53.429482687462183 ], [ -6.153691717304498, 53.422459093078224 ], [ -6.151617959302338, 53.414631524634032 ], [ -6.150744715495331, 53.41164138997928 ], [ -6.147587327036501, 53.40189449846865 ], [ -6.147000817822971, 53.399750241034837 ], [ -6.146886988372451, 53.398380752496671 ], [ -6.146923659469211, 53.397599448950871 ], [ -6.147752707888433, 53.393334878665542 ], [ -6.148091461696505, 53.392138417275639 ], [ -6.148367742738343, 53.391488495137295 ], [ -6.148661954406898, 53.390917074544312 ], [ -6.149606500501096, 53.389509556986354 ], [ -6.150393897891409, 53.388635070651574 ], [ -6.151066384214447, 53.387982623607492 ], [ -6.152748477006091, 53.38667764320904 ] ] } },
{ "type": "Feature", "properties": { "route": "35", "routes": [ "35", "36", "57", "58", "86", "87", "C3", "L52", "L54", "L58", "L59", "L62" ], "category": "radial", "colour": "#9467bd", "route_colour": "#bcbd22", "pdf_colour": "#009bdf", "stroke-width": 2, "source": "pdf-future", "phase": "future" }, "geometry": { "type": "LineString", "coordinates": [ [ -6.245261581624625, 53.350984282876361 ], [ -6.242713932116507, 53.351807208744084 ], [ -6.237557159984413, 53.353999626171863 ], [ -6.237131935190717, 53.354418529352593 ], [ -6.236906063875418, 53.354826699842619 ], [ -6.236784534302974, 53.355752810291222 ], [ -6.237012839681053, 53.356614148003374 ], [ -6.237700465617559, 53.357431615171805 ], [ -6.238678524079594, 53.358198744003751 ], [ -6.239216797565305, 53.358498081028834 ], [ -6.240362996730444, 53.358959548767494 ], [ -6.241377659054117, 53.359250478946258 ], [ -6.246568687673189, 53.359960982201706 ], [ -6.25175053340904, 53.360489178916779 ], [ -6.254351023495828, 53.361110155010152 ], [ -6.260767163412982, 53.362929438815243 ], [ -6.262088802825392, 53.363187474207336 ], [ -6.264347384152308, 53.363422274952015 ], [ -6.2695480525135, 53.363654866002783 ], [ -6.272177912830865, 53.364186587462896 ], [ -6.277464853682974, 53.365695905993327 ], [ -6.279776108067305, 53.366662355252672 ], [ -6.28498967839648, 53.369357148273082 ], [ -6.286244575045387, 53.369831494560671 ], [ -6.287195661455653, 53.370067724618472 ], [ -6.288727449172995, 53.370247289060934 ], [ -6.291381775144934, 53.370383519140937 ], [ -6.305617249091745, 53.373465993878824 ], [ -6.310067536778171, 53.374156904515608 ], [ -6.315133534876511, 53.374829088469312 ], [ -6.317573851245187, 53.375000672328618 ], [ -6.331055897972591, 53.375366275993919 ], [ -6.336619961249931, 53.375248352943792 ], [ -6.338939759217146, 53.375475769722684 ], [ -6.340228309503134, 53.375698918015253 ], [ -6.342662297270913, 53.376374510752264 ], [ -6.35027716795245, 53.379657001499169 ], [ -6.352099280165861, 53.380395437739978 ], [ -6.354116783895511, 53.381046009566013 ], [ -6.358483907204865, 53.382195881733224 ], [ -6.360288991933079, 53.382594749034425 ], [ -6.362534990658946, 53.382889237953407 ], [ -6.36402999169552, 53.38294678706847 ], [ -6.365904219254685, 53.38288732231873 ], [ -6.376480456643515, 53.382072681480615 ], [ -6.380637327584526, 53.381527401754418 ], [ -6.392405298373842, 53.379036685290878 ], [ -6.393967777416488, 53.378887946455016 ], [ -6.396173106821767, 53.37898028937142 ], [ -6.398933777992294, 53.379407433010307 ], [ -6.425807186178885, 53.384890904031188 ], [ -6.426325295925055, 53.384893604201494 ], [ -6.428764635873476, 53.385480307376909 ], [ -6.436105625391704, 53.387014945410215 ], [ -6.438212354480862, 53.387128688739239 ], [ -6.441290894453211, 53.386732949382278 ], [ -6.442815650244856, 53.386384143166936 ], [ -6.444639701322913, 53.38561210258213 ], [ -6.445999888183206, 53.384828793125337 ], [ -6.447963072916793, 53.383486231878379 ], [ -6.457093823597241, 53.375711938019037 ], [ -6.457779327661044, 53.375285914336004 ], [ -6.459731371571611, 53.374629298336174 ], [ -6.461852786437067, 53.374301275518945 ], [ -6.464515547962427, 53.374307683253257 ], [ -6.466422009288758, 53.374580186851787 ], [ -6.471556987040694, 53.376010459723339 ], [ -6.47511721061742, 53.376729846325766 ], [ -6.489194874651899, 53.37821458984984 ], [ -6.502031454890303, 53.379799553187901 ], [ -6.503229517080612, 53.379775222381276 ], [ -6.504391792240532, 53.379628902688033 ], [ -6.506196237668412, 53.379106430968413 ], [ -6.507550103293432, 53.378183905700787 ], [ -6.508985903043743, 53.376168164626897 ], [ -6.509788818906106, 53.375312095051463 ], [ -6.510306196620361, 53.374888626869904 ], [ -6.511491657134469, 53.374281759199413 ], [ -6.512156116603018, 53.374046245686742 ], [ -6.514033008637444, 53.373734763277739 ], [ -6.515294022361002, 53.373713097890679 ], [ -6.516203963516626, 53.37376517565275 ], [ -6.517382504478389, 53.373949401604904 ], [ -6.522582139382789, 53.374826190553804 ], [ -6.525736726629481, 53.375450818685586 ], [ -6.527727076054856, 53.376144687668109 ], [ -6.531187662648012, 53.377945817988582 ], [ -6.534085288753751, 53.378943782392419 ], [ -6.536123837078655, 53.379403844048099 ], [ -6.541799084784108, 53.380566308448316 ], [ -6.547944781406087, 53.381680194901485 ], [ -6.554426581336743, 53.38252987581744 ], [ -6.562675325735726, 53.383745404031956 ], [ -6.58041902368629, 53.386109387754232 ], [ -6.583138576042952, 53.386351379446999 ], [ -6.584928346837437, 53.386383713689071 ], [ -6.586825973165674, 53.386233836011009 ], [ -6.594396848653997, 53.38527968228108 ], [ -6.597257369278655, 53.38480615112487 ] ] } },
{ "type": "Feature", "properties": { "route": "6", "routes": [ "6", "8", "81", "97", "98", "B3", "B4", "L13", "L21", "L26", "N2", "N6", "S6", "S8" ], "category": "radial", "colour": "#9467bd", "route_colour": "#2ca02c", "pdf_colour": "#8dc63f", "stroke-width": 2, "source": "pdf-future", "phase": "future" }, "geometry": { "type": "LineString", "coordinates": [ [ -6.152748477006091, 53.38667764320904 ], [ -6.159079657216958, 53.382140458273703 ], [ -6.160021906740492, 53.381576174802937 ], [ -6.161459352429452, 53.38082191828736 ], [ -6.164987354137309, 53.379355688786433 ], [ -6.167304201313345, 53.378635696312237 ], [ -6.170953237773361, 53.377774878727926 ], [ -6.1838634314121, 53.375971603870816 ], [ -6.185282314728557, 53.375730035797012 ], [ -6.188065041665318, 53.375096391736498 ], [ -6.19032138610214, 53.374356792667804 ], [ -6.19992609476857, 53.370183289530985 ], [ -6.203045464028211, 53.369189420615065 ], [ -6.208435370002702, 53.367751431190165 ], [ -6.210036341345334, 53.367168558339472 ], [ -6.212323266245044, 53.366142667749266 ], [ -6.231348161488949, 53.356867458050367 ], [ -6.238010723818237, 53.353530454722772 ], [ -6.242588821329115, 53.351582822267481 ], [ -6.24596579839567, 53.350493731411795 ], [ -6.249041465954868, 53.348958517724618 ], [ -6.249560917192936, 53.34857011662875 ], [ -6.250026328385234, 53.34803123406077 ], [ -6.250215401876857, 53.347388008427913 ], [ -6.250182864229563, 53.346575864166404 ], [ -6.249764911972625, 53.345925585832973 ], [ -6.248348882749565, 53.344697715628321 ], [ -6.246408786672379, 53.343162881366496 ], [ -6.245554855589552, 53.342695139230493 ], [ -6.24478733977783, 53.342439756226469 ], [ -6.240955316116161, 53.341520113004115 ], [ -6.239378949997631, 53.341059271534242 ], [ -6.236089555562589, 53.339933903927317 ], [ -6.230327971341755, 53.33738367153277 ], [ -6.227417505592785, 53.335812167118483 ], [ -6.206491833600914, 53.321264789977278 ], [ -6.203450972119028, 53.319252683755444 ], [ -6.191312895554209, 53.311720110004941 ], [ -6.186028781410395, 53.308553286720468 ], [ -6.183782693541296, 53.307354479277926 ], [ -6.181436228724466, 53.306282061978827 ], [ -6.16948699958269, 53.301556462872121 ], [ -6.166728795714735, 53.300582193185242 ], [ -6.164058958636379, 53.299784321657341 ], [ -6.157573341412386, 53.298171272921586 ], [ -6.153952179956735, 53.297146168189343 ], [ -6.151214667699615, 53.296259476223597 ], [ -6.14552486491083, 53.294172303680476 ], [ -6.143762066545809, 53.293687524427341 ], [ -6.141896627524483, 53.293339078939887 ], [ -6.139040350834007, 53.29316049431727 ], [ -6.136647188765167, 53.293286261213815 ], [ -6.130639832764213, 53.293787597306455 ], [ -6.128255418438874, 53.293809559208029 ], [ -6.125997185941401, 53.293523749853101 ], [ -6.1247342401522, 53.29324025746601 ], [ -6.123499246989994, 53.292845465255731 ], [ -6.121218193643354, 53.291871812016751 ], [ -6.118413237186568, 53.290547183663008 ], [ -6.115911961030855, 53.288860458257716 ], [ -6.114118396550859, 53.287496558167504 ], [ -6.113938728044982, 53.287254723041862 ], [ -6.113828310021818, 53.286928689515719 ], [ -6.113787443528543, 53.286431435124364 ], [ -6.113877943144825, 53.285808610253746 ], [ -6.114151600505741, 53.285106600532444 ], [ -6.114086969605133, 53.283503331108193 ], [ -6.113894030471283, 53.28217476515551 ], [ -6.113609993781775, 53.281415989721658 ], [ -6.11332308109076, 53.280917229150113 ], [ -6.112660368035764, 53.280292488078366 ], [ -6.111990007551482, 53.279805592996127 ], [ -6.10793509660548, 53.27842489526671 ], [ -6.105001431148766, 53.277617044421504 ], [ -6.096816810365036, 53.274922694662017 ], [ -6.088812463958806, 53.273052399602641 ], [ -6.087275693287434, 53.272758663490436 ], [ -6.085637899002363, 53.27231320318942 ], [ -6.083281210857594, 53.271362558151417 ], [ -6.081698304045299, 53.270241312851034 ], [ -6.081154749769036, 53.269498681213726 ], [ -6.080828255984424, 53.268529709692658 ], [ -6.080823190875097, 53.267851338596088 ], [ -6.081335388462633, 53.267018590356031 ], [ -6.090142219935253, 53.264380527541597 ], [ -6.091731310490697, 53.263528246363485 ], [ -6.091864226407746, 53.26341972282227 ], [ -6.092671613028409, 53.261789500799125 ], [ -6.094539028875768, 53.259756165840706 ], [ -6.095457710598037, 53.25720856581458 ], [ -6.096357890194843, 53.249233579062647 ], [ -6.096965712188561, 53.246638743147997 ], [ -6.097473253365703, 53.245414734997084 ], [ -6.098786884243233, 53.243403765350969 ], [ -6.099461247295092, 53.24150793321855 ], [ -6.099393888650154, 53.23807895336838 ], [ -6.098948106526936, 53.235644315346256 ], [ -6.098021286709914, 53.234339353267593 ], [ -6.096206845344692, 53.230739119312403 ], [ -6.092604290833009, 53.224358634221879 ], [ -6.090337861693309, 53.219087865306946 ], [ -6.08790001791527, 53.215192044762574 ] ] } },
{ "type": "Feature", "properties": { "route": null, "routes": [ ], "category": null, "colour": null, "route_colour": null, "pdf_colour": "#ef3b2c", "stroke-width": 2, "source": "pdf-future", "phase": "future" }, "geometry": { "type": "LineString", "coordinates": [ [ -6.369708243260223, 53.302492796265234 ], [ -6.371545869601781, 53.301320974850178 ], [ -6.372904418077978, 53.300788709843033 ], [ -6.384122740746507, 53.298466519173708 ], [ -6.406103490361734, 53.294417291672971 ], [ -6.412150463529031, 53.293136730657629 ], [ -6.413410533694424, 53.292696894121768 ], [ -6.414005450887353, 53.29236750903776 ], [ -6.41457142505717, 53.291884304899639 ], [ -6.415587138401845, 53.29081178618118 ], [ -6.41603723849337, 53.29047356893205 ], [ -6.41748255428077, 53.289686509039349 ], [ -6.418528260914163, 53.289371048048309 ], [ -6.421380796422993, 53.289199411307287 ], [ -6.422595392977927, 53.289268550360966 ], [ -6.424020153135671, 53.289145178999192 ], [ -6.42624982297955, 53.289187147884093 ], [ -6.427014069388709, 53.289301395098882 ], [ -6.427811919386344, 53.289733641997394 ], [ -6.429287165382316, 53.289781665443428 ], [ -6.432563957196838, 53.290135430060495 ] ] } },
{ "type": "Feature", "properties": { "route": "58", "routes": [ "58", "D2", "N7", "W6", "X58" ], "category": "radial", "colour": "#9467bd", "route_colour": "#2ca02c", "pdf_colour": "#faa619", "stroke-width": 2, "source": "pdf-future", "phase": "future" }, "geometry": { "type": "LineString", "coordinates": [ [ -6.474269135787218, 53.284364129795875 ], [ -6.473472379682486, 53.284798214706427 ], [ -6.472943582761541, 53.285237386445488 ], [ -6.472712025734032, 53.285671415641538 ], [ -6.472634162544681, 53.286421619163072 ], [ -6.472528068344661, 53.286612880818211 ], [ -6.470616598190143, 53.287399615111589 ], [ -6.465500266476949, 53.287382329262343 ], [ -6.462619634994318, 53.287557224263026 ], [ -6.459641335610823, 53.288058651009692 ], [ -6.456977066583256, 53.289092567132379 ], [ -6.456069930039043, 53.289312658681872 ], [ -6.455373036419986, 53.289337240864775 ], [ -6.452938828816014, 53.289123803893354 ], [ -6.451515200512557, 53.289242203444005 ], [ -6.450881809528173, 53.289475537669723 ], [ -6.45013969650788, 53.290075125248904 ], [ -6.449640129681359, 53.289900855383927 ], [ -6.448798029714811, 53.289288375468878 ], [ -6.447836843303942, 53.288450668071533 ], [ -6.447123178675247, 53.287596499588304 ], [ -6.446815624044306, 53.287424307402112 ], [ -6.446196612689755, 53.28734091110163 ], [ -6.444494817172446, 53.287461956618991 ], [ -6.443457692649938, 53.287339491420624 ], [ -6.440878358965139, 53.28667505952609 ], [ -6.440466237655858, 53.286485096302194 ], [ -6.440013425684503, 53.286055973570811 ], [ -6.439448146340618, 53.285869962110482 ], [ -6.438827913610853, 53.285870562882806 ], [ -6.438046442166111, 53.286104982124868 ], [ -6.437298784891778, 53.286460337721621 ], [ -6.436732524972664, 53.286916524858668 ], [ -6.436260216891526, 53.287489236894942 ], [ -6.435434988220748, 53.288772865985024 ], [ -6.434951592198153, 53.290029523967675 ], [ -6.434799684434799, 53.291499021171298 ], [ -6.434443999650389, 53.292617007456592 ], [ -6.434364033285786, 53.293749288950103 ], [ -6.434024662463186, 53.294250490950063 ], [ -6.432939158677275, 53.295314161261196 ], [ -6.432698888656994, 53.295396837239281 ], [ -6.42769339896378, 53.295878656636077 ], [ -6.423239571989988, 53.296077963654369 ], [ -6.423159060945273, 53.296171867710079 ], [ -6.42314179511535, 53.296824639409159 ], [ -6.423235990963968, 53.297083220425677 ], [ -6.423699237789509, 53.297382573692936 ], [ -6.424261373891125, 53.297271398141405 ], [ -6.4248653325091, 53.297394410286202 ], [ -6.425172982704582, 53.297638630181439 ], [ -6.425166626718583, 53.297954572583528 ], [ -6.424710021250641, 53.298349637700483 ], [ -6.424440038213949, 53.298723629892791 ], [ -6.42349659375598, 53.29937091078601 ], [ -6.422294601710206, 53.300451506974184 ], [ -6.418914352219355, 53.303971361144391 ], [ -6.418162729772208, 53.304665730424361 ], [ -6.416124850965695, 53.305882272643089 ], [ -6.414365623617038, 53.306624016625683 ], [ -6.412272930994181, 53.307378948136666 ], [ -6.404550613477977, 53.309860631673892 ] ] } },
{ "type": "Feature", "properties": { "route": "N8", "routes": [ "N8", "X76", "X77", "X79", "X83", "X84", "X85" ], "category": "orbital", "colour": "#1f77b4", "route_colour": "#c49c94", "pdf_colour": "#faa619", "stroke-width": 2, "source": "pdf-future", "phase": "future" }, "geometry": { "type": "LineString", "coordinates": [ [ -6.220955320568988, 53.419165443753045 ], [ -6.223164579074188, 53.41487335768015 ], [ -6.226042848450603, 53.408774329036447 ], [ -6.227337404759904, 53.406387723714651 ], [ -6.229233638792096, 53.403869981373745 ], [ -6.232070388399189, 53.400966972302697 ] ] } },
{ "type": "Feature", "properties": { "route": "35", "routes": [ "35", "L61", "L63", "X61" ], "category": "radial", "colour": "#9467bd", "route_colour": "#bcbd22", "pdf_colour": "#faa619", "stroke-width": 2, "source": "pdf-future", "phase": "future" }, "geometry": { "type": "LineString", "coordinates": [ [ -6.366440000507986, 53.385096261079454 ], [ -6.371060979866328, 53.38686006003902 ], [ -6.382938541838046, 53.392820195826737 ], [ -6.382897117822036, 53.392949145626659 ], [ -6.379825560671102, 53.39463151944615 ], [ -6.378465882229257, 53.395546888516407 ], [ -6.378451163024249, 53.395649535216315 ], [ -6.378761997256341, 53.395886836881211 ], [ -6.378619571912441, 53.396090142123185 ], [ -6.376677112596095, 53.396876056752362 ], [ -6.374961708008879, 53.398041107438871 ], [ -6.374375740831434, 53.398523782761387 ], [ -6.374270672722577, 53.398714071206911 ], [ -6.374378837235752, 53.398974022044747 ], [ -6.374659174482274, 53.399267536998742 ], [ -6.375035673449461, 53.399480566404463 ], [ -6.378306777285436, 53.400465401260803 ], [ -6.379014388297324, 53.400754212022129 ], [ -6.379430079112024, 53.400809222444543 ], [ -6.385115886698712, 53.399341046335508 ], [ -6.38581047392622, 53.399252380765056 ], [ -6.386338834385431, 53.399321375149917 ], [ -6.386851465790668, 53.399569016104451 ], [ -6.387655818898389, 53.400549626668401 ], [ -6.388264497006905, 53.400985873112724 ], [ -6.389362322385636, 53.401612119420378 ], [ -6.390870860724327, 53.402141191325413 ], [ -6.39173707846032, 53.402598254596569 ], [ -6.392051096729024, 53.402828638031139 ], [ -6.392690411014946, 53.403543792031208 ], [ -6.393265920674704, 53.403948150327189 ], [ -6.397879815792404, 53.406357987840977 ], [ -6.400442982072857, 53.407331100177124 ], [ -6.405436760011078, 53.408653601936571 ], [ -6.413937121302618, 53.410113868663316 ], [ -6.417663589778473, 53.411128754222617 ], [ -6.425017589105217, 53.41236063039424 ], [ -6.429871780117358, 53.413514382368298 ], [ -6.429881316929313, 53.413607667143154 ], [ -6.428681407661618, 53.414458237980469 ], [ -6.427276435595489, 53.415913598242888 ], [ -6.426165998530897, 53.41693659507844 ], [ -6.425801412835289, 53.417143027320492 ], [ -6.424357274795807, 53.417582997004587 ], [ -6.423963086001885, 53.417849667578039 ], [ -6.423661844296265, 53.418270849765229 ], [ -6.423532888075044, 53.419061716563746 ], [ -6.423618196232931, 53.421055669300948 ], [ -6.42370913892118, 53.421248141188379 ], [ -6.423939249637987, 53.421398277986043 ], [ -6.424272228779544, 53.421479110475104 ], [ -6.426653734618983, 53.421567110115497 ] ] } },
{ "type": "Feature", "properties": { "route": "57", "routes": [ "57", "58", "D3", "N7", "X55" ], "category": "radial", "colour": "#9467bd", "route_colour": "#c5b0d5", "pdf_colour": "#faa619", "stroke-width": 2, "source": "pdf-future", "phase": "future" }, "geometry": { "type": "LineString", "coordinates": [ [ -6.353619633565899, 53.324617135941345 ], [ -6.361644283847668, 53.322013403648008 ], [ -6.361745924853594, 53.321877043441539 ], [ -6.361840475952963, 53.321252325033271 ], [ -6.362109887491061, 53.320824298838815 ], [ -6.3625577340726, 53.3204199989014 ], [ -6.363077953037633, 53.32019167407045 ], [ -6.364043392636948, 53.320112173252411 ], [ -6.365682295546178, 53.320137515985429 ], [ -6.369428379304178, 53.319654396457707 ], [ -6.370737883720175, 53.319576993715607 ], [ -6.386129180709598, 53.316289802363798 ], [ -6.386446112563489, 53.316372211101132 ], [ -6.387885650473718, 53.317278590494659 ], [ -6.388989097540191, 53.3177679375816 ], [ -6.389960066095672, 53.318046708211803 ], [ -6.392486458726894, 53.319388977288 ], [ -6.393226766408461, 53.319500590623299 ], [ -6.395135646877395, 53.320173298104557 ], [ -6.399415550549311, 53.321027760835804 ], [ -6.401200786561027, 53.321723207010905 ], [ -6.401797272636597, 53.322053093903115 ], [ -6.403313343009489, 53.323696754641958 ], [ -6.403760094942728, 53.32439281046598 ], [ -6.403944827613614, 53.325123950562208 ], [ -6.406239128169177, 53.324613435174818 ], [ -6.408518260026456, 53.324222560543859 ], [ -6.412408480791184, 53.323131039402647 ], [ -6.414017709589703, 53.322765460855685 ], [ -6.41490238903437, 53.322675821131313 ], [ -6.416127632914056, 53.322796259643809 ], [ -6.417725474990278, 53.322596437974703 ], [ -6.418728457854426, 53.3226859889335 ], [ -6.419092247115953, 53.32292569161018 ], [ -6.419676640500391, 53.323977511163243 ], [ -6.421110619425324, 53.325926107951418 ], [ -6.421707957649493, 53.326375059002139 ], [ -6.423923198759253, 53.327492022218031 ], [ -6.424289252673672, 53.327910847398428 ], [ -6.424444523704414, 53.328432135137604 ], [ -6.424294817891503, 53.329175436671008 ], [ -6.422782299837666, 53.332427581522765 ], [ -6.422311685855145, 53.333314448186627 ], [ -6.421857581118482, 53.333501506701914 ], [ -6.419544146125199, 53.333298266617639 ], [ -6.413824951386648, 53.332246678988135 ], [ -6.410448100858082, 53.332196374835945 ], [ -6.409327524320564, 53.332127721914915 ], [ -6.408859571036026, 53.332006306415536 ], [ -6.408662004387822, 53.331836023064866 ], [ -6.408639270793246, 53.331674365452358 ], [ -6.409695758655014, 53.329627584223722 ], [ -6.409803993613963, 53.329166284761698 ], [ -6.409753072636018, 53.328708778418566 ], [ -6.409434752829978, 53.328187179433634 ], [ -6.408888428315335, 53.327700564057068 ], [ -6.406712157328253, 53.326509605371484 ], [ -6.405407805653875, 53.32680822169646 ], [ -6.404351852462415, 53.326830309191699 ], [ -6.403591426557246, 53.327063284389411 ], [ -6.402603374990979, 53.328035499438869 ], [ -6.403274862796875, 53.329727845776517 ], [ -6.402339572298007, 53.329991208041697 ], [ -6.401442468896975, 53.330134538038074 ] ] } },
{ "type": "Feature", "properties": { "route": "85", "routes": [ "85", "D4", "S6", "S8", "X47" ], "category": "radial", "colour": "#9467bd", "route_colour": "#2ca02c", "pdf_colour": "#faa619", "stroke-width": 2, "source": "pdf-future", "phase": "future" }, "geometry": { "type": "LineString", "coordinates": [ [ -6.342106651245875, 53.307709812584342 ], [ -6.343355237235795, 53.306985572965289 ], [ -6.34441184162589, 53.306031176735821 ], [ -6.344662682859235, 53.305586653760429 ], [ -6.344874175866718, 53.30470093613738 ], [ -6.345156243284594, 53.304059169846767 ], [ -6.345017645810314, 53.303966472812711 ], [ -6.342432975242748, 53.303276891013965 ], [ -6.340469833003212, 53.302537725574197 ], [ -6.335111712813399, 53.300391302262838 ], [ -6.334311440462505, 53.299974996888864 ], [ -6.33379494171533, 53.299533185793301 ], [ -6.33348765470285, 53.298934851696032 ], [ -6.333526717557111, 53.29836568555735 ], [ -6.333771529348094, 53.297960016742934 ], [ -6.334640316372508, 53.297109690860566 ], [ -6.334964110742209, 53.296630084557265 ], [ -6.335717249945829, 53.294630298983769 ], [ -6.335773818485679, 53.293777496544571 ], [ -6.335401947977163, 53.292595250662842 ], [ -6.335247445617704, 53.292423105314604 ], [ -6.332211450372746, 53.292571883245074 ], [ -6.332043175577097, 53.292504410338282 ], [ -6.331266969436105, 53.29114040996194 ], [ -6.331341646322513, 53.29100233620396 ], [ -6.331539433751229, 53.290899529915052 ], [ -6.333159627163872, 53.290573255022331 ], [ -6.332475177331725, 53.289219684400862 ], [ -6.332493687766988, 53.288898061385851 ], [ -6.333447451117432, 53.288201035940581 ], [ -6.334339893008778, 53.287704459188653 ], [ -6.33751276651064, 53.286540945655766 ], [ -6.339377342618159, 53.285673943383991 ], [ -6.340722238774847, 53.284939246624965 ], [ -6.341419797568401, 53.284662593901253 ], [ -6.342405747848061, 53.284450589075739 ], [ -6.346875175826893, 53.283850554458382 ], [ -6.350457238544313, 53.28355516371974 ], [ -6.350368294212508, 53.283173678587872 ], [ -6.349600269415716, 53.281613826059115 ], [ -6.349069287541918, 53.280887532558033 ], [ -6.34849904054188, 53.28047330996214 ], [ -6.348938186217867, 53.280019762748218 ], [ -6.349633111131915, 53.279767048752099 ], [ -6.350608838083637, 53.27967681618766 ], [ -6.359193821205855, 53.280206995205759 ], [ -6.36595572683731, 53.280526897114605 ], [ -6.365998695561516, 53.28045300740802 ], [ -6.365893947008368, 53.280026088515704 ], [ -6.365091660436531, 53.278740425940754 ], [ -6.364812051444654, 53.278116814834625 ], [ -6.364736509378105, 53.277644652366646 ], [ -6.364730325823731, 53.276479081363384 ], [ -6.364582708265887, 53.275971000605409 ], [ -6.363923919589367, 53.275311351092654 ], [ -6.363546399630309, 53.275061281741245 ], [ -6.361548961242701, 53.274068120682941 ], [ -6.361110415772425, 53.27396949071538 ] ] } },
{ "type": "Feature", "properties": { "route": "L44", "routes": [ "L44" ], "category": "local", "colour": "#2ca02c", "route_colour": "#ffbb78", "pdf_colour": "#faa619", "stroke-width": 2, "source": "pdf-future", "phase": "future" }, "geometry": { "type": "LineString", "coordinates": [ [ -6.467511982317808, 53.223125055064209 ], [ -6.466570021754223, 53.223300210128791 ], [ -6.465284145764379, 53.223732361651685 ], [ -6.464511354828022, 53.224168080791365 ], [ -6.463993294752752, 53.224579526727574 ], [ -6.461291575380861, 53.227104974100911 ], [ -6.459463285467912, 53.228491117309325 ], [ -6.45823398425045, 53.230377273060256 ], [ -6.457355117244908, 53.231457412767206 ], [ -6.452262870816925, 53.236429508132012 ], [ -6.451682240522244, 53.236937333358739 ], [ -6.449505977656335, 53.238431313592372 ], [ -6.447826092858741, 53.23916115129132 ], [ -6.446414504553778, 53.240715371178354 ], [ -6.445358064474282, 53.242798166261537 ], [ -6.445044374260157, 53.243652170623079 ], [ -6.445298017838578, 53.24408502849252 ], [ -6.446552655745592, 53.24570376803991 ], [ -6.446798265481595, 53.246213440344015 ], [ -6.446754550938534, 53.247336677201822 ], [ -6.446975800783092, 53.248237842284517 ], [ -6.446954058151252, 53.249513713460601 ], [ -6.447733492900468, 53.251322954868407 ], [ -6.447957446314908, 53.253445618494169 ], [ -6.447976067234888, 53.254065327507618 ], [ -6.447906606170247, 53.254346589237144 ], [ -6.447406362648629, 53.255294693882789 ], [ -6.444718409291617, 53.258547759629195 ], [ -6.443460101404276, 53.259185712026074 ], [ -6.443306749029937, 53.259461753778858 ], [ -6.443123314412574, 53.260232172977169 ], [ -6.44253730455215, 53.260640821289897 ], [ -6.44192239114094, 53.261385822965551 ], [ -6.441145653540298, 53.261630370915348 ], [ -6.440853725033164, 53.261850729138978 ], [ -6.440522591269278, 53.262721278063744 ], [ -6.440525515619676, 53.263669686967219 ], [ -6.440427144960635, 53.264136249088935 ], [ -6.43938439327339, 53.265172040051809 ], [ -6.438680093591651, 53.267065079660028 ], [ -6.438118853265931, 53.267558412505885 ], [ -6.43759986360836, 53.268231925486695 ], [ -6.436622292789907, 53.26873225267456 ], [ -6.435865174815307, 53.26940746995259 ], [ -6.435625535218795, 53.269693233602787 ], [ -6.435336623793639, 53.270366830060929 ], [ -6.435135261760212, 53.270642602306616 ], [ -6.433978775809288, 53.271364276225597 ], [ -6.432592594828424, 53.272563043629326 ], [ -6.430430521407589, 53.273785304044672 ], [ -6.428449069305059, 53.275402478297927 ], [ -6.426690568889025, 53.276608403787677 ], [ -6.424747505211998, 53.278173574879602 ], [ -6.423868005894048, 53.278672494662445 ], [ -6.418252423321691, 53.279263220802932 ], [ -6.416845467630373, 53.279621144932669 ], [ -6.415489421774094, 53.280323535590142 ], [ -6.414814521407748, 53.280537765596208 ], [ -6.410443138866335, 53.280154048673694 ], [ -6.405747905296382, 53.279495672851233 ], [ -6.398261960051538, 53.278789491719223 ], [ -6.39703622493992, 53.278801086379417 ], [ -6.395809707747777, 53.278955710366503 ], [ -6.394891358423831, 53.279221521425725 ], [ -6.393654793734951, 53.279756012557755 ] ] } },
{ "type": "Feature", "properties": { "route": "52", "routes": [ "52", "C3", "C4", "L54", "L58", "X25", "X26", "X31", "X32" ], "category": "radial", "colour": "#9467bd", "route_colour": "#c5b0d5", "pdf_colour": "#faa619", "stroke-width": 2, "source": "pdf-future", "phase": "future" }, "geometry": { "type": "LineString", "coordinates": [ [ -6.449498423906268, 53.354749780960788 ], [ -6.453748787560018, 53.355586456412134 ], [ -6.455861268274488, 53.35616351380181 ], [ -6.45720434568321, 53.356632189675089 ], [ -6.459442366281179, 53.357568692105971 ], [ -6.462067967366485, 53.358866568810775 ], [ -6.462482548612705, 53.359152630675197 ], [ -6.463278829350005, 53.359908949382771 ], [ -6.466943634525245, 53.361515411342324 ], [ -6.468241256832039, 53.361962877932044 ], [ -6.470423364243767, 53.362592794786622 ], [ -6.476079254464651, 53.363919804888056 ], [ -6.487948900633072, 53.367115764968602 ], [ -6.488207599499935, 53.367319676459907 ], [ -6.488114992553431, 53.368551658583741 ], [ -6.488259255342753, 53.368770549532883 ], [ -6.488602321453373, 53.36896168729406 ], [ -6.489141805171392, 53.369063987430877 ], [ -6.490672952266383, 53.369116490511772 ], [ -6.492147837345689, 53.368913416626597 ], [ -6.494917611510467, 53.3683534558457 ], [ -6.495165224702208, 53.368636101750099 ], [ -6.495252348775105, 53.368859483477031 ], [ -6.495121647462344, 53.369716327200727 ], [ -6.495149370054561, 53.37014320945368 ], [ -6.495267610393895, 53.370400425748173 ], [ -6.495536898604656, 53.370695649154342 ], [ -6.49617338693768, 53.371101620337946 ], [ -6.49691606503526, 53.371388357575448 ], [ -6.497863496574152, 53.371611486415169 ], [ -6.499004902025702, 53.371724705650173 ], [ -6.499369075811719, 53.371647307629665 ], [ -6.49967742177745, 53.371411378052429 ], [ -6.499900754777783, 53.371099173999006 ], [ -6.499950984518148, 53.37082640674808 ], [ -6.499739776693341, 53.370566731460968 ], [ -6.498778469221472, 53.36984706213098 ], [ -6.498628414956813, 53.369658028489376 ], [ -6.502583809602401, 53.367690924476449 ], [ -6.505236722503428, 53.366594686299962 ], [ -6.505955876049339, 53.366144543903175 ], [ -6.50630149388416, 53.365747543509897 ], [ -6.506935975361869, 53.364640932803979 ], [ -6.508084722473938, 53.363757997884235 ], [ -6.508462302680186, 53.363362843246328 ], [ -6.509290532568444, 53.361474081945332 ], [ -6.509844636149657, 53.360645443169204 ], [ -6.510377621856887, 53.360161366485308 ], [ -6.511870554846635, 53.359162491574182 ], [ -6.512417805166306, 53.358630775402112 ], [ -6.512666731520524, 53.358145187438751 ], [ -6.513038742353968, 53.356712522809531 ], [ -6.513288366367074, 53.356124917625685 ], [ -6.513618650815315, 53.355702502920387 ], [ -6.514646847985848, 53.354914413725879 ] ] } },
{ "type": "Feature", "properties": { "route": "C3", "routes": [ "C3", "C4", "L58", "W6", "X27", "X28" ], "category": "spine", "colour": "#d62728", "route_colour": "#4363d8", "pdf_colour": "#faa619", "stroke-width": 2, "source": "pdf-future", "phase": "future" }, "geometry": { "type": "LineString", "coordinates": [ [ -6.469400228782986, 53.362319646788464 ], [ -6.471304733491529, 53.362666124515229 ], [ -6.475530324777619, 53.362850917055447 ], [ -6.476308645614459, 53.362962535490041 ], [ -6.477068411444425, 53.36294361767785 ], [ -6.477217591274675, 53.362787507530058 ], [ -6.477135905126074, 53.361639946475854 ], [ -6.477234253499307, 53.360947304723219 ], [ -6.477590084463484, 53.360504558379439 ], [ -6.478177331941317, 53.360086939654074 ], [ -6.479321991875251, 53.359471990358891 ], [ -6.493077179612724, 53.353179488288404 ], [ -6.495010758981662, 53.352502376906116 ], [ -6.53158640114398, 53.346116232731902 ], [ -6.539945712201001, 53.344588725399035 ], [ -6.540159870250363, 53.344623400027984 ], [ -6.541507396698206, 53.345264253733895 ], [ -6.541700060659039, 53.34550643258968 ], [ -6.540122157009171, 53.347486403819715 ], [ -6.54013192668886, 53.347608704896388 ], [ -6.541606611007125, 53.348510011814973 ], [ -6.544686467163833, 53.350068990664724 ], [ -6.545247299357237, 53.350460956544417 ], [ -6.545485461102977, 53.35079837169355 ], [ -6.545562409630206, 53.351179539536055 ], [ -6.5450627933217, 53.352746877261069 ], [ -6.545094525658348, 53.353286905092581 ], [ -6.545330244653662, 53.35379231438737 ], [ -6.545966560932759, 53.354696455191082 ], [ -6.546386358000747, 53.355125705027092 ], [ -6.548357268352875, 53.356592330195255 ], [ -6.549741422836802, 53.357361197130828 ] ] } },
{ "type": "Feature", "properties": { "route": "52", "routes": [ "52", "C1", "L51", "L53", "N4", "X25", "X26", "X27", "X28" ], "category": "radial", "colour": "#9467bd", "route_colour": "#c5b0d5", "pdf_colour": "#faa619", "stroke-width": 2, "source": "pdf-future", "phase": "future" }, "geometry": { "type": "LineString", "coordinates": [ [ -6.467097880408539, 53.341047333704019 ], [ -6.467025525211561, 53.341135451383686 ], [ -6.467046595869897, 53.341927285348206 ], [ -6.466891338815016, 53.342086235802476 ], [ -6.466612976317116, 53.342171905632412 ], [ -6.464756012321535, 53.342183810216348 ], [ -6.462455712919365, 53.342505100833037 ], [ -6.45969442020164, 53.342593120870752 ], [ -6.458757371579691, 53.342431287993669 ], [ -6.458409044697994, 53.342628146784413 ], [ -6.458038529279537, 53.342718381615207 ], [ -6.455818328068173, 53.342885736271718 ], [ -6.454582279163372, 53.342909062328694 ], [ -6.453622831422731, 53.342837668820707 ], [ -6.453297380160402, 53.344098504446727 ], [ -6.452834567341486, 53.347035294070551 ], [ -6.451876309436138, 53.352213767473664 ], [ -6.451498530735183, 53.353108091382076 ], [ -6.450924328383217, 53.353940199944091 ], [ -6.450924066808366, 53.354517394825898 ], [ -6.450690779042878, 53.354714295355286 ], [ -6.450200199815523, 53.354805355893873 ], [ -6.447101044721722, 53.35454332020057 ], [ -6.444742811491062, 53.354520958854465 ], [ -6.440685281208038, 53.355016847957344 ], [ -6.437586246797541, 53.355620117981921 ], [ -6.436552773935752, 53.355926899408914 ], [ -6.434741807833578, 53.356620258462208 ], [ -6.42779996588901, 53.359623760820554 ], [ -6.426387516558876, 53.360340665200376 ], [ -6.425965370982985, 53.360945714878291 ], [ -6.42569557208744, 53.361123643391913 ], [ -6.424078114162453, 53.361649060236815 ], [ -6.4222944753628, 53.361990018639517 ] ] } },
{ "type": "Feature", "properties": { "route": "74", "routes": [ "74" ], "category": "radial", "colour": "#9467bd", "route_colour": "#ff9896", "pdf_colour": "#faa619", "stroke-width": 2, "source": "pdf-future", "phase": "future" }, "geometry": { "type": "LineString", "coordinates": [ [ -6.275224653985182, 53.303345874635546 ], [ -6.275077824929173, 53.301862473736172 ], [ -6.27482171348156, 53.300804332003509 ], [ -6.274811783268547, 53.300309896577119 ], [ -6.274935716685719, 53.299898029477056 ], [ -6.275526457557284, 53.29893231149407 ], [ -6.275802456060475, 53.297839226947374 ], [ -6.276755266598491, 53.296989122789846 ], [ -6.277921146958879, 53.296441758208189 ], [ -6.278242308393394, 53.29617515675848 ], [ -6.278397612286226, 53.295863154032745 ], [ -6.278785379558744, 53.29443990930946 ], [ -6.279043911848674, 53.294120633480325 ], [ -6.279847267950044, 53.293512662284982 ], [ -6.280218754689463, 53.293045321293356 ], [ -6.280855832462992, 53.291802731694794 ], [ -6.281832479553827, 53.289559770825782 ], [ -6.282183671294125, 53.288989857357301 ], [ -6.282605051031689, 53.288602863666419 ], [ -6.283704330086745, 53.288001719291827 ], [ -6.285496305098007, 53.286702646330447 ], [ -6.285847735749653, 53.286312802134525 ], [ -6.286491759138609, 53.285261463048201 ], [ -6.287726659380308, 53.28399567223093 ], [ -6.288056150605122, 53.283603247037064 ], [ -6.288094369243033, 53.283444201962588 ], [ -6.288035590253873, 53.283321604938031 ], [ -6.287831698215425, 53.283239185057809 ], [ -6.28453985272001, 53.282735970159045 ], [ -6.274416505113938, 53.282615258740179 ], [ -6.274012027078973, 53.282514528808029 ], [ -6.273872360830552, 53.282348777973787 ] ] } },
{ "type": "Feature", "properties": { "route": "74", "routes": [ "74", "80", "87", "A2", "L33", "L35", "S8" ], "category": "radial", "colour": "#9467bd", "route_colour": "#ff9896", "pdf_colour": "#faa619", "stroke-width": 2, "source": "pdf-future", "phase": "future" }, "geometry": { "type": "LineString", "coordinates": [ [ -6.19509826653443, 53.277226138436824 ], [ -6.194383124054961, 53.276995148752945 ], [ -6.194261350849573, 53.276795859299007 ], [ -6.195778335695667, 53.27515239497729 ], [ -6.196444117203263, 53.274866898945547 ], [ -6.197212237375669, 53.274343025486836 ], [ -6.198346564063566, 53.274080926335515 ], [ -6.199171407832157, 53.274097741727829 ], [ -6.20021930678403, 53.2743045212884 ], [ -6.206352615711315, 53.276378415837918 ], [ -6.207922142921858, 53.276833074320038 ], [ -6.210413168175611, 53.276297751814283 ], [ -6.218161222581431, 53.275906479627132 ], [ -6.218547929578679, 53.276111776237606 ], [ -6.21876831008812, 53.276629784375636 ], [ -6.218991169987355, 53.276902772407084 ], [ -6.219960628207669, 53.277654668516313 ], [ -6.220343231784585, 53.278052924091185 ], [ -6.221756978412847, 53.280804266576432 ], [ -6.222912642999848, 53.281891203263804 ], [ -6.223936339382941, 53.283277755359919 ], [ -6.224318910475469, 53.283525957614465 ], [ -6.225534952019085, 53.283805208333717 ], [ -6.226367228480061, 53.284108320346839 ], [ -6.227948448181674, 53.285255530116338 ], [ -6.228136848188854, 53.285318533586832 ], [ -6.228637592763292, 53.28514571324321 ], [ -6.230796159758855, 53.283980380018043 ], [ -6.23226894109629, 53.282986974193577 ], [ -6.232607709824544, 53.282659817123104 ], [ -6.233022783624715, 53.282019568155576 ], [ -6.23325843802894, 53.281241527024434 ], [ -6.233579432319901, 53.279279328343065 ], [ -6.233539111828757, 53.279026173730244 ], [ -6.233615994442881, 53.278918168806058 ], [ -6.235446255893796, 53.278327355788853 ], [ -6.241996118927132, 53.275393513556466 ], [ -6.243427203530803, 53.274993212598261 ], [ -6.244276334856428, 53.274961653259872 ], [ -6.244572374716142, 53.275077521294556 ], [ -6.244712934851822, 53.275247297171084 ], [ -6.244787701825778, 53.276202608062697 ], [ -6.244477475353949, 53.276925658224279 ], [ -6.244453474490529, 53.277190116082082 ], [ -6.244722449755819, 53.279426009708054 ], [ -6.244935589646268, 53.27999084276933 ], [ -6.245380701306772, 53.280559810790997 ], [ -6.245882924298605, 53.28093622155928 ], [ -6.246408053883258, 53.281165186445932 ], [ -6.24717218943, 53.281321445417525 ], [ -6.252133560036191, 53.281448672411578 ], [ -6.252428327338844, 53.2798729153753 ], [ -6.252799765351675, 53.279180494403199 ], [ -6.253135773095812, 53.278844261156941 ], [ -6.253799210628173, 53.278382641572598 ], [ -6.254826742624211, 53.277846622918887 ], [ -6.255314222236588, 53.277721468504211 ], [ -6.255639362819778, 53.277796091564724 ], [ -6.256672158042151, 53.27842261852237 ], [ -6.258110414707675, 53.279074875192755 ], [ -6.261576266226884, 53.280260929680047 ], [ -6.267159998423477, 53.281971165849903 ], [ -6.268654440048676, 53.282276786904276 ], [ -6.270226007354323, 53.282427393025749 ], [ -6.273389525541344, 53.282563086357882 ], [ -6.273806760119919, 53.282484090747623 ], [ -6.273872249968135, 53.282390789730577 ], [ -6.273822973417898, 53.281833291908534 ], [ -6.273580005871343, 53.280845522314273 ], [ -6.273571693645257, 53.280252095059346 ], [ -6.273718649616955, 53.279612757165609 ], [ -6.274110130308323, 53.27933501111562 ], [ -6.274576268433249, 53.279260310054759 ], [ -6.275893643892005, 53.279339170061526 ], [ -6.277949304501435, 53.279114444765156 ], [ -6.279537167260358, 53.279178451474394 ] ] } },
{ "type": "Feature", "properties": { "route": "86", "routes": [ "86", "L13", "L25" ], "category": "radial", "colour": "#9467bd", "route_colour": "#7f7f7f", "pdf_colour": "#faa619", "stroke-width": 2, "source": "pdf-future", "phase": "future" }, "geometry": { "type": "LineString", "coordinates": [ [ -6.192658264244921, 53.293343257715009 ], [ -6.191117744459653, 53.292170115016454 ], [ -6.185765342844141, 53.289164542534166 ], [ -6.184997778305831, 53.288684079549604 ], [ -6.184920402571136, 53.288545985394471 ], [ -6.185036483076381, 53.288431014457721 ], [ -6.185351250941215, 53.288368315245037 ], [ -6.187318043330531, 53.288175251272925 ], [ -6.18990029607751, 53.287670351529698 ], [ -6.191007558926378, 53.287561590399143 ], [ -6.191666746480945, 53.287601033622941 ], [ -6.192326130263884, 53.28774651910949 ], [ -6.193972943688195, 53.28841829700842 ], [ -6.194930736802541, 53.288665708305885 ], [ -6.196455996857658, 53.288676040985294 ], [ -6.196747169725052, 53.288597712438161 ], [ -6.196938096904294, 53.288451709656592 ], [ -6.19833417070326, 53.284496240032411 ], [ -6.198380347071899, 53.283847234067132 ], [ -6.19825392897672, 53.282386380732518 ], [ -6.198378569307045, 53.281607403975443 ], [ -6.199259407283932, 53.280150184548454 ], [ -6.199977585731605, 53.279320883808474 ], [ -6.200050833871526, 53.279047725045118 ], [ -6.199854419474778, 53.278720417262221 ], [ -6.199419496391481, 53.278484835192394 ], [ -6.196836327849137, 53.277776286477199 ], [ -6.193149421391727, 53.276589386829237 ], [ -6.192739864838194, 53.276302457518341 ], [ -6.19236920418429, 53.275906518533574 ], [ -6.192112460990892, 53.275439566788059 ], [ -6.192051242461959, 53.275068818501857 ], [ -6.192217753090915, 53.274560043295651 ], [ -6.192406512126125, 53.274496011845379 ], [ -6.195151889382393, 53.27538791358927 ], [ -6.195432764698794, 53.275396343099089 ], [ -6.195646943145328, 53.275278965106928 ] ] } },
{ "type": "Feature", "properties": { "route": "B1", "routes": [ "B1", "B2", "L61", "L64", "N8", "X61" ], "category": "spine", "colour": "#d62728", "route_colour": "#3cb44b", "pdf_colour": "#faa619", "stroke-width": 2, "source": "pdf-future", "phase": "future" }, "geometry": { "type": "LineString", "coordinates": [ [ -6.434972687600425, 53.393200152113401 ], [ -6.431524250923859, 53.392603764246552 ], [ -6.41361111931596, 53.389005869167747 ], [ -6.413265129421568, 53.389038732414363 ], [ -6.412864733087746, 53.389691373798172 ], [ -6.41249231771034, 53.390609847960398 ], [ -6.412281704236558, 53.391802696217567 ], [ -6.41235925164748, 53.392425964537864 ], [ -6.414530215780927, 53.392191284476311 ], [ -6.415559231293651, 53.392166483779242 ], [ -6.420259579077218, 53.392744966893517 ], [ -6.421276949503445, 53.393046972548831 ], [ -6.422142347575233, 53.39353502498183 ], [ -6.422610879346299, 53.394050593580083 ], [ -6.422801609919473, 53.394781892320978 ], [ -6.422687067701111, 53.395784214165616 ], [ -6.422331503033383, 53.396595096257563 ], [ -6.421186434967135, 53.398095344278289 ], [ -6.419849090297499, 53.39960351112402 ], [ -6.41811984887193, 53.401745537522572 ], [ -6.41734188064181, 53.402339174981748 ], [ -6.41617208100224, 53.402883434849144 ], [ -6.415795589967299, 53.403199590666119 ], [ -6.414998948879957, 53.4033645845386 ], [ -6.41395230473201, 53.403412927351575 ], [ -6.412799532955331, 53.403313412373322 ], [ -6.411384227454242, 53.40296586908309 ], [ -6.408890460102602, 53.401978586754723 ], [ -6.404213624216856, 53.400662467422059 ], [ -6.40310671246377, 53.400115008409088 ], [ -6.402708421571533, 53.399780360287686 ], [ -6.402422990508568, 53.39941468542078 ], [ -6.402218641044596, 53.398820074374306 ], [ -6.402302301752893, 53.398191066515942 ], [ -6.402889867842112, 53.396967174326733 ], [ -6.402833530659058, 53.396487517030529 ], [ -6.402643145704673, 53.396121355086642 ], [ -6.40235249976426, 53.39580155837416 ], [ -6.401489994880496, 53.39531758386503 ], [ -6.401087770355518, 53.395282936621186 ], [ -6.39967370908207, 53.396249885800266 ], [ -6.398386057404933, 53.396976093179987 ], [ -6.396310423807345, 53.398031580824906 ], [ -6.395198398407262, 53.398736424431362 ], [ -6.394890315905021, 53.398773291378809 ], [ -6.392029516330072, 53.397404170934145 ], [ -6.382369019881996, 53.392492022485982 ] ] } },
{ "type": "Feature", "properties": { "route": "37", "routes": [ "37", "L61", "N4", "W4" ], "category": "radial", "colour": "#9467bd", "route_colour": "#8c564b", "pdf_colour": "#faa619", "stroke-width": 2, "source": "pdf-future", "phase": "future" }, "geometry": { "type": "LineString", "coordinates": [ [ -6.368981099312676, 53.385844711388287 ], [ -6.369583973858637, 53.386008709198734 ], [ -6.370298543895191, 53.385996598754474 ], [ -6.370707104008996, 53.385867356217332 ], [ -6.371602179779847, 53.385346840737789 ], [ -6.372324567033278, 53.385303926217162 ], [ -6.373464142971653, 53.385524134483759 ], [ -6.375225688421387, 53.386131923615373 ], [ -6.377469984738691, 53.386566416469336 ], [ -6.378941773980299, 53.387085513212043 ], [ -6.381273238942114, 53.388195547054693 ], [ -6.38203782587077, 53.38871294422178 ], [ -6.382937769200563, 53.389559035235315 ], [ -6.383162183062257, 53.389621990923537 ], [ -6.384037938932224, 53.389378061310289 ], [ -6.386281716443572, 53.387600767164805 ], [ -6.387504544391307, 53.386904856387311 ], [ -6.3912650995664, 53.385420769538413 ], [ -6.394851067587142, 53.384448245320591 ], [ -6.396239696984346, 53.384215880527186 ], [ -6.397599978087161, 53.384298876438692 ], [ -6.400523758280174, 53.384081107334005 ], [ -6.403163730118743, 53.384344002163871 ], [ -6.405336757577419, 53.384220415498582 ], [ -6.405504296186174, 53.384088799334762 ], [ -6.405448975840018, 53.383873261265506 ], [ -6.404535722976551, 53.382622676919141 ], [ -6.404203935936469, 53.38189164862964 ], [ -6.404112197191837, 53.38116196787567 ], [ -6.404283292274472, 53.380404226842927 ], [ -6.404883358431744, 53.379539790837832 ], [ -6.405687983690597, 53.378883836424166 ], [ -6.407625543530226, 53.377753671892854 ], [ -6.40851905514003, 53.377519215067082 ], [ -6.40894013383042, 53.377219243840962 ], [ -6.409423130030648, 53.376393726021313 ], [ -6.409371254351634, 53.375405008713926 ], [ -6.409517734389278, 53.374783664527051 ] ] } },
{ "type": "Feature", "properties": { "route": "52", "routes": [ "52", "C3", "L59", "X25", "X26" ], "category": "radial", "colour": "#9467bd", "route_colour": "#c5b0d5", "pdf_colour": "#faa619", "stroke-width": 2, "source": "pdf-future", "phase": "future" }, "geometry": { "type": "LineString", "coordinates": [ [ -6.499014739884831, 53.371730967960268 ], [ -6.500285650392693, 53.371864618553268 ], [ -6.502217701862252, 53.372379883649081 ], [ -6.502677408833808, 53.372397044660204 ], [ -6.503067557287546, 53.372245307439826 ], [ -6.503685358787489, 53.371542396843324 ], [ -6.504229304953869, 53.371324703094949 ], [ -6.509734230591714, 53.370227874155802 ], [ -6.511920603279114, 53.370242688736418 ], [ -6.514135191112678, 53.369758074738044 ], [ -6.514909280480258, 53.369840571107659 ], [ -6.516512161225029, 53.37032012018549 ], [ -6.517538342474904, 53.370440295234495 ], [ -6.518540848460676, 53.370358773774186 ], [ -6.520317997181787, 53.369960623773508 ], [ -6.521139741335404, 53.369943345289741 ], [ -6.521921685503544, 53.370107077748067 ], [ -6.523680015376594, 53.370760797915672 ], [ -6.524729077722827, 53.370923592859455 ], [ -6.52610670681086, 53.370918016498706 ], [ -6.529172723107336, 53.370731018986021 ], [ -6.530519929432848, 53.370816670118508 ], [ -6.530659293689778, 53.370880377291499 ], [ -6.53061661071487, 53.370981283999164 ], [ -6.529808568551671, 53.371615140341319 ], [ -6.528993564530847, 53.371982719511081 ], [ -6.527044017196588, 53.372658408190489 ], [ -6.525925200670788, 53.373393082663718 ], [ -6.522793981030945, 53.377028561802291 ], [ -6.522768969374239, 53.377179953403875 ], [ -6.522892133742429, 53.377402287698139 ], [ -6.523374003754283, 53.377716138445592 ], [ -6.525306266750092, 53.37822340633835 ], [ -6.530081494636367, 53.379109977054171 ], [ -6.533051792284138, 53.37981876184778 ], [ -6.537645098154548, 53.380397414749652 ], [ -6.542585908976113, 53.381415409555885 ], [ -6.547787718068158, 53.382361280144224 ], [ -6.563260267388634, 53.384436111830297 ], [ -6.56847887619743, 53.385654521901145 ], [ -6.572346245706161, 53.386258989504057 ], [ -6.575613480311557, 53.386671521967365 ], [ -6.578237179926976, 53.387436161966349 ], [ -6.579846078971204, 53.387763817067757 ], [ -6.581237709208191, 53.387909663848681 ], [ -6.584287933370543, 53.387979338516978 ], [ -6.589350535906027, 53.38866643790405 ], [ -6.594600202433786, 53.388786285087257 ], [ -6.595962679065734, 53.388975376143101 ], [ -6.597092927829764, 53.388716170179791 ], [ -6.597456783382093, 53.388461701837876 ], [ -6.597503173165618, 53.388182830921529 ], [ -6.597355149741795, 53.387954837355828 ], [ -6.595652083556066, 53.386762390054251 ], [ -6.595017614920974, 53.38620441913109 ], [ -6.594497952534356, 53.385617473644757 ], [ -6.593943083870209, 53.384697480837424 ], [ -6.593670830514712, 53.383757953770001 ], [ -6.59369350046252, 53.382825227082563 ], [ -6.593877491280601, 53.382222881352241 ], [ -6.596108582505188, 53.377748308752793 ] ] } },
{ "type": "Feature", "properties": { "route": "197", "routes": [ "197", "21", "A4", "L81", "L82", "X77", "X79", "X84" ], "category": "radial", "colour": "#9467bd", "route_colour": "#ff9896", "pdf_colour": "#faa619", "stroke-width": 2, "source": "pdf-future", "phase": "future" }, "geometry": { "type": "LineString", "coordinates": [ [ -6.269668154097419, 53.450639453008819 ], [ -6.270414205472048, 53.450685195182061 ], [ -6.270617071419333, 53.450768588271885 ], [ -6.271300136132288, 53.452250167023735 ], [ -6.271672674081636, 53.452575130831399 ], [ -6.27282948393216, 53.453164923989839 ], [ -6.27327866331795, 53.453807025134026 ], [ -6.273596893603063, 53.454407649380656 ], [ -6.273570099271135, 53.454512977742354 ], [ -6.273044220090354, 53.45457709550292 ], [ -6.271509400937473, 53.454247398417778 ], [ -6.267844359306144, 53.454011409348887 ], [ -6.26681497362249, 53.454050205151297 ], [ -6.264021264885091, 53.45438045277141 ], [ -6.262218857663677, 53.454220739878402 ], [ -6.260895896212222, 53.454012687005381 ], [ -6.260109171362033, 53.453991878110827 ], [ -6.257991780594566, 53.454129940914804 ], [ -6.258149949912621, 53.454617293422572 ], [ -6.258164713689244, 53.454966805984448 ], [ -6.258011525058884, 53.455198836679656 ], [ -6.257708880103241, 53.455294868085069 ], [ -6.256273852990261, 53.455276918572125 ], [ -6.253844228517953, 53.455608793433413 ], [ -6.252814763511956, 53.455650588186977 ], [ -6.251384194692362, 53.455539724070114 ], [ -6.247947685640934, 53.455059692259233 ], [ -6.247786388000788, 53.455144457059006 ], [ -6.246015040198198, 53.457403411012116 ], [ -6.245626295938804, 53.458069365140254 ], [ -6.245558427364628, 53.458441700817623 ], [ -6.245595744749653, 53.458921855389391 ], [ -6.246063404541569, 53.460642822361464 ], [ -6.246064300317465, 53.461024979655775 ], [ -6.245937425930006, 53.461396754977436 ], [ -6.245638981847868, 53.461749987379463 ], [ -6.245177203241138, 53.462075891534646 ], [ -6.24476138116685, 53.462214945490125 ], [ -6.244190660121395, 53.462196848853104 ], [ -6.243888807444857, 53.462073824621058 ], [ -6.24238624283401, 53.460940699477838 ], [ -6.240097635733981, 53.459798787685408 ], [ -6.23764966853644, 53.458025441526374 ], [ -6.236403339644858, 53.457416274641169 ], [ -6.229595097866834, 53.455406556777405 ], [ -6.227256451211201, 53.454492401527958 ], [ -6.223536116618814, 53.454228940865434 ], [ -6.223495194033323, 53.454149831182107 ], [ -6.223637487173322, 53.453951524192021 ], [ -6.224116937098254, 53.453676104930757 ], [ -6.225343133979143, 53.45081052467377 ], [ -6.223657990110187, 53.450150737480101 ], [ -6.222956496172951, 53.449365915044112 ], [ -6.22229989887059, 53.449039439956962 ], [ -6.219694851715226, 53.448855496165748 ], [ -6.218713020153774, 53.448760502561043 ], [ -6.218589861829195, 53.448689221237501 ], [ -6.218619020533526, 53.448607963807284 ], [ -6.219582664426079, 53.447991227681911 ], [ -6.220550254982911, 53.447565662746413 ], [ -6.222624467766262, 53.446904275318829 ], [ -6.228112719847652, 53.445378855674548 ], [ -6.229958772488368, 53.444342304350343 ], [ -6.230655869701423, 53.443780539741688 ], [ -6.231206587918366, 53.442890790088406 ], [ -6.231441162405548, 53.441926655341611 ], [ -6.231503282565066, 53.440674860196317 ], [ -6.231432988804675, 53.440495939020224 ], [ -6.231106139769311, 53.440410266923948 ], [ -6.229586964871075, 53.440926279160784 ], [ -6.227960451167482, 53.441302404368699 ], [ -6.226851977141982, 53.441419136261487 ], [ -6.226337729638457, 53.441648619387493 ], [ -6.225724875775199, 53.441748449955384 ], [ -6.224611512093874, 53.442428249420757 ], [ -6.224377509482983, 53.442463074384449 ], [ -6.224207970629143, 53.442405571540718 ], [ -6.221375887630881, 53.440328963033807 ], [ -6.220272027710496, 53.439779584042405 ], [ -6.218929114045753, 53.43926689711158 ], [ -6.217926130237287, 53.43898828002677 ], [ -6.216331591370038, 53.43868501314622 ], [ -6.212284973197272, 53.438238861418846 ], [ -6.209530537896065, 53.43780287957123 ], [ -6.210523639084862, 53.435467321387662 ], [ -6.211510824526671, 53.433695803986247 ] ] } },
{ "type": "Feature", "properties": { "route": "L81", "routes": [ "L81", "N8", "X77", "X79", "X83", "X84", "X85" ], "category": "local", "colour": "#2ca02c", "route_colour": "#c7c7c7", "pdf_colour": "#faa619", "stroke-width": 2, "source": "pdf-future", "phase": "future" }, "geometry": { "type": "LineString", "coordinates": [ [ -6.225944228681631, 53.409136848196169 ], [ -6.220727524175981, 53.419608575565654 ], [ -6.218331150685581, 53.42484804539518 ], [ -6.217234924974171, 53.426808745828602 ], [ -6.216531255149578, 53.4277324631977 ], [ -6.213607985452573, 53.430616177864344 ], [ -6.211448307188819, 53.433790183976029 ], [ -6.210547381584085, 53.435363913004409 ], [ -6.208257935555923, 53.436749862817386 ], [ -6.207993960620104, 53.437047987343824 ], [ -6.208016741996948, 53.437245658810824 ], [ -6.208161877332041, 53.43743156129738 ], [ -6.208761504761246, 53.437680502949476 ], [ -6.212284973197272, 53.438238861418846 ], [ -6.215851214129135, 53.438617287918866 ], [ -6.21761669321161, 53.438925076172922 ], [ -6.217791643171264, 53.439042743125036 ], [ -6.217810251059701, 53.439171280071029 ], [ -6.217245696382106, 53.440054661651111 ], [ -6.216855399482266, 53.4401363704632 ], [ -6.213600741434308, 53.43951309685486 ], [ -6.213330412778826, 53.439521952250139 ], [ -6.213140353046059, 53.439672979724392 ], [ -6.212655015325859, 53.441872916154686 ], [ -6.212565057934433, 53.441983576299833 ], [ -6.212314399897917, 53.442042969470592 ], [ -6.210015616874522, 53.442042187578984 ], [ -6.208914934569442, 53.442318181171821 ], [ -6.20905194559687, 53.442470857228749 ], [ -6.209055733616469, 53.442668026320916 ], [ -6.208501491787739, 53.443350610378218 ], [ -6.208200131854076, 53.444457029010735 ], [ -6.208126570202062, 53.445498448082674 ], [ -6.208362868628218, 53.446587076602306 ], [ -6.208413411125285, 53.447512736613334 ], [ -6.208061693780023, 53.447686497682149 ], [ -6.206304239285699, 53.447566987429944 ], [ -6.197551777801916, 53.446523200586356 ], [ -6.194695535862166, 53.445889457750809 ], [ -6.189127565203941, 53.444150628331577 ], [ -6.188498251199108, 53.444192003243302 ], [ -6.188137019327701, 53.444498559168181 ] ] } },
{ "type": "Feature", "properties": { "route": "20", "routes": [ "20", "H2", "L81", "X77", "X78" ], "category": "radial", "colour": "#9467bd", "route_colour": "#98df8a", "pdf_colour": "#faa619", "stroke-width": 2, "source": "pdf-future", "phase": "future" }, "geometry": { "type": "LineString", "coordinates": [ [ -6.136237762341898, 53.428126578337448 ], [ -6.131596207523356, 53.428350930441177 ], [ -6.13111053003905, 53.428181029348636 ], [ -6.130765055928733, 53.427702727520185 ], [ -6.130366771080109, 53.427519132369511 ], [ -6.127382278887972, 53.427120080549457 ], [ -6.125203664492278, 53.426925408222523 ], [ -6.12493924931745, 53.426975434368892 ], [ -6.124148981024923, 53.428071922410709 ], [ -6.123662505784521, 53.429142433896132 ], [ -6.12313359894548, 53.429812683518008 ], [ -6.123236056404957, 53.430061479556969 ], [ -6.123825287507977, 53.430741296964236 ], [ -6.124084178448238, 53.431278329999579 ], [ -6.124174475037145, 53.432365097465983 ], [ -6.124557916975727, 53.434357932702454 ], [ -6.126071495871605, 53.435944507606436 ], [ -6.126911929124637, 53.436430899369526 ], [ -6.131046680841568, 53.438007776739312 ], [ -6.13299705445027, 53.438624561780053 ], [ -6.133582860716694, 53.438753095893112 ], [ -6.134825706790826, 53.4388509919401 ], [ -6.135582839685605, 53.439045078981508 ], [ -6.136281464986962, 53.439446691591243 ], [ -6.137222034954365, 53.440420901597577 ], [ -6.138020101577541, 53.440807138137764 ], [ -6.1415525005762, 53.44185990559275 ], [ -6.144869642155602, 53.443033023550242 ], [ -6.14834399136406, 53.443822163954536 ], [ -6.150090761894267, 53.44396740070885 ], [ -6.15208983904367, 53.443726173532234 ], [ -6.153801679791379, 53.443830472403185 ], [ -6.154763745169326, 53.443802900523416 ], [ -6.165969865228627, 53.44243372039773 ], [ -6.166462983715264, 53.442435759548509 ], [ -6.178981418845737, 53.446707250141287 ], [ -6.179603430095753, 53.446979791890122 ], [ -6.180419390706283, 53.447521555936589 ], [ -6.180736741457696, 53.447815049549106 ], [ -6.181043462070872, 53.448321336488952 ], [ -6.183771923648679, 53.449020723662429 ], [ -6.1840697289971, 53.448918562150823 ], [ -6.186024341251766, 53.446765490871485 ], [ -6.186509162810195, 53.446060063301516 ], [ -6.18745269678909, 53.445333757146607 ], [ -6.188447279228239, 53.444114628452937 ], [ -6.188416072496556, 53.443970753021041 ], [ -6.188265637862381, 53.443871740795338 ], [ -6.17616528530411, 53.439867398032085 ] ] } },
{ "type": "Feature", "properties": { "route": "20", "routes": [ "20", "H2", "L81", "X77", "X78" ], "category": "radial", "colour": "#9467bd", "route_colour": "#98df8a", "pdf_colour": "#faa619", "stroke-width": 2, "source": "pdf-future", "phase": "future" }, "geometry": { "type": "LineString", "coordinates": [ [ -6.136237762341898, 53.428126578337448 ], [ -6.131596207523356, 53.428350930441177 ], [ -6.13111053003905, 53.428181029348636 ], [ -6.130765055928733, 53.427702727520185 ], [ -6.130366771080109, 53.427519132369511 ], [ -6.127382278887972, 53.427120080549457 ], [ -6.125203664492278, 53.426925408222523 ], [ -6.12493924931745, 53.426975434368892 ], [ -6.124148981024923, 53.428071922410709 ], [ -6.123662505784521, 53.429142433896132 ], [ -6.12313359894548, 53.429812683518008 ], [ -6.123236056404957, 53.430061479556969 ], [ -6.123825287507977, 53.430741296964236 ], [ -6.124084178448238, 53.431278329999579 ], [ -6.124174475037145, 53.432365097465983 ], [ -6.124557916975727, 53.434357932702454 ], [ -6.126071495871605, 53.435944507606436 ], [ -6.126911929124637, 53.436430899369526 ], [ -6.131046680841568, 53.438007776739312 ], [ -6.13299705445027, 53.438624561780053 ], [ -6.133582860716694, 53.438753095893112 ], [ -6.134825706790826, 53.4388509919401 ], [ -6.135582839685605, 53.439045078981508 ], [ -6.136281464986962, 53.439446691591243 ], [ -6.137222034954365, 53.440420901597577 ], [ -6.138020101577541, 53.440807138137764 ], [ -6.1415525005762, 53.44185990559275 ], [ -6.144869642155602, 53.443033023550242 ], [ -6.14834399136406, 53.443822163954536 ], [ -6.150090761894267, 53.44396740070885 ], [ -6.15208983904367, 53.443726173532234 ], [ -6.153801679791379, 53.443830472403185 ], [ -6.154763745169326, 53.443802900523416 ], [ -6.165969865228627, 53.44243372039773 ], [ -6.166462983715264, 53.442435759548509 ], [ -6.178981418845737, 53.446707250141287 ], [ -6.179603430095753, 53.446979791890122 ], [ -6.180419390706283, 53.447521555936589 ], [ -6.180736741457696, 53.447815049549106 ], [ -6.181043462070872, 53.448321336488952 ], [ -6.183771923648679, 53.449020723662429 ], [ -6.1840697289971, 53.448918562150823 ], [ -6.186024341251766, 53.446765490871485 ], [ -6.186509162810195, 53.446060063301516 ], [ -6.18745269678909, 53.445333757146607 ], [ -6.188447279228239, 53.444114628452937 ], [ -6.188416072496556, 53.443970753021041 ], [ -6.188265637862381, 53.443871740795338 ], [ -6.17616528530411, 53.439867398032085 ] ] } },
{ "type": "Feature", "properties": { "route": "6", "routes": [ "6", "H2", "H3", "L81", "X77", "X78" ], "category": "radial", "colour": "#9467bd", "route_colour": "#2ca02c", "pdf_colour": "#faa619", "stroke-width": 2, "source": "pdf-future", "phase": "future" }, "geometry": { "type": "LineString", "coordinates": [ [ -6.124795961626364, 53.427135701762914 ], [ -6.125024805452025, 53.426728610245597 ], [ -6.125269926600129, 53.425781760403893 ], [ -6.125672190030807, 53.425134170153541 ], [ -6.128279465388471, 53.422435164927663 ], [ -6.134170154087556, 53.416813954057169 ], [ -6.135200705431905, 53.416125962104708 ], [ -6.142096881125995, 53.4121259038806 ], [ -6.142169611593202, 53.411985777940316 ], [ -6.142045839087051, 53.411786435604839 ], [ -6.141612730219054, 53.411557903969246 ], [ -6.139724091867682, 53.41098976826563 ], [ -6.138960510633019, 53.41062345051003 ], [ -6.138084004600299, 53.409988052859241 ], [ -6.136676934646988, 53.408648380456583 ], [ -6.136126161093226, 53.407989587247393 ], [ -6.135530682033663, 53.407016502107417 ], [ -6.135298691188457, 53.406370142108862 ], [ -6.135166720529289, 53.405119215354361 ], [ -6.134986965713139, 53.404540260083138 ], [ -6.133156850064141, 53.401494805648859 ], [ -6.129144388092069, 53.397639365087436 ], [ -6.12814653001782, 53.396410551324635 ], [ -6.12742333046581, 53.395841230318553 ], [ -6.126587359661135, 53.395034844670271 ], [ -6.124979942622654, 53.393856931488251 ], [ -6.124152476495161, 53.392993750853691 ], [ -6.123627158992086, 53.39220458514172 ], [ -6.123125091811982, 53.391254978093173 ], [ -6.121306614261551, 53.387542598209791 ], [ -6.120735928344517, 53.386085999574576 ], [ -6.11979646095766, 53.384540619029515 ], [ -6.119759444619811, 53.383973441993028 ], [ -6.120101516557038, 53.383143196372878 ], [ -6.120463573191946, 53.382767638130893 ], [ -6.120806574333779, 53.382658669251384 ], [ -6.125122818781545, 53.382252652173989 ], [ -6.12714960039233, 53.381985148338167 ], [ -6.136135215360135, 53.380303146955775 ], [ -6.139702470673633, 53.3793951505195 ], [ -6.144648990626309, 53.377663334894848 ], [ -6.146645119817491, 53.377041896843146 ], [ -6.15292173135589, 53.374529977139787 ], [ -6.154324724140729, 53.373905855159983 ], [ -6.155508872814377, 53.373272943698019 ], [ -6.158207840078724, 53.371456671497597 ] ] } },
{ "type": "Feature", "properties": { "route": "L64", "routes": [ "L64", "N3", "X62" ], "category": "local", "colour": "#2ca02c", "route_colour": "#d62728", "pdf_colour": "#faa619", "stroke-width": 2, "source": "pdf-future", "phase": "future" }, "geometry": { "type": "LineString", "coordinates": [ [ -6.412120085907913, 53.406044402067501 ], [ -6.415022544632944, 53.406708377480825 ], [ -6.423806357139539, 53.408193147445836 ], [ -6.433179496313695, 53.410429762527144 ], [ -6.43338284839362, 53.410419135599554 ], [ -6.433609032843314, 53.410226048586217 ], [ -6.433830722360256, 53.410202902137755 ], [ -6.436133539302525, 53.410921041490781 ], [ -6.439860402501457, 53.411542800042369 ], [ -6.442776597023309, 53.412179128975168 ], [ -6.449067805572626, 53.412632631995017 ], [ -6.449606591631756, 53.412836949352304 ], [ -6.450230031628262, 53.413244576106514 ], [ -6.451499981958062, 53.413868372675793 ], [ -6.452922053088405, 53.414376150875647 ], [ -6.454715083653491, 53.415798057128761 ], [ -6.456496688023956, 53.416895547842692 ], [ -6.460004319754247, 53.417258419231281 ], [ -6.465736049311577, 53.418214304831984 ], [ -6.469602052209647, 53.418416595692172 ], [ -6.47249753283486, 53.418739267272933 ], [ -6.479023698318437, 53.420672500078602 ], [ -6.480156896929326, 53.421171637242409 ], [ -6.483305826793226, 53.4221992566818 ], [ -6.484089422377007, 53.422603116757912 ], [ -6.486609354203426, 53.424454392963739 ], [ -6.487735783030089, 53.425020374499169 ], [ -6.495164470008445, 53.427210560513558 ] ] } },
{ "type": "Feature", "properties": { "route": "52", "routes": [ "52", "C2", "C3", "L51", "L54", "N4", "X25", "X30", "X31", "X32" ], "category": "radial", "colour": "#9467bd", "route_colour": "#c5b0d5", "pdf_colour": "#faa619", "stroke-width": 2, "source": "pdf-future", "phase": "future" }, "geometry": { "type": "LineString", "coordinates": [ [ -6.411412973870078, 53.361638180233548 ], [ -6.41440365414926, 53.361992379990348 ], [ -6.419500892785694, 53.362164215036991 ], [ -6.421311877963021, 53.36211308102186 ], [ -6.423719029093589, 53.361836631325524 ], [ -6.424276480077694, 53.361940407046767 ], [ -6.426348240478655, 53.362695449986624 ], [ -6.427297464891354, 53.362888615755658 ], [ -6.429441440353142, 53.363031354045035 ], [ -6.433027350015333, 53.363082186068524 ], [ -6.437309145336253, 53.363562568030872 ], [ -6.439120538268198, 53.363609479075478 ], [ -6.440207205070768, 53.363485167932801 ], [ -6.441550849256489, 53.363062547178266 ], [ -6.442084518269049, 53.362779558865718 ], [ -6.443531657526012, 53.361734456970709 ], [ -6.444342963992483, 53.361279749573079 ], [ -6.445528652275032, 53.360739911359708 ], [ -6.446494508883232, 53.360493363164814 ], [ -6.447537080206604, 53.36040990038461 ], [ -6.449961052395415, 53.360443003675648 ], [ -6.451900627400304, 53.360371262471332 ], [ -6.454186736413085, 53.360132625546932 ], [ -6.457280450183013, 53.359579232278293 ], [ -6.458661648776467, 53.359438703116062 ], [ -6.459890980778605, 53.359480222129989 ], [ -6.461832657636728, 53.359820680612955 ], [ -6.462680250297772, 53.359885114151965 ], [ -6.463992069415265, 53.359417636234852 ], [ -6.465036396028759, 53.359192170218911 ], [ -6.465268388195985, 53.35904425255822 ], [ -6.465336707207755, 53.358843988950355 ], [ -6.46468629837014, 53.357489318014679 ], [ -6.464589043700885, 53.356892537879872 ], [ -6.464650596139084, 53.356342973236409 ], [ -6.46498861753754, 53.355703687279899 ], [ -6.465798182123128, 53.354898811400176 ], [ -6.466044353536841, 53.354555200231736 ], [ -6.466675666653513, 53.352358124505074 ], [ -6.467219058885508, 53.351367145755454 ], [ -6.467437415919742, 53.351280889129043 ], [ -6.470919047863545, 53.350924821708624 ], [ -6.474052442446582, 53.350686587817236 ], [ -6.474306061850559, 53.350515233803769 ], [ -6.474148408127655, 53.347360962524441 ], [ -6.474148014537672, 53.344804058176386 ], [ -6.469848178671934, 53.344476252551459 ], [ -6.469580309009075, 53.344392140461252 ], [ -6.469399688635087, 53.344186292749349 ], [ -6.469405320899114, 53.342990023432833 ], [ -6.468582571051506, 53.342856222505112 ], [ -6.467150624478351, 53.342230141830093 ], [ -6.467071693836876, 53.342113013892202 ], [ -6.4670207384859, 53.341127321976735 ] ] } },
{ "type": "Feature", "properties": { "route": "21", "routes": [ "21", "22", "L81", "X79" ], "category": "radial", "colour": "#9467bd", "route_colour": "#1f77b4", "pdf_colour": "#faa619", "stroke-width": 2, "source": "pdf-future", "phase": "future" }, "geometry": { "type": "LineString", "coordinates": [ [ -6.241260144706109, 53.465165401598263 ], [ -6.238744356338962, 53.464783748756368 ], [ -6.235567351842747, 53.46379640108151 ], [ -6.233806325954365, 53.463433711378798 ], [ -6.227829102245041, 53.462871472347175 ], [ -6.225743345416722, 53.462910336895661 ], [ -6.225332705735494, 53.462853459376383 ], [ -6.224980907179251, 53.462652087144377 ], [ -6.224783921283907, 53.462270745359298 ], [ -6.224154821827052, 53.45973222396421 ], [ -6.223820557285817, 53.459624348033287 ], [ -6.22175494701052, 53.459695756650362 ], [ -6.221357101456585, 53.459571193753746 ], [ -6.221128027029524, 53.459344057435942 ], [ -6.221012487804813, 53.458757797521272 ], [ -6.221166871369609, 53.458442769403597 ], [ -6.22159655030172, 53.458158030900229 ], [ -6.222704858694599, 53.457707177812992 ], [ -6.222968537682537, 53.457458062596025 ], [ -6.223433992313208, 53.455026519467332 ], [ -6.223715959067254, 53.454350738622956 ], [ -6.22392858676198, 53.454027247566756 ], [ -6.224440396614372, 53.45392774543113 ], [ -6.224622533367137, 53.453811520634751 ], [ -6.225675322730232, 53.45148854505225 ], [ -6.226451166821312, 53.450256628274893 ], [ -6.227340333266481, 53.449467862762994 ], [ -6.228893465681933, 53.449180828444348 ], [ -6.229263383161014, 53.449037559261782 ], [ -6.230245352403362, 53.448106197674065 ], [ -6.230815775612298, 53.447795171368568 ], [ -6.232072709523349, 53.447398266917546 ], [ -6.233159321555722, 53.446897822823665 ], [ -6.234781372810957, 53.44684169150095 ], [ -6.239390508399175, 53.447275712386876 ], [ -6.242887437656817, 53.448194495150695 ], [ -6.245128115742114, 53.448538860825622 ], [ -6.246667225289427, 53.449046733645694 ], [ -6.247363437491793, 53.449199195343425 ], [ -6.247903962598853, 53.449186482804798 ], [ -6.24826837945119, 53.449062074775583 ], [ -6.248558705269275, 53.44882666891467 ], [ -6.248780070508916, 53.448475399174043 ], [ -6.249161241939771, 53.446998961454305 ], [ -6.249445578165514, 53.446309238386156 ], [ -6.249367049235042, 53.446139102537259 ], [ -6.248696811700397, 53.445912301639659 ], [ -6.24557787323658, 53.445263607675678 ], [ -6.243992372017103, 53.444656473519935 ], [ -6.242344991249169, 53.443703582337584 ], [ -6.240871812166779, 53.442367163095284 ], [ -6.239157934912318, 53.441167427392472 ], [ -6.238298455420478, 53.440682532555286 ], [ -6.237304610867933, 53.440323128875043 ], [ -6.23618817533443, 53.440173557154672 ], [ -6.234865336832616, 53.440225598466292 ], [ -6.232987328241781, 53.440428013220597 ], [ -6.231640883599622, 53.440351385382307 ], [ -6.230989387101639, 53.440437189304802 ] ] } },
{ "type": "Feature", "properties": { "route": "197", "routes": [ "197", "22", "A4", "L82", "L85", "X84" ], "category": "radial", "colour": "#9467bd", "route_colour": "#ff9896", "pdf_colour": "#66ae3e", "stroke-width": 2, "source": "pdf-future", "phase": "future" }, "geometry": { "type": "LineString", "coordinates": [ [ -6.26951543120253, 53.450929516307724 ], [ -6.269965051205025, 53.450836372046737 ], [ -6.270392875127497, 53.450848688351343 ], [ -6.271102898860678, 53.452369993809924 ], [ -6.271548829241072, 53.452718906543772 ], [ -6.27259936906038, 53.453241866473455 ], [ -6.273320461282171, 53.454420344732775 ], [ -6.271488640202881, 53.454086793337211 ], [ -6.267905464139706, 53.453856971013899 ], [ -6.266851378045105, 53.453884109642587 ], [ -6.263988429023578, 53.454222529352634 ], [ -6.262248946894631, 53.454066481529573 ], [ -6.260927958303162, 53.453859481188495 ], [ -6.260172407700262, 53.453832494405489 ], [ -6.258519367283203, 53.453887806063996 ], [ -6.25777426362171, 53.454033155758303 ], [ -6.257700300636387, 53.454144238955955 ], [ -6.257935745025308, 53.454735671065109 ], [ -6.257931043665601, 53.454875595677727 ], [ -6.257852039745394, 53.454912519661683 ], [ -6.256141352193459, 53.454840262484524 ], [ -6.253630544514007, 53.455177992845591 ], [ -6.252739295668457, 53.455213439923121 ], [ -6.251274162138007, 53.455085655972816 ], [ -6.248195501482353, 53.454616089611875 ], [ -6.247780276403126, 53.454619111793136 ], [ -6.247336940052215, 53.454739431699892 ], [ -6.247089133465063, 53.454917941910701 ], [ -6.24534680706361, 53.457138649840793 ], [ -6.244891102470855, 53.457877859096783 ], [ -6.24479221319478, 53.458288387915616 ], [ -6.244809162301951, 53.458820021932368 ], [ -6.245303644755217, 53.460812793144363 ], [ -6.24514655403219, 53.461305811911508 ], [ -6.244731727453312, 53.461671971589048 ], [ -6.243360842086418, 53.460628359443248 ], [ -6.241094856774231, 53.459501050894119 ], [ -6.238700918479557, 53.45776514639175 ], [ -6.237238791265878, 53.456994217075277 ], [ -6.235683613089413, 53.456450906998576 ], [ -6.230009611311315, 53.454825313623175 ], [ -6.227820907113604, 53.453953137646131 ], [ -6.226193422466744, 53.453723025229621 ], [ -6.227400601438243, 53.451236074500152 ], [ -6.227858765967941, 53.450592963884695 ], [ -6.228657615049338, 53.449852827312718 ], [ -6.228758280012702, 53.449148242637087 ], [ -6.230447269126568, 53.446637022859107 ], [ -6.230575808338907, 53.446013203437417 ], [ -6.230356770265679, 53.445293160159224 ], [ -6.231333510277021, 53.444710782317749 ], [ -6.232018569002523, 53.444074673409908 ], [ -6.232510419653693, 53.443330418119736 ], [ -6.232805904634705, 53.442483935027184 ], [ -6.232917082830282, 53.441457515810271 ], [ -6.232885645874896, 53.439696068758039 ], [ -6.232755762715401, 53.439160447282667 ], [ -6.232264246351194, 53.438001045857924 ], [ -6.232024675311817, 53.437187426956285 ], [ -6.231289375702895, 53.432688412121337 ], [ -6.231334423427904, 53.431628232559902 ], [ -6.23150943873404, 53.431062662367424 ], [ -6.23183206366577, 53.430475987710203 ], [ -6.23183290882644, 53.430254932772009 ], [ -6.23151908584179, 53.429941525474227 ], [ -6.229884130918859, 53.429313076271832 ], [ -6.228458955074247, 53.428809217351159 ], [ -6.226569280433128, 53.428318081167696 ], [ -6.224159512987268, 53.427899218592536 ], [ -6.22017028264086, 53.427552619049379 ], [ -6.217690280359783, 53.427103888968105 ], [ -6.216447749686386, 53.42661586486453 ], [ -6.215449322946498, 53.425900215477554 ], [ -6.215130511908527, 53.425510649665313 ], [ -6.21497096257057, 53.425113292132664 ], [ -6.215031055099905, 53.423484311504197 ], [ -6.214069126647306, 53.419157364583775 ], [ -6.214159032479187, 53.418254426080125 ], [ -6.214576262336166, 53.417230099839884 ], [ -6.214782646229326, 53.416386261769716 ], [ -6.214843717067555, 53.414720294077142 ], [ -6.214674752922967, 53.41430067982828 ], [ -6.213928149502591, 53.413859784905782 ], [ -6.213646721573823, 53.412283792735465 ], [ -6.213724902996866, 53.411710659535338 ], [ -6.214410407438365, 53.410301292067039 ], [ -6.214791261579847, 53.408836850151879 ], [ -6.215726178130509, 53.407831218488042 ], [ -6.217109930336809, 53.407480683423373 ], [ -6.217256021694986, 53.407403519214931 ], [ -6.217297895204272, 53.407257575358535 ], [ -6.217221322891588, 53.407013465381404 ], [ -6.217044299408122, 53.406860731343606 ], [ -6.214802044130237, 53.406311252255016 ], [ -6.214590873889113, 53.406163617132968 ], [ -6.214470369841209, 53.405916344460714 ], [ -6.214640140051841, 53.404641387569072 ], [ -6.214760218214294, 53.404337456269424 ], [ -6.215262430440922, 53.403617483436989 ], [ -6.216060359194279, 53.402874321473114 ], [ -6.216175254019359, 53.402577255522232 ], [ -6.215999250583444, 53.402272495304125 ], [ -6.214802004280065, 53.401509572444951 ], [ -6.214305749916782, 53.400567121593753 ], [ -6.214221210052483, 53.399905655032747 ], [ -6.214455332780056, 53.399563725875694 ], [ -6.215725825712412, 53.398692013934266 ], [ -6.216072638481668, 53.398212016118549 ], [ -6.215561996556305, 53.397057110570877 ], [ -6.214032114274901, 53.395027949856448 ], [ -6.213862626413985, 53.394590315459929 ], [ -6.213897184136912, 53.394267116196652 ], [ -6.215193483271417, 53.392419745482933 ], [ -6.215073841570696, 53.392215510658652 ], [ -6.213487213596226, 53.391575335158777 ], [ -6.213355380806877, 53.391453806908366 ], [ -6.213757158104915, 53.390900236675435 ], [ -6.213844014937045, 53.390566416528188 ], [ -6.213965188125496, 53.388178785681838 ], [ -6.214062486799744, 53.388055315167179 ], [ -6.214241244231845, 53.38802903246436 ], [ -6.219481141646536, 53.389198988482136 ], [ -6.219739479596734, 53.389151802642225 ], [ -6.220428235876587, 53.388602821962252 ], [ -6.220958488929121, 53.388486801704197 ], [ -6.221710024688298, 53.38843865606394 ], [ -6.223801600377049, 53.388558000683538 ], [ -6.223053421652724, 53.388290124599365 ], [ -6.22265977508366, 53.388044630447368 ], [ -6.222406380615168, 53.387715815539956 ], [ -6.222339936065884, 53.38727790559274 ] ] } },
{ "type": "Feature", "properties": { "route": "24", "routes": [ "24", "F1", "F3", "L89", "N2", "N6" ], "category": "radial", "colour": "#9467bd", "route_colour": "#ffbb78", "pdf_colour": "#66ae3e", "stroke-width": 2, "source": "pdf-future", "phase": "future" }, "geometry": { "type": "LineString", "coordinates": [ [ -6.298555779044469, 53.372633992213302 ], [ -6.298760660723635, 53.37494821854137 ], [ -6.298740541555713, 53.375103740948404 ], [ -6.298637911097993, 53.375164048403562 ], [ -6.296725087742053, 53.375056434236413 ], [ -6.29027494875795, 53.375278965325826 ], [ -6.289680034775674, 53.375192205002541 ], [ -6.288081760770389, 53.374689769729081 ], [ -6.286745021783457, 53.374624402452788 ], [ -6.286553030929365, 53.374659338278896 ], [ -6.286485409576483, 53.374757584666291 ], [ -6.287702086265463, 53.376185253687638 ], [ -6.287698792310755, 53.376423249800766 ], [ -6.28735056609289, 53.376654123145244 ], [ -6.287670481222351, 53.37783399445599 ], [ -6.287965782628839, 53.378355984953345 ], [ -6.288823238267775, 53.379219958811319 ], [ -6.291071611186932, 53.380445836136488 ], [ -6.292531586498773, 53.381373763444429 ], [ -6.300828977402073, 53.387255209201882 ], [ -6.301759607902198, 53.388000076218368 ], [ -6.301635366449921, 53.388158846686444 ], [ -6.300925007485458, 53.388352131816781 ], [ -6.300956459172101, 53.388827129491951 ], [ -6.300747903357632, 53.388996674389404 ], [ -6.299775709271966, 53.389028980113274 ], [ -6.298367815121774, 53.388930719938969 ], [ -6.298203624293607, 53.389011406814873 ], [ -6.298195728698706, 53.38923427596837 ], [ -6.298268615544259, 53.389693363659056 ], [ -6.298466690610913, 53.389995706623218 ], [ -6.298881456942599, 53.39027477093498 ], [ -6.299882130204544, 53.390716383913528 ], [ -6.300218834285554, 53.39107241110608 ], [ -6.301598871562211, 53.393509752509125 ], [ -6.302174695300683, 53.3943182604078 ], [ -6.30270613592202, 53.394762467415838 ], [ -6.304116747051335, 53.395590054415415 ], [ -6.304666684698692, 53.39620481012625 ], [ -6.304710138233522, 53.396831178061511 ], [ -6.304059027770969, 53.397961357324085 ], [ -6.303757778699723, 53.399025764199806 ], [ -6.303691266159925, 53.400859646715681 ], [ -6.303786885655736, 53.401291325892871 ], [ -6.304024513486567, 53.401686747204906 ], [ -6.304007371928301, 53.401805335429366 ], [ -6.303170339526343, 53.403421768774145 ], [ -6.302672458488491, 53.404015812099267 ], [ -6.302245456118861, 53.404350638884836 ], [ -6.302226521686786, 53.404499190179962 ], [ -6.303214558144104, 53.405796768292838 ], [ -6.303950483643973, 53.406414442688167 ], [ -6.304789927445209, 53.406824781699918 ], [ -6.308836784151625, 53.408434346485109 ], [ -6.309506075861768, 53.40884818776717 ], [ -6.309896301371515, 53.409298663128915 ], [ -6.310110033157728, 53.409765477571234 ], [ -6.310385015957269, 53.410753093620102 ], [ -6.310408374876319, 53.411155852059991 ], [ -6.310224819197956, 53.412044309325672 ], [ -6.310213740510762, 53.412463162835486 ], [ -6.310688200682662, 53.413889206504273 ], [ -6.310785767541992, 53.414512003989792 ], [ -6.310772299930256, 53.415285918470495 ], [ -6.310588128748301, 53.41684059238348 ], [ -6.310697252684141, 53.418577084815539 ], [ -6.310382407007908, 53.420004259016586 ], [ -6.309197071898698, 53.422421763034983 ], [ -6.308812879230893, 53.423672041801488 ], [ -6.308541474435642, 53.424251068085105 ], [ -6.307989046822208, 53.424940702576649 ], [ -6.307292811956341, 53.425545505033277 ], [ -6.305163277504813, 53.426785632050873 ], [ -6.305159020539092, 53.426946575762287 ], [ -6.305495597515488, 53.427269588051452 ], [ -6.305162500145887, 53.427873992007747 ], [ -6.305171909475532, 53.428917605664466 ], [ -6.305100311806932, 53.429241825919618 ], [ -6.304885414360021, 53.429424207627349 ], [ -6.303916913673733, 53.429770720860361 ], [ -6.303501600017896, 53.430041834429325 ], [ -6.303408236865028, 53.430243436318428 ], [ -6.303457696234397, 53.431399148121066 ], [ -6.30333787738046, 53.431731096072177 ], [ -6.302358509533225, 53.432488465611961 ], [ -6.301850992908225, 53.433333341860497 ], [ -6.30098013047136, 53.433770468405179 ], [ -6.300717546698345, 53.434091637771949 ], [ -6.300799916529974, 53.43445694341225 ], [ -6.301175687242521, 53.435000068970091 ], [ -6.304016590885319, 53.437802164345413 ], [ -6.30405243079727, 53.437922153931268 ], [ -6.298143480206084, 53.437501769689248 ], [ -6.298114804423737, 53.437905152509302 ], [ -6.298206954133642, 53.438316732915737 ], [ -6.298846741142967, 53.439430038616202 ], [ -6.298578224436446, 53.440051155978971 ], [ -6.298670142222933, 53.440622786209552 ], [ -6.298588850986333, 53.44123785184415 ], [ -6.298624751712092, 53.441885027351937 ], [ -6.298494236429118, 53.442923939648963 ], [ -6.298610244599953, 53.443152086760051 ], [ -6.299563821165219, 53.444239680311981 ], [ -6.299741215763937, 53.444567485370435 ], [ -6.299855224822934, 53.446951333296461 ], [ -6.300442599216608, 53.449705826956212 ], [ -6.300294878728598, 53.449768943177773 ], [ -6.296768964331489, 53.449794724261302 ], [ -6.295019270961827, 53.450062554640766 ], [ -6.294626978916199, 53.449917131290022 ] ] } },
{ "type": "Feature", "properties": { "route": "60", "routes": [ "60", "80", "G2", "L55", "S4" ], "category": "radial", "colour": "#9467bd", "route_colour": "#7f7f7f", "pdf_colour": "#66ae3e", "stroke-width": 2, "source": "pdf-future", "phase": "future" }, "geometry": { "type": "LineString", "coordinates": [ [ -6.379273737606221, 53.359633692923559 ], [ -6.377337107726593, 53.359518446624996 ], [ -6.374907685903962, 53.359124072934534 ], [ -6.372282971340287, 53.358473445960591 ], [ -6.37097445354313, 53.358059703076037 ], [ -6.370081282830519, 53.35771396606885 ], [ -6.369878072208763, 53.357454502307981 ], [ -6.370019476560795, 53.357214157120332 ], [ -6.371161603279057, 53.356657161106483 ], [ -6.372791012437007, 53.355679902289189 ], [ -6.376092973041976, 53.354514801365134 ], [ -6.376534928428669, 53.354295410307493 ], [ -6.376832098254028, 53.354028174279051 ], [ -6.376911073844818, 53.353614117693475 ], [ -6.376292958077236, 53.351757124990783 ], [ -6.376278774109155, 53.35100748786855 ], [ -6.376574793949398, 53.350292064739065 ], [ -6.377716277212349, 53.349040808985677 ], [ -6.378017089821861, 53.348484568233886 ], [ -6.377925997743192, 53.348033001812176 ], [ -6.377050935754838, 53.34741864970097 ], [ -6.375948811671729, 53.347068386220975 ], [ -6.373709360060937, 53.346602010317937 ], [ -6.368755798739373, 53.345914794024843 ], [ -6.360618017421367, 53.345080332988999 ], [ -6.359648404333643, 53.345090699286047 ], [ -6.351042448006266, 53.344218846264468 ], [ -6.349089189141792, 53.344127168522562 ], [ -6.346955158246578, 53.344175760067742 ], [ -6.346845255629793, 53.344321905251817 ], [ -6.347177771868834, 53.344911903515175 ], [ -6.347528285969717, 53.345275298431325 ], [ -6.349144572757021, 53.346420434677022 ], [ -6.349557277652119, 53.34696653784453 ], [ -6.349855737598753, 53.347671675887931 ], [ -6.351612060427715, 53.349951911647779 ], [ -6.35170544681071, 53.350165455515558 ], [ -6.351656963106201, 53.350561311967319 ], [ -6.351168480255092, 53.352085929133757 ], [ -6.354739992723236, 53.353172742682567 ] ] } },
{ "type": "Feature", "properties": { "route": "82", "routes": [ "82", "86", "B2", "C1", "C3", "C4", "L13", "L25", "S2", "S6" ], "category": "radial", "colour": "#9467bd", "route_colour": "#ffbb78", "pdf_colour": "#66ae3e", "stroke-width": 2, "source": "pdf-future", "phase": "future" }, "geometry": { "type": "LineString", "coordinates": [ [ -6.226229030640882, 53.339672092414233 ], [ -6.225220489169137, 53.339641415064783 ], [ -6.221241406605602, 53.33993230671571 ], [ -6.220978292128331, 53.339895336838104 ], [ -6.21991991790563, 53.339139088198621 ], [ -6.218349516260678, 53.338339285927091 ], [ -6.217886745369193, 53.338021938952956 ], [ -6.217628024216522, 53.337591947830774 ], [ -6.217420332071255, 53.337010252916919 ], [ -6.216710428077056, 53.336165187050234 ], [ -6.216217862391559, 53.334591613078217 ], [ -6.216014260257382, 53.334309130917795 ], [ -6.215645251019116, 53.334153319550829 ], [ -6.214244507022669, 53.333898193588951 ], [ -6.213487971122945, 53.333568074773339 ], [ -6.210471641208739, 53.331649649938051 ], [ -6.209155615551824, 53.330725530102555 ], [ -6.209111857759165, 53.330602330039319 ], [ -6.209255281809129, 53.330209985112134 ], [ -6.209291123987414, 53.32972476316472 ], [ -6.209000109198088, 53.32862468389829 ], [ -6.208534411689869, 53.327964139553956 ], [ -6.207589088425517, 53.327320919587009 ], [ -6.207349863949247, 53.327061503608427 ], [ -6.20765985944198, 53.326687569396967 ], [ -6.207810275001, 53.326144356584514 ], [ -6.20775021892211, 53.325540557555556 ], [ -6.207522999504683, 53.325016366429793 ], [ -6.207088969364327, 53.324595743276276 ], [ -6.205612253260909, 53.323544330155798 ], [ -6.20504088271653, 53.322680920808487 ], [ -6.204565010606963, 53.32236722870573 ], [ -6.203936729114599, 53.321575339593323 ], [ -6.203183174035185, 53.320792141187873 ], [ -6.202777721846302, 53.320501319038563 ], [ -6.202739173831798, 53.320370253976179 ], [ -6.204139450581833, 53.319205871297122 ], [ -6.206407677694484, 53.319113812807842 ], [ -6.206562527939068, 53.319045883419875 ], [ -6.20650553672442, 53.318931336479899 ], [ -6.204961681245786, 53.318111229010675 ], [ -6.20445874435287, 53.3177618088027 ], [ -6.204297592325864, 53.317349403632754 ], [ -6.204533031993188, 53.316995505111919 ], [ -6.205114943532574, 53.31674180260832 ], [ -6.206003742639769, 53.316534230579734 ], [ -6.207014191058394, 53.316076787694449 ], [ -6.212762969064561, 53.313097748346649 ], [ -6.212864631411972, 53.312998401645054 ], [ -6.212853729878, 53.312881072379476 ], [ -6.21182220796808, 53.311979482922261 ], [ -6.210232554035063, 53.310167817839194 ], [ -6.209698923928204, 53.309768568657525 ], [ -6.208319582610718, 53.309006831478527 ], [ -6.20760515119938, 53.308181652856355 ], [ -6.205074596222651, 53.306883289074619 ], [ -6.202625922111957, 53.305477052572577 ], [ -6.198536445888475, 53.302907025098513 ], [ -6.196841382005089, 53.301676776167895 ], [ -6.196241372317731, 53.301139723679704 ], [ -6.195685177459567, 53.300496792672703 ], [ -6.193846309912095, 53.297782222514684 ], [ -6.193132865119595, 53.296465898265851 ], [ -6.192512369681735, 53.294698874097492 ], [ -6.191647338947923, 53.293629628181179 ], [ -6.190291844948466, 53.292571417891381 ], [ -6.184984686908637, 53.289595051895688 ], [ -6.183705405249514, 53.288718920377804 ], [ -6.183711656416707, 53.288596042703219 ], [ -6.183840203561295, 53.288501408504239 ], [ -6.185022782974605, 53.288192568851308 ], [ -6.187218659045246, 53.287961548760457 ], [ -6.189976696713966, 53.287429287341652 ], [ -6.191038261394585, 53.28734632693628 ], [ -6.191757216445795, 53.287395353809956 ], [ -6.192485126611774, 53.287559657766884 ], [ -6.194751412026817, 53.288410877725269 ], [ -6.195752501353326, 53.288496377201014 ], [ -6.196209436197861, 53.288391422220911 ], [ -6.197597655196264, 53.284354716508027 ], [ -6.197627456789285, 53.283795308906136 ], [ -6.197501033594813, 53.282372468726805 ], [ -6.197631893552259, 53.281509627100831 ], [ -6.198170128887662, 53.280524514049581 ], [ -6.199298229338208, 53.27902281688521 ], [ -6.199081907299784, 53.278843034306263 ], [ -6.196682246275836, 53.278193358256104 ], [ -6.193118418820663, 53.277080738882852 ], [ -6.192500591257638, 53.276801305344478 ], [ -6.191987980249572, 53.276401611768826 ], [ -6.191480112339868, 53.275746954464374 ], [ -6.191292545406133, 53.275160790114242 ], [ -6.191410405753648, 53.27452468403937 ], [ -6.192151183703355, 53.273483906911828 ], [ -6.192085229441685, 53.272724897665917 ], [ -6.191742070032863, 53.271856520662453 ], [ -6.19198852814019, 53.2717289926211 ], [ -6.193963370614119, 53.271534140874451 ], [ -6.197510211756134, 53.271019742280643 ], [ -6.198178293611665, 53.270647276665706 ], [ -6.198499327941569, 53.270347660312645 ], [ -6.198819626084582, 53.269848954888992 ], [ -6.199087944296398, 53.269727006796714 ], [ -6.200766162947096, 53.270043490857041 ], [ -6.201888447936789, 53.270123192813841 ], [ -6.203327404527534, 53.270068220730508 ], [ -6.204698458171075, 53.269857398752208 ], [ -6.205763602555698, 53.269563459234782 ], [ -6.206671293411989, 53.269133308901289 ], [ -6.207069020171258, 53.268770698332013 ], [ -6.207423782361296, 53.26825489818804 ], [ -6.206816066319476, 53.267706638019391 ], [ -6.206217131449869, 53.267393692302107 ], [ -6.202558812198195, 53.266071501221809 ], [ -6.20129570587567, 53.265415874485008 ], [ -6.200101632466001, 53.264532993580062 ], [ -6.199011030519747, 53.26359582956303 ], [ -6.198494255277537, 53.26286190902983 ], [ -6.197143587853761, 53.261318656778798 ], [ -6.197076075474658, 53.260996759157379 ], [ -6.197144716875089, 53.260746486589689 ], [ -6.197880703944164, 53.259924659336434 ], [ -6.199019470794614, 53.259116486669051 ], [ -6.199566847274579, 53.258428719274377 ], [ -6.201169070588179, 53.257533770419201 ], [ -6.20139541878185, 53.257296672348332 ], [ -6.201600847596243, 53.256904967099175 ], [ -6.201638863962174, 53.256488826791212 ], [ -6.201500888979408, 53.256070032206551 ], [ -6.200240634483945, 53.254550178724571 ], [ -6.200071628600696, 53.254245603591919 ], [ -6.199969439704002, 53.253759731767886 ], [ -6.198632714126306, 53.253202192773777 ], [ -6.197567426772571, 53.252404746942418 ], [ -6.195931777401405, 53.251462169553243 ], [ -6.190835450594141, 53.249591764764553 ], [ -6.188672338805994, 53.248357138751544 ], [ -6.187825695180107, 53.247689519420824 ], [ -6.185082797313633, 53.246552597570357 ], [ -6.18426724445772, 53.246108878583598 ], [ -6.183305692030892, 53.245058087010328 ], [ -6.183237026456015, 53.244704147695145 ], [ -6.183370945234095, 53.244179505187446 ], [ -6.182984870926949, 53.243572084715815 ], [ -6.182837179146056, 53.243028989753711 ], [ -6.182636163109115, 53.24268655501119 ], [ -6.182210738309773, 53.242243151425164 ], [ -6.181439085649008, 53.241841607939179 ], [ -6.180854668656747, 53.241357986414464 ], [ -6.180203326081852, 53.240492461804692 ], [ -6.179999177001225, 53.239776813739731 ], [ -6.179268479788043, 53.238621089472161 ], [ -6.178244917497492, 53.237607671376132 ], [ -6.177580216284638, 53.237095917238264 ] ] } },
{ "type": "Feature", "properties": { "route": "B1", "routes": [ "B1", "B2", "B4", "L52", "L54", "N4" ], "category": "spine", "colour": "#d62728", "route_colour": "#3cb44b", "pdf_colour": "#66ae3e", "stroke-width": 2, "source": "pdf-future", "phase": "future" }, "geometry": { "type": "LineString", "coordinates": [ [ -6.451215252707449, 53.360225089524462 ], [ -6.451156259925706, 53.360715701236202 ], [ -6.451488084549472, 53.361558769690767 ], [ -6.451320287576518, 53.361851435329108 ], [ -6.450477260860624, 53.362068220836676 ], [ -6.44767416375737, 53.362375212090193 ], [ -6.447438283851037, 53.362481012230965 ], [ -6.447411092907394, 53.36260133534838 ], [ -6.447612179012413, 53.363205863576319 ], [ -6.447977954165464, 53.36393779085234 ], [ -6.448449087331641, 53.364279367402659 ], [ -6.449224557663438, 53.36446093492318 ], [ -6.451810947259456, 53.364102195661879 ], [ -6.453525543891991, 53.364253583863864 ], [ -6.454994888494533, 53.364562542500245 ], [ -6.456726080305502, 53.365334586484494 ], [ -6.457330976438031, 53.365724716807392 ], [ -6.457592478971989, 53.366011731484271 ], [ -6.45763483634758, 53.366376979143709 ], [ -6.45745544905833, 53.367372584085665 ], [ -6.45764218707359, 53.368254830034182 ], [ -6.457824765009684, 53.368575769743856 ], [ -6.458807331436011, 53.369664130078434 ], [ -6.459026706251459, 53.370031058804948 ], [ -6.458975902746163, 53.370855003586989 ], [ -6.459144480099925, 53.372196930066281 ], [ -6.459011472395617, 53.372989690402441 ], [ -6.459311002060712, 53.373956948372019 ], [ -6.457384697683795, 53.37511542040339 ], [ -6.456168868233044, 53.376000582392351 ], [ -6.45580088093097, 53.376070877097071 ], [ -6.452689692448907, 53.375696483949305 ], [ -6.447467578725774, 53.37589647710589 ], [ -6.445491260667409, 53.376109296118607 ], [ -6.444463744913569, 53.376720341432495 ], [ -6.444119823443697, 53.376826284920085 ], [ -6.443184320474262, 53.376908578262324 ], [ -6.441628018375759, 53.376899425219456 ], [ -6.441560391923583, 53.377035684762113 ], [ -6.44217799643976, 53.378193419473362 ], [ -6.442530655076848, 53.379043041086589 ], [ -6.442605868333427, 53.380397503328972 ], [ -6.442475057102569, 53.38148542493547 ], [ -6.442034811678991, 53.383077341066119 ], [ -6.441517406201938, 53.384296086557327 ], [ -6.441189807570441, 53.38450349710827 ], [ -6.439654095474626, 53.384358841106796 ], [ -6.438320713522543, 53.383977452106095 ], [ -6.436674071774459, 53.3837908483723 ], [ -6.434549118377034, 53.38304240127411 ], [ -6.433393726130093, 53.382474653305643 ], [ -6.432749469306779, 53.382324566178895 ], [ -6.431452911619154, 53.382177232670649 ], [ -6.428781143041775, 53.382246613279847 ], [ -6.42528477092917, 53.381684970110037 ], [ -6.424971764398073, 53.381756719057684 ], [ -6.424871567436512, 53.381914124803743 ], [ -6.425774214902811, 53.385154124271594 ], [ -6.425625722532863, 53.38528424350946 ], [ -6.424761549613564, 53.385468458507646 ], [ -6.423996917735598, 53.385482245864004 ], [ -6.416325588621232, 53.384977233370016 ], [ -6.412716309841406, 53.384599669217202 ], [ -6.411895608021151, 53.384691001151523 ], [ -6.410935588781917, 53.384565573641396 ], [ -6.40908752607523, 53.384505688483344 ], [ -6.405663563929805, 53.384232060585092 ], [ -6.405506154028769, 53.384358942904782 ], [ -6.404821705896485, 53.386522602017067 ], [ -6.403651443354402, 53.387576027658774 ], [ -6.401959143288239, 53.392216904460213 ], [ -6.40164277046802, 53.392869767568854 ], [ -6.401306112847267, 53.393344031890074 ], [ -6.400978947466852, 53.393459421724366 ], [ -6.396225428972627, 53.39311361408263 ], [ -6.395759454591682, 53.393144304085922 ], [ -6.393529442528592, 53.394476806693227 ], [ -6.393553082097648, 53.394944595289481 ] ] } },
{ "type": "Feature", "properties": { "route": "C2", "routes": [ "C2", "G2", "L51", "L53", "L54", "N4", "X25" ], "category": "spine", "colour": "#d62728", "route_colour": "#4363d8", "pdf_colour": "#66ae3e", "stroke-width": 2, "source": "pdf-future", "phase": "future" }, "geometry": { "type": "LineString", "coordinates": [ [ -6.392717679579858, 53.357544430802768 ], [ -6.395224161547529, 53.356311273008416 ], [ -6.395756534017505, 53.355888201438567 ], [ -6.396005034108573, 53.355834753288555 ], [ -6.404455867851308, 53.356255346979253 ], [ -6.406717505165904, 53.356261148464249 ], [ -6.4094529104705, 53.356773653897967 ], [ -6.410477509428496, 53.356726728688585 ], [ -6.41240049114359, 53.356412463953987 ], [ -6.414118260669828, 53.356443894110221 ], [ -6.415434732042741, 53.356594755385245 ], [ -6.418120382596709, 53.357172968237037 ], [ -6.420701893679807, 53.357490336363739 ], [ -6.422167751309924, 53.357515103443184 ], [ -6.425701159590928, 53.357319461117129 ], [ -6.426589382100234, 53.357095868241672 ], [ -6.427231890999052, 53.356744733915598 ], [ -6.427612761005035, 53.356338662445857 ], [ -6.428010368025317, 53.355299812284663 ], [ -6.4282108422151, 53.35517106796739 ], [ -6.43177302146529, 53.355627414315585 ], [ -6.432169385391176, 53.355618891507561 ], [ -6.434397307310559, 53.355159638939661 ], [ -6.436481374195234, 53.35457954048232 ], [ -6.438264808456572, 53.3545866983794 ], [ -6.440328098364457, 53.353770968181337 ], [ -6.440483926917936, 53.353666051729249 ], [ -6.440468524407595, 53.353567610057794 ], [ -6.439568171056849, 53.353228685517806 ], [ -6.439498607439738, 53.35309780044161 ], [ -6.440257202887413, 53.352782748149494 ], [ -6.44334754186935, 53.351108873907883 ], [ -6.443782186568974, 53.350674214288091 ], [ -6.44485785570641, 53.349188136259592 ], [ -6.445317460125498, 53.348793150464957 ], [ -6.446855329222444, 53.348742795319708 ], [ -6.450907515257075, 53.348864981001149 ], [ -6.451751241520497, 53.348924310525113 ], [ -6.45195473694723, 53.349021725161073 ], [ -6.452017488097136, 53.349145427599147 ], [ -6.451495289095417, 53.352171678283177 ], [ -6.451165138739717, 53.352967226988554 ], [ -6.450522776020665, 53.353993601256157 ], [ -6.450796785610605, 53.354980191213848 ], [ -6.451277849934113, 53.356005269316547 ], [ -6.451219406365158, 53.35632383539955 ], [ -6.450865559403868, 53.356880674090739 ], [ -6.450803100991189, 53.357124107750465 ], [ -6.450977557452576, 53.357979019408511 ], [ -6.450863252256924, 53.358783278273705 ], [ -6.451037300019373, 53.359351078746045 ] ] } },
{ "type": "Feature", "properties": { "route": "8", "routes": [ "8", "A1", "D1", "D2", "D3", "D4", "L80", "L82", "N4", "N8" ], "category": "radial", "colour": "#9467bd", "route_colour": "#ff7f0e", "pdf_colour": "#66ae3e", "stroke-width": 2, "source": "pdf-future", "phase": "future" }, "geometry": { "type": "LineString", "coordinates": [ [ -6.148040624196028, 53.396745683878358 ], [ -6.154270696371709, 53.397392638038866 ], [ -6.158906979276273, 53.397443242671613 ], [ -6.161855814753287, 53.397337175101136 ], [ -6.1633673125708, 53.397376153911473 ], [ -6.16882363495408, 53.398154695528675 ], [ -6.174699633722044, 53.398497181263991 ], [ -6.175408211899921, 53.398635965145751 ], [ -6.176962897900134, 53.399122242269137 ], [ -6.177457785086135, 53.398490106466383 ], [ -6.178482686413322, 53.397561881133001 ], [ -6.179466127085131, 53.396839631560461 ], [ -6.182300767095668, 53.395150991275891 ], [ -6.183274961804111, 53.394324460774321 ], [ -6.184307478076195, 53.393108336131085 ], [ -6.184653293083707, 53.393006444126598 ], [ -6.186945145411852, 53.393685279825384 ], [ -6.191687837539467, 53.394137838531677 ], [ -6.193470702190849, 53.394469094678584 ], [ -6.194591766749644, 53.394821859834202 ], [ -6.198018104032678, 53.396215942264654 ], [ -6.200517408650428, 53.397107337478744 ], [ -6.202612551578262, 53.397696940830087 ], [ -6.204287088916807, 53.398001323322738 ], [ -6.204540407273608, 53.397916991774032 ], [ -6.20463497140452, 53.397783445433205 ], [ -6.204585081050408, 53.396114542813955 ], [ -6.205323366956478, 53.393844269940288 ], [ -6.205745684208597, 53.393724394427515 ], [ -6.206886259797355, 53.393944629134907 ], [ -6.209218905151123, 53.39311901745041 ], [ -6.209921905646246, 53.392674449903403 ], [ -6.211268093623923, 53.391134505771703 ], [ -6.212660016598138, 53.391647488650406 ], [ -6.213236518920343, 53.391711754290448 ], [ -6.21801699284644, 53.393496777831444 ], [ -6.219732341908061, 53.393922281764198 ], [ -6.22251571418877, 53.39436102969524 ], [ -6.222987806966385, 53.393040050358032 ], [ -6.223893741965929, 53.39157949334902 ], [ -6.220822964817956, 53.390584951893139 ], [ -6.220371798218628, 53.390244903808814 ], [ -6.220224429770717, 53.389840866012854 ], [ -6.22062549222335, 53.389125220214233 ], [ -6.221207588848201, 53.388864520157981 ], [ -6.221723863037591, 53.388823156389151 ], [ -6.224347718464736, 53.389014600107863 ], [ -6.224644016688648, 53.388969418668012 ], [ -6.224835494024997, 53.388840436383703 ], [ -6.224891145069764, 53.388551806930558 ], [ -6.224707657948537, 53.388340881644396 ], [ -6.223519469312404, 53.388105382674212 ], [ -6.223082377140757, 53.387762705809685 ], [ -6.223080303994641, 53.386744294938737 ], [ -6.223164081608965, 53.38622432829429 ], [ -6.223291670841829, 53.386014628538305 ], [ -6.223656230096657, 53.385809195946642 ], [ -6.225141157573407, 53.385264268071779 ], [ -6.225542603228518, 53.385025799235265 ], [ -6.226829937993982, 53.383328243874864 ], [ -6.227070496974214, 53.382856439490574 ], [ -6.22719578075985, 53.382771722473059 ], [ -6.229727905374614, 53.382762670660497 ], [ -6.231133487089644, 53.382645794476574 ], [ -6.23396392263832, 53.382099442387897 ], [ -6.234744584617437, 53.381819985997097 ], [ -6.23537872009866, 53.381331582279401 ], [ -6.236299411886896, 53.379880418735539 ], [ -6.237649339157584, 53.378312563715482 ], [ -6.23788306111847, 53.378212708595449 ], [ -6.240615377950993, 53.378804159968524 ], [ -6.24301721826188, 53.379484904502839 ], [ -6.243526935137605, 53.379691454028624 ], [ -6.244085704950102, 53.380161392638051 ], [ -6.254209599313851, 53.38385436744322 ], [ -6.254331926831319, 53.383843598113145 ], [ -6.254893077636111, 53.383429290529001 ], [ -6.257352496902435, 53.384353642665602 ], [ -6.257974417687203, 53.384516143550123 ], [ -6.259227159601318, 53.3845802894512 ], [ -6.259983210690415, 53.38421015062498 ] ] } },
{ "type": "Feature", "properties": { "route": "86", "routes": [ "86", "87", "L33", "L35" ], "category": "radial", "colour": "#9467bd", "route_colour": "#7f7f7f", "pdf_colour": "#66ae3e", "stroke-width": 2, "source": "pdf-future", "phase": "future" }, "geometry": { "type": "LineString", "coordinates": [ [ -6.224197681004217, 53.225932616511393 ], [ -6.222100558228472, 53.225001841531366 ], [ -6.220460657935195, 53.224371260824306 ], [ -6.214999179033019, 53.222615241120245 ], [ -6.212996538799507, 53.222159130283806 ], [ -6.211809831791421, 53.222056717018248 ], [ -6.211038514550862, 53.222096336639844 ], [ -6.210014916187565, 53.222332354415997 ], [ -6.208057376749545, 53.222969818413894 ], [ -6.207022237174241, 53.223150511688907 ], [ -6.205596540446263, 53.22319583099857 ], [ -6.202665200456252, 53.223094288579063 ], [ -6.203851229069524, 53.226096697799747 ], [ -6.204422933712093, 53.22819554791392 ], [ -6.204963004793205, 53.229410252498297 ], [ -6.205008266499719, 53.229892617897072 ], [ -6.204925743311624, 53.231651050700286 ], [ -6.204992860967652, 53.232366075329402 ], [ -6.205218082028635, 53.233079279699623 ], [ -6.205822668804042, 53.234010591049817 ], [ -6.205911046736545, 53.234300029024254 ], [ -6.205838634503028, 53.234617225285945 ], [ -6.205483882511578, 53.235056999119365 ], [ -6.20548540266763, 53.235491191115067 ], [ -6.206295529686468, 53.237161195370554 ], [ -6.207304522351355, 53.240692108397269 ], [ -6.207025108832454, 53.242141227124442 ], [ -6.20725505259463, 53.242751520386932 ], [ -6.207386872919058, 53.243554286481171 ], [ -6.207280879382871, 53.243779562690058 ], [ -6.206733803005761, 53.244191241493994 ], [ -6.206552275335278, 53.244473540457584 ], [ -6.20655374676474, 53.244682652472768 ], [ -6.206801006972062, 53.245243386268683 ], [ -6.206789483890888, 53.245641220679701 ], [ -6.206545755227603, 53.245816837702499 ], [ -6.205371018527635, 53.245904807502683 ], [ -6.204946934842488, 53.246053646435747 ], [ -6.204153315936416, 53.246633865387444 ], [ -6.204104879069858, 53.246876669567726 ], [ -6.204227362021357, 53.247276047742631 ], [ -6.204519266920665, 53.247623887547377 ], [ -6.205755278808409, 53.248660931236593 ], [ -6.207685919284619, 53.25047761402444 ], [ -6.210475944632452, 53.252896230066398 ], [ -6.211091275619166, 53.253156590925187 ], [ -6.211771440533869, 53.253310628871176 ], [ -6.213907032379475, 53.253392124079468 ], [ -6.214585859012936, 53.253521117884375 ], [ -6.215913308031512, 53.254202454881096 ], [ -6.216950901122452, 53.254950151061131 ], [ -6.218146547569737, 53.256265224661007 ], [ -6.218363030141483, 53.256817141589664 ], [ -6.219017536355816, 53.257827800590213 ], [ -6.218975908745807, 53.258493932815874 ], [ -6.219225194694673, 53.259053719842981 ], [ -6.219123581073851, 53.259378146525087 ], [ -6.218743362833125, 53.260024319171848 ], [ -6.218765272608521, 53.260444045227437 ], [ -6.220361250987462, 53.261978780714074 ], [ -6.220943376886051, 53.262284279385412 ], [ -6.223239069171036, 53.262969218749625 ], [ -6.225150473601381, 53.263849065386076 ], [ -6.227245834099072, 53.264581724505128 ], [ -6.227893979605815, 53.264962995277777 ], [ -6.228270363555613, 53.265445115721576 ], [ -6.228325234408495, 53.265677647847326 ], [ -6.228132440132395, 53.265818599495425 ], [ -6.226384406488317, 53.265872398930128 ], [ -6.224864956039367, 53.266285367855346 ], [ -6.224033781781241, 53.266394429088749 ], [ -6.22243515573586, 53.266359147832766 ], [ -6.217734666494123, 53.266050755406937 ], [ -6.217132210845683, 53.266097842471645 ], [ -6.217034462678161, 53.266238307042791 ], [ -6.21709753772767, 53.267673476558258 ], [ -6.217288795794447, 53.269179059950808 ], [ -6.216871469050911, 53.270925636141271 ], [ -6.216775993468527, 53.271774408438873 ], [ -6.216944426531164, 53.272819227228617 ], [ -6.21773250326076, 53.274528662242972 ], [ -6.218398925579629, 53.276525981269288 ], [ -6.218748297627642, 53.276970374307119 ], [ -6.219730407572763, 53.277735609601443 ], [ -6.220135945127601, 53.278174485770336 ], [ -6.221549744637422, 53.280923828954812 ], [ -6.222664878151352, 53.28195467435841 ], [ -6.223470051867597, 53.283093361886507 ], [ -6.223875462317825, 53.28349922315202 ], [ -6.224269642801798, 53.283686711141129 ], [ -6.22569413024179, 53.284027494845702 ], [ -6.226328295941068, 53.284294355981615 ], [ -6.227689845823667, 53.285312712460062 ], [ -6.228185230851834, 53.285872006366581 ] ] } },
{ "type": "Feature", "properties": { "route": "74", "routes": [ "74", "80", "A2", "A4", "L35", "S6", "S8" ], "category": "radial", "colour": "#9467bd", "route_colour": "#ff9896", "pdf_colour": "#66ae3e", "stroke-width": 2, "source": "pdf-future", "phase": "future" }, "geometry": { "type": "LineString", "coordinates": [ [ -6.236091664402393, 53.293032562106916 ], [ -6.238401246029598, 53.293721870243601 ], [ -6.247573283800857, 53.295467996562799 ], [ -6.247692353058664, 53.295429131258921 ], [ -6.248163312659976, 53.294907401392102 ], [ -6.248881086185989, 53.294547253970414 ], [ -6.255918549515009, 53.292353563041253 ], [ -6.257266632541265, 53.292179146429866 ], [ -6.258429881855104, 53.29222291895379 ], [ -6.259665170020875, 53.292379635728601 ], [ -6.259999777347942, 53.292285450078573 ], [ -6.260057169329275, 53.292157922981538 ], [ -6.259916300214171, 53.291545984347025 ], [ -6.259911550505575, 53.290477485193883 ], [ -6.259651717895786, 53.289900413261719 ], [ -6.259270706809331, 53.289593231634669 ], [ -6.258862478338454, 53.289407372775401 ], [ -6.257216671552452, 53.289075740413963 ], [ -6.256813620375339, 53.288731963235222 ], [ -6.25677122126109, 53.288481754691993 ], [ -6.25699320200432, 53.287464268304042 ], [ -6.257009441743078, 53.286812469814571 ], [ -6.256784781037789, 53.286040259631058 ], [ -6.256436804307554, 53.2853918321523 ], [ -6.256077187590114, 53.285032197870663 ], [ -6.255451065931839, 53.284612495989514 ], [ -6.252813997857573, 53.283294308987713 ], [ -6.25227141773523, 53.282741769567544 ], [ -6.251936817773792, 53.282192730529047 ], [ -6.251869368474832, 53.281792807296334 ], [ -6.252064778877299, 53.280191414223211 ], [ -6.252340027784365, 53.279391412323719 ], [ -6.252621271383063, 53.279007714476208 ], [ -6.253113737160125, 53.278580586323997 ], [ -6.254688705505616, 53.277694920071568 ], [ -6.255131259776003, 53.27771762949169 ], [ -6.25650698890509, 53.278540292462409 ], [ -6.257958029499325, 53.279200890066001 ], [ -6.261000256080928, 53.280253696993306 ], [ -6.267079059226972, 53.282119077467009 ], [ -6.268612328572362, 53.282431727614103 ], [ -6.270019085768975, 53.282572972754842 ], [ -6.273733987914055, 53.282739255804124 ], [ -6.274094924781903, 53.282670775314699 ], [ -6.274170442674004, 53.282538725899819 ], [ -6.274102616216183, 53.281812678675728 ], [ -6.27387697115839, 53.280926402585621 ], [ -6.273843393066374, 53.280418337125525 ], [ -6.273966944225389, 53.279718359189367 ], [ -6.27427150311584, 53.279474326645961 ], [ -6.274649063869237, 53.279420290755155 ], [ -6.275935450166167, 53.279498331097734 ], [ -6.277980061739844, 53.27927531425351 ], [ -6.279537961428105, 53.279337528088945 ] ] } },
{ "type": "Feature", "properties": { "route": "L35", "routes": [ "L35" ], "category": "local", "colour": "#2ca02c", "route_colour": "#e377c2", "pdf_colour": "#66ae3e", "stroke-width": 2, "source": "pdf-future", "phase": "future" }, "geometry": { "type": "LineString", "coordinates": [ [ -6.27415534121084, 53.282353261763639 ], [ -6.274212677099956, 53.282643879374639 ], [ -6.274520527678781, 53.282767062251345 ], [ -6.277624610956411, 53.282767136663175 ], [ -6.280409526056675, 53.282882812435538 ], [ -6.283898321185768, 53.282861051295001 ], [ -6.285243893282159, 53.28297066759589 ], [ -6.287708223545795, 53.28336896566482 ], [ -6.287957771069514, 53.283351557810107 ], [ -6.288113440978304, 53.28325263926029 ], [ -6.287994431023368, 53.282457214448868 ], [ -6.287974431405506, 53.281133222751286 ], [ -6.287450780615947, 53.280470145191273 ], [ -6.2872920509422, 53.280041798496789 ], [ -6.287282406478485, 53.279574380071473 ], [ -6.287458319826855, 53.278785755640023 ], [ -6.287398612577403, 53.278130948000836 ], [ -6.287647458664957, 53.277459292862595 ], [ -6.288552096744225, 53.276841996381535 ], [ -6.288915628963569, 53.276448470873476 ], [ -6.289190877870633, 53.275648468973998 ], [ -6.289234219976425, 53.275144438754801 ], [ -6.288955461244509, 53.274261759555195 ], [ -6.288764634162477, 53.273269366979285 ], [ -6.288743188233916, 53.272529541275397 ], [ -6.288481418459193, 53.271685324724352 ], [ -6.288221501427768, 53.271149264898604 ], [ -6.288259359149015, 53.270739122492913 ], [ -6.287974916593527, 53.270260434251334 ], [ -6.287481129532815, 53.268770857352123 ], [ -6.286760266023787, 53.267848474675915 ], [ -6.286625045037209, 53.267098637170335 ], [ -6.286130747291714, 53.266082212190909 ], [ -6.286168625410129, 53.265520017164114 ], [ -6.286660515911318, 53.264282590505736 ] ] } },
{ "type": "Feature", "properties": { "route": "B2", "routes": [ "B2", "L61", "L64", "X61" ], "category": "spine", "colour": "#d62728", "route_colour": "#3cb44b", "pdf_colour": "#66ae3e", "stroke-width": 2, "source": "pdf-future", "phase": "future" }, "geometry": { "type": "LineString", "coordinates": [ [ -6.396125605581579, 53.39499663301261 ], [ -6.396835079913049, 53.394534230403401 ], [ -6.397184576232713, 53.394444439966612 ], [ -6.401431034016523, 53.394785838985861 ], [ -6.40151328184283, 53.395080116567534 ], [ -6.402600740546815, 53.395720093572692 ], [ -6.402859169906575, 53.395972014723078 ], [ -6.403058974766888, 53.396322420227868 ], [ -6.40316324228669, 53.39680534598233 ], [ -6.403144996259237, 53.397116972493542 ], [ -6.402676742494145, 53.398254989370145 ], [ -6.402600719016551, 53.398822177549562 ], [ -6.402784609737424, 53.39935822717672 ], [ -6.40320892402397, 53.399843616078769 ], [ -6.403854224124959, 53.40025682278209 ], [ -6.404398399948419, 53.400484290742817 ], [ -6.409063345792712, 53.401796094184583 ], [ -6.411680170805098, 53.402820643282752 ], [ -6.413373590638473, 53.403167539907017 ], [ -6.415492938968045, 53.403144569100803 ], [ -6.417537135043777, 53.404450075670681 ], [ -6.419330240209609, 53.404923652342667 ], [ -6.420729614384742, 53.405192746969099 ], [ -6.421833826345224, 53.405274971942973 ], [ -6.424770439193536, 53.405290623752016 ], [ -6.427328299564675, 53.405027163467025 ], [ -6.428767854094798, 53.405025225735471 ], [ -6.429753578494652, 53.40512432370484 ], [ -6.430783113568727, 53.405344622436672 ], [ -6.432461148078279, 53.405857170175672 ], [ -6.433439903254882, 53.406333215661178 ], [ -6.434126707638544, 53.406803539739435 ], [ -6.43477000938309, 53.407405759687187 ], [ -6.435258360219221, 53.408041894469164 ], [ -6.435218533792967, 53.408223905061632 ], [ -6.434074752448414, 53.408956918864952 ], [ -6.43351746992988, 53.40975446271613 ], [ -6.433640067898772, 53.409884749852964 ], [ -6.435238860521088, 53.41044321842935 ], [ -6.436509481124677, 53.410776931302543 ], [ -6.439719905445922, 53.411294998554496 ], [ -6.443107083743532, 53.412013809503371 ], [ -6.448613999994499, 53.412354535793568 ], [ -6.449260578507238, 53.412454666842038 ], [ -6.449840794625993, 53.412681087370117 ], [ -6.450429749233981, 53.413068795339747 ], [ -6.451788610466877, 53.413734957594578 ], [ -6.453149417174656, 53.414214105905707 ], [ -6.45500544705526, 53.415674691432933 ], [ -6.456746044418598, 53.416734084569946 ], [ -6.457688714728294, 53.416759018226301 ], [ -6.459901412801493, 53.417026617248823 ], [ -6.465637035197227, 53.417986607214168 ], [ -6.469577773906877, 53.41819987798636 ], [ -6.472619806526444, 53.418541431117625 ], [ -6.479248142775885, 53.420507376835175 ], [ -6.480552588692785, 53.421075065878483 ], [ -6.48363072846507, 53.422093810469775 ], [ -6.484432444860326, 53.422531161383318 ], [ -6.486860022438527, 53.424318973482436 ], [ -6.487986477705969, 53.42488395536752 ], [ -6.493485694212709, 53.426536936859243 ], [ -6.495655821117737, 53.427052496958623 ] ] } },
{ "type": "Feature", "properties": { "route": "L63", "routes": [ "L63", "L64", "N3", "N8" ], "category": "local", "colour": "#2ca02c", "route_colour": "#2ca02c", "pdf_colour": "#66ae3e", "stroke-width": 2, "source": "pdf-future", "phase": "future" }, "geometry": { "type": "LineString", "coordinates": [ [ -6.395854216084206, 53.395461619830385 ], [ -6.396892214474502, 53.394756818906899 ], [ -6.397287937778035, 53.394621234737336 ], [ -6.400650106685276, 53.394886225754483 ], [ -6.400959401308466, 53.395030454170787 ], [ -6.400633442949705, 53.395364952524076 ], [ -6.399612337952062, 53.396036188387093 ], [ -6.396155974329448, 53.397857436175904 ], [ -6.394508412819947, 53.398840216961418 ], [ -6.394419296434216, 53.398956901449665 ], [ -6.395302585282702, 53.400016626796216 ], [ -6.396823148699709, 53.401112214718239 ], [ -6.39815000582252, 53.401891570333895 ], [ -6.401010382344976, 53.403276685184643 ], [ -6.400453186136716, 53.40441134918138 ], [ -6.399433272862852, 53.405415733029223 ], [ -6.398574349194033, 53.406082255445298 ], [ -6.398569531872618, 53.406302204970004 ], [ -6.398768177493546, 53.406469515810301 ], [ -6.401595277915479, 53.407448608862225 ], [ -6.405032809847413, 53.408343812870804 ], [ -6.414121082469267, 53.40992866799062 ], [ -6.417687400457136, 53.410909307072743 ], [ -6.425328950264288, 53.412199806799514 ], [ -6.428586274676142, 53.412949195000607 ], [ -6.430183739215805, 53.413406593125352 ], [ -6.430284868592629, 53.413554318712663 ], [ -6.430238837837132, 53.413706154708215 ], [ -6.429012223758435, 53.414583028645524 ], [ -6.426511074140862, 53.417051759410612 ], [ -6.42600534245742, 53.417337487365792 ], [ -6.424622870551508, 53.417753079027591 ], [ -6.424288745202108, 53.417980323941485 ], [ -6.424028864432352, 53.418350581940075 ], [ -6.423914320325355, 53.418974771532703 ], [ -6.424042561512398, 53.421160926650245 ], [ -6.424300852624647, 53.421266793081813 ], [ -6.425816714115325, 53.421329895705199 ], [ -6.426631429176196, 53.421351444941628 ], [ -6.426770157910066, 53.421250077597769 ] ] } },
{ "type": "Feature", "properties": { "route": "86", "routes": [ "86", "L25", "L26" ], "category": "radial", "colour": "#9467bd", "route_colour": "#7f7f7f", "pdf_colour": "#66ae3e", "stroke-width": 2, "source": "pdf-future", "phase": "future" }, "geometry": { "type": "LineString", "coordinates": [ [ -6.130274350726086, 53.292439462342969 ], [ -6.129563085787145, 53.292326616489554 ], [ -6.128436657904802, 53.2919497010801 ], [ -6.123553959386964, 53.289944897802002 ], [ -6.123071165836414, 53.290044167069915 ], [ -6.121798104937657, 53.291428990505601 ], [ -6.121939945373724, 53.291663822979288 ], [ -6.122790046698296, 53.292049435139312 ], [ -6.125008591961352, 53.292852375931503 ], [ -6.127563880211114, 53.29332910642205 ], [ -6.128958334512363, 53.293406003767437 ], [ -6.130255102781919, 53.29335627394665 ], [ -6.130495488763907, 53.293193573056477 ], [ -6.130472499071471, 53.292587753385256 ], [ -6.130782383701785, 53.292255830930607 ], [ -6.130647304551075, 53.290252558951309 ], [ -6.130695064155912, 53.289959719370415 ], [ -6.133084459735418, 53.286534699404832 ], [ -6.133426160179695, 53.286512726549269 ], [ -6.134812830692778, 53.286959547417347 ], [ -6.135774024469276, 53.287154030126139 ], [ -6.138449210895318, 53.287295813714458 ], [ -6.147345577651188, 53.284752151286959 ], [ -6.149807538820826, 53.284181047794434 ], [ -6.153709653026587, 53.284833450833368 ], [ -6.155483624699018, 53.284782338159715 ], [ -6.156167766873758, 53.284899468363953 ], [ -6.158003345376891, 53.285658267783326 ], [ -6.159940958287006, 53.286681857647736 ], [ -6.161816950957183, 53.287387707136986 ], [ -6.163141679785984, 53.287755862715699 ], [ -6.164943769718028, 53.287927571413277 ], [ -6.168041938570683, 53.28769740894802 ], [ -6.171607289770264, 53.28784473112443 ], [ -6.173507975863454, 53.288222118690669 ], [ -6.176720920935452, 53.289363470505116 ], [ -6.178294741751083, 53.289580159314887 ], [ -6.179172762273941, 53.289515352205392 ], [ -6.181149418018847, 53.289138484766973 ], [ -6.182610042640683, 53.288755971088683 ], [ -6.183233193110613, 53.288380316337843 ], [ -6.184821693658931, 53.288004186030648 ], [ -6.187188382840187, 53.28774467240995 ], [ -6.190505129507591, 53.287155163678641 ], [ -6.191409553794273, 53.287151075933885 ], [ -6.192196924366108, 53.287260933034737 ], [ -6.192904704221266, 53.287467719583233 ], [ -6.194613099357514, 53.288156131566311 ], [ -6.195152477312408, 53.288262430304648 ], [ -6.19571246661148, 53.288270239589266 ], [ -6.195904837835088, 53.288145282347266 ], [ -6.197180944334015, 53.284451732265929 ], [ -6.197345304005453, 53.28428902117718 ], [ -6.197688881745175, 53.284196073144543 ], [ -6.199498216451181, 53.284093877637616 ], [ -6.201293819515338, 53.283792249329942 ], [ -6.203427729349553, 53.283861695852103 ], [ -6.204935371912349, 53.284008610462841 ], [ -6.207298653065827, 53.284445250119347 ], [ -6.208171480997043, 53.284652400795139 ], [ -6.211003061053849, 53.285575592748032 ], [ -6.212707095727584, 53.285823735510789 ], [ -6.213947669783199, 53.286385733742584 ], [ -6.216993818854637, 53.287025499976906 ], [ -6.22282163647621, 53.289038295736447 ], [ -6.225150876635155, 53.289476035707168 ], [ -6.225854095644458, 53.289363590053803 ], [ -6.226328885948345, 53.289113056288954 ] ] } },
{ "type": "Feature", "properties": { "route": "L62", "routes": [ "L62" ], "category": "spine", "colour": "#d62728", "route_colour": "#3cb44b", "pdf_colour": "#66ae3e", "stroke-width": 2, "source": "pdf-future", "phase": "future", "stroke": "#3cb44b" }, "geometry": { "type": "LineString", "coordinates": [ [ -6.2996108, 53.3724148 ], [ -6.2999273, 53.3723392 ], [ -6.299857, 53.3743286 ], [ -6.2998686, 53.3757673 ], [ -6.3000304, 53.3758302 ], [ -6.3021971, 53.3757169 ], [ -6.304209, 53.3757966 ], [ -6.3065065, 53.3763027 ], [ -6.3076391, 53.3766385 ], [ -6.3092079, 53.3767853 ], [ -6.3093486, 53.3771085 ], [ -6.3111274, 53.3780332 ], [ -6.3138639, 53.3788095 ], [ -6.314687, 53.3792627 ], [ -6.3152709, 53.3799425 ], [ -6.3161998, 53.3812675 ], [ -6.316948, 53.3820092 ], [ -6.3177007, 53.3826092 ], [ -6.3155989, 53.3841733 ], [ -6.3135377, 53.3836908 ], [ -6.3128835, 53.3836195 ], [ -6.3122785, 53.383716 ], [ -6.3121941, 53.3838125 ], [ -6.3127498, 53.3846349 ], [ -6.3126291, 53.38825 ], [ -6.312472, 53.3891867 ], [ -6.3154364, 53.3899243 ], [ -6.3186561, 53.3905799 ], [ -6.3196253, 53.3908615 ], [ -6.3194094, 53.3913415 ], [ -6.3195861, 53.3916693 ], [ -6.3214511, 53.3924888 ], [ -6.3232965, 53.3934019 ], [ -6.3239836, 53.3941394 ], [ -6.3264965, 53.3949004 ], [ -6.3288131, 53.3956028 ], [ -6.331483, 53.397265 ], [ -6.3320473, 53.3976442 ], [ -6.3322682, 53.3980833 ], [ -6.3327653, 53.3981711 ], [ -6.3327837, 53.3984565 ], [ -6.3325812, 53.3985882 ], [ -6.3333632, 53.3995228 ], [ -6.3404696, 53.404506 ], [ -6.3425927, 53.4054129 ], [ -6.3432738, 53.4057422 ], [ -6.3445257, 53.4077836 ], [ -6.3451885, 53.4084969 ], [ -6.3457961, 53.4091993 ], [ -6.3458697, 53.4096821 ], [ -6.3451149, 53.4115477 ], [ -6.3451517, 53.4120525 ], [ -6.3458881, 53.4123927 ], [ -6.3481526, 53.4128097 ], [ -6.3543937, 53.414335 ], [ -6.3565846, 53.4146641 ], [ -6.3573394, 53.4150592 ], [ -6.3593277, 53.4153335 ], [ -6.3606901, 53.4158712 ], [ -6.3615922, 53.4164856 ], [ -6.3619788, 53.417111 ], [ -6.3617211, 53.4207427 ], [ -6.3624575, 53.4232551 ], [ -6.3635437, 53.424056 ], [ -6.36984, 53.4267107 ], [ -6.3703302, 53.4268785 ], [ -6.3708137, 53.4266183 ], [ -6.3715623, 53.4259213 ], [ -6.3721082, 53.4257819 ], [ -6.3730128, 53.4258098 ], [ -6.3734339, 53.4254381 ], [ -6.3740422, 53.4252057 ], [ -6.3746505, 53.4251685 ], [ -6.3755083, 53.4252522 ], [ -6.3771148, 53.4252801 ], [ -6.3774735, 53.42515 ], [ -6.3787056, 53.4234492 ], [ -6.3787524, 53.4229101 ], [ -6.3790955, 53.4226127 ], [ -6.3787836, 53.4222502 ], [ -6.3813726, 53.419341 ], [ -6.3829786, 53.4193176 ], [ -6.3838459, 53.4192881 ], [ -6.3846142, 53.4196425 ], [ -6.3847876, 53.4202333 ], [ -6.3848124, 53.4206763 ], [ -6.3864232, 53.4211784 ], [ -6.387241, 53.421208 ], [ -6.388034, 53.4213557 ], [ -6.3888518, 53.421651 ], [ -6.3895953, 53.4219759 ], [ -6.3900413, 53.4221827 ], [ -6.3906857, 53.4221679 ], [ -6.3918008, 53.4214738 ], [ -6.3930151, 53.4209126 ], [ -6.3935108, 53.4206172 ], [ -6.3935108, 53.4203514 ], [ -6.3934117, 53.420056 ], [ -6.3930151, 53.4198493 ], [ -6.3918752, 53.4197459 ], [ -6.3908096, 53.4197607 ], [ -6.3894714, 53.4197902 ], [ -6.3890005, 53.4194358 ], [ -6.3887279, 53.4188155 ], [ -6.3879597, 53.4184758 ], [ -6.3865471, 53.4180032 ], [ -6.3859276, 53.4169693 ], [ -6.3853328, 53.4164376 ], [ -6.3845894, 53.4162161 ], [ -6.3844654, 53.4158025 ], [ -6.3853576, 53.4149458 ], [ -6.3860019, 53.4143846 ], [ -6.3867949, 53.4138824 ], [ -6.386082026885427, 53.413231057142561 ], [ -6.3826068, 53.4126121 ], [ -6.3740323, 53.4103225 ], [ -6.3695221, 53.4087419 ], [ -6.3694725, 53.4083726 ], [ -6.370439, 53.4077226 ], [ -6.3719718, 53.4061784 ], [ -6.3735331, 53.4034452 ], [ -6.3754165, 53.402086 ], [ -6.3798772, 53.400771 ], [ -6.3812897, 53.4004903 ], [ -6.3866674, 53.3992787 ], [ -6.389889, 53.3982739 ], [ -6.3927637, 53.3969441 ], [ -6.3961805, 53.3950378 ], [ -6.3979648, 53.3938704 ], [ -6.3962796, 53.3930576 ], [ -6.3940493, 53.393028 ], [ -6.3928102, 53.3937078 ], [ -6.3920667, 53.3940625 ], [ -6.3915711, 53.3943433 ] ] } },
{ "type": "Feature", "properties": { "route": "L59", "routes": [ "L59", "W6", "X25", "X27" ], "category": "local", "colour": "#2ca02c", "route_colour": "#e377c2", "pdf_colour": "#66ae3e", "stroke-width": 2, "source": "pdf-future", "phase": "future" }, "geometry": { "type": "LineString", "coordinates": [ [ -6.526728131829819, 53.330064164196308 ], [ -6.526007241502315, 53.330126124955747 ], [ -6.525119046755804, 53.329554440521576 ], [ -6.524783698142554, 53.329487550256303 ], [ -6.52347129317291, 53.330204099763073 ], [ -6.523377622929255, 53.330341671146194 ], [ -6.523536753369688, 53.330527943803681 ], [ -6.523871287418025, 53.330587810075507 ], [ -6.527060232381996, 53.33002693217724 ], [ -6.52746560430422, 53.330131687151706 ], [ -6.528091747303984, 53.330588402537749 ], [ -6.528667580296721, 53.331131817999875 ], [ -6.529196351343508, 53.331866055822431 ], [ -6.531847121219417, 53.336939918164369 ], [ -6.53214256691703, 53.337759016351264 ], [ -6.532388638800154, 53.339726210451573 ], [ -6.532778865254218, 53.340365751939331 ], [ -6.533202644681534, 53.340720080878285 ], [ -6.533825015903898, 53.341054653832323 ], [ -6.541752349947358, 53.344588494231012 ], [ -6.542193116443229, 53.344603153566531 ], [ -6.54310581575001, 53.34409710912638 ], [ -6.545322971549977, 53.343099383633728 ], [ -6.547756028602207, 53.341692223592872 ], [ -6.548696925490943, 53.341406001572821 ], [ -6.549825392524069, 53.341289798495637 ], [ -6.550675196012121, 53.341346287713129 ], [ -6.552356752244823, 53.341687868796136 ], [ -6.558151694532559, 53.343052568719855 ], [ -6.561102020514191, 53.343797838202732 ], [ -6.561315983279503, 53.343915536694915 ], [ -6.561306643640239, 53.344117360308822 ], [ -6.555467195474806, 53.349578870184594 ], [ -6.554886479814169, 53.349938641391766 ], [ -6.554286574567919, 53.350191867961293 ], [ -6.553423184673464, 53.350422119758576 ], [ -6.552569150660468, 53.350525574602109 ], [ -6.552377911291148, 53.350645560032987 ], [ -6.553888560548564, 53.354460836670533 ], [ -6.553948505765039, 53.35510664745631 ], [ -6.553699802079975, 53.355697278032075 ], [ -6.553151355881552, 53.356122925500571 ], [ -6.552261954680009, 53.356504542458659 ], [ -6.551462283101448, 53.356708469814436 ], [ -6.549694067209302, 53.356995817267482 ], [ -6.549373507869135, 53.357088373787683 ], [ -6.549249483042399, 53.357201133897433 ], [ -6.549296366890814, 53.357357428186383 ], [ -6.550482444041753, 53.358429163691078 ], [ -6.5509248638419, 53.359062082896379 ], [ -6.551106771504204, 53.359673106302147 ], [ -6.551069342501367, 53.361201651057719 ], [ -6.551189271840025, 53.361811035135062 ], [ -6.551635780706942, 53.362554100967778 ], [ -6.552738029628329, 53.363542590884421 ], [ -6.552752898223757, 53.363699038718764 ], [ -6.549470341563609, 53.365529885455359 ], [ -6.548435731748239, 53.365879651848751 ], [ -6.547483356727639, 53.366032523756367 ], [ -6.546479332474453, 53.366057985472963 ], [ -6.54517338132168, 53.365925408753405 ], [ -6.540833984759518, 53.364975339557894 ], [ -6.539712344547151, 53.364795619681374 ], [ -6.538497219176601, 53.364746473635343 ], [ -6.536640499191661, 53.364900434336555 ], [ -6.536485141472947, 53.365025370237085 ], [ -6.535749837331505, 53.36703162964691 ], [ -6.535338983857691, 53.367587960863958 ], [ -6.534656278361689, 53.368135100887841 ], [ -6.532838110168528, 53.36917639115542 ], [ -6.531662537184459, 53.370203667242521 ], [ -6.531403735387427, 53.370570952730752 ], [ -6.53120358358631, 53.37064968808815 ], [ -6.529256433486539, 53.370516157234142 ], [ -6.524763725910998, 53.370710434460463 ], [ -6.523819177361542, 53.370567409855177 ], [ -6.522121323786924, 53.369934295932445 ], [ -6.521279088405818, 53.369742959676579 ], [ -6.520195515174609, 53.369750311724594 ], [ -6.518397268032363, 53.370151905070408 ], [ -6.517479049968001, 53.370223651751729 ], [ -6.516569774931193, 53.370108569574853 ], [ -6.514905233152142, 53.369615385364021 ], [ -6.514081870067284, 53.369542589550342 ], [ -6.5134434483466, 53.369625738251841 ], [ -6.511809170307692, 53.370030668235344 ], [ -6.509583652610732, 53.370020820366548 ], [ -6.504041475500963, 53.371126667500619 ], [ -6.50339642734286, 53.371384702137313 ], [ -6.502765445302495, 53.372094266556331 ], [ -6.502532855195895, 53.372189149865257 ], [ -6.500418079232777, 53.371661048903484 ], [ -6.49908142976677, 53.3715166563655 ] ] } },
{ "type": "Feature", "properties": { "route": "C4", "routes": [ "C4", "L58", "X32" ], "category": "spine", "colour": "#d62728", "route_colour": "#4363d8", "pdf_colour": "#66ae3e", "stroke-width": 2, "source": "pdf-future", "phase": "future" }, "geometry": { "type": "LineString", "coordinates": [ [ -6.533302996132806, 53.340783756511208 ], [ -6.533461031358321, 53.340897975018876 ], [ -6.533463618399874, 53.341027088562775 ], [ -6.532776225897725, 53.341411047607444 ], [ -6.532537961221817, 53.341644829437833 ], [ -6.532478004484739, 53.341869322621861 ], [ -6.532666108166342, 53.342964679187077 ], [ -6.532556846738528, 53.344410295643961 ], [ -6.532743614405226, 53.34487539653481 ], [ -6.533396866759954, 53.345819999287855 ], [ -6.533303588028724, 53.345980589070535 ], [ -6.509547349417968, 53.350213935627188 ], [ -6.509495320760183, 53.350365612978074 ], [ -6.509775997581879, 53.350873211758369 ], [ -6.51013422691379, 53.351966065703657 ], [ -6.510709695779208, 53.35267452924186 ], [ -6.511870293649331, 53.35346149149246 ], [ -6.514267856597324, 53.354455232359278 ], [ -6.514410844185553, 53.354571053556008 ], [ -6.514430081553441, 53.354713612048137 ], [ -6.513211903972485, 53.355649729765759 ], [ -6.51297986496731, 53.355950699697949 ], [ -6.51268277635293, 53.356593069027234 ], [ -6.512286869474871, 53.358097126786738 ], [ -6.512032236066956, 53.35857155995123 ], [ -6.511419400334529, 53.359124549431293 ], [ -6.509911049536565, 53.360139022136828 ], [ -6.50946848695623, 53.360570471279246 ], [ -6.508934064192567, 53.361373621520279 ], [ -6.508083969100531, 53.363294816027469 ], [ -6.507751907076359, 53.363633154337613 ], [ -6.506624760760261, 53.364493652554998 ], [ -6.505689624373405, 53.365961439984403 ], [ -6.505029873252493, 53.366397147981189 ], [ -6.502414396908854, 53.367477370410086 ], [ -6.498274919091301, 53.369558647037039 ], [ -6.49825103928888, 53.3697050668275 ], [ -6.498381470716843, 53.369879576548151 ], [ -6.499587789041025, 53.370866817704467 ], [ -6.499452711023556, 53.37120836554768 ], [ -6.49908142976677, 53.3715166563655 ] ] } },
{ "type": "Feature", "properties": { "route": "21", "routes": [ "21", "22", "A4", "L82", "L83", "L85", "N8", "X79" ], "category": "radial", "colour": "#9467bd", "route_colour": "#1f77b4", "pdf_colour": "#66ae3e", "stroke-width": 2, "source": "pdf-future", "phase": "future" }, "geometry": { "type": "LineString", "coordinates": [ [ -6.232579693554854, 53.424637714459578 ], [ -6.232557345429089, 53.424348022275922 ], [ -6.232662936309951, 53.42398668785205 ], [ -6.232997416532408, 53.423859487298635 ], [ -6.243693474852734, 53.425246784457919 ], [ -6.244253611653588, 53.425135556024806 ], [ -6.244679376405806, 53.424809699651888 ], [ -6.244777526284334, 53.424616227169757 ], [ -6.244636558394038, 53.424348406233499 ], [ -6.243340785053268, 53.423452831865085 ], [ -6.238714285615331, 53.42204901280595 ], [ -6.237569290638889, 53.421239455208287 ], [ -6.233484158258026, 53.420018014079609 ], [ -6.23297733551464, 53.420004608603705 ], [ -6.232562714418398, 53.420211718107467 ], [ -6.232440362348787, 53.420601619339905 ], [ -6.232334077586315, 53.421821235488231 ], [ -6.232669075670408, 53.423716755808279 ], [ -6.232557187728721, 53.424543086304212 ], [ -6.23306609532775, 53.426860352377759 ], [ -6.233071313982474, 53.427570738727312 ], [ -6.232783467176484, 53.428544468266928 ], [ -6.231216609351718, 53.430938876452039 ], [ -6.231006358116618, 53.431588544381171 ], [ -6.230944113118825, 53.432202113089829 ], [ -6.231035118509523, 53.433299903151202 ], [ -6.231662584303878, 53.437034799625934 ], [ -6.231911745036772, 53.437939704001636 ], [ -6.232448833408938, 53.439229355923864 ], [ -6.2325649858709, 53.439754610724499 ], [ -6.232563071180694, 53.441869299433009 ], [ -6.232478918296146, 53.44244127433808 ], [ -6.23226632403013, 53.44310388484061 ], [ -6.231932359214054, 53.443703264104187 ], [ -6.23148012856218, 53.444235492849671 ], [ -6.230826127177941, 53.444756382655115 ], [ -6.230044863104476, 53.445209883975423 ], [ -6.230245029825775, 53.446000452937412 ], [ -6.230099390793827, 53.446627821467359 ], [ -6.228029912987819, 53.44964415742519 ], [ -6.227291000246332, 53.450311853434201 ], [ -6.226871758057045, 53.450844954725461 ], [ -6.225329677699233, 53.453853232666411 ], [ -6.225012514866243, 53.45411993987922 ], [ -6.224245228711601, 53.454309718584284 ], [ -6.223999580069896, 53.454482283774375 ], [ -6.223602509797479, 53.456030326150646 ], [ -6.22341832142901, 53.457320907277484 ], [ -6.223278118055024, 53.457629308013409 ], [ -6.222951196685247, 53.457886753964999 ], [ -6.221869302254777, 53.458322300106431 ], [ -6.221514131365804, 53.458550989064669 ], [ -6.221392667139841, 53.458793862368701 ], [ -6.221492248597812, 53.459302673269946 ], [ -6.221421231682072, 53.459415835090716 ], [ -6.220099076485586, 53.459668964773705 ], [ -6.220066172066936, 53.460610423906765 ], [ -6.219819622172346, 53.461422188743086 ], [ -6.217009641967342, 53.465582345140092 ], [ -6.215227007161968, 53.4678520043988 ], [ -6.211955640240349, 53.471377739565277 ], [ -6.210703138748526, 53.472855138974033 ] ] } },
{ "type": "Feature", "properties": { "route": "20", "routes": [ "20", "21", "22", "A4", "L81", "N8", "X77", "X78", "X79", "X83" ], "category": "radial", "colour": "#9467bd", "route_colour": "#98df8a", "pdf_colour": "#66ae3e", "stroke-width": 2, "source": "pdf-future", "phase": "future" }, "geometry": { "type": "LineString", "coordinates": [ [ -6.149616029570328, 53.412408814948058 ], [ -6.147792735454027, 53.41224454819713 ], [ -6.1441354957417, 53.412091794517714 ], [ -6.143277911676135, 53.411989083415634 ], [ -6.142387465308279, 53.411729448545152 ], [ -6.141930709505596, 53.411676353001873 ], [ -6.14162254258172, 53.411754232055728 ], [ -6.138742346805428, 53.413387648503004 ], [ -6.134012000067377, 53.416212562083594 ], [ -6.133876959633593, 53.416666150091856 ], [ -6.127948305561503, 53.422323369717567 ], [ -6.125269912624268, 53.425101522210468 ], [ -6.124879613458094, 53.42578844255582 ], [ -6.124590953031507, 53.426944214227966 ], [ -6.124886670502558, 53.427110091222502 ], [ -6.127435441288682, 53.427341563639445 ], [ -6.130256466752318, 53.42771828546455 ], [ -6.130469747156619, 53.427823961711375 ], [ -6.130648273609624, 53.4281467949587 ], [ -6.130895896999951, 53.428353414552539 ], [ -6.131344481657017, 53.428526335937704 ], [ -6.131768301878673, 53.428576559634465 ], [ -6.140673644335412, 53.4281518753656 ], [ -6.143974815494232, 53.42777302845699 ], [ -6.145803752639767, 53.427837409492099 ], [ -6.148076449188703, 53.427765476214383 ], [ -6.150313560979236, 53.427828649283541 ], [ -6.153731015859603, 53.427780992797658 ], [ -6.153916300953933, 53.427923941857863 ], [ -6.154343178674207, 53.429106642332172 ], [ -6.154227077771791, 53.429373665890054 ], [ -6.153679489765579, 53.430069430487777 ], [ -6.153416691255663, 53.430814742464868 ], [ -6.153012863475164, 53.434887488850734 ], [ -6.153024017896346, 53.435865125582296 ], [ -6.153334029253577, 53.436549561816278 ], [ -6.154444563015951, 53.43794341251224 ], [ -6.154761719427632, 53.438508996113953 ], [ -6.155106222783607, 53.440536814014493 ], [ -6.15626023293324, 53.443955522187835 ], [ -6.156666001467177, 53.444045282406577 ], [ -6.166387583673508, 53.44286591630334 ], [ -6.178649483926176, 53.44707860335479 ], [ -6.179170376942273, 53.447316459331759 ], [ -6.179822933904449, 53.447757867771998 ], [ -6.180048591427163, 53.447962906018283 ], [ -6.180341369816563, 53.448466823486434 ], [ -6.180596783982986, 53.44864363865431 ], [ -6.183551944472546, 53.449433051398643 ], [ -6.184250863833147, 53.44940752244694 ], [ -6.184701604547025, 53.44919636655937 ], [ -6.186708573891751, 53.446992661940023 ], [ -6.187235544510178, 53.446244333825277 ], [ -6.188124589894346, 53.445573606380719 ], [ -6.18897306567744, 53.444545681361326 ], [ -6.189278550939542, 53.444455727180539 ], [ -6.194970531126627, 53.446195835955834 ], [ -6.196548330146615, 53.446564683149838 ], [ -6.198161814588843, 53.446832438550707 ], [ -6.206317468552715, 53.447785413587944 ], [ -6.213249105111404, 53.448495939884573 ], [ -6.222000512174607, 53.449163567336157 ], [ -6.222598113862267, 53.449413455757075 ], [ -6.223153970089571, 53.450031369063751 ], [ -6.223608087857778, 53.450335482615891 ], [ -6.225422969650781, 53.451044717469408 ], [ -6.227417009642576, 53.451485595583087 ], [ -6.227607397807616, 53.451435612119695 ], [ -6.228132527769965, 53.450681233221097 ], [ -6.228913695334573, 53.449966638065789 ], [ -6.229025569867021, 53.449632479287679 ], [ -6.229950112377306, 53.449283803009905 ], [ -6.230800588405483, 53.448444996998077 ], [ -6.231113192281257, 53.448237189835417 ], [ -6.232531106543085, 53.447767516389177 ], [ -6.233543845111064, 53.447299130231244 ], [ -6.234894880250513, 53.447277845213712 ], [ -6.239087166728963, 53.44766282713875 ], [ -6.242689662315323, 53.448599407381039 ], [ -6.244895511281955, 53.448936849726344 ], [ -6.246362069403919, 53.449426797963319 ], [ -6.247158532393725, 53.449608920740225 ], [ -6.248196121707387, 53.449600352416276 ], [ -6.24893690343437, 53.449315839792696 ], [ -6.249352628999797, 53.448915692002195 ], [ -6.249622373125144, 53.448361630537335 ], [ -6.249915597608239, 53.447108945659757 ], [ -6.250213806934001, 53.446348564703911 ], [ -6.25005762161883, 53.445975304543538 ], [ -6.249732263465781, 53.445757625715331 ], [ -6.24926426239897, 53.445600196361433 ], [ -6.246278483862838, 53.444985034973548 ], [ -6.245008450055718, 53.444591316636689 ], [ -6.243074100504558, 53.443557809590786 ], [ -6.242401116339354, 53.443018826925588 ], [ -6.242195546444488, 53.44269727907794 ], [ -6.242339960890567, 53.442570053028099 ], [ -6.244690388424954, 53.441752914480716 ], [ -6.24721095501889, 53.44044110159561 ], [ -6.248460433951746, 53.439531820892888 ], [ -6.254504770217657, 53.435552246530641 ], [ -6.25466867435221, 53.435255476527644 ], [ -6.254461864951294, 53.434564766840666 ], [ -6.254119575821908, 53.434268612907886 ], [ -6.251972686208308, 53.433101439404481 ], [ -6.251437262283323, 53.432543087167495 ], [ -6.251197911646761, 53.43243972241153 ], [ -6.25025969547548, 53.432548953432509 ], [ -6.24831314104875, 53.433073668463535 ], [ -6.24731967459939, 53.433229454900662 ], [ -6.246015147093811, 53.433269976341769 ], [ -6.243506584992096, 53.433144604168447 ], [ -6.241713147239015, 53.432797062766831 ], [ -6.239654889767142, 53.431985357044638 ], [ -6.238771414511173, 53.431726906910001 ], [ -6.237458687530562, 53.431510121591366 ], [ -6.235048836607385, 53.431321337248626 ], [ -6.233584801502511, 53.430849462040861 ], [ -6.232509677233964, 53.43023482002539 ], [ -6.232337376451691, 53.429979174879875 ], [ -6.233194905180433, 53.428533343119483 ], [ -6.233389204692409, 53.42795727914762 ], [ -6.233476626035204, 53.427337373905821 ], [ -6.233417389620518, 53.426702585715027 ], [ -6.232938107405612, 53.424551160940958 ], [ -6.233048260454343, 53.423714781059651 ], [ -6.232715103026326, 53.42182531152347 ], [ -6.232830019570594, 53.420581915292246 ], [ -6.232967647045931, 53.420257440827861 ], [ -6.233406657307359, 53.420225037273106 ], [ -6.237382542047345, 53.421416579355594 ], [ -6.23815553393367, 53.422032233108666 ], [ -6.238517619842314, 53.422222873594286 ], [ -6.243077883046562, 53.423596930910435 ], [ -6.244306002550054, 53.424440698345876 ], [ -6.244395532734014, 53.424573111888087 ], [ -6.243988015897885, 53.424965474001802 ], [ -6.243664198298056, 53.425029934548178 ], [ -6.233400904171256, 53.42369509835347 ], [ -6.233090209130998, 53.423792917533376 ], [ -6.232984163657569, 53.424209259169018 ] ] } },
{ "type": "Feature", "properties": { "route": "H2", "routes": [ "H2", "L81", "X78" ], "category": "spine", "colour": "#d62728", "route_colour": "#f032e6", "pdf_colour": "#66ae3e", "stroke-width": 2, "source": "pdf-future", "phase": "future" }, "geometry": { "type": "LineString", "coordinates": [ [ -6.142736909690702, 53.411830723535132 ], [ -6.142552078244621, 53.411443701137145 ], [ -6.142334994522845, 53.41125489526398 ], [ -6.141211412046254, 53.410846043923897 ], [ -6.140065478233241, 53.410563645807407 ], [ -6.139443191432514, 53.41018806074694 ], [ -6.13872566739413, 53.409668907345399 ], [ -6.137472057466918, 53.408427326840389 ], [ -6.136698434212505, 53.407419519289199 ], [ -6.136279327815478, 53.406548133136013 ], [ -6.136140267816375, 53.405981258091003 ], [ -6.136110559332635, 53.405062151238674 ], [ -6.135915286044439, 53.404464779208112 ], [ -6.134141753855471, 53.401435826654037 ], [ -6.129883768457668, 53.397407833934089 ], [ -6.129141383475011, 53.396504889009115 ], [ -6.128486983023801, 53.395490231407038 ], [ -6.128148142338833, 53.395177162740126 ], [ -6.125645325629896, 53.393208297960236 ], [ -6.124049867756626, 53.392107728028506 ], [ -6.123224671381315, 53.391385656742422 ], [ -6.122708256111455, 53.390713767414447 ], [ -6.12216049265174, 53.390168093343057 ], [ -6.120317675795952, 53.388850907313646 ], [ -6.117733922723469, 53.387597152528855 ], [ -6.114879196218179, 53.386452271058999 ], [ -6.113508477428222, 53.385931846233639 ], [ -6.1131472121281, 53.385899282712167 ], [ -6.112935355370993, 53.385966704626043 ] ] } },
{ "type": "Feature", "properties": { "route": "57", "routes": [ "57", "60", "9", "C1", "C3", "C4", "D3", "G1", "L53", "L54", "W4", "X25", "X26", "X30", "X31", "X32" ], "category": "radial", "colour": "#9467bd", "route_colour": "#c5b0d5", "pdf_colour": "#66ae3e", "stroke-width": 2, "source": "pdf-future", "phase": "future" }, "geometry": { "type": "LineString", "coordinates": [ [ -6.491363186963629, 53.36911674094371 ], [ -6.490928761155882, 53.368900178671936 ], [ -6.489528637384618, 53.368924166692722 ], [ -6.488734723852679, 53.368759117294658 ], [ -6.48847734702486, 53.368505223284274 ], [ -6.488635798692634, 53.367279984503888 ], [ -6.488575231928958, 53.367149337394721 ], [ -6.486490418092185, 53.366433963180747 ], [ -6.46887022710672, 53.361934498475271 ], [ -6.467277278841298, 53.361344173290576 ], [ -6.463488146847825, 53.359748427779529 ], [ -6.462049628607451, 53.359673365990929 ], [ -6.459745586134995, 53.359266302991976 ], [ -6.457349483095866, 53.359351978110141 ], [ -6.454610443883689, 53.359846728748479 ], [ -6.451718663645784, 53.360178383773587 ], [ -6.447218820270058, 53.360226421195627 ], [ -6.446047389612017, 53.360378500824147 ], [ -6.445145955022213, 53.360647760327772 ], [ -6.444216689810731, 53.361099347713257 ], [ -6.442986573461734, 53.361806069559485 ], [ -6.441447889422174, 53.362832744496551 ], [ -6.44046357941525, 53.363171837124405 ], [ -6.439118802430923, 53.363410363564093 ], [ -6.43750436196561, 53.363405674858235 ], [ -6.432648931069725, 53.362866104830097 ], [ -6.428288662532853, 53.362780786096067 ], [ -6.426848741986771, 53.362569639651703 ], [ -6.426530328504831, 53.362354145209729 ], [ -6.426063328410419, 53.361402464637372 ], [ -6.424756632194185, 53.360352547498508 ], [ -6.422765723735138, 53.358923406669994 ], [ -6.422185003352909, 53.358337847247171 ], [ -6.421535770941195, 53.357430363762148 ], [ -6.421446115918959, 53.356659723783316 ], [ -6.421599179711044, 53.355789466651451 ], [ -6.421917630210049, 53.354944591347234 ], [ -6.427610308811114, 53.344026292975002 ], [ -6.427581836622767, 53.343892493369268 ], [ -6.424932025980752, 53.343434270103337 ], [ -6.422257768192692, 53.342841353344411 ], [ -6.416729398647536, 53.342404026038842 ], [ -6.416225463992875, 53.342432711642083 ], [ -6.415363787649887, 53.342635999319846 ], [ -6.414239458410121, 53.34308742900496 ], [ -6.413946192566065, 53.343471809213497 ], [ -6.413372056127202, 53.344793090542204 ], [ -6.413253008210884, 53.344868969350969 ], [ -6.412923467315162, 53.344847248438313 ], [ -6.410651962867699, 53.344268985915619 ], [ -6.407629082250063, 53.343921937256901 ], [ -6.407410210753771, 53.343725081299119 ], [ -6.407234649256577, 53.34189079801655 ], [ -6.407073399776397, 53.341028232885598 ], [ -6.405718198325242, 53.338181404997101 ], [ -6.404979234779606, 53.336090135077107 ], [ -6.404627022802833, 53.334656321029399 ], [ -6.404382507715125, 53.333046292963836 ], [ -6.4040177293795, 53.331747193750587 ], [ -6.403467417783933, 53.330390168641095 ], [ -6.402799878530956, 53.329267125745332 ], [ -6.402286391199842, 53.328144156128296 ], [ -6.402010995168694, 53.328079851960247 ], [ -6.401251372685538, 53.328206811335974 ], [ -6.396499748862198, 53.330209874999845 ], [ -6.394019249872196, 53.330914535031759 ], [ -6.39376617968101, 53.330913843416489 ], [ -6.393175183089279, 53.33045205555549 ], [ -6.392794745767755, 53.329593696397353 ], [ -6.39276010400089, 53.328974563981788 ], [ -6.39303022282984, 53.327196084345061 ], [ -6.392979397416435, 53.326810605710939 ], [ -6.392836170916857, 53.326514715241657 ], [ -6.392574838170489, 53.326334742477947 ], [ -6.391412922038598, 53.32635402725041 ], [ -6.390729208015646, 53.326182889484798 ], [ -6.390354189732187, 53.325913879657712 ], [ -6.389885349926018, 53.325145214427486 ], [ -6.389524041942921, 53.325038623896241 ], [ -6.389135845007677, 53.32515440014366 ], [ -6.388628194290133, 53.325626142392125 ], [ -6.388453341783655, 53.325958635401037 ], [ -6.388511958917476, 53.32650337573515 ], [ -6.388453176717661, 53.326796924117851 ], [ -6.387880791791644, 53.327219937706843 ], [ -6.387150239436211, 53.32753373104007 ], [ -6.385556185379587, 53.327930721801359 ], [ -6.384457122005752, 53.328296789691649 ], [ -6.380706066058927, 53.329762121150331 ], [ -6.379849689392717, 53.328895174781984 ], [ -6.378796948000668, 53.328115066737254 ], [ -6.375518423937224, 53.326162697416301 ], [ -6.373156581162198, 53.324612706543405 ], [ -6.373171226144153, 53.324475045639346 ], [ -6.37421087406145, 53.323632240081665 ], [ -6.37494898054797, 53.322503361516645 ], [ -6.374901921812672, 53.322278038469825 ], [ -6.374283453627295, 53.321871543569891 ], [ -6.373698133493511, 53.321648989439424 ], [ -6.36969918955963, 53.320761944111567 ], [ -6.369499433425906, 53.320636618587258 ], [ -6.36901294364302, 53.319854481968036 ], [ -6.368718997704292, 53.31962162839794 ], [ -6.367449712171287, 53.319729105073115 ], [ -6.366105625857918, 53.319525495195599 ] ] } },
{ "type": "Feature", "properties": { "route": "C1", "routes": [ "C1", "C2", "D1", "G2", "L51", "L53", "L54" ], "category": "spine", "colour": "#d62728", "route_colour": "#4363d8", "pdf_colour": "#66ae3e", "stroke-width": 2, "source": "pdf-future", "phase": "future" }, "geometry": { "type": "LineString", "coordinates": [ [ -6.466792390047146, 53.341175301040074 ], [ -6.466745536416787, 53.341774271604727 ], [ -6.466581467593938, 53.341925986539302 ], [ -6.466317655457778, 53.341991033882159 ], [ -6.464806549152686, 53.341975073471389 ], [ -6.46252982340647, 53.342274979917654 ], [ -6.45941515172926, 53.342372659716965 ], [ -6.458697444494047, 53.342238636120079 ], [ -6.457679384341182, 53.342567832907946 ], [ -6.456056799171036, 53.342681970393564 ], [ -6.45452211920999, 53.342687394153224 ], [ -6.453249045657389, 53.342597701736246 ], [ -6.452821370181018, 53.342655413839886 ], [ -6.4524920158817, 53.343988171411823 ], [ -6.451819393011012, 53.348011793470839 ], [ -6.45168860349934, 53.34815338479698 ], [ -6.451410981343306, 53.34821106441624 ], [ -6.446595612574367, 53.348085698475451 ], [ -6.445832345418419, 53.348123530322553 ], [ -6.446209227021461, 53.347641326779119 ], [ -6.446815261429586, 53.347194194476366 ], [ -6.447055402456616, 53.346700371342898 ], [ -6.446962506361234, 53.346165728176416 ], [ -6.446191011400838, 53.345569120662169 ], [ -6.445002518884573, 53.344853445778718 ], [ -6.44251496096147, 53.343858324891997 ], [ -6.439908795361058, 53.343187181194097 ], [ -6.438160865591468, 53.34285884977529 ], [ -6.436465542966186, 53.342772994104479 ], [ -6.434987785096029, 53.342819937444688 ], [ -6.433237457147626, 53.343111759433292 ], [ -6.431161947821694, 53.343633063603598 ], [ -6.429260707416422, 53.343465734821372 ], [ -6.425029290281968, 53.342782614016357 ], [ -6.423279844133599, 53.342776355105833 ], [ -6.417569046042772, 53.342277182624834 ], [ -6.416262397231108, 53.342246623125753 ], [ -6.414943209445695, 53.342538844936726 ], [ -6.414064883720691, 53.34291775379225 ], [ -6.413700669140336, 53.343299257054966 ], [ -6.41315990663287, 53.344493376358258 ], [ -6.412948489170452, 53.344619830526199 ], [ -6.410495228339743, 53.344067771383962 ], [ -6.407704330635065, 53.343837897501096 ], [ -6.407454175917703, 53.34406736344058 ], [ -6.4067886070696, 53.346689682091785 ], [ -6.40465619756104, 53.353673741275941 ], [ -6.404324797689632, 53.356331908149023 ], [ -6.404027336071361, 53.356421074205677 ], [ -6.396160319492874, 53.356052935435926 ], [ -6.395919499315488, 53.356118590916743 ], [ -6.39531644251702, 53.356528789036958 ], [ -6.393438812973685, 53.357435460034623 ] ] } },
{ "type": "Feature", "properties": { "route": "10", "routes": [ "10", "21", "6", "60", "72", "73", "78", "8", "97", "L91" ], "category": "radial", "colour": "#9467bd", "route_colour": "#ffbb78", "pdf_colour": "#66ae3e", "stroke-width": 2, "source": "pdf-future", "phase": "future" }, "geometry": { "type": "LineString", "coordinates": [ [ -6.250835116178514, 53.349487128049148 ], [ -6.250277163763891, 53.349591411811147 ], [ -6.249235831946566, 53.350044036430717 ], [ -6.248505014239005, 53.350178760141738 ], [ -6.248036728367216, 53.350183379912757 ], [ -6.246921725735176, 53.349941813916523 ], [ -6.246628844415613, 53.350009093427907 ], [ -6.246263807338091, 53.349854387474437 ], [ -6.24672583732109, 53.349027314748 ], [ -6.247560408464089, 53.348109060421962 ], [ -6.247787550825506, 53.34803103896563 ], [ -6.249509276270298, 53.347988547875197 ], [ -6.250076064627332, 53.348495711515781 ], [ -6.252570053892726, 53.351554724027046 ], [ -6.252776817777706, 53.351604208326243 ], [ -6.254035196677441, 53.351417415540794 ], [ -6.254787573064617, 53.352358638028846 ], [ -6.252407578126965, 53.352969922820691 ], [ -6.249993526896901, 53.353696347392585 ], [ -6.247373892362735, 53.354593395834634 ], [ -6.246045635389475, 53.355228497726451 ], [ -6.24553216486718, 53.35535296468084 ], [ -6.245150102193102, 53.35523682203975 ], [ -6.236900091469441, 53.349341624243294 ], [ -6.236305097220507, 53.349068796745172 ], [ -6.235690089566772, 53.348947493052513 ], [ -6.222191996873719, 53.347789187976232 ], [ -6.221559915841155, 53.34767043374147 ], [ -6.221453148534394, 53.347584580714695 ], [ -6.221450739023755, 53.345935940610154 ], [ -6.221802520771178, 53.344889876270763 ], [ -6.222144162290284, 53.344718849745277 ], [ -6.222551130857944, 53.344687599386283 ], [ -6.22699329839168, 53.345118204312193 ], [ -6.227149223454016, 53.34527438169512 ], [ -6.227195631368374, 53.345448669690931 ], [ -6.226947271602383, 53.348182058508243 ] ] } },
{ "type": "Feature", "properties": { "route": "D2", "routes": [ "D2", "L44" ], "category": "spine", "colour": "#d62728", "route_colour": "#f58231", "pdf_colour": "#66ae3e", "stroke-width": 2, "source": "pdf-future", "phase": "future" }, "geometry": { "type": "LineString", "coordinates": [ [ -6.467986118590103, 53.223239631655595 ], [ -6.467044131585738, 53.223415786370559 ], [ -6.465757255945512, 53.22384791145268 ], [ -6.464985491100316, 53.224282657382751 ], [ -6.464467404584266, 53.224695102969342 ], [ -6.461764712002775, 53.227219524251524 ], [ -6.459936422089825, 53.228605667459931 ], [ -6.458708120522746, 53.230491849651628 ], [ -6.457828253866821, 53.231571962917826 ], [ -6.452737007089217, 53.236544084723405 ], [ -6.452155350703374, 53.237052883159734 ], [ -6.449979114278247, 53.238545863742971 ], [ -6.448300202690255, 53.239276727533088 ], [ -6.446887641175691, 53.240829921328974 ], [ -6.445831201096195, 53.242912716412143 ], [ -6.44551751088207, 53.243766720773692 ], [ -6.445771154460492, 53.244199578643126 ], [ -6.4469064099753, 53.24564210001769 ], [ -6.447186468460452, 53.24624871706731 ], [ -6.447135523496986, 53.247342752537811 ], [ -6.447354382528358, 53.2482208463394 ], [ -6.447339341501308, 53.249545911910417 ], [ -6.448065957579968, 53.251120674773283 ], [ -6.448308432572571, 53.253034755199479 ], [ -6.44834560528877, 53.254201145866944 ], [ -6.447910942080615, 53.255165990359849 ], [ -6.445039990567973, 53.258681309180687 ], [ -6.444839696364363, 53.258841069100555 ], [ -6.443790917501093, 53.259310502691129 ], [ -6.443429424999152, 53.260383319623791 ], [ -6.44286912029935, 53.260765638395746 ], [ -6.44222253026601, 53.261535811317103 ], [ -6.441386966838256, 53.261810814513815 ], [ -6.441203090093244, 53.261955003080082 ], [ -6.440903717373123, 53.262759368652731 ], [ -6.44090790578171, 53.263697807493152 ], [ -6.440798428106058, 53.264206090523111 ], [ -6.439785882555796, 53.265196664351059 ], [ -6.439066979630756, 53.267112325747128 ], [ -6.438457878092046, 53.267675417494125 ], [ -6.437939888084857, 53.26834895691573 ], [ -6.436921432264596, 53.268882214585325 ], [ -6.436351142203883, 53.269377308764902 ], [ -6.436028050592361, 53.269716884692443 ], [ -6.435677330631147, 53.270495883735322 ], [ -6.435448660748049, 53.270782937884505 ], [ -6.434302409267969, 53.271495879357857 ], [ -6.4328948125766, 53.272710085911307 ], [ -6.431198119752307, 53.273621542690314 ], [ -6.430639920116393, 53.273999915742287 ], [ -6.428771676672578, 53.275535054639803 ], [ -6.42699683812029, 53.276753552532007 ], [ -6.424804021436905, 53.278495181652438 ], [ -6.424266692453681, 53.278803081902154 ], [ -6.423804521390208, 53.278916901531794 ], [ -6.419548864103289, 53.279301513097259 ], [ -6.418047850810869, 53.279546910929319 ], [ -6.417072627178306, 53.279807216262505 ], [ -6.415655861957277, 53.280536010683775 ], [ -6.414817833493289, 53.280752928395245 ], [ -6.410463365686017, 53.280372659917134 ], [ -6.406509180139495, 53.279797907219312 ], [ -6.39920115132106, 53.279059419041403 ], [ -6.397338908423566, 53.279006161265073 ], [ -6.395965336862231, 53.279160897058901 ], [ -6.394834575524778, 53.27951512269 ], [ -6.393279255512444, 53.280225247087003 ], [ -6.392716163387743, 53.280599489333547 ], [ -6.392175768218253, 53.281212415153519 ], [ -6.391395751960781, 53.281580919750617 ], [ -6.382961885644976, 53.284300872685336 ], [ -6.379391494643757, 53.286424211117719 ], [ -6.378471675778985, 53.286859042413738 ], [ -6.377371956484919, 53.287212088408282 ], [ -6.376057793392193, 53.287503442772774 ], [ -6.373037058255084, 53.28783168693716 ], [ -6.372739189826516, 53.288011874060061 ], [ -6.3726621810521, 53.288275930206865 ], [ -6.370898547347299, 53.28891952336663 ], [ -6.370018295600262, 53.289144327418718 ], [ -6.368789234049543, 53.289243864871708 ], [ -6.368691385218189, 53.289350314889099 ], [ -6.368754507483349, 53.289649088347822 ] ] } },
{ "type": "Feature", "properties": { "route": "35", "routes": [ "35", "L61", "L62", "N4", "X61" ], "category": "radial", "colour": "#9467bd", "route_colour": "#bcbd22", "pdf_colour": "#66ae3e", "stroke-width": 2, "source": "pdf-future", "phase": "future" }, "geometry": { "type": "LineString", "coordinates": [ [ -6.373067343717277, 53.388385643238195 ], [ -6.37420920659435, 53.389011053639422 ], [ -6.374317777917825, 53.389179983410969 ], [ -6.372808385730822, 53.390309468791941 ], [ -6.372184379901636, 53.390982204791541 ], [ -6.372214481219815, 53.391130052384149 ], [ -6.372764227738097, 53.39160075267695 ], [ -6.372838923699656, 53.392104903957147 ], [ -6.374015379994702, 53.392141023008165 ], [ -6.377340983001687, 53.392010909058349 ], [ -6.37881348935503, 53.392086869833484 ], [ -6.379600907709137, 53.392232740788849 ], [ -6.380348642039477, 53.392479597774226 ], [ -6.381074416545818, 53.392875926382757 ], [ -6.381173202891725, 53.39303659454346 ], [ -6.381137903882617, 53.39319871789143 ], [ -6.378627070329006, 53.394709857814149 ], [ -6.375298469504119, 53.397184712264135 ], [ -6.373151750811353, 53.39846940049641 ], [ -6.37035583596854, 53.399752923067979 ], [ -6.365000930788939, 53.401683009987657 ], [ -6.363429759717313, 53.402500752895698 ], [ -6.362163984386857, 53.403307566884692 ], [ -6.361883233908731, 53.403937363811515 ], [ -6.358951847269694, 53.406144627359978 ], [ -6.359064708043284, 53.40630266674048 ], [ -6.361136448047073, 53.407209762301434 ], [ -6.362747251960771, 53.409810262397876 ], [ -6.36385335991415, 53.411447081018096 ], [ -6.364270438680999, 53.411941281688108 ], [ -6.36476709192233, 53.412263526250328 ], [ -6.365837418322311, 53.412756999043388 ], [ -6.366957792210147, 53.413551900516183 ], [ -6.367648620691799, 53.413832264581181 ], [ -6.367962664456962, 53.413872582239364 ], [ -6.368224873904073, 53.413792487259208 ], [ -6.368934569016056, 53.413056995010429 ], [ -6.369792291706833, 53.412322417046063 ], [ -6.371309121685516, 53.411441215130637 ], [ -6.37223670809626, 53.410561433651715 ], [ -6.372476495194555, 53.41015663228378 ], [ -6.372676386176215, 53.408688404237651 ], [ -6.372913126541098, 53.408247509692863 ], [ -6.373135550356295, 53.408045320062968 ], [ -6.374319751911503, 53.407410409300226 ], [ -6.374896674453248, 53.406891482156176 ], [ -6.375497163663013, 53.406011051744983 ], [ -6.376534419256183, 53.403783698868942 ], [ -6.377052055334637, 53.403199181212848 ], [ -6.377658433472914, 53.402739053455129 ], [ -6.378434482668934, 53.402331430289259 ], [ -6.37876852454102, 53.402334263607791 ], [ -6.379609943090876, 53.403123787403473 ], [ -6.380597177448197, 53.403733103679087 ], [ -6.380823860117753, 53.40374810258978 ], [ -6.380904656911769, 53.403681215535158 ], [ -6.380873730830091, 53.403602370259634 ], [ -6.379636979544804, 53.402782382907077 ], [ -6.379125446565143, 53.402190650695083 ], [ -6.379152383299559, 53.402004297770929 ], [ -6.379893746723724, 53.401697792838981 ], [ -6.380728067434775, 53.401469773210195 ], [ -6.387026069753838, 53.400304890044772 ], [ -6.387544823333018, 53.400018506169374 ], [ -6.390917793488102, 53.399383468113108 ], [ -6.392630842579485, 53.398912597843797 ], [ -6.394288798148832, 53.398104152836346 ], [ -6.399075633726691, 53.395412779552963 ], [ -6.397733303647764, 53.395256232565728 ], [ -6.396541375340924, 53.396031988269122 ], [ -6.395461647165849, 53.396007430827289 ] ] } },
{ "type": "Feature", "properties": { "route": "37", "routes": [ "37", "B2", "L61", "L64", "N4", "W4", "X61" ], "category": "radial", "colour": "#9467bd", "route_colour": "#8c564b", "pdf_colour": "#66ae3e", "stroke-width": 2, "source": "pdf-future", "phase": "future" }, "geometry": { "type": "LineString", "coordinates": [ [ -6.371639929471633, 53.385545908466895 ], [ -6.372132693085216, 53.385447903257194 ], [ -6.37331522754921, 53.385670248127731 ], [ -6.375075508940753, 53.38628800732242 ], [ -6.377100410989762, 53.386696690196928 ], [ -6.378296893721147, 53.387072457509902 ], [ -6.381186053677708, 53.388428323191079 ], [ -6.381970570533847, 53.389024274785093 ], [ -6.38271697961449, 53.389737259696822 ], [ -6.383114275011318, 53.389844802096185 ], [ -6.383856824115647, 53.389720392178333 ], [ -6.384268229635204, 53.389559213710555 ], [ -6.386657601229186, 53.387685735558577 ], [ -6.387905997034348, 53.387006506647502 ], [ -6.391561081445261, 53.38557665002913 ], [ -6.395553129245696, 53.384530837254758 ], [ -6.39657029135633, 53.384424694705856 ], [ -6.397943467250274, 53.384474019793743 ], [ -6.400501290982045, 53.3842875854697 ], [ -6.403123221331479, 53.384513990510975 ], [ -6.406003916838577, 53.384450136024981 ], [ -6.409143793190207, 53.384723252294137 ], [ -6.411270546827066, 53.384798511633122 ], [ -6.411496219647658, 53.384889510413572 ], [ -6.411612423102545, 53.385034633661455 ], [ -6.411829728171454, 53.386122759806263 ], [ -6.412562183507718, 53.387703679216095 ], [ -6.412699297087617, 53.388268502078773 ], [ -6.412568572544731, 53.388710200045587 ], [ -6.411966739954432, 53.389603599470959 ], [ -6.411672756998636, 53.390431115647054 ], [ -6.411463107480189, 53.391890082431949 ], [ -6.411507623745547, 53.392438451196668 ], [ -6.411607293780127, 53.392679170710224 ], [ -6.411992530292231, 53.392864421431518 ], [ -6.412432027630619, 53.392927063985347 ], [ -6.41473397750411, 53.392656834860453 ], [ -6.415765304507673, 53.392658104395615 ], [ -6.419890176060195, 53.393171348660275 ], [ -6.420811902438468, 53.393420807040769 ], [ -6.421427091022696, 53.393762192462013 ], [ -6.421830280447328, 53.394252024359567 ], [ -6.421946586454682, 53.394809294413172 ], [ -6.42180400114408, 53.395812875216706 ], [ -6.421365534618449, 53.396694590083257 ], [ -6.417283526971477, 53.401595372017809 ], [ -6.416639479408077, 53.402042499221274 ], [ -6.415839311498292, 53.402416472905038 ], [ -6.414821446629476, 53.402662645829679 ], [ -6.413912828457216, 53.402749651674547 ], [ -6.412972770685537, 53.402663765785675 ], [ -6.412236075192369, 53.402491226658675 ], [ -6.409296955002543, 53.401360118569329 ], [ -6.404698404036629, 53.400072078968286 ], [ -6.403974575949489, 53.399677802542072 ], [ -6.403592972022951, 53.399279573407966 ], [ -6.403406214554838, 53.398738446206558 ], [ -6.403475760041114, 53.398416172370609 ], [ -6.404014105294614, 53.397199981436557 ], [ -6.404030403958548, 53.396697236617065 ], [ -6.403911575878422, 53.396310959660227 ], [ -6.403365541268049, 53.395624282003482 ], [ -6.402336368432659, 53.39486080294359 ], [ -6.402072807672765, 53.394424681715222 ], [ -6.401576498161588, 53.394089441698029 ], [ -6.401411221372763, 53.3938329819876 ], [ -6.401177032732087, 53.393685738377968 ], [ -6.396081057209525, 53.39331486714228 ], [ -6.395673655390788, 53.393438138217924 ], [ -6.394002620889164, 53.39447631772763 ], [ -6.393982846395711, 53.394807910805682 ] ] } },
{ "type": "Feature", "properties": { "route": "57", "routes": [ "57", "60", "D3", "L54", "W6", "X55" ], "category": "radial", "colour": "#9467bd", "route_colour": "#c5b0d5", "pdf_colour": "#662484", "stroke-width": 2, "source": "pdf-future", "phase": "future" }, "geometry": { "type": "LineString", "coordinates": [ [ -6.466622380735185, 53.303050476714795 ], [ -6.467232989398404, 53.302430404896043 ], [ -6.467710432090326, 53.301625747530487 ], [ -6.467779549424815, 53.301357481255927 ], [ -6.467706136974297, 53.300502241165582 ], [ -6.467885701983386, 53.300142863359504 ], [ -6.468865786942358, 53.298942357852148 ], [ -6.469172959315145, 53.298826439202237 ], [ -6.46950705406879, 53.298827273219999 ], [ -6.470477297580284, 53.299019994595064 ], [ -6.472033031013149, 53.299542312013749 ], [ -6.473242916009792, 53.299827401990605 ], [ -6.474373161563168, 53.299984341434573 ], [ -6.476193964202454, 53.300091522350641 ], [ -6.479916982345251, 53.300745190392078 ], [ -6.483903467949738, 53.301157740419612 ], [ -6.485098151763705, 53.30141241783253 ], [ -6.487643042742966, 53.302130957952265 ], [ -6.488595244765322, 53.302287189538767 ], [ -6.490262598143716, 53.303392662157854 ], [ -6.490499686016022, 53.303695036662077 ], [ -6.490912355216074, 53.304507231916524 ], [ -6.491319363256057, 53.30496615397459 ], [ -6.491996567747618, 53.305421218889315 ], [ -6.492908848723498, 53.305876499485258 ], [ -6.493870921089379, 53.306189046702194 ], [ -6.494796444741515, 53.306370581738292 ], [ -6.498563133422381, 53.306621263571408 ], [ -6.498896927128852, 53.306709120053938 ], [ -6.499082466432405, 53.306918098920896 ], [ -6.499029411305759, 53.30805409326662 ], [ -6.498820153677428, 53.30855273466581 ], [ -6.498052280348618, 53.309785862619805 ], [ -6.497054784324278, 53.311152966010717 ], [ -6.495390937182388, 53.313129663683192 ], [ -6.493966595544467, 53.314447463705378 ], [ -6.49223231545035, 53.315910119356992 ], [ -6.489547895714785, 53.317138570692329 ], [ -6.48644789659356, 53.319442409759716 ], [ -6.485351495428648, 53.320161671524005 ], [ -6.48465684606531, 53.320517428831749 ], [ -6.483817945055551, 53.320767335005812 ], [ -6.479831706294663, 53.321064039473548 ], [ -6.479208353552751, 53.321182598990873 ], [ -6.477687443761561, 53.321688561842343 ], [ -6.474926806019748, 53.321600537649807 ], [ -6.474445689381299, 53.32174986875912 ], [ -6.472980935842669, 53.322515407178187 ], [ -6.472342705251064, 53.322742611297727 ], [ -6.471313943947565, 53.322833441801549 ], [ -6.467703054168743, 53.322894988573999 ], [ -6.464978265215446, 53.323645205316005 ], [ -6.461435046460416, 53.32402265180756 ], [ -6.459429111894496, 53.324787880869501 ], [ -6.456746480688842, 53.324057694718952 ], [ -6.454631309058331, 53.323733654638893 ], [ -6.453915570528127, 53.323827762855224 ], [ -6.452861032673916, 53.324477107073683 ], [ -6.452483831892865, 53.324593174169692 ], [ -6.45061116528409, 53.324782725672925 ], [ -6.449659339476278, 53.324763551951811 ], [ -6.448905914334435, 53.324580566827734 ], [ -6.446662508127111, 53.32339383451211 ], [ -6.445923347597708, 53.323163209899839 ], [ -6.444764635899597, 53.323023523820879 ], [ -6.441660599459916, 53.322870397137578 ], [ -6.438519045251867, 53.32235815290101 ], [ -6.437189023167597, 53.322227940553837 ], [ -6.434760206272274, 53.322226720311882 ], [ -6.430701024573612, 53.322482481796953 ], [ -6.429269806821719, 53.322698714881085 ], [ -6.426968149685457, 53.323336080103765 ], [ -6.425321013494787, 53.323697654949925 ], [ -6.423727540191021, 53.323883587276853 ], [ -6.419595193829757, 53.324182429292861 ], [ -6.419347608023116, 53.324087849864071 ], [ -6.418738466445463, 53.322988359282768 ], [ -6.418526793829503, 53.322859717517957 ], [ -6.417668596526688, 53.322818011529939 ], [ -6.416084855318929, 53.323014204768469 ], [ -6.414651208225849, 53.322906260280405 ], [ -6.413041513691857, 53.323213806223691 ], [ -6.40855411108131, 53.32445558994516 ], [ -6.406339459223279, 53.324829163428859 ], [ -6.404401123724436, 53.325270066472534 ], [ -6.40427081014682, 53.325393664091791 ], [ -6.404116779188746, 53.326413948103209 ], [ -6.403066396692108, 53.326679267930508 ], [ -6.402059171782415, 53.327619965002519 ], [ -6.400778985659755, 53.327799178538136 ], [ -6.396270768111038, 53.329676634139048 ], [ -6.393551443145121, 53.330485015688652 ], [ -6.393212897463715, 53.329933871586256 ], [ -6.393051352979971, 53.329309381890774 ], [ -6.393070311964189, 53.328781698693298 ], [ -6.393305704226942, 53.327408442532679 ], [ -6.393290913065218, 53.326870863495195 ], [ -6.393083279845124, 53.326438222251319 ], [ -6.392747967871237, 53.326294306025098 ] ] } },
{ "type": "Feature", "properties": { "route": "23", "routes": [ "23", "52", "71", "72", "73", "74", "80", "82", "A4", "L35", "L55", "N2", "N4", "S2", "S4", "W2" ], "category": "radial", "colour": "#9467bd", "route_colour": "#c49c94", "pdf_colour": "#662484", "stroke-width": 2, "source": "pdf-future", "phase": "future" }, "geometry": { "type": "LineString", "coordinates": [ [ -6.232910247694745, 53.272772359621939 ], [ -6.234171928481437, 53.272876755946072 ], [ -6.238840162614522, 53.272816166518744 ], [ -6.24095726347772, 53.272878165994953 ], [ -6.242997080015788, 53.273101178306334 ], [ -6.244910629360032, 53.27348390785464 ], [ -6.247326507459236, 53.274239049569665 ], [ -6.250171676755404, 53.275442698885755 ], [ -6.251881035846985, 53.276397229396558 ], [ -6.253814493399528, 53.277804843652135 ], [ -6.253771413812905, 53.277920745115516 ], [ -6.253256558171418, 53.278173220200294 ], [ -6.252596934155117, 53.278641943100467 ], [ -6.25199794092696, 53.279352353624454 ], [ -6.251778967444818, 53.279915760772184 ], [ -6.251591207682292, 53.280963162448508 ], [ -6.251488057285522, 53.28176171426 ], [ -6.251527812321682, 53.282111887841396 ], [ -6.251867321014102, 53.282740084345505 ], [ -6.252481416272048, 53.283387547868934 ], [ -6.25519216252666, 53.284756700797978 ], [ -6.256018030120074, 53.285377754513966 ], [ -6.25626757953243, 53.285738478911242 ], [ -6.256580098608872, 53.286555027640262 ], [ -6.256643089614443, 53.287047865476893 ], [ -6.256567933583328, 53.287620078348979 ], [ -6.256374378568191, 53.287941072828872 ], [ -6.256126428634229, 53.288011541476145 ], [ -6.25372922943586, 53.287836096318493 ], [ -6.251215861155635, 53.28804371348533 ], [ -6.246913282436617, 53.288159990596789 ], [ -6.246650126220686, 53.288238059835415 ], [ -6.246588656315487, 53.288368480120461 ], [ -6.24674130328761, 53.289821024061922 ], [ -6.247910348420683, 53.291763613693547 ], [ -6.24823795366241, 53.292879666024568 ], [ -6.248074260676411, 53.294151782609752 ], [ -6.247603440266932, 53.295008633321402 ], [ -6.247611867510408, 53.295332969538244 ], [ -6.247925045717732, 53.295746394755739 ], [ -6.249699902967476, 53.296153465686942 ], [ -6.250227740654682, 53.296393506050151 ], [ -6.250598205080216, 53.296683402772125 ], [ -6.250843655227217, 53.297010006852545 ], [ -6.250969433077744, 53.297360455040305 ], [ -6.250929076513854, 53.298356736299667 ], [ -6.250988242860464, 53.298729431005071 ], [ -6.251226447289181, 53.299140873163999 ], [ -6.251651697201643, 53.299515247992133 ], [ -6.257191307100558, 53.302250675960082 ], [ -6.25873224200607, 53.302878639029835 ], [ -6.258922498911527, 53.303022719944352 ], [ -6.2588859947694, 53.303343867025319 ], [ -6.258316335132455, 53.304042048876994 ], [ -6.257877516000103, 53.304218507849797 ], [ -6.255727593251253, 53.304678823148251 ], [ -6.255215339949197, 53.304946372311079 ], [ -6.255181125012104, 53.3050675099934 ], [ -6.255252032009747, 53.305185426055452 ], [ -6.255806764692713, 53.305354152610704 ], [ -6.25718464289068, 53.305452619211984 ], [ -6.257795546179766, 53.305577815743021 ], [ -6.259471086001649, 53.306449423054403 ], [ -6.261318469180281, 53.307064484345119 ], [ -6.261979726103688, 53.307366073935839 ], [ -6.262468557028852, 53.307757135729688 ], [ -6.263744556820486, 53.309173369302144 ], [ -6.265387366543979, 53.30988305459325 ], [ -6.265845430032147, 53.310189273209289 ], [ -6.266084512105925, 53.310529713750348 ], [ -6.266750228833661, 53.312099864774424 ], [ -6.266646112592918, 53.312254165806223 ], [ -6.266265844681284, 53.312486192346476 ], [ -6.264199431928296, 53.312852682911547 ], [ -6.256854575257055, 53.313279628433719 ], [ -6.256645876095778, 53.313341131767622 ], [ -6.256547736415835, 53.313458577939215 ], [ -6.257999377404704, 53.315722752057823 ], [ -6.258209660746499, 53.316206481234296 ], [ -6.258169292095388, 53.316900656552228 ], [ -6.257612567666213, 53.318244406123362 ], [ -6.257601636480802, 53.318544221915452 ], [ -6.257706099284652, 53.318944123806688 ], [ -6.258103921230764, 53.319636884731679 ], [ -6.259688531018242, 53.321790536008344 ], [ -6.25979327352778, 53.322066401929931 ], [ -6.259089749883102, 53.328960210418806 ], [ -6.259081290721856, 53.329658230792873 ], [ -6.260389481786603, 53.333488159400297 ], [ -6.260489380533945, 53.333984974496964 ], [ -6.260529726143854, 53.335031407118677 ], [ -6.261093435849705, 53.336524834173296 ], [ -6.260999659842927, 53.33666640415796 ], [ -6.260635941593797, 53.336877861092688 ], [ -6.260770764080023, 53.337264561102018 ], [ -6.260705677831451, 53.337682986460052 ], [ -6.260743925743102, 53.338090140113195 ], [ -6.26047530289576, 53.339698599862729 ], [ -6.260521326285628, 53.340189988555693 ], [ -6.260462396584031, 53.340602574656117 ], [ -6.260315570927599, 53.340858782045977 ], [ -6.259717539766139, 53.341457178845701 ], [ -6.259534109303745, 53.342000518762759 ], [ -6.259600805795918, 53.343109670049977 ], [ -6.259666805006901, 53.343337494772392 ], [ -6.259831123884001, 53.343478888925851 ], [ -6.260262751123949, 53.343574334856783 ], [ -6.263099805744416, 53.343496321521485 ], [ -6.265392398792122, 53.343163823224344 ], [ -6.266253529132983, 53.342716435768047 ], [ -6.266655583870372, 53.34264404109873 ], [ -6.269653067362492, 53.343270515930207 ], [ -6.270474827758302, 53.34332826410661 ], [ -6.271310492794206, 53.34327634158965 ], [ -6.271643975254918, 53.343527246847451 ], [ -6.271793125433734, 53.343788281757298 ], [ -6.271189427635216, 53.345054762301189 ], [ -6.271244705298394, 53.345196273360663 ], [ -6.271481109865373, 53.345297559493538 ], [ -6.277362639478139, 53.346376448929092 ], [ -6.280448402505266, 53.346653135647998 ], [ -6.285705961417274, 53.346966259084979 ], [ -6.28665845428822, 53.347111494517272 ], [ -6.287863532162033, 53.34754050770826 ], [ -6.290074187307175, 53.347544960713435 ], [ -6.2911012675436, 53.347631147649466 ], [ -6.292038422872992, 53.347978048051026 ], [ -6.300432551150378, 53.348311111802836 ], [ -6.306032893634361, 53.348372210592629 ], [ -6.309501281957594, 53.348100822606035 ], [ -6.314631758544242, 53.347394229375226 ], [ -6.317271119411895, 53.347112917785857 ], [ -6.324111354912494, 53.346929714902842 ], [ -6.32662852235522, 53.347032306643641 ], [ -6.335741316723862, 53.347803525675324 ], [ -6.337798128262733, 53.348216053605981 ], [ -6.339997982160034, 53.349120535684598 ], [ -6.340571025839236, 53.349277742369331 ], [ -6.341602643691388, 53.349268015750319 ], [ -6.344127097646739, 53.348981664170381 ], [ -6.346264447237727, 53.350471698306194 ], [ -6.348047156077381, 53.351376150733373 ], [ -6.34920244161688, 53.351758831177378 ], [ -6.352494870698113, 53.352618186019725 ], [ -6.356803767064051, 53.354040613911607 ], [ -6.3592295776426, 53.354684979519767 ], [ -6.362580010053782, 53.354977669899029 ], [ -6.365310718153645, 53.355403020664092 ], [ -6.371117170113317, 53.356862057894602 ], [ -6.371430911886988, 53.356800331891549 ], [ -6.373080525578814, 53.355815604686804 ], [ -6.37630450835474, 53.354686454537138 ], [ -6.376815391835482, 53.354432874038849 ], [ -6.377098640778555, 53.354200282043621 ], [ -6.377255124307939, 53.353919321361246 ], [ -6.377271625243853, 53.353673671775233 ], [ -6.376643258763235, 53.351750384858001 ], [ -6.376602757341598, 53.351277148516573 ], [ -6.376691972502522, 53.350816346330092 ], [ -6.377064405066443, 53.350161964954019 ], [ -6.37818518142068, 53.348937170945312 ], [ -6.378338433131189, 53.348627114638788 ], [ -6.378407100028084, 53.348186776294689 ], [ -6.378616724616691, 53.348090285197436 ], [ -6.379082090859677, 53.348082587152909 ], [ -6.380071216866, 53.348317822659624 ], [ -6.382165362032093, 53.349285531822197 ], [ -6.383324619732337, 53.349669317679712 ], [ -6.384497395659547, 53.349882401289008 ], [ -6.387903375241009, 53.350268593068677 ], [ -6.388056354233761, 53.35042269182847 ], [ -6.388191095131313, 53.351417602322201 ], [ -6.388588841910052, 53.351886282917079 ], [ -6.393897727854908, 53.354532579201397 ], [ -6.394274428149757, 53.354813637714642 ], [ -6.394375706916998, 53.355220457836204 ], [ -6.394147687854837, 53.355558547036402 ], [ -6.39122697630335, 53.357021832734056 ], [ -6.391063907130882, 53.357173574109396 ], [ -6.391008218502429, 53.357350163397484 ] ] } },
{ "type": "Feature", "properties": { "route": "23", "routes": [ "23", "71", "72", "80", "S2" ], "category": "radial", "colour": "#9467bd", "route_colour": "#c49c94", "pdf_colour": "#662484", "stroke-width": 2, "source": "pdf-future", "phase": "future" }, "geometry": { "type": "LineString", "coordinates": [ [ -6.319790692020911, 53.331050921681147 ], [ -6.319488103157481, 53.330728808378531 ], [ -6.312382466429688, 53.327330741767561 ], [ -6.312399068029431, 53.327119106735275 ], [ -6.313045861279073, 53.326795095173424 ], [ -6.314132702024206, 53.326550746662647 ], [ -6.315960760580359, 53.326497063189642 ], [ -6.316275693133489, 53.326579419045409 ], [ -6.319488103157481, 53.330728808378531 ], [ -6.31989963861461, 53.331167843192091 ], [ -6.319918558693125, 53.331322397488798 ], [ -6.316991280573712, 53.333298688917594 ], [ -6.316598599848618, 53.333697445545319 ], [ -6.31575750293203, 53.334824600360285 ], [ -6.315422240629051, 53.335094830240564 ], [ -6.315055634291192, 53.335264196096162 ], [ -6.313783620258466, 53.335512649915906 ], [ -6.30758922897235, 53.335975027028788 ], [ -6.306864270919562, 53.335963854665678 ], [ -6.305764675897151, 53.335782717185609 ], [ -6.303729130678366, 53.335095655570996 ], [ -6.301177540927272, 53.334895119434314 ], [ -6.301037398744793, 53.334747362306921 ], [ -6.301004830501745, 53.334163296977074 ], [ -6.301356107607996, 53.333741437528175 ], [ -6.301345424965895, 53.332972886371017 ], [ -6.301120793534341, 53.332766874915137 ], [ -6.298897665706249, 53.332591032201464 ], [ -6.29465663753679, 53.331779612417478 ], [ -6.293075766286924, 53.33156473782298 ], [ -6.292855102861145, 53.331586911061869 ], [ -6.292696143152617, 53.331696746443534 ], [ -6.292700768967257, 53.332316085286038 ], [ -6.29292893005421, 53.332880315308643 ], [ -6.293570080841238, 53.333828599373838 ], [ -6.293649073240845, 53.33466197935968 ], [ -6.294222598520015, 53.335935589093538 ], [ -6.294122538861652, 53.336049983432403 ], [ -6.289337350166611, 53.334897056221855 ], [ -6.28663390666682, 53.333213986632245 ], [ -6.28552760305169, 53.332643535660516 ], [ -6.284682859951372, 53.332320086909597 ], [ -6.28385482610256, 53.332159136776902 ], [ -6.282310736434174, 53.332104290665065 ], [ -6.279323053217499, 53.331372037978646 ], [ -6.276070341588738, 53.330750816552616 ], [ -6.275059663513034, 53.330763097728799 ], [ -6.272583813001178, 53.331329832448887 ], [ -6.270116799753751, 53.331713736912278 ], [ -6.267399702234735, 53.331605857015312 ], [ -6.260689231098965, 53.331837507907785 ], [ -6.260614977265054, 53.331959587259647 ], [ -6.260961220990972, 53.332976097605027 ], [ -6.260761631434183, 53.333373959401158 ], [ -6.261286693972639, 53.336063782876899 ], [ -6.261507132462933, 53.336541778558896 ], [ -6.261425685792301, 53.3367466966885 ], [ -6.261171410468093, 53.3369050288062 ], [ -6.261158765731218, 53.337231808717817 ], [ -6.26141010291809, 53.337600583199723 ], [ -6.261507182700464, 53.338128334576659 ], [ -6.261237713748132, 53.339768783138382 ], [ -6.261230149418462, 53.340659894680755 ], [ -6.26105966058515, 53.341016511502723 ], [ -6.26052706639034, 53.341523606586172 ], [ -6.260377691276039, 53.341762740597183 ], [ -6.260281959595794, 53.342167350836064 ], [ -6.260282276507469, 53.34313869881673 ], [ -6.262947333281473, 53.343096150123138 ], [ -6.264762839832332, 53.342874075892794 ], [ -6.265215273700506, 53.342788008506794 ], [ -6.265825640241724, 53.342404012822762 ], [ -6.266412111682644, 53.342280476395018 ], [ -6.266919960517196, 53.342292908661314 ], [ -6.267448628067195, 53.342425933552136 ] ] } },
{ "type": "Feature", "properties": { "route": "34", "routes": [ "34", "37", "B1", "L52" ], "category": "radial", "colour": "#9467bd", "route_colour": "#7f7f7f", "pdf_colour": "#662484", "stroke-width": 2, "source": "pdf-future", "phase": "future" }, "geometry": { "type": "LineString", "coordinates": [ [ -6.331268836962044, 53.371900174545267 ], [ -6.3316684, 53.371956 ], [ -6.3321506, 53.3718591 ], [ -6.3332051, 53.3712008 ], [ -6.3334647, 53.3709878 ], [ -6.333729, 53.3708965 ], [ -6.3360615, 53.3711787 ], [ -6.3368231, 53.3713454 ], [ -6.3370583, 53.3712927 ], [ -6.3372543, 53.3713337 ], [ -6.3375386, 53.3712401 ], [ -6.3484972, 53.3697898 ], [ -6.3495264, 53.3700061 ], [ -6.3537656, 53.3711151 ], [ -6.3556945, 53.3712652 ], [ -6.3585886, 53.3719518 ], [ -6.3608174, 53.372309 ], [ -6.3627135, 53.3730434 ], [ -6.362975637604457, 53.373793709036995 ], [ -6.363363762205291, 53.374021050837428 ], [ -6.36392177127875, 53.374671032278656 ], [ -6.364449471285061, 53.375937427834295 ], [ -6.365037671197628, 53.376656231606432 ], [ -6.365940174183873, 53.377443369688237 ], [ -6.36738798994716, 53.378414990764369 ], [ -6.36814813161397, 53.379516474602823 ], [ -6.368753949018859, 53.380098696443653 ], [ -6.370414103516918, 53.381135954869777 ], [ -6.370691181559457, 53.38121230772397 ], [ -6.370962752931642, 53.381156468760778 ], [ -6.373149801369818, 53.379859842704782 ], [ -6.373704606387197, 53.379685451212183 ], [ -6.375453569613578, 53.379369584732849 ], [ -6.376523188533784, 53.379057757271681 ], [ -6.377553418433791, 53.378608840405064 ], [ -6.378487733834421, 53.37796631979672 ], [ -6.378781016864992, 53.377846032374364 ], [ -6.379224496562709, 53.377833754031137 ], [ -6.379829735481073, 53.378021822773078 ], [ -6.381565937631171, 53.379096104902686 ], [ -6.381777784189692, 53.379104709299384 ], [ -6.382367709174328, 53.378926244982217 ], [ -6.383152755223779, 53.37851885978337 ], [ -6.383827680142268, 53.377925497874912 ], [ -6.384107965829243, 53.377426734470397 ], [ -6.38416460349285, 53.376646959390605 ], [ -6.384346502278587, 53.376539731447679 ], [ -6.392027647910592, 53.377013992746861 ], [ -6.392252997398201, 53.376965934361195 ], [ -6.39228059005285, 53.376792603332788 ], [ -6.389788793105933, 53.374255831373105 ], [ -6.389221384523716, 53.373469553749864 ], [ -6.388985019806758, 53.372875096248798 ], [ -6.388818295196293, 53.371841326494803 ], [ -6.388816283808308, 53.371539167671806 ], [ -6.389027098232058, 53.371397692307383 ], [ -6.391091772881435, 53.371437297764196 ], [ -6.393325453414062, 53.371781478353661 ], [ -6.394482589808224, 53.372094183270946 ], [ -6.399358077358509, 53.373728666414657 ], [ -6.40061327599891, 53.374305056363497 ], [ -6.403143684418175, 53.375911523988982 ], [ -6.404835593916385, 53.376731546092266 ], [ -6.407218066544117, 53.37765286263835 ], [ -6.407574339635943, 53.377836346926621 ], [ -6.407648161163094, 53.377995354417415 ], [ -6.407551809257665, 53.378120850673625 ], [ -6.406323221374667, 53.378807605953 ], [ -6.405495587914846, 53.379387925568551 ], [ -6.404883054173913, 53.380042958709872 ], [ -6.404596421755208, 53.380592572079912 ], [ -6.404481000003146, 53.381287763290423 ], [ -6.404603680127336, 53.38198224985409 ], [ -6.404942866431093, 53.382660455318046 ], [ -6.405756544824519, 53.383742347859879 ], [ -6.40587607056353, 53.38402660759624 ], [ -6.405877389391921, 53.384392770484432 ], [ -6.404903809053971, 53.387503115694464 ], [ -6.403178446302173, 53.392108105745997 ], [ -6.402820406399624, 53.392936928663261 ], [ -6.402407088833896, 53.393624240521035 ], [ -6.401789964595673, 53.394377186518192 ], [ -6.40148744164535, 53.394544245982232 ], [ -6.397001141993048, 53.394231515379701 ], [ -6.396661853703444, 53.394313573021243 ], [ -6.395936485629704, 53.394809567131688 ] ] } },
{ "type": "Feature", "properties": { "route": "74", "routes": [ "74", "81", "F2", "S4" ], "category": "radial", "colour": "#9467bd", "route_colour": "#ff9896", "pdf_colour": "#662484", "stroke-width": 2, "source": "pdf-future", "phase": "future" }, "geometry": { "type": "LineString", "coordinates": [ [ -6.328264947573315, 53.308461089790825 ], [ -6.327765216058499, 53.308141764857432 ], [ -6.32738868970621, 53.307740668976088 ], [ -6.327205925740331, 53.307237660693076 ], [ -6.32727784995257, 53.306636352196797 ], [ -6.326974452567837, 53.306458267871427 ], [ -6.325819464864858, 53.306404710369954 ], [ -6.323318165667942, 53.306458592904285 ], [ -6.319461815543535, 53.306269561906873 ], [ -6.315364139656247, 53.306581325154802 ], [ -6.315146332779124, 53.306684602278487 ], [ -6.314933446720199, 53.307169142809194 ], [ -6.314419518394683, 53.307764762382604 ], [ -6.311701931154676, 53.309150391695582 ], [ -6.308845628590039, 53.310145216634567 ], [ -6.303351405047143, 53.311669477983784 ], [ -6.300949053673778, 53.312445229154505 ], [ -6.298622460048181, 53.313458066308911 ], [ -6.29838719942271, 53.31365391430635 ], [ -6.29804769129691, 53.314198127713503 ], [ -6.297804977581884, 53.314259731711246 ], [ -6.295167803366796, 53.313928887096232 ], [ -6.292389899228439, 53.313321224691521 ], [ -6.277916675067782, 53.310755644368207 ], [ -6.274938334889949, 53.311561176357074 ], [ -6.270325815448399, 53.312427520631239 ], [ -6.267659580926478, 53.312817159533417 ], [ -6.267291218354173, 53.312939462498747 ], [ -6.261474338906245, 53.321556672400355 ], [ -6.261258542472787, 53.321773042221054 ], [ -6.260974071210184, 53.321900565163098 ] ] } },
{ "type": "Feature", "properties": { "route": "72", "routes": [ "72", "80", "81", "82", "85", "D2", "S2", "S4" ], "category": "radial", "colour": "#9467bd", "route_colour": "#aec7e8", "pdf_colour": "#662484", "stroke-width": 2, "source": "pdf-future", "phase": "future" }, "geometry": { "type": "LineString", "coordinates": [ [ -6.369276540285979, 53.290411157736379 ], [ -6.369511811676655, 53.291311693339637 ], [ -6.370140312627516, 53.292624770471711 ], [ -6.37010023803565, 53.292891804228155 ], [ -6.369872181389804, 53.293117853263297 ], [ -6.369442861485723, 53.293275556845877 ], [ -6.36725147619286, 53.293563715653178 ], [ -6.364252973219809, 53.29426167691328 ], [ -6.362721367377278, 53.294491260325408 ], [ -6.361803313056894, 53.294518995949169 ], [ -6.361467102096457, 53.294409067835915 ], [ -6.360730452874619, 53.292911066526194 ], [ -6.359157882707938, 53.293176579371206 ], [ -6.358312384912198, 53.293184226422795 ], [ -6.357818329855325, 53.293104135219927 ], [ -6.357121926523882, 53.292807618104128 ], [ -6.354843134052856, 53.291256822864895 ], [ -6.351311455565514, 53.291500527731586 ], [ -6.348150364831041, 53.291310879719639 ], [ -6.34596824079942, 53.291589279990156 ], [ -6.342894057512305, 53.291669024063438 ], [ -6.331964636448043, 53.292410300799951 ], [ -6.331590888266387, 53.292282373880546 ], [ -6.330887668690464, 53.291222409622634 ], [ -6.330662704671663, 53.291142433437145 ], [ -6.327833195494637, 53.291842863888455 ], [ -6.325355680157904, 53.292661642708559 ], [ -6.324875489891105, 53.292965052180527 ], [ -6.324863115605648, 53.293432888559032 ], [ -6.324733315545775, 53.293650532636498 ], [ -6.324116622669992, 53.293933325664973 ], [ -6.323609948372707, 53.293989948597343 ], [ -6.322250232724874, 53.293809933717277 ], [ -6.321234027581644, 53.293842075697178 ], [ -6.312839316851682, 53.295497691824245 ], [ -6.312743657505851, 53.295559184015268 ], [ -6.312740273085898, 53.295687139264096 ], [ -6.313112753054389, 53.2960521155278 ], [ -6.316993203006334, 53.297788324665689 ], [ -6.318627196806887, 53.298717853718344 ], [ -6.318947541410151, 53.299049439808471 ], [ -6.319140766670997, 53.299421678976984 ], [ -6.319173273722539, 53.300461902170142 ], [ -6.318915467420917, 53.301056293380405 ], [ -6.318358104635721, 53.301667770056717 ], [ -6.318564060943715, 53.302050349459201 ], [ -6.318490178225058, 53.302347499831697 ], [ -6.318170788322861, 53.302547124705846 ], [ -6.317332770057456, 53.302688016106778 ], [ -6.315989102830533, 53.304851244800936 ], [ -6.315638997050891, 53.305758304855758 ], [ -6.315872447238339, 53.306311670928068 ], [ -6.315906108807672, 53.306589658155737 ], [ -6.315808552713548, 53.307063244270935 ], [ -6.315619387812356, 53.307407362913494 ], [ -6.315264926669494, 53.307836140592713 ], [ -6.314913643519632, 53.308106947070897 ], [ -6.313152227629771, 53.309082715005864 ], [ -6.31317785951166, 53.309210437386966 ], [ -6.313742532606222, 53.309797573058049 ], [ -6.314261888846375, 53.310509554164426 ], [ -6.315189112263038, 53.312139640584093 ], [ -6.315356237640188, 53.312931336301077 ], [ -6.315105403394774, 53.313715978373203 ], [ -6.314592216355442, 53.314472673861921 ], [ -6.313864258029493, 53.315255699835753 ], [ -6.312951295259219, 53.3159608069057 ], [ -6.311548726471194, 53.316758000605404 ], [ -6.311066617170292, 53.317247424370663 ], [ -6.310641574251408, 53.31807547540599 ], [ -6.310066184330636, 53.318347356701906 ], [ -6.309695564093374, 53.318630656260204 ], [ -6.309483491655047, 53.318933154658382 ], [ -6.30919960492258, 53.319605883670043 ], [ -6.309151734455325, 53.319940735007755 ], [ -6.309223123430635, 53.320191710333638 ], [ -6.309146161494168, 53.32030271420895 ], [ -6.308929306485155, 53.320370003918903 ], [ -6.304141866735385, 53.320701536183286 ], [ -6.29993753723671, 53.321452633025629 ], [ -6.299619452187043, 53.321338182594538 ], [ -6.298461809640767, 53.320288206530506 ], [ -6.297667723488285, 53.319448916841282 ], [ -6.297263324775661, 53.319345187957985 ], [ -6.291571116253662, 53.321660490992592 ], [ -6.288459723799906, 53.322806624055865 ], [ -6.28811909118545, 53.322712584585581 ], [ -6.28709371562392, 53.321881182181329 ], [ -6.285868748616964, 53.321069509321212 ], [ -6.282808646556539, 53.319330990014492 ], [ -6.281344473204148, 53.318713060087923 ], [ -6.280350887960121, 53.318381673059129 ], [ -6.279812218807015, 53.318286396915781 ], [ -6.278360668472314, 53.318288017357965 ], [ -6.276826804020506, 53.318489531237077 ], [ -6.276471405363088, 53.318651190738208 ], [ -6.275259029456051, 53.31948142483774 ], [ -6.274922264183536, 53.319581555508499 ], [ -6.274528507696372, 53.319567139239304 ], [ -6.273596160434129, 53.319265381749616 ], [ -6.272586692590733, 53.319080626037525 ], [ -6.265505199128997, 53.320631928184554 ], [ -6.265093819105902, 53.320603040875959 ], [ -6.264529628933324, 53.320338030594726 ], [ -6.263941475481011, 53.320449518336325 ], [ -6.262266530010153, 53.321030434569231 ], [ -6.261906721785939, 53.32151008865479 ], [ -6.261548631268165, 53.32173569933957 ], [ -6.260352664887474, 53.322021176862776 ], [ -6.260178890409403, 53.322161631235339 ], [ -6.259453101738578, 53.329519013093389 ], [ -6.259534065109526, 53.329975313359178 ], [ -6.260523262317169, 53.3328174621738 ], [ -6.260482335576705, 53.332965431771726 ], [ -6.260201788692576, 53.333058046272797 ], [ -6.257551144977112, 53.33312298388649 ], [ -6.257015751270184, 53.333319896503106 ], [ -6.252998626277635, 53.333044584327119 ], [ -6.252732449769072, 53.333085560738489 ], [ -6.251865152304958, 53.334598157548186 ], [ -6.251061026587985, 53.334667920226643 ], [ -6.250831514754871, 53.334759883906763 ], [ -6.249430570564005, 53.3367815486599 ], [ -6.249276037608791, 53.336837482243297 ], [ -6.248846959826712, 53.33675910969118 ], [ -6.248630554310975, 53.336809405344653 ], [ -6.246736174344099, 53.338841026751595 ] ] } },
{ "type": "Feature", "properties": { "route": "24", "routes": [ "24", "L89" ], "category": "radial", "colour": "#9467bd", "route_colour": "#ffbb78", "pdf_colour": "#662484", "stroke-width": 2, "source": "pdf-future", "phase": "future" }, "geometry": { "type": "LineString", "coordinates": [ [ -6.306088328999417, 53.401267169406495 ], [ -6.304739409122438, 53.401208482393521 ], [ -6.303928357431811, 53.402901629509145 ], [ -6.303507254189278, 53.403580732637643 ], [ -6.302899718700254, 53.404235897982865 ], [ -6.302081975981122, 53.404820480607725 ], [ -6.302881135552883, 53.405883982830979 ], [ -6.303680742729282, 53.406552358745763 ], [ -6.304587316651466, 53.406996484542816 ], [ -6.308662819488793, 53.408619811565622 ], [ -6.309197089273685, 53.408957055982839 ], [ -6.309584654463146, 53.409432469722574 ], [ -6.310027930189168, 53.410940717590371 ], [ -6.309840953451484, 53.412034156065801 ], [ -6.30984107224615, 53.412521329531714 ], [ -6.310313432453452, 53.413913305765192 ], [ -6.310407286460558, 53.414563014488657 ], [ -6.310206373165008, 53.416788480248371 ], [ -6.310316994026776, 53.418544018919256 ], [ -6.310079241546592, 53.419666124867078 ], [ -6.309682100639477, 53.419779663846704 ], [ -6.307169633612136, 53.419348081367296 ], [ -6.305394750865931, 53.419131076212473 ], [ -6.294065874004136, 53.418220213407096 ] ] } },
{ "type": "Feature", "properties": { "route": "19", "routes": [ "19", "22", "24", "A2", "N8" ], "category": "radial", "colour": "#9467bd", "route_colour": "#ffbb78", "pdf_colour": "#662484", "stroke-width": 2, "source": "pdf-future", "phase": "future" }, "geometry": { "type": "LineString", "coordinates": [ [ -6.267117161906947, 53.414411336761283 ], [ -6.26522304578126, 53.415260551753143 ], [ -6.26415905459241, 53.415586532964348 ], [ -6.262419521470539, 53.415810616694053 ], [ -6.260884471338563, 53.415830035559054 ], [ -6.258291054916134, 53.415622391007282 ], [ -6.249752819661153, 53.414497240026044 ], [ -6.243563798119894, 53.414151476578233 ], [ -6.238842485063415, 53.413760504683168 ], [ -6.237398841088824, 53.414635639572559 ], [ -6.234964307507839, 53.415871700753492 ], [ -6.233856936629511, 53.416589672018837 ], [ -6.232767671264784, 53.417455173587399 ], [ -6.232243862397162, 53.41797050384092 ], [ -6.231673864129356, 53.418643667992299 ], [ -6.231304065444939, 53.419274110640757 ], [ -6.230973275411208, 53.420131664110585 ], [ -6.230808378236508, 53.42175187055475 ], [ -6.231141170592883, 53.423617322041025 ], [ -6.231279832091632, 53.423821059589748 ], [ -6.231589460246387, 53.424028318861637 ], [ -6.232107814003201, 53.424173075149227 ], [ -6.243483518621199, 53.425658376951588 ], [ -6.244115535629294, 53.425666090671676 ], [ -6.244583440187244, 53.425562426190552 ], [ -6.244952706845388, 53.425368121956957 ], [ -6.245401680181922, 53.424996863363695 ], [ -6.245539185651939, 53.424601360840668 ], [ -6.245437389211983, 53.424327573542179 ], [ -6.24526047659093, 53.424132827747592 ], [ -6.244034202842807, 53.423257097940699 ], [ -6.243326094555376, 53.422949267381355 ], [ -6.239108616811743, 53.421701317670035 ], [ -6.238345489225329, 53.42109092657666 ], [ -6.237898226607307, 53.420868022672451 ], [ -6.231768674159545, 53.419030310020773 ], [ -6.231572583095779, 53.418842059404 ], [ -6.231739195332886, 53.418556364877539 ] ] } },
{ "type": "Feature", "properties": { "route": "24", "routes": [ "24", "F1", "N6" ], "category": "radial", "colour": "#9467bd", "route_colour": "#ffbb78", "pdf_colour": "#662484", "stroke-width": 2, "source": "pdf-future", "phase": "future" }, "geometry": { "type": "LineString", "coordinates": [ [ -6.306088328999417, 53.401267169406495 ], [ -6.30440031007327, 53.401056463201122 ], [ -6.300003219538283, 53.400131877441403 ], [ -6.299027395133385, 53.399771950044823 ], [ -6.297598107936194, 53.398931864865837 ], [ -6.296877638772548, 53.398599698967175 ], [ -6.293916903433191, 53.397794133172049 ], [ -6.29291677522906, 53.397407553846023 ], [ -6.29226676262546, 53.397021231939888 ], [ -6.292144439262968, 53.396804921988689 ], [ -6.292160353402408, 53.396619277866336 ], [ -6.292785676171344, 53.395934572502952 ], [ -6.294327157834386, 53.394839947780731 ], [ -6.294323708445646, 53.394667796388859 ], [ -6.286871606833721, 53.39150965285738 ], [ -6.285758788587908, 53.391261142190011 ], [ -6.280043427384888, 53.391047949040463 ], [ -6.279710188934817, 53.390939099899924 ], [ -6.279636494512275, 53.390813107312518 ], [ -6.279604652068607, 53.388348403667287 ], [ -6.279524296835617, 53.387869111442726 ], [ -6.27954779475758, 53.386451237030911 ], [ -6.279443812042756, 53.385806262151554 ], [ -6.279213266186231, 53.385370013818537 ], [ -6.278334393892475, 53.384332412984286 ], [ -6.277719069327065, 53.383239761310968 ], [ -6.277299685112989, 53.382870543379411 ], [ -6.276231462832574, 53.382184058740386 ], [ -6.275910885361574, 53.381823456348414 ], [ -6.275599594648278, 53.381263029643293 ], [ -6.275558499442237, 53.380509679668812 ], [ -6.275271362193434, 53.379527744232888 ], [ -6.275198247579437, 53.379001627085067 ], [ -6.275539283982312, 53.376281693414569 ], [ -6.275451938184581, 53.376142335201259 ], [ -6.275243391624379, 53.376046787662148 ] ] } },
{ "type": "Feature", "properties": { "route": "19", "routes": [ "19", "22", "E2", "N8" ], "category": "radial", "colour": "#9467bd", "route_colour": "#ffbb78", "pdf_colour": "#662484", "stroke-width": 2, "source": "pdf-future", "phase": "future" }, "geometry": { "type": "LineString", "coordinates": [ [ -6.245420107517562, 53.423921974795824 ], [ -6.244355656070232, 53.423168566462806 ], [ -6.243494875880834, 53.422770667649608 ], [ -6.239406321496334, 53.421565141604681 ], [ -6.238663393344503, 53.420985295279181 ], [ -6.238181962627336, 53.420730476785792 ], [ -6.233440349850144, 53.419291601783875 ], [ -6.234353141888509, 53.418290386674776 ], [ -6.235064477273224, 53.417681982228338 ], [ -6.23770999922052, 53.416184408314834 ], [ -6.239216648554243, 53.415499005670256 ], [ -6.24045373507081, 53.414604402433881 ], [ -6.240838985936472, 53.414486547563357 ], [ -6.249750251694752, 53.415010351520309 ], [ -6.256634879189053, 53.415909700876632 ], [ -6.260009610300174, 53.416267056340601 ], [ -6.261325383069879, 53.416330868710098 ], [ -6.262958398939237, 53.416314041041623 ], [ -6.263970959409679, 53.416192771533083 ], [ -6.265626504712991, 53.415702373991628 ], [ -6.266791475888247, 53.415265023833463 ], [ -6.267973255090197, 53.414646054595281 ], [ -6.268239171345926, 53.414387995406443 ], [ -6.268367717546194, 53.414104295081465 ], [ -6.268345141651986, 53.413747573440688 ], [ -6.267756167024523, 53.412528574306883 ], [ -6.267530491370975, 53.411870377148439 ], [ -6.267430690265581, 53.408684624531013 ], [ -6.267623983139243, 53.407768415021685 ], [ -6.268155117047492, 53.40716524773849 ], [ -6.268379220985444, 53.406596974542758 ], [ -6.26830626596045, 53.406253925618657 ], [ -6.268122609051632, 53.405935958419342 ], [ -6.267245239727411, 53.405068456794602 ], [ -6.266582327988786, 53.40278713129684 ], [ -6.26672051166484, 53.402630730300437 ], [ -6.269945240448549, 53.402607986696061 ], [ -6.270122686984509, 53.402744726327732 ], [ -6.270356388170528, 53.403780267614046 ], [ -6.27068459682862, 53.403927997356327 ], [ -6.278668533029414, 53.403809057280384 ], [ -6.279988583162015, 53.403559873317377 ], [ -6.281836243213375, 53.403483700260438 ], [ -6.28403353783192, 53.403463791485521 ], [ -6.285347861457967, 53.403544571470718 ], [ -6.285121858316463, 53.402974396427389 ], [ -6.284859409013689, 53.402685356008973 ], [ -6.283999077373245, 53.402081397013319 ], [ -6.283180446243845, 53.401640597655359 ], [ -6.282976988400796, 53.401655223184449 ], [ -6.282244209920477, 53.402091000304999 ], [ -6.280410330237552, 53.40259168614319 ], [ -6.279459308796072, 53.402655562726061 ], [ -6.278463117057637, 53.402536180900469 ], [ -6.277039411698173, 53.402052367869004 ], [ -6.274497086796673, 53.400442584003009 ], [ -6.273624882301293, 53.400098401902603 ], [ -6.267027928614738, 53.39853442650081 ], [ -6.266474709099895, 53.398459772844525 ], [ -6.265888512265367, 53.398497286457918 ], [ -6.265543753944773, 53.398370126321154 ], [ -6.265044560499838, 53.397765715943571 ], [ -6.264833874502719, 53.397145928552106 ], [ -6.264889845480889, 53.395256747975871 ], [ -6.264828297953059, 53.393612545767567 ], [ -6.264182936282713, 53.389343989534552 ], [ -6.264292412069727, 53.388457574252612 ], [ -6.264739884703056, 53.387311004916533 ], [ -6.264906967774927, 53.387045329838486 ], [ -6.265302707320657, 53.386984772329072 ], [ -6.26802362534366, 53.387439874638559 ], [ -6.270347421912397, 53.387667397180564 ], [ -6.2706053368101, 53.387636205746752 ], [ -6.271518832550964, 53.386684026387925 ], [ -6.271624773205588, 53.386460749479795 ], [ -6.271797465877982, 53.385756069239605 ], [ -6.271838356356778, 53.384701781817355 ], [ -6.27141325998971, 53.384359422242191 ], [ -6.265194047609346, 53.383944836463456 ], [ -6.264855450935018, 53.383773823913813 ], [ -6.264807121153602, 53.3832183518333 ], [ -6.265193187717271, 53.380157489600464 ], [ -6.265168812339019, 53.378507268148375 ], [ -6.265032597745671, 53.377908457172715 ], [ -6.264404826938091, 53.376643416140517 ], [ -6.26376060845386, 53.374638681608324 ], [ -6.263658527208924, 53.374526943434752 ], [ -6.249359799737372, 53.371339759616049 ], [ -6.249093833810737, 53.371183672698372 ], [ -6.249080668568189, 53.371076287055068 ], [ -6.24927401715637, 53.370725276622956 ], [ -6.25155265003824, 53.36679815246022 ], [ -6.251875262882748, 53.365909371861541 ], [ -6.251847680804382, 53.365023332794152 ], [ -6.251919680183988, 53.364646104627994 ], [ -6.252187377226302, 53.364055976427068 ], [ -6.252675515025245, 53.36333863237487 ], [ -6.254113812296183, 53.361531030106541 ], [ -6.256339914712052, 53.358946986563161 ], [ -6.258146744342882, 53.357124123242691 ], [ -6.259151575228735, 53.356576500296825 ], [ -6.261328215631203, 53.35442530026932 ] ] } },
{ "type": "Feature", "properties": { "route": "19", "routes": [ "19", "21", "22", "24", "A2", "A4", "D4", "L81", "L85", "X79" ], "category": "radial", "colour": "#9467bd", "route_colour": "#ffbb78", "pdf_colour": "#662484", "stroke-width": 2, "source": "pdf-future", "phase": "future" }, "geometry": { "type": "LineString", "coordinates": [ [ -6.255464954146094, 53.467591836178812 ], [ -6.253183376705431, 53.467583506577448 ], [ -6.251799669448444, 53.467402857118635 ], [ -6.250782479008392, 53.467131867065937 ], [ -6.248567831683031, 53.466295017483112 ], [ -6.245618761449644, 53.465993936499743 ], [ -6.24444925398068, 53.465732922553691 ], [ -6.242501006777355, 53.465149205297877 ], [ -6.238991898518307, 53.464615235049358 ], [ -6.235853483775254, 53.463643913320688 ], [ -6.234314195186084, 53.463294091024025 ], [ -6.23209881545111, 53.463014416874593 ], [ -6.227844757075965, 53.462657811573358 ], [ -6.225518454676654, 53.462676308788303 ], [ -6.225301678045665, 53.462551533421106 ], [ -6.225096049225627, 53.462080931903522 ], [ -6.224604151925274, 53.459839141983409 ], [ -6.224507761491846, 53.459663531948536 ], [ -6.224243112504963, 53.459495475667062 ], [ -6.223875198481616, 53.459411718449921 ], [ -6.222083735477155, 53.459443361832264 ], [ -6.221885164079277, 53.459311065196097 ], [ -6.221774496946184, 53.458880988707932 ], [ -6.221945107784815, 53.458595399944613 ], [ -6.223175251518913, 53.458076744574008 ], [ -6.223632613570917, 53.457728715906519 ], [ -6.22380629154013, 53.457327167698935 ], [ -6.223951494488042, 53.456224621507666 ], [ -6.224347733953351, 53.454594528477742 ], [ -6.224495644626118, 53.454486401548259 ], [ -6.225260957920776, 53.45429557031126 ], [ -6.225637496737985, 53.454015428348789 ], [ -6.226834378158494, 53.45161523567625 ], [ -6.227492946809897, 53.450581287258117 ], [ -6.228535693397849, 53.449583509450513 ], [ -6.229650972902617, 53.449133841099147 ], [ -6.23049847642043, 53.448293956114568 ], [ -6.230972139969323, 53.44801038100556 ], [ -6.232299895512065, 53.447583338596999 ], [ -6.233305795172057, 53.447108769451319 ], [ -6.235001423943807, 53.447069589502107 ], [ -6.239153697966218, 53.447454513446282 ], [ -6.242926340544376, 53.448425604573536 ], [ -6.245018758183142, 53.448740039662219 ], [ -6.246914494751016, 53.449342375005045 ], [ -6.247906957395023, 53.44941364140842 ], [ -6.24859293323791, 53.449196703299783 ], [ -6.249045021487294, 53.448745499116754 ], [ -6.249276250082525, 53.448210425909856 ], [ -6.249548788998396, 53.447021216281868 ], [ -6.249822256174554, 53.446364217268496 ], [ -6.249729773877406, 53.446078672132472 ], [ -6.249360272462885, 53.445865827812199 ], [ -6.245779590143064, 53.445087879790456 ], [ -6.244929579283736, 53.444812308494754 ], [ -6.244090368350237, 53.444430985784827 ], [ -6.242581378629632, 53.443540775684284 ], [ -6.241369029918773, 53.442403322562924 ], [ -6.239707843285939, 53.441215984375674 ], [ -6.238777583901067, 53.440646188379858 ], [ -6.237921140944054, 53.440273413030113 ], [ -6.237025008863984, 53.440039636865649 ], [ -6.236224849264145, 53.439959451986859 ], [ -6.234951390242733, 53.439997794141028 ], [ -6.232883945354973, 53.440214204945001 ], [ -6.232172643776665, 53.440178385052512 ], [ -6.231917822450326, 53.440092617391699 ], [ -6.231826869563493, 53.439976171814799 ], [ -6.231680943271308, 53.439215047306426 ], [ -6.231164207879118, 53.437987955405049 ], [ -6.230923748051777, 53.437132298305833 ], [ -6.230271306295764, 53.433282701345746 ], [ -6.23018041176748, 53.43214289952757 ], [ -6.230248527562949, 53.431496474560234 ], [ -6.230477253538265, 53.430791275703015 ], [ -6.232046242867699, 53.428391922147561 ], [ -6.232319147799529, 53.42741579669547 ], [ -6.232239927631478, 53.426515387252515 ], [ -6.231513833758203, 53.423597168500052 ], [ -6.231203113976881, 53.421918365885837 ], [ -6.231258321949682, 53.42081443967465 ], [ -6.23142475646695, 53.419892518012318 ], [ -6.231684742055508, 53.419329195286238 ], [ -6.23223074776984, 53.418466330430114 ], [ -6.232840679171341, 53.417796223210736 ], [ -6.233725392422418, 53.417062359147451 ], [ -6.234512193761993, 53.416512970712894 ], [ -6.238217480528171, 53.414622280367972 ], [ -6.239398824590405, 53.413717199594437 ], [ -6.240318043627164, 53.412851201694636 ], [ -6.24034844221524, 53.412155762318527 ], [ -6.239797467711513, 53.410445596216569 ], [ -6.239481013869088, 53.407584228542611 ], [ -6.239041421343859, 53.406466214494522 ], [ -6.238099457380698, 53.404901761269862 ], [ -6.237944530080107, 53.404367478075727 ], [ -6.237953408138874, 53.403880542576836 ], [ -6.238146015440871, 53.403368456229423 ], [ -6.238459130945746, 53.402876563272976 ], [ -6.24031285783423, 53.400717822523617 ], [ -6.241440142775541, 53.399020035239801 ], [ -6.241912271814822, 53.398605373726923 ], [ -6.243073105196714, 53.397832796960827 ], [ -6.243630330678712, 53.397264331691709 ], [ -6.243764757875241, 53.396871748797487 ], [ -6.243577055904648, 53.395723384321258 ], [ -6.243737300068532, 53.395451526255464 ], [ -6.24429326149234, 53.394893031049371 ], [ -6.244707773048181, 53.393933655643131 ], [ -6.24473670851674, 53.392574945689297 ], [ -6.245129785664623, 53.390005440609372 ], [ -6.245066446585001, 53.387596923812467 ], [ -6.244582023338, 53.386509735182194 ], [ -6.243981716758441, 53.385832625877484 ], [ -6.243152935579834, 53.385359546858723 ], [ -6.241627932944596, 53.384999098578774 ], [ -6.241176057543474, 53.38464802789948 ], [ -6.241118584351162, 53.384400421695673 ], [ -6.241351482303943, 53.382402881322207 ], [ -6.241608514834989, 53.381497360876288 ], [ -6.242530161701995, 53.379594064511416 ], [ -6.243587804648172, 53.37795745722854 ], [ -6.245604436020828, 53.375501920035404 ], [ -6.247848212587854, 53.37353555976393 ], [ -6.248700982920356, 53.372458731198179 ], [ -6.2518995398635, 53.366920367226619 ], [ -6.252247096185275, 53.365996233792977 ], [ -6.252229150638377, 53.365048427928166 ], [ -6.252299595111204, 53.364692165979243 ], [ -6.25276405254675, 53.363811138573006 ], [ -6.253902937625246, 53.362317729460273 ], [ -6.256088265901723, 53.359724604641833 ], [ -6.258656607776071, 53.357022568924748 ], [ -6.258556800438295, 53.356824860818364 ], [ -6.257569137929185, 53.356269552104123 ], [ -6.256248444718975, 53.354841132542347 ], [ -6.253806520373034, 53.352536760504513 ], [ -6.25041288278141, 53.348393581544258 ] ] } },
{ "type": "Feature", "properties": { "route": "10", "routes": [ "10", "6", "8", "N2" ], "category": "radial", "colour": "#9467bd", "route_colour": "#ffbb78", "pdf_colour": "#662484", "stroke-width": 2, "source": "pdf-future", "phase": "future" }, "geometry": { "type": "LineString", "coordinates": [ [ -6.245449447339198, 53.352088636294994 ], [ -6.246658569141549, 53.351003226940392 ], [ -6.253147744539133, 53.350212529362679 ], [ -6.253713952521004, 53.349947407652394 ], [ -6.253839098059122, 53.349716635916074 ], [ -6.253820209520682, 53.349523068813703 ], [ -6.253505290376792, 53.348948541240127 ], [ -6.25332182459705, 53.348774629458852 ], [ -6.252867062051521, 53.348570533826397 ], [ -6.252311684591229, 53.348501825190851 ], [ -6.25109100665669, 53.348662605724904 ], [ -6.250376353142822, 53.348904794401584 ], [ -6.249611520881509, 53.349039618776466 ], [ -6.248718295965323, 53.349490158729296 ], [ -6.247515887288364, 53.349754458509032 ], [ -6.247306569790541, 53.349914980112267 ], [ -6.246836050428239, 53.350684808359155 ], [ -6.246326908828382, 53.351288557339529 ], [ -6.24355466377268, 53.35379513336094 ], [ -6.242257953106282, 53.354788194510938 ], [ -6.238563586004914, 53.357249373033589 ], [ -6.234524667576529, 53.360785817282938 ], [ -6.233987872508212, 53.361035711369773 ], [ -6.232024361608685, 53.3616720170726 ], [ -6.22973194949147, 53.36222459709834 ], [ -6.227775978369468, 53.362348923161164 ], [ -6.225152064961468, 53.362197491898492 ], [ -6.22343895826693, 53.361725030838585 ], [ -6.221948055551395, 53.361512535914379 ], [ -6.218356266214961, 53.360776308800865 ], [ -6.214930472667724, 53.360231537682211 ], [ -6.212734740321589, 53.359587255551361 ], [ -6.209365283390786, 53.358349731817675 ], [ -6.207569570786228, 53.357899094222873 ], [ -6.204542189192229, 53.357570933158286 ], [ -6.199768901303847, 53.357518705439318 ], [ -6.198366587102744, 53.35739858516051 ], [ -6.192666714153714, 53.35644854391672 ], [ -6.19177389831416, 53.356202851270019 ], [ -6.189608678251474, 53.35538831638425 ], [ -6.188543335749841, 53.355198081386895 ], [ -6.187602008820678, 53.355160178716346 ], [ -6.184559086091129, 53.355570865046737 ], [ -6.182472570412416, 53.356167904678998 ], [ -6.179602857650272, 53.356724221731419 ], [ -6.177817823532844, 53.357269214575069 ], [ -6.175587719115871, 53.358113544066057 ], [ -6.17455232721998, 53.358606339786341 ], [ -6.173368427656265, 53.359343294210319 ], [ -6.168212160354268, 53.363067260444112 ], [ -6.168108462066728, 53.363243580225067 ], [ -6.168334796851159, 53.363498653872007 ], [ -6.170651725804795, 53.364326204609903 ], [ -6.174282852224188, 53.365390586555634 ], [ -6.175733119992167, 53.365929121049575 ], [ -6.177030905098619, 53.366143510455743 ], [ -6.177365046690215, 53.365991292202004 ], [ -6.178622157565562, 53.362902451279091 ], [ -6.178868868937795, 53.362651886918485 ], [ -6.179547572621617, 53.362520786538759 ], [ -6.182851662087221, 53.362939295562875 ], [ -6.183285631413765, 53.362832732794423 ], [ -6.183365200788955, 53.3626987898419 ], [ -6.183494324342508, 53.360464422793278 ], [ -6.183742606863719, 53.360267918875607 ], [ -6.185141033325711, 53.360345921634497 ], [ -6.187434015619505, 53.360641653270179 ], [ -6.190566920859247, 53.360913584803491 ], [ -6.190788489315189, 53.361008476422356 ], [ -6.190869154849617, 53.361135653745642 ], [ -6.19080229064742, 53.362453346493737 ], [ -6.191131272131771, 53.362723139345697 ], [ -6.197271058483751, 53.36337970964049 ], [ -6.199955174528108, 53.363826836088407 ], [ -6.200193493029896, 53.363780121083259 ], [ -6.200301444128187, 53.363669936872149 ], [ -6.200959098872858, 53.36180067224754 ], [ -6.201186541714829, 53.360463218415212 ] ] } },
{ "type": "Feature", "properties": { "route": "36", "routes": [ "36" ], "category": "radial", "colour": "#9467bd", "route_colour": "#8c564b", "pdf_colour": "#662484", "stroke-width": 2, "source": "pdf-future", "phase": "future", "stroke": "#9467bd" }, "geometry": { "type": "LineString", "coordinates": [ [ -6.3329303, 53.3766044 ], [ -6.3312447, 53.376545 ], [ -6.3309291, 53.3766391 ], [ -6.3309208, 53.3770205 ], [ -6.3307879, 53.3772682 ], [ -6.3256894, 53.3772385 ], [ -6.3240867, 53.3774564 ], [ -6.323522, 53.376857 ], [ -6.3232895, 53.3765152 ], [ -6.3222349, 53.376431 ], [ -6.3216786, 53.3761883 ], [ -6.321006, 53.375787 ], [ -6.3158825, 53.3757425 ], [ -6.3155503, 53.3758168 ], [ -6.3153676, 53.3757573 ], [ -6.3138646, 53.3757623 ], [ -6.312619, 53.3767827 ], [ -6.3114067, 53.3764905 ], [ -6.3108752, 53.3765152 ], [ -6.3101777, 53.3764905 ], [ -6.3097791, 53.3768026 ], [ -6.3092145, 53.3767431 ], [ -6.307288, 53.3746328 ], [ -6.3065572, 53.3737213 ], [ -6.3061835, 53.3730277 ], [ -6.3059222, 53.3714696 ], [ -6.3062958, 53.3706075 ], [ -6.3061484, 53.3699086 ], [ -6.3058661, 53.3693487 ], [ -6.3054343, 53.3689127 ], [ -6.304056531382684, 53.368328931271385 ], [ -6.3027273, 53.3675254 ], [ -6.3024117, 53.3674065 ], [ -6.3010665, 53.3673867 ], [ -6.2947887, 53.3670894 ], [ -6.2920318, 53.366698 ], [ -6.2903711, 53.3662372 ], [ -6.2891338, 53.3653453 ], [ -6.2886438, 53.3649637 ], [ -6.2825571, 53.3638142 ], [ -6.2827315, 53.3632493 ], [ -6.2833294, 53.3610739 ], [ -6.2752364, 53.3607666 ], [ -6.2726705, 53.3607963 ], [ -6.2696977, 53.3605585 ], [ -6.2696396, 53.3603107 ], [ -6.2698223, 53.3590222 ], [ -6.2692576, 53.3583482 ], [ -6.2683895, 53.3573609 ], [ -6.2679467, 53.356769 ], [ -6.2653563, 53.3560872 ], [ -6.2616368, 53.3528889 ] ] } },
{ "type": "Feature", "properties": { "route": "6", "routes": [ "6", "73" ], "category": "radial", "colour": "#9467bd", "route_colour": "#2ca02c", "pdf_colour": "#662484", "stroke-width": 2, "source": "pdf-future", "phase": "future" }, "geometry": { "type": "LineString", "coordinates": [ [ -6.248163287165021, 53.348045978951163 ], [ -6.252007082451328, 53.352794271991499 ], [ -6.252145585305391, 53.353004007442522 ], [ -6.252134177241603, 53.353132750815476 ], [ -6.251979449002341, 53.353271708262106 ], [ -6.251314778007545, 53.35351521897784 ], [ -6.247705813873056, 53.354714214338969 ], [ -6.244588049191104, 53.35610126314414 ], [ -6.241186756804715, 53.358034006040207 ], [ -6.240005639566604, 53.358817050144864 ], [ -6.239353103568219, 53.359395998994771 ], [ -6.238928594564244, 53.360166043867203 ], [ -6.23868785465352, 53.360417766522865 ], [ -6.23816298626602, 53.360594950539671 ], [ -6.236748714788342, 53.360775619262554 ], [ -6.236561479119839, 53.36085769730127 ], [ -6.236516241587771, 53.360979543785383 ], [ -6.236668698941758, 53.363649508346057 ], [ -6.236895540822625, 53.364830919265714 ], [ -6.236902768032375, 53.365276266060292 ], [ -6.236762026588505, 53.365869752240378 ], [ -6.235491944432646, 53.36956246131605 ], [ -6.235093655429048, 53.369605945446629 ], [ -6.22543830718992, 53.366125433647881 ] ] } },
{ "type": "Feature", "properties": { "route": "72", "routes": [ "72", "73", "D2", "S2", "S4" ], "category": "radial", "colour": "#9467bd", "route_colour": "#aec7e8", "pdf_colour": "#662484", "stroke-width": 2, "source": "pdf-future", "phase": "future" }, "geometry": { "type": "LineString", "coordinates": [ [ -6.267542568762268, 53.342429418635916 ], [ -6.268168545185098, 53.342362946701527 ], [ -6.270305180308383, 53.342707561486399 ], [ -6.272540609143203, 53.342569619743429 ], [ -6.274090463846142, 53.342595608198074 ], [ -6.277657197898575, 53.343220133777393 ], [ -6.281798951700849, 53.343586773166109 ], [ -6.28326459780472, 53.34361953744861 ], [ -6.285342521173964, 53.343536450316307 ], [ -6.286363612762366, 53.343357386171121 ], [ -6.28698074908781, 53.342906546115437 ], [ -6.288991154978659, 53.342539574516998 ], [ -6.291166319041293, 53.34237302932609 ], [ -6.291323411652959, 53.342258142810962 ], [ -6.291332846856763, 53.342128346906051 ], [ -6.290700264771383, 53.341234308369273 ], [ -6.290755292380313, 53.34108271034075 ], [ -6.293093942624299, 53.34059737639766 ], [ -6.294652317302296, 53.340452530400214 ], [ -6.295435989375461, 53.340286193147207 ], [ -6.296316070390589, 53.339765281055946 ], [ -6.296555292033901, 53.339457498656571 ], [ -6.296616739653295, 53.339100998740619 ], [ -6.29680242551431, 53.339001873763841 ], [ -6.303617864661725, 53.339718329783338 ], [ -6.303773116617316, 53.33959739248435 ], [ -6.303998261944304, 53.338914106613196 ], [ -6.303992749230339, 53.338630861825102 ], [ -6.30354903383193, 53.338046925488491 ], [ -6.302348025949735, 53.337085833886754 ], [ -6.301819752178494, 53.336370615862236 ], [ -6.301578410551118, 53.335813039662149 ], [ -6.301448479609353, 53.335241404332265 ], [ -6.301381138339853, 53.334232270964762 ], [ -6.301520379647143, 53.334035883953099 ], [ -6.301966529863731, 53.333922640921365 ], [ -6.305267021494499, 53.334098970145376 ], [ -6.307564778426731, 53.334100725246572 ], [ -6.31013049265411, 53.333729434924287 ], [ -6.3116155430805, 53.333444601234071 ], [ -6.312838118707653, 53.33306079290184 ], [ -6.315660463755074, 53.331836990044629 ], [ -6.316473008783275, 53.331562378360353 ], [ -6.319732441847367, 53.330908331648949 ], [ -6.319863622871459, 53.330789758722382 ], [ -6.319836044570369, 53.330659984158963 ], [ -6.31665146611237, 53.326517333069994 ], [ -6.316662461322248, 53.3263285577926 ], [ -6.316890000295376, 53.326235541580544 ], [ -6.322388328769545, 53.325879797304175 ], [ -6.322989794966187, 53.325756657488128 ], [ -6.323521517559547, 53.325471616993255 ], [ -6.326385783331901, 53.322965474222926 ], [ -6.326614756150813, 53.322969529860984 ], [ -6.327626890358104, 53.323280400165814 ], [ -6.327649450010115, 53.323562095146428 ], [ -6.327782505118997, 53.323788692450044 ], [ -6.328640460299814, 53.324066474572774 ], [ -6.328970530011153, 53.324068202477804 ], [ -6.330518775037115, 53.323739024198446 ], [ -6.3307015728094, 53.323597808142537 ], [ -6.330409551004064, 53.323140927123902 ], [ -6.33013772957763, 53.322903656999067 ], [ -6.329282026962483, 53.322502891438631 ], [ -6.328530468917497, 53.322324957448025 ], [ -6.328197940213533, 53.322416197028467 ], [ -6.327626890358104, 53.323280400165814 ] ] } },
{ "type": "Feature", "properties": { "route": "74", "routes": [ "74", "85", "A1", "A2", "A3", "A4", "F1", "S6", "S8", "X47" ], "category": "radial", "colour": "#9467bd", "route_colour": "#ff9896", "pdf_colour": "#662484", "stroke-width": 2, "source": "pdf-future", "phase": "future" }, "geometry": { "type": "LineString", "coordinates": [ [ -6.250710179333384, 53.338553001847906 ], [ -6.250261906866397, 53.338406097813454 ], [ -6.249836911163156, 53.338097752792045 ], [ -6.249639290689074, 53.337740402616134 ], [ -6.249728221045017, 53.337441649554577 ], [ -6.251221090387998, 53.335348390343469 ], [ -6.252098871999507, 53.335103513961421 ], [ -6.252770594372856, 53.335047255156383 ], [ -6.253616187733135, 53.335111635813824 ], [ -6.25766781813367, 53.336238157938531 ], [ -6.26031981637257, 53.336273291126112 ], [ -6.261928155061108, 53.336659952040804 ], [ -6.263368001384139, 53.336836084281032 ], [ -6.264979154882675, 53.337418888196737 ], [ -6.267234569359495, 53.337924699957917 ], [ -6.267119716650771, 53.337123383007345 ], [ -6.267320637500869, 53.336410446255599 ], [ -6.268048302145272, 53.335071218057969 ], [ -6.269040853743586, 53.333891049288397 ], [ -6.269333821751121, 53.333177546137335 ], [ -6.269434635160588, 53.332542989869971 ], [ -6.269255470351566, 53.33148788372781 ], [ -6.269234934552459, 53.330827109726393 ], [ -6.269316314365668, 53.329943952704106 ], [ -6.269450338906876, 53.329415311594879 ], [ -6.269909655688027, 53.328615176547203 ], [ -6.271185677954244, 53.327118392268773 ], [ -6.272396029441753, 53.325494827278803 ], [ -6.272704967680946, 53.324177535297352 ], [ -6.273197291433216, 53.322848087922338 ], [ -6.273282270025584, 53.322396176826182 ], [ -6.273221035254457, 53.321950401879796 ], [ -6.272641713400657, 53.320744662608767 ], [ -6.27245941422593, 53.320110620803455 ], [ -6.27245447206624, 53.319692343891511 ], [ -6.272593795906527, 53.319076812521459 ], [ -6.272881644601155, 53.318481215233852 ], [ -6.273282845301305, 53.317911624154043 ], [ -6.275283578776713, 53.315716757743445 ], [ -6.275659201420858, 53.315206511107796 ], [ -6.275773249196629, 53.314752367843113 ], [ -6.275421881058512, 53.313891776516456 ], [ -6.275489806669222, 53.313290362257064 ], [ -6.276025541651042, 53.311529912022259 ], [ -6.276702980332355, 53.311219715579554 ], [ -6.277054771334045, 53.309908558803592 ], [ -6.277165680966839, 53.309119215371773 ], [ -6.277109062189463, 53.308385461793222 ], [ -6.276466097564835, 53.306446783508541 ], [ -6.276352271891591, 53.305833559474365 ], [ -6.276387579210645, 53.305217277563848 ], [ -6.276697878961206, 53.304340175480384 ], [ -6.276762150644863, 53.303914726128902 ], [ -6.276605867309895, 53.301918896096254 ], [ -6.276328127681209, 53.300695124590341 ], [ -6.27641019174407, 53.300202122065421 ], [ -6.277001662758916, 53.299284440182312 ], [ -6.277271303009774, 53.299112509570968 ], [ -6.278697222406906, 53.299172232873687 ], [ -6.279559089878973, 53.299113000613978 ], [ -6.282287814353647, 53.298440915246402 ], [ -6.287054948905711, 53.298082836815695 ], [ -6.288448660976456, 53.297809592119769 ], [ -6.288862969882621, 53.297576465265301 ], [ -6.288951657172242, 53.297324722212451 ], [ -6.288733295416416, 53.296465648208887 ], [ -6.289456594876714, 53.29374082016097 ], [ -6.289513501480798, 53.29174062551084 ], [ -6.289661526226638, 53.291174341417275 ], [ -6.290084690905762, 53.290228199433045 ], [ -6.289903536616864, 53.290080357884023 ], [ -6.288425347761962, 53.289614110407626 ], [ -6.285013275091369, 53.288172388489009 ], [ -6.284858751390422, 53.287963229635885 ], [ -6.286342818786324, 53.286770052379801 ], [ -6.287190409936429, 53.285473009881557 ], [ -6.288697974876592, 53.283845301998923 ], [ -6.289000191680449, 53.283803278154906 ], [ -6.29319716516505, 53.284351441059123 ], [ -6.294546195904443, 53.284368116315321 ], [ -6.29546933799766, 53.284261487633756 ], [ -6.296386343941075, 53.284008645588706 ], [ -6.297174886217215, 53.28362035951023 ], [ -6.29770175806045, 53.283216149093725 ], [ -6.298891981125769, 53.282013198947304 ], [ -6.29892927433635, 53.281889141636178 ], [ -6.298826092777205, 53.281743362468077 ], [ -6.298319634161137, 53.281564908916103 ], [ -6.295142823626956, 53.281288815037293 ], [ -6.293954118262428, 53.281375415016157 ], [ -6.292003432085951, 53.28171595640999 ], [ -6.291755206601275, 53.281683381745623 ], [ -6.291611325125786, 53.281563535506592 ], [ -6.29221589868073, 53.279847921092838 ], [ -6.292832269923244, 53.2776484494537 ], [ -6.293012099340141, 53.277279075143795 ], [ -6.293511298262064, 53.276862128580845 ], [ -6.295945164779916, 53.275500005688698 ], [ -6.296461612911866, 53.275338604551777 ], [ -6.297056600172873, 53.275271312953173 ], [ -6.299205557644371, 53.275339156786302 ], [ -6.301903343572448, 53.275269463987016 ], [ -6.30334590819662, 53.275380645393234 ], [ -6.30593255577914, 53.275844200442656 ], [ -6.307031488837708, 53.275861263056285 ], [ -6.308738868459075, 53.275491278153154 ], [ -6.309977611490573, 53.274798789379297 ], [ -6.310599789695219, 53.274611174663285 ], [ -6.312722872218511, 53.27459830612402 ], [ -6.315424041622221, 53.274211591949914 ], [ -6.325786436740118, 53.271988804641026 ], [ -6.327189257471034, 53.271862852281309 ], [ -6.328270160183371, 53.271956464921807 ], [ -6.329447416689774, 53.272302713558098 ], [ -6.330888582785513, 53.273034074812543 ], [ -6.334708276166721, 53.273701303763929 ], [ -6.33662421821279, 53.274485236845322 ], [ -6.34163079443328, 53.275512973946128 ], [ -6.342513525192411, 53.276026493572715 ], [ -6.34346409676292, 53.276962954831582 ], [ -6.343453587685685, 53.277057710091555 ], [ -6.343265325926021, 53.277140761339894 ], [ -6.342136985997506, 53.277289979320436 ], [ -6.34212281185031, 53.277447659672895 ], [ -6.34248109633012, 53.277933302784156 ], [ -6.343799011747397, 53.278105209598763 ], [ -6.344328277236771, 53.278291268841357 ], [ -6.345057551180457, 53.278290551162996 ], [ -6.345702019530015, 53.27843264108671 ], [ -6.34824077114882, 53.279421113250208 ], [ -6.349240292159308, 53.28001975066099 ], [ -6.350111880584478, 53.279857739497452 ], [ -6.350680210816753, 53.279852764853366 ], [ -6.365460430008055, 53.280682855605647 ], [ -6.365819267855623, 53.280769373806926 ], [ -6.366041561355555, 53.280950314680943 ], [ -6.366335774535052, 53.281740370125206 ], [ -6.368282916325025, 53.287622910720032 ], [ -6.36831374268719, 53.287856807567792 ], [ -6.368202698961854, 53.288273016999533 ], [ -6.368272604987099, 53.289185184280043 ] ] } },
{ "type": "Feature", "properties": { "route": "34", "routes": [ "34", "35", "37", "48" ], "category": "radial", "colour": "#9467bd", "route_colour": "#7f7f7f", "pdf_colour": "#662484", "stroke-width": 2, "source": "pdf-future", "phase": "future" }, "geometry": { "type": "LineString", "coordinates": [ [ -6.2455942, 53.3339631 ], [ -6.247315, 53.3333933 ], [ -6.2460479, 53.3318799 ], [ -6.2461105, 53.3316183 ], [ -6.2441081, 53.3313101 ], [ -6.2433416, 53.3331878 ], [ -6.2451875, 53.3340752 ], [ -6.2490671, 53.3368215 ], [ -6.2463451, 53.339605 ], [ -6.2507566, 53.3411648 ], [ -6.2502717, 53.3418279 ], [ -6.2506158, 53.3420427 ], [ -6.2485379, 53.3454877 ], [ -6.2519935, 53.3458245 ], [ -6.2518525, 53.3475296 ], [ -6.2515351, 53.3483926 ], [ -6.2517467, 53.3490872 ], [ -6.2525225, 53.3494661 ], [ -6.2535676, 53.3494715 ], [ -6.2570295, 53.3542698 ], [ -6.261407, 53.3527001 ], [ -6.2653504, 53.356082 ], [ -6.2679511, 53.3567716 ], [ -6.2683838, 53.3573658 ], [ -6.2692971, 53.3583835 ], [ -6.2698195, 53.359007 ], [ -6.2696479, 53.3602859 ], [ -6.2696891, 53.3605585 ], [ -6.2726788, 53.3607964 ], [ -6.2752447, 53.3607567 ], [ -6.2983219, 53.3615959 ], [ -6.299321, 53.3619231 ], [ -6.3082799, 53.3649296 ], [ -6.3147688, 53.3670527 ], [ -6.3197677, 53.3681697 ], [ -6.331823196958595, 53.372090926446795 ] ] } },
{ "type": "Feature", "properties": { "route": "58", "routes": [ "58", "S8", "W4", "W6", "X58" ], "category": "radial", "colour": "#9467bd", "route_colour": "#2ca02c", "pdf_colour": "#662484", "stroke-width": 2, "source": "pdf-future", "phase": "future" }, "geometry": { "type": "LineString", "coordinates": [ [ -6.474648120187808, 53.284483192065743 ], [ -6.473579962498484, 53.285080157852647 ], [ -6.47321254763932, 53.285393552685505 ], [ -6.473051262086396, 53.285780423426736 ], [ -6.473008523963589, 53.286488540968435 ], [ -6.472852727894504, 53.286743510740877 ], [ -6.470808373363012, 53.287599755769804 ], [ -6.465625641672149, 53.287596719235118 ], [ -6.46267387636775, 53.287775734842647 ], [ -6.459839267330667, 53.288252952410318 ], [ -6.457188073080399, 53.289284213312008 ], [ -6.456152240945499, 53.289528910652216 ], [ -6.455281461041634, 53.289546892838473 ], [ -6.453046104541226, 53.289341716533585 ], [ -6.451673855018934, 53.289446469808333 ], [ -6.451226647171111, 53.289599698855348 ], [ -6.450528518767602, 53.290200449828895 ], [ -6.450201014756325, 53.290290821962856 ], [ -6.449587482687029, 53.290151551004136 ], [ -6.44880466408448, 53.289642674756415 ], [ -6.447704324942928, 53.288733262983023 ], [ -6.446670517038632, 53.287615537517183 ], [ -6.44622488959405, 53.287557734570569 ], [ -6.44443015303205, 53.287675321444937 ], [ -6.443302615581229, 53.28752945747749 ], [ -6.440623242635237, 53.286827367300759 ], [ -6.440171954974907, 53.286605357283776 ], [ -6.439785061947874, 53.286217992099978 ], [ -6.439347759194299, 53.286072378564469 ], [ -6.438855767462653, 53.286103380757851 ], [ -6.43787503300476, 53.286458573554931 ], [ -6.43739418681773, 53.286748961131138 ], [ -6.436904714892521, 53.287214181760994 ], [ -6.435748355668513, 53.288952214368571 ], [ -6.43531792487394, 53.290135247052433 ], [ -6.435175177707993, 53.291560971165524 ], [ -6.434825125754233, 53.292655098045586 ], [ -6.434809886610174, 53.293495989101842 ], [ -6.4347214219897, 53.293852774767082 ], [ -6.434336903155957, 53.294396797989471 ], [ -6.433154079354312, 53.295546925310354 ], [ -6.427531160598424, 53.296112448665042 ], [ -6.422962458252401, 53.296267702887107 ], [ -6.422767585353196, 53.296411600604799 ], [ -6.422791759781481, 53.297010449164127 ], [ -6.423485382675959, 53.297639008851242 ], [ -6.422727591594614, 53.29803711144735 ], [ -6.422172923880431, 53.298168491532756 ], [ -6.421197302691835, 53.298254725495688 ], [ -6.41810649457485, 53.298130958844361 ], [ -6.417102407241515, 53.29823444617228 ], [ -6.415548720513985, 53.298731539274925 ], [ -6.413087926515981, 53.300014922654682 ], [ -6.413116112955032, 53.300121705259308 ], [ -6.41446595183803, 53.300977695323468 ], [ -6.41511628361964, 53.30173015367702 ], [ -6.415586813747147, 53.302056709030836 ], [ -6.415638092808804, 53.302198114327183 ], [ -6.41508114797681, 53.302831609752666 ], [ -6.414771634461746, 53.303338603227964 ], [ -6.414511294944452, 53.303990947719591 ], [ -6.414301637493755, 53.304920729281761 ], [ -6.414071957761688, 53.305283783300716 ], [ -6.413476997885785, 53.305539141374915 ], [ -6.412386306040906, 53.305664346404825 ], [ -6.411572015921168, 53.306004935014307 ], [ -6.411505018948441, 53.306155216103079 ], [ -6.41164092966166, 53.306273851165479 ], [ -6.412404875023643, 53.306475120845029 ], [ -6.414448487513555, 53.307424487471316 ], [ -6.416097701949635, 53.308043310340814 ], [ -6.416127866347961, 53.308113132322127 ], [ -6.41524034149754, 53.308234707977107 ], [ -6.413600938479812, 53.307623147068092 ], [ -6.412807528267029, 53.307628170438754 ], [ -6.409112154905047, 53.308765859638655 ], [ -6.405395720705616, 53.310019032348741 ], [ -6.402801903138803, 53.311036805619217 ], [ -6.401937564209192, 53.311870243208205 ], [ -6.401158331920881, 53.312473850730413 ], [ -6.400401331796625, 53.313447175348344 ], [ -6.399080347926749, 53.314185505637262 ], [ -6.399091852499393, 53.314317856099315 ], [ -6.399366562014557, 53.314597217303266 ], [ -6.400289365099218, 53.315448914706671 ], [ -6.400614331739846, 53.315643575135297 ], [ -6.401177595540775, 53.315754507053924 ], [ -6.403187241636905, 53.315756644413263 ], [ -6.403701803219148, 53.315931310889951 ], [ -6.404175702468732, 53.316243950460787 ], [ -6.40559126878928, 53.317980986439728 ], [ -6.405809205603975, 53.318477922597388 ], [ -6.405741928925562, 53.318752239655808 ], [ -6.405506192366038, 53.318966081360131 ], [ -6.404360224746616, 53.319327907582569 ] ] } },
{ "type": "Feature", "properties": { "route": "34", "routes": [ "34", "35", "36", "48" ], "category": "radial", "colour": "#9467bd", "route_colour": "#7f7f7f", "pdf_colour": "#662484", "stroke-width": 2, "source": "pdf-future", "phase": "future" }, "geometry": { "type": "LineString", "coordinates": [ [ -6.2503311, 53.341901 ], [ -6.2526618, 53.3422135 ], [ -6.2528673, 53.3418537 ], [ -6.2560008, 53.3425271 ], [ -6.2591284, 53.3432141 ], [ -6.2593068, 53.3434744 ], [ -6.2592275, 53.344054 ], [ -6.2595049, 53.3444916 ], [ -6.2590294, 53.3450358 ], [ -6.2577415, 53.3456154 ], [ -6.2557312, 53.3488136 ], [ -6.2572858, 53.3459584 ], [ -6.259069, 53.3471058 ], [ -6.2613278, 53.35257 ], [ -6.2653542, 53.3560755 ], [ -6.2679215, 53.3567574 ], [ -6.2698062, 53.3590111 ], [ -6.2696637, 53.3602815 ], [ -6.269714, 53.3605616 ], [ -6.2726808, 53.3607817 ], [ -6.2752872, 53.3607667 ], [ -6.2933652, 53.3614201 ], [ -6.293447, 53.3618594 ], [ -6.2941504, 53.3630699 ], [ -6.2941013, 53.3640656 ], [ -6.2932016, 53.3657153 ], [ -6.2927763, 53.3659496 ], [ -6.2923346, 53.3662619 ], [ -6.2919584, 53.3667695 ], [ -6.2913367, 53.3679408 ], [ -6.2910914, 53.3685557 ], [ -6.2912386, 53.3689754 ], [ -6.2917784, 53.3694342 ], [ -6.2926618, 53.369688 ], [ -6.300576705068217, 53.371171934780726 ], [ -6.304496689086887, 53.371375653443081 ], [ -6.304692408091081, 53.3711997669132 ], [ -6.304444194127008, 53.370296888279015 ], [ -6.304212082220798, 53.369768566347815 ], [ -6.303835397223825, 53.369373468368764 ], [ -6.304514092975398, 53.368713182766321 ], [ -6.304540892406619, 53.368569841249347 ], [ -6.304401273940466, 53.368440104269617 ], [ -6.303133767305409, 53.367837379680708 ], [ -6.302845602643428, 53.367650695113618 ], [ -6.302826545261716, 53.36753915222409 ], [ -6.305535138481245, 53.366720483322091 ], [ -6.307842114369439, 53.365655109091463 ], [ -6.314811331991323, 53.367057467961843 ], [ -6.316529862939731, 53.367435778040857 ], [ -6.318064861456755, 53.367764307752473 ], [ -6.317530948929095, 53.368670240195115 ], [ -6.31680537014636, 53.369943739571411 ], [ -6.314472839791043, 53.373354151136184 ], [ -6.314497866940778, 53.373568163772283 ], [ -6.3140390358623, 53.373593048892737 ], [ -6.312445640662496, 53.373652773122494 ], [ -6.311311076541169, 53.37351839348775 ] ] } },
{ "type": "Feature", "properties": { "route": "10", "routes": [ "10", "6", "8", "A1", "D4", "L80", "L82", "N2", "N4" ], "category": "radial", "colour": "#9467bd", "route_colour": "#ffbb78", "pdf_colour": "#662484", "stroke-width": 2, "source": "pdf-future", "phase": "future" }, "geometry": { "type": "LineString", "coordinates": [ [ -6.247494154855107, 53.350954303374557 ], [ -6.247807767635531, 53.350481430216135 ], [ -6.247977247564194, 53.350389879389937 ], [ -6.252848561437147, 53.349799474316121 ], [ -6.253018485759794, 53.349728942588712 ], [ -6.253078115008918, 53.349592471519792 ], [ -6.252767533097413, 53.34904306740966 ], [ -6.252370211259804, 53.348936524660679 ], [ -6.25144945997977, 53.349066224623343 ], [ -6.250737964061729, 53.349302494720085 ], [ -6.249995229871934, 53.349433902190597 ], [ -6.249172641501969, 53.349861301738564 ], [ -6.248053103142837, 53.350093781549369 ], [ -6.247494154855107, 53.350954303374557 ], [ -6.247012114677967, 53.351516754499222 ], [ -6.244205035404308, 53.354054420346287 ], [ -6.242879673507707, 53.355071732413975 ], [ -6.239194514786021, 53.357525151700578 ], [ -6.235136179947892, 53.361077087981222 ], [ -6.234692748976764, 53.361314446304952 ], [ -6.233467195739959, 53.361735188819715 ], [ -6.230742798299083, 53.362508423961309 ], [ -6.229700793375013, 53.36268393389895 ], [ -6.228500933211603, 53.362776240931524 ], [ -6.225550705627466, 53.362670197535664 ], [ -6.22346099930191, 53.361950692516274 ], [ -6.221859611328092, 53.361717268958522 ], [ -6.218311647963755, 53.360988203141659 ], [ -6.214935440323878, 53.360459748817767 ], [ -6.212718530234265, 53.359821908983193 ], [ -6.208657446499092, 53.358372023851217 ], [ -6.207145513541865, 53.35804693350557 ], [ -6.2054231627726, 53.357848323768593 ], [ -6.205110912825562, 53.357967109165742 ], [ -6.203759519791326, 53.360460248926579 ], [ -6.203490365673107, 53.360538159520502 ], [ -6.201839049006097, 53.360490480748943 ], [ -6.201581282554497, 53.360591700591009 ], [ -6.201331355227881, 53.361871539772878 ], [ -6.200682385146565, 53.363715025013811 ], [ -6.200568007994197, 53.363879058141599 ], [ -6.200350962800426, 53.363991358559502 ], [ -6.199825718198385, 53.364031484710921 ], [ -6.197322168702136, 53.363603139149681 ], [ -6.191200741128661, 53.362971062838859 ], [ -6.190814411290272, 53.363091890219749 ], [ -6.190553727287432, 53.36572391773683 ], [ -6.190762602279907, 53.365920509286802 ], [ -6.198906695578918, 53.36715927857 ], [ -6.199164955151094, 53.36730415780724 ], [ -6.199194713683437, 53.367654066980805 ], [ -6.199423015284243, 53.367759140188959 ], [ -6.202336021992209, 53.367646122848093 ], [ -6.203663149566443, 53.368566534930643 ], [ -6.204281518032307, 53.369128081402835 ], [ -6.204797661906427, 53.369469848137911 ], [ -6.206313859761631, 53.370163179994876 ], [ -6.207635574341409, 53.370645295717082 ], [ -6.209263583648914, 53.371082494407247 ], [ -6.214200099921069, 53.372149392759823 ], [ -6.217005028992754, 53.373285954637957 ], [ -6.222552772831296, 53.37480617281372 ], [ -6.230051665371132, 53.376460027606626 ], [ -6.234541826888385, 53.377988285290705 ], [ -6.236564132641572, 53.378532947057884 ], [ -6.236766517555506, 53.378672347009868 ], [ -6.236749503101853, 53.378823950137701 ], [ -6.23569193249009, 53.380117439372718 ], [ -6.235083319916978, 53.381153709480287 ], [ -6.234660808325128, 53.381545674982284 ], [ -6.233782117528485, 53.381900565787866 ], [ -6.230656780017991, 53.382477131001444 ], [ -6.229144135048316, 53.382557163468078 ], [ -6.226469573002429, 53.382467414581171 ], [ -6.224584125675598, 53.382232479743941 ], [ -6.219189018988294, 53.381257488034947 ], [ -6.215029562327747, 53.380879376557971 ], [ -6.21466026318521, 53.380923627471205 ], [ -6.214364473379746, 53.381100868524541 ], [ -6.214201018360771, 53.382363988256294 ], [ -6.213314969661412, 53.383640006556462 ], [ -6.213069345194151, 53.384416783629433 ], [ -6.213119421011426, 53.385095344910745 ], [ -6.21361162672458, 53.386606887677587 ], [ -6.21361704953992, 53.387952501512643 ], [ -6.213703607213515, 53.388083836082117 ], [ -6.21969090542698, 53.389437618229671 ], [ -6.220003911958077, 53.389365869282017 ], [ -6.220492468654543, 53.388859610104973 ], [ -6.221153506119455, 53.388640011676053 ], [ -6.221688588580624, 53.388606147834743 ], [ -6.224315442958914, 53.388797670875789 ], [ -6.224481051390667, 53.388739029189836 ], [ -6.224513039258554, 53.388550809168841 ], [ -6.224439022447351, 53.388474825541245 ], [ -6.223520104835463, 53.388270457191048 ], [ -6.222939115890452, 53.387921973553311 ], [ -6.222699536541128, 53.387562513214235 ], [ -6.22264450005563, 53.386995859894043 ], [ -6.222058424282102, 53.386915335440086 ] ] } },
{ "type": "Feature", "properties": { "route": "52", "routes": [ "52", "60", "D1", "G2", "L54" ], "category": "radial", "colour": "#9467bd", "route_colour": "#c5b0d5", "pdf_colour": "#662484", "stroke-width": 2, "source": "pdf-future", "phase": "future" }, "geometry": { "type": "LineString", "coordinates": [ [ -6.287608320645288, 53.346637443988627 ], [ -6.287390826335939, 53.345783394677753 ], [ -6.287447060022205, 53.345661839042243 ], [ -6.287626245606096, 53.345581548778028 ], [ -6.288604272905753, 53.34540434663041 ], [ -6.294595185951647, 53.345108647667729 ], [ -6.298626026721547, 53.344525022199022 ], [ -6.302575157735022, 53.343362033704487 ], [ -6.303998954881751, 53.343161609941021 ], [ -6.304103907028897, 53.343051346407563 ], [ -6.303986606470453, 53.342456036757902 ], [ -6.304204180479842, 53.342323743332365 ], [ -6.308890527114459, 53.342750803305009 ], [ -6.309750596613427, 53.342759547271243 ], [ -6.315308109942732, 53.342246312827172 ], [ -6.317484695763926, 53.341874733544948 ], [ -6.319408509230451, 53.341831585589958 ], [ -6.320677817049265, 53.341950188545681 ], [ -6.322661723234045, 53.342433813658737 ], [ -6.32581020492669, 53.342684149495369 ], [ -6.326059651786577, 53.342632727086901 ], [ -6.32628546606534, 53.342453635178899 ], [ -6.326626061096111, 53.342435634484112 ], [ -6.329479107856344, 53.342963255734546 ], [ -6.330066001405442, 53.342634658774671 ], [ -6.330548826496064, 53.342496376701135 ], [ -6.336915456806322, 53.341573392685838 ], [ -6.339297039135148, 53.341091194997091 ], [ -6.343596330320768, 53.340380623184224 ], [ -6.34377189767265, 53.340210205740995 ], [ -6.3434584104859, 53.339354617765537 ], [ -6.343602692728075, 53.339232389967584 ], [ -6.343982543630824, 53.339167410804151 ], [ -6.344336118818679, 53.339263793305328 ], [ -6.344482428691034, 53.339518750990557 ], [ -6.34516374925677, 53.341255372793576 ], [ -6.346010476548899, 53.343848667588382 ], [ -6.346520358112922, 53.344200272182583 ], [ -6.346840423954821, 53.344844960368341 ], [ -6.347210788660843, 53.345289908662558 ], [ -6.348532235622158, 53.346198166295849 ], [ -6.349210594253811, 53.346874339030336 ], [ -6.349395096323297, 53.346971251291457 ], [ -6.349708933661508, 53.346981552997413 ], [ -6.350278267699138, 53.346749525512841 ], [ -6.352432724286437, 53.345437032155367 ], [ -6.353508814210032, 53.344540171254032 ], [ -6.353821205615238, 53.344151295168423 ], [ -6.353940632956757, 53.343796328817774 ], [ -6.354135289230424, 53.343698441458407 ], [ -6.358849700298769, 53.344161255977042 ], [ -6.363380398366082, 53.34472424800439 ], [ -6.363501313379257, 53.344653420329088 ], [ -6.364133166076756, 53.343532735195481 ], [ -6.36391885353768, 53.34327697918755 ], [ -6.364525794297984, 53.342152634083298 ], [ -6.364701394134257, 53.342132269960402 ], [ -6.369929850056452, 53.343091849904795 ], [ -6.370083287796744, 53.342963862171587 ], [ -6.370130701782792, 53.342305885793657 ], [ -6.370442948896874, 53.3416199020185 ], [ -6.371984925946821, 53.340166164842323 ], [ -6.372418990837905, 53.340131629782896 ], [ -6.374005088108118, 53.340413666038401 ], [ -6.375502707726319, 53.340561315891705 ], [ -6.376515966799967, 53.340527095288692 ], [ -6.377123964813808, 53.340346107954446 ], [ -6.377235528100497, 53.340174997951614 ], [ -6.377225104766911, 53.33943446344594 ], [ -6.37689336456478, 53.338550382884961 ], [ -6.377017865325574, 53.338419629068333 ], [ -6.377844209230744, 53.338039345292209 ], [ -6.37845106103674, 53.338166435360904 ], [ -6.380789912797316, 53.339904884221816 ], [ -6.381152919033999, 53.340098550099363 ], [ -6.382105365066995, 53.340396837803148 ], [ -6.382968401977034, 53.340444673897373 ], [ -6.383580605019354, 53.340293808278453 ], [ -6.383434981662983, 53.339823793557322 ], [ -6.383583775080107, 53.339606651854702 ], [ -6.383816317404436, 53.339475754691271 ], [ -6.384641789708155, 53.339317525503716 ], [ -6.387461341853689, 53.339107003061656 ], [ -6.388863649066863, 53.338887004243738 ], [ -6.390290300873611, 53.338389552113071 ], [ -6.391593025684493, 53.337471676267917 ], [ -6.392038781555702, 53.336768216458644 ], [ -6.393052210228015, 53.334685284072293 ], [ -6.394362683132019, 53.333663576791366 ], [ -6.395459704522112, 53.333223429009735 ], [ -6.394635190507815, 53.332513379969015 ], [ -6.394385666591918, 53.331962589795353 ], [ -6.392914531381906, 53.331078382696397 ], [ -6.392369322479353, 53.330511768848538 ], [ -6.39205741248519, 53.329861294286765 ], [ -6.391954779194513, 53.329354403363922 ], [ -6.392227217824249, 53.327147835396921 ], [ -6.392164026435332, 53.326776034578785 ], [ -6.391842988328154, 53.326319386427869 ], [ -6.39105940993089, 53.32617961913791 ], [ -6.39060194948139, 53.325888421718368 ], [ -6.390300692855592, 53.325440299586127 ], [ -6.390194044721192, 53.324858276240001 ] ] } },
{ "type": "Feature", "properties": { "route": "24", "routes": [ "24", "36", "98", "B2", "B3", "S8" ], "category": "radial", "colour": "#9467bd", "route_colour": "#ffbb78", "pdf_colour": "#662484", "stroke-width": 2, "source": "pdf-future", "phase": "future" }, "geometry": { "type": "LineString", "coordinates": [ [ -6.241050208868121, 53.3383485131924 ], [ -6.235083434744237, 53.336370055319563 ], [ -6.232476070432115, 53.335025644540139 ], [ -6.231902993324202, 53.334529318409047 ], [ -6.228806830382388, 53.330788145459593 ], [ -6.227095792490071, 53.329405420855409 ], [ -6.225458645248662, 53.32825473110141 ], [ -6.224155093219019, 53.327691067100425 ], [ -6.220386357832821, 53.326420974745986 ], [ -6.218573078728865, 53.32572678752976 ], [ -6.218097761875697, 53.32539210276898 ], [ -6.217053514017922, 53.324442159922548 ], [ -6.216391357163643, 53.323985492318762 ], [ -6.212190989815901, 53.321674623403396 ], [ -6.208641801676773, 53.31928994637012 ], [ -6.205199197647579, 53.317376252168266 ], [ -6.203056508907487, 53.316466279661491 ], [ -6.198262231949446, 53.315014007493609 ], [ -6.19732616069207, 53.314626121426421 ], [ -6.196231958644642, 53.314051989142541 ], [ -6.194992435232336, 53.313109885798767 ], [ -6.193098044689028, 53.310906026123241 ], [ -6.192186591687299, 53.309965597802922 ], [ -6.191658017813201, 53.309526468369128 ], [ -6.190865567778478, 53.309041345763546 ], [ -6.185010204717907, 53.306065484975655 ], [ -6.184109058143734, 53.305756549947098 ], [ -6.181956951386353, 53.305240466131401 ], [ -6.180820902270419, 53.304811278053528 ], [ -6.177937606123605, 53.303082437016947 ], [ -6.175365352524473, 53.301999045849477 ], [ -6.172939247320055, 53.300609411891521 ], [ -6.171413878668859, 53.300035879435647 ], [ -6.169776419237371, 53.298859172330943 ], [ -6.167912046157227, 53.298016582265724 ], [ -6.166050545867936, 53.29733012274545 ], [ -6.163850488376637, 53.296962823092599 ], [ -6.162724425565934, 53.29660992573308 ], [ -6.160498786241353, 53.295545706020398 ], [ -6.159835180243417, 53.295106006032327 ], [ -6.159328582435515, 53.29459243163555 ], [ -6.158563308990877, 53.294290091504351 ], [ -6.154726911457456, 53.293422350779494 ], [ -6.148911597681214, 53.292525275708044 ], [ -6.142836998241635, 53.291484294608964 ], [ -6.14209423666674, 53.29142763560386 ], [ -6.140880878673535, 53.291538592263521 ], [ -6.138270907489311, 53.29138953047255 ], [ -6.136965989415633, 53.291596099640095 ], [ -6.134009557124555, 53.292443225432578 ], [ -6.130515752600655, 53.29235181455374 ] ] } },
{ "type": "Feature", "properties": { "route": "86", "routes": [ "86", "87", "88", "L13", "L25", "S8" ], "category": "radial", "colour": "#9467bd", "route_colour": "#7f7f7f", "pdf_colour": "#662484", "stroke-width": 2, "source": "pdf-future", "phase": "future" }, "geometry": { "type": "LineString", "coordinates": [ [ -6.229421215731719, 53.269853086260142 ], [ -6.227542557264266, 53.270193532089408 ], [ -6.226260915954339, 53.27023866027001 ], [ -6.225501413587864, 53.270058515452376 ], [ -6.225242661839439, 53.269856603261829 ], [ -6.225127653318983, 53.269628482591536 ], [ -6.225201112985151, 53.269347326625123 ], [ -6.225526056395652, 53.269126841296881 ], [ -6.228107712147574, 53.268757973327851 ], [ -6.228756780248689, 53.268537057959179 ], [ -6.229195566896649, 53.268210545666051 ], [ -6.229450803343231, 53.267751133698063 ], [ -6.229777385515528, 53.266296260134915 ], [ -6.229480044013941, 53.266078321998194 ], [ -6.228517215064001, 53.265718738331771 ], [ -6.227640113924863, 53.265597504707216 ], [ -6.22653891205843, 53.265628398871122 ], [ -6.225912010208268, 53.265729858568868 ], [ -6.224588628537277, 53.266104998479939 ], [ -6.223731177619938, 53.266186355251961 ], [ -6.217742350562774, 53.265835883456489 ], [ -6.216469631883229, 53.265846235399977 ], [ -6.216245869786793, 53.266023380888768 ], [ -6.216349271371056, 53.267862757987778 ], [ -6.216521297169239, 53.26918776973293 ], [ -6.216146885324028, 53.270673389391568 ], [ -6.216019447370219, 53.271520315933799 ], [ -6.215825494799052, 53.271667239043403 ], [ -6.215052870817325, 53.271642801718258 ], [ -6.214414384127859, 53.27142584377907 ], [ -6.213175770845008, 53.270562792137781 ], [ -6.211747410019465, 53.269876785321443 ], [ -6.208767258648066, 53.268103367772312 ], [ -6.20842396061403, 53.268072279835302 ], [ -6.2077194093671, 53.26831073431827 ], [ -6.207711264662266, 53.268429560509745 ], [ -6.20810903882611, 53.26908630758021 ], [ -6.208210651124917, 53.269556158557371 ], [ -6.207973683558214, 53.271102433556322 ], [ -6.207556773823562, 53.272681962369958 ], [ -6.207983265130707, 53.273803631289439 ], [ -6.210092296645366, 53.276364290983793 ], [ -6.210128174141, 53.276596320734697 ], [ -6.209952998301539, 53.27678975657745 ], [ -6.208313791134481, 53.277267581716472 ], [ -6.207806598220161, 53.277268171345895 ], [ -6.206130822319886, 53.276783693139919 ], [ -6.200079035230605, 53.274728960790924 ], [ -6.199254714234022, 53.274541099420247 ], [ -6.19863645946353, 53.274504739569252 ], [ -6.197860657488803, 53.274638273445134 ], [ -6.197259504426559, 53.274976496737878 ], [ -6.195139945703982, 53.277352284569652 ], [ -6.195362736479457, 53.277552245241694 ], [ -6.1992693911339, 53.278675933103564 ], [ -6.1995561381923, 53.278840572480682 ], [ -6.199669834872293, 53.279042649359504 ], [ -6.199600251802333, 53.279252883030395 ], [ -6.19891735706589, 53.280034099888219 ], [ -6.198477239124621, 53.280675687136977 ], [ -6.197980179639615, 53.281616873552288 ], [ -6.197872485583503, 53.282360285948123 ], [ -6.197977395236599, 53.284331749101391 ], [ -6.196764604398242, 53.287862916526258 ], [ -6.196722122750995, 53.288031852341419 ], [ -6.19684461590108, 53.288355204205786 ], [ -6.197103330065819, 53.288445076231255 ], [ -6.199495716097749, 53.28861339163231 ], [ -6.20598300079065, 53.288385840949509 ], [ -6.213797126364168, 53.288862619222186 ], [ -6.215885892342215, 53.288747807685475 ], [ -6.216091752141351, 53.288869293252937 ], [ -6.218796652339352, 53.292047924234808 ], [ -6.22080000704057, 53.293649454422187 ], [ -6.221963975921412, 53.294800633141776 ], [ -6.223575699596522, 53.296231748718888 ], [ -6.224167818788274, 53.296953657205307 ], [ -6.224423298867801, 53.297619645139861 ], [ -6.224385981105077, 53.298122834353357 ], [ -6.223966603501233, 53.299077079303785 ], [ -6.223882751663856, 53.299562031744102 ], [ -6.224367109186677, 53.302315801304189 ], [ -6.224776032105788, 53.302815788350244 ], [ -6.226025535779715, 53.303683129441652 ], [ -6.227787635163829, 53.305064203574538 ], [ -6.228183863675158, 53.305476824425689 ], [ -6.228346978363557, 53.30596630843813 ], [ -6.228306685824135, 53.307073630212166 ], [ -6.22840235820151, 53.307503310088606 ], [ -6.229848561643783, 53.309708319749255 ], [ -6.230682285548702, 53.311772085591187 ], [ -6.230796825123028, 53.312358319065083 ], [ -6.230733119838676, 53.312875815574003 ], [ -6.230369306591629, 53.314187654710963 ], [ -6.229962421123584, 53.314972170622781 ], [ -6.22998537228802, 53.315276884002948 ], [ -6.230518050526767, 53.315712120598327 ], [ -6.233155350524449, 53.316870257775975 ], [ -6.235114343450023, 53.318144500577624 ] ] } },
{ "type": "Feature", "properties": { "route": "87", "routes": [ "87", "88", "L33", "L35" ], "category": "radial", "colour": "#9467bd", "route_colour": "#9edae5", "pdf_colour": "#662484", "stroke-width": 2, "source": "pdf-future", "phase": "future" }, "geometry": { "type": "LineString", "coordinates": [ [ -6.21458099523157, 53.263500478251849 ], [ -6.21309325521116, 53.26324405159243 ], [ -6.212038856926478, 53.26324517287042 ], [ -6.211478979434141, 53.263384417954988 ], [ -6.210445269549644, 53.26388926236141 ], [ -6.209173789431826, 53.264079710018258 ], [ -6.208015416364573, 53.263965041639587 ], [ -6.207059590066596, 53.263567629903356 ], [ -6.206502544004151, 53.262994700863864 ], [ -6.205954984138433, 53.261911844366686 ], [ -6.206253191197864, 53.261756674944081 ], [ -6.207674011679253, 53.261782251489151 ], [ -6.208032589273989, 53.26165168691297 ], [ -6.208061323981508, 53.261397357762881 ], [ -6.207639680213832, 53.260811004172318 ], [ -6.207577758926717, 53.260580286261849 ], [ -6.207664542480118, 53.260400518036477 ], [ -6.208094623123231, 53.260062771622103 ], [ -6.208134444450193, 53.259918774184911 ], [ -6.207935967672535, 53.259669439131756 ], [ -6.20716973121688, 53.259290046598856 ], [ -6.20680891956501, 53.259013409739651 ], [ -6.206563363654886, 53.258690804260745 ], [ -6.206570920618929, 53.258442917406953 ], [ -6.206806498533768, 53.258235073604915 ], [ -6.207310961059726, 53.257997328868065 ], [ -6.207676129396835, 53.25795797044362 ], [ -6.207983905752608, 53.25804613911621 ], [ -6.208551370427043, 53.258414272031423 ], [ -6.210788353413247, 53.260222051641733 ], [ -6.213297709305011, 53.26148984421485 ], [ -6.213974417465345, 53.262114955457562 ], [ -6.214592921912391, 53.263427768181813 ], [ -6.216168361281572, 53.264717875074297 ], [ -6.216483397331487, 53.265401443861805 ], [ -6.21662692676688, 53.265988444118349 ], [ -6.216735025555876, 53.267914975886001 ], [ -6.216909970038541, 53.269053999778635 ], [ -6.216446560602263, 53.271143477391426 ], [ -6.216429704415599, 53.272272426402225 ], [ -6.216693992108118, 53.273172729137734 ], [ -6.217365309182108, 53.274568967436231 ], [ -6.21801574219417, 53.276527850254794 ], [ -6.218426553551628, 53.277069901939221 ], [ -6.219420421334298, 53.277844451376346 ], [ -6.219748392969682, 53.278190244098056 ], [ -6.221144780469819, 53.28091711904009 ], [ -6.222322723114509, 53.282031654425708 ], [ -6.223390266811188, 53.283462381323368 ], [ -6.224021391820663, 53.283844202253142 ], [ -6.225286046062039, 53.284138743675996 ], [ -6.225987505626243, 53.284395380539628 ], [ -6.22743964842333, 53.285468151389757 ], [ -6.228073851706293, 53.285847052690727 ] ] } },
{ "type": "Feature", "properties": { "route": "87", "routes": [ "87", "88" ], "category": "radial", "colour": "#9467bd", "route_colour": "#9edae5", "pdf_colour": "#662484", "stroke-width": 2, "source": "pdf-future", "phase": "future" }, "geometry": { "type": "LineString", "coordinates": [ [ -6.235077832319965, 53.318125528561858 ], [ -6.23491862255719, 53.317942254855524 ], [ -6.235293135632854, 53.317663059661875 ], [ -6.236735379190376, 53.317029972368701 ], [ -6.237154643665472, 53.316722950708332 ], [ -6.237362498988094, 53.316088224653377 ], [ -6.237829717407761, 53.315216273422891 ], [ -6.239761866896967, 53.312059257212717 ], [ -6.240231202845438, 53.31050212241847 ], [ -6.24011615768562, 53.310351027709089 ], [ -6.238970963270153, 53.309851573255919 ], [ -6.238537678570956, 53.309364946736473 ], [ -6.238138448653228, 53.307401704399716 ], [ -6.236460743142418, 53.302867759404585 ], [ -6.236381440441371, 53.302386494320018 ], [ -6.236416981572482, 53.301988294837358 ], [ -6.236964525007079, 53.300840370977852 ], [ -6.237239773914141, 53.300040369078374 ], [ -6.237412925334076, 53.299053602345154 ], [ -6.237426847538382, 53.298224680652694 ], [ -6.237307377891584, 53.297522276208312 ], [ -6.236821836199537, 53.295947887671367 ], [ -6.236518506427624, 53.294481354668164 ], [ -6.235836352788441, 53.293267893744797 ] ] } },
{ "type": "Feature", "properties": { "route": "74", "routes": [ "74", "S2" ], "category": "radial", "colour": "#9467bd", "route_colour": "#ff9896", "pdf_colour": "#662484", "stroke-width": 2, "source": "pdf-future", "phase": "future" }, "geometry": { "type": "LineString", "coordinates": [ [ -6.267890242745616, 53.344942490023953 ], [ -6.26789529708974, 53.344524477519819 ], [ -6.267498466861761, 53.343302557812891 ], [ -6.267382984673586, 53.342487219316197 ], [ -6.267940121578974, 53.342186845434746 ], [ -6.268214525325369, 53.34160789847347 ], [ -6.268218366037603, 53.339647314568381 ], [ -6.268345927885369, 53.339249548336788 ], [ -6.268557858865526, 53.339217140627063 ], [ -6.269668423601351, 53.339399568606119 ], [ -6.270289074284318, 53.339420986582951 ], [ -6.270741799001082, 53.33932392304277 ], [ -6.271222698069672, 53.339031536165784 ], [ -6.274732178765987, 53.338946299775706 ], [ -6.27496236786082, 53.338904371496213 ], [ -6.275907891886211, 53.338443210659406 ], [ -6.279764825974135, 53.338005037815165 ], [ -6.281906100698992, 53.337493475939468 ], [ -6.283593131495358, 53.336833851734234 ], [ -6.284743212733693, 53.336203040236882 ], [ -6.285343555385997, 53.335630713669403 ], [ -6.285888708951729, 53.334648784654767 ], [ -6.288731810012148, 53.332640256248133 ], [ -6.292723474610111, 53.331117266511669 ], [ -6.292851587559301, 53.330925586903355 ], [ -6.292892021179195, 53.330531518226095 ], [ -6.292850467603313, 53.329076910959415 ], [ -6.292758450097315, 53.328660332301055 ], [ -6.292264946519565, 53.327802983936195 ], [ -6.290166835991734, 53.325018534760325 ], [ -6.290793710456795, 53.324729008586964 ], [ -6.290894969204565, 53.324304537544371 ], [ -6.292801569156108, 53.323739752076456 ], [ -6.293248191151779, 53.323835594619126 ] ] } },
{ "type": "Feature", "properties": { "route": "74", "routes": [ "74", "81", "85", "A2", "A4", "L35", "S4" ], "category": "radial", "colour": "#9467bd", "route_colour": "#ff9896", "pdf_colour": "#662484", "stroke-width": 2, "source": "pdf-future", "phase": "future" }, "geometry": { "type": "LineString", "coordinates": [ [ -6.291346870291071, 53.326621296143806 ], [ -6.291095088710215, 53.326231502563125 ], [ -6.29124563836178, 53.326061423750758 ], [ -6.294733700514633, 53.325424428132393 ], [ -6.296125577972914, 53.325296185623309 ], [ -6.29630742387709, 53.325190956981125 ], [ -6.29627863439937, 53.325069153179996 ], [ -6.295443430377341, 53.324233777670671 ], [ -6.294096245393317, 53.324185140043078 ], [ -6.293567397857148, 53.324021099549633 ], [ -6.293234460454247, 53.323825227944361 ], [ -6.292975300951203, 53.323525270694098 ], [ -6.292898950363352, 53.323197137203387 ], [ -6.293012194717113, 53.322849009760724 ], [ -6.29326534838562, 53.322619623143581 ], [ -6.293906128435093, 53.322409492402855 ], [ -6.294654818788519, 53.322393282693234 ], [ -6.295245385339823, 53.322530945863612 ], [ -6.295997055191545, 53.322855934223433 ], [ -6.297263557454624, 53.322513301741566 ], [ -6.299357089761161, 53.322558672232958 ], [ -6.299544616278252, 53.322465598040047 ], [ -6.299184358938463, 53.321978902396815 ], [ -6.299655304186217, 53.321760278121808 ], [ -6.29784729831826, 53.319996856509881 ], [ -6.295357509926371, 53.317195044995238 ], [ -6.294925466999556, 53.316472368781859 ], [ -6.294751877984647, 53.315622481816483 ], [ -6.294361082864946, 53.315496104704565 ], [ -6.291906611801925, 53.315141082450616 ], [ -6.290583299632389, 53.314605905935849 ], [ -6.290598684956212, 53.314440254821129 ], [ -6.292557548699611, 53.313147596770911 ], [ -6.292565962911548, 53.312980760920333 ], [ -6.292352603184903, 53.312878083624661 ], [ -6.278769634263027, 53.310428082753774 ], [ -6.277741458811679, 53.310269841667932 ], [ -6.27641318786256, 53.310224705366316 ], [ -6.276198331209991, 53.310102981831832 ], [ -6.276374228316162, 53.309239330740233 ], [ -6.276319207128541, 53.308558637954228 ], [ -6.276179946746098, 53.308112799927713 ], [ -6.275875237520908, 53.307908671810871 ], [ -6.275482084450109, 53.306925932952929 ], [ -6.275275878087864, 53.306250244462447 ], [ -6.275201832002923, 53.305608062107268 ], [ -6.275252070997555, 53.305070202419778 ], [ -6.275562317866552, 53.304195099637091 ], [ -6.275617148302794, 53.303748393219784 ], [ -6.27546289675298, 53.30190266938903 ], [ -6.27520171283041, 53.300809381248335 ], [ -6.275190830749284, 53.300350933235677 ], [ -6.275304815444909, 53.299974815582338 ], [ -6.275907345694097, 53.298979398936503 ], [ -6.276135874496723, 53.297979091690522 ], [ -6.277026886697262, 53.297158363807164 ], [ -6.278194872121537, 53.296607053505532 ], [ -6.278597830000449, 53.296273591441995 ], [ -6.278774316736048, 53.295917133264702 ], [ -6.279147137035117, 53.294529505784226 ], [ -6.279394170796014, 53.29422893246376 ], [ -6.28017808404686, 53.293637452950044 ], [ -6.280579512515454, 53.293134891327341 ], [ -6.281241930377961, 53.291841954138057 ], [ -6.282219630000741, 53.289597020409062 ], [ -6.282576370150051, 53.289044259641749 ], [ -6.282972409798638, 53.288707613541604 ], [ -6.284010599318009, 53.288146868036172 ], [ -6.285813782009715, 53.286840088720318 ], [ -6.286202257706327, 53.286411210377253 ], [ -6.286825574186569, 53.285386333035596 ], [ -6.28806050086905, 53.284119542567957 ], [ -6.288182335265946, 53.283862674158577 ], [ -6.28811606144857, 53.283720872250527 ], [ -6.287915512091418, 53.283625536237665 ], [ -6.284496002195771, 53.283107940764779 ], [ -6.275091588299416, 53.282999242714688 ], [ -6.274818270891374, 53.28293199247706 ], [ -6.274656744538464, 53.282760661693743 ], [ -6.27422672074296, 53.280713575829559 ], [ -6.274260023661961, 53.280135254192764 ], [ -6.274404346698475, 53.279708921152611 ], [ -6.274679313633515, 53.27963816675603 ], [ -6.276081923782503, 53.279709277725381 ], [ -6.278024359491025, 53.27949156112458 ], [ -6.279539274212881, 53.279552638006422 ] ] } },
{ "type": "Feature", "properties": { "route": "74", "routes": [ "74", "80", "A2", "L35", "S8" ], "category": "radial", "colour": "#9467bd", "route_colour": "#ff9896", "pdf_colour": "#662484", "stroke-width": 2, "source": "pdf-future", "phase": "future" }, "geometry": { "type": "LineString", "coordinates": [ [ -6.22976562654534, 53.285121530882662 ], [ -6.230047134551845, 53.284727836531346 ], [ -6.231269280138572, 53.284019903508472 ], [ -6.232882746827663, 53.282851156211933 ], [ -6.233396171834023, 53.282085463869777 ], [ -6.233716160053293, 53.280955529562156 ], [ -6.233950201003263, 53.279066057193006 ], [ -6.233603055080138, 53.278499680367894 ], [ -6.233485387561418, 53.277502220416288 ], [ -6.233308790341095, 53.276917346565106 ], [ -6.232307047738392, 53.275230269875124 ], [ -6.232029717752964, 53.274482675680936 ], [ -6.232044247528609, 53.272458352118456 ], [ -6.232126287039326, 53.272344481495892 ], [ -6.232345062026759, 53.272280243618653 ], [ -6.234075362216805, 53.272443051027338 ], [ -6.238782556273986, 53.272384492440843 ], [ -6.240972631615028, 53.272448422094058 ], [ -6.243132141791056, 53.272684603802965 ], [ -6.245160122113553, 53.273090367048695 ], [ -6.247694086062377, 53.273881643679253 ], [ -6.250630271325524, 53.275123712960891 ], [ -6.25242443695555, 53.276124501995639 ], [ -6.254833137138212, 53.277831786807859 ], [ -6.256184953980485, 53.278650816248692 ], [ -6.25775049977602, 53.279369461753866 ], [ -6.259896969547778, 53.280136484256076 ], [ -6.265941858803903, 53.282035979947359 ], [ -6.268020911761097, 53.282553132537188 ], [ -6.270006403448414, 53.282787712501374 ], [ -6.274432712934926, 53.28298581684161 ], [ -6.274651355718455, 53.282926577216266 ], [ -6.274664133603554, 53.282783865178764 ] ] } },
{ "type": "Feature", "properties": { "route": "71", "routes": [ "71", "F3", "S4" ], "category": "radial", "colour": "#9467bd", "route_colour": "#e377c2", "pdf_colour": "#662484", "stroke-width": 2, "source": "pdf-future", "phase": "future" }, "geometry": { "type": "LineString", "coordinates": [ [ -6.309931927488316, 53.32001939142053 ], [ -6.309970250945032, 53.319667281618543 ], [ -6.310334331432847, 53.318912644355741 ], [ -6.310628893819485, 53.318668347404518 ], [ -6.311247903285398, 53.318373611452998 ], [ -6.311517526349745, 53.317937588055507 ], [ -6.311694553988186, 53.317863242812024 ], [ -6.322243381163799, 53.318803490768168 ], [ -6.328116131870689, 53.319041854219115 ], [ -6.330203289116073, 53.31876094207442 ], [ -6.331800577824533, 53.318960245315303 ], [ -6.338927985702361, 53.318320475870038 ], [ -6.339859501213175, 53.318351116580104 ], [ -6.3415885851273, 53.318559907906355 ], [ -6.342859256723814, 53.318513489226781 ], [ -6.345793279697617, 53.317832829113954 ], [ -6.348257493432923, 53.317138742183708 ], [ -6.350476519162704, 53.316713266202513 ], [ -6.353755398287974, 53.315626582402203 ], [ -6.353880602751267, 53.315544864335841 ], [ -6.353899479202487, 53.315436325496748 ], [ -6.353658271667652, 53.315251883296753 ], [ -6.350669870772615, 53.31379035666663 ], [ -6.348233903156926, 53.31277359230095 ], [ -6.348101964604454, 53.31265606265206 ], [ -6.348122395962452, 53.312526557595746 ], [ -6.348864615690189, 53.312112037541034 ], [ -6.349753555311235, 53.311445308697998 ], [ -6.350939530665099, 53.310138209826434 ], [ -6.351660175093326, 53.309556060697723 ], [ -6.353131122762614, 53.308896723186109 ], [ -6.353754648502768, 53.308469060174644 ], [ -6.354976847915376, 53.307948193977026 ], [ -6.357770605757059, 53.306859682552187 ], [ -6.359492027321719, 53.306337015548507 ], [ -6.35987409509509, 53.306415145034308 ], [ -6.360402336381939, 53.306980309738499 ], [ -6.36038432416654, 53.307510018677547 ], [ -6.360487919523915, 53.307904895876092 ], [ -6.360765787579227, 53.308367404626097 ], [ -6.361199606193336, 53.308796024982662 ], [ -6.362177743033392, 53.309371088737485 ], [ -6.364329476409188, 53.310317313065788 ], [ -6.364648311999304, 53.310327746975673 ], [ -6.365188428407426, 53.310027923251326 ], [ -6.366047973245751, 53.309829580943912 ], [ -6.368127442267509, 53.309990620030931 ], [ -6.368678757101811, 53.30994818238868 ], [ -6.36925815676701, 53.309789446671324 ], [ -6.369872881882102, 53.309467587955616 ], [ -6.370263394463161, 53.30915080265919 ], [ -6.370519866638516, 53.308304288026555 ], [ -6.37080996978745, 53.307963839553246 ], [ -6.372506344378052, 53.306875312452824 ], [ -6.372490507672316, 53.306679825372036 ], [ -6.372019057216769, 53.306350244626309 ], [ -6.372084271514271, 53.306153900297623 ], [ -6.374135009416864, 53.305169779342215 ], [ -6.376812642181684, 53.303744079592363 ], [ -6.378778745222058, 53.303198874278159 ], [ -6.379676037863528, 53.302821467447842 ], [ -6.381913596692075, 53.30131710429729 ], [ -6.382498410673747, 53.300802387280996 ], [ -6.382689151823206, 53.30047431592611 ], [ -6.382731357919738, 53.300202336799302 ], [ -6.382672625768526, 53.299926687503252 ], [ -6.382391171965601, 53.299524104894566 ], [ -6.382391530993628, 53.299397069973786 ], [ -6.382555409631717, 53.299290365747169 ], [ -6.383535684397752, 53.29902819331712 ], [ -6.383678527694855, 53.298846906824316 ], [ -6.382538586118216, 53.297430270596543 ], [ -6.381469549650586, 53.295753418178798 ], [ -6.381446281196783, 53.295460700603208 ], [ -6.381762435502821, 53.294475715600917 ], [ -6.381534627400287, 53.293633397686804 ], [ -6.381556819147701, 53.293323876239498 ], [ -6.382008766316613, 53.292159418959677 ], [ -6.38227441816453, 53.291911356274667 ], [ -6.382908586130146, 53.291573005877318 ], [ -6.383084110799049, 53.291328561424301 ], [ -6.383163441262893, 53.291014549199211 ], [ -6.382999367718448, 53.29022093350379 ], [ -6.383051703467022, 53.290133286658886 ], [ -6.383815800485758, 53.28998843933941 ], [ -6.384372896596807, 53.289992170700181 ], [ -6.384844711179677, 53.290156703369874 ], [ -6.385486938106473, 53.29053481654671 ] ] } },
{ "type": "Feature", "properties": { "route": "71", "routes": [ "71", "S4" ], "category": "radial", "colour": "#9467bd", "route_colour": "#e377c2", "pdf_colour": "#662484", "stroke-width": 2, "source": "pdf-future", "phase": "future" }, "geometry": { "type": "LineString", "coordinates": [ [ -6.311480814836343, 53.318039653058243 ], [ -6.311243798920747, 53.318377504291426 ], [ -6.310628893819485, 53.318668347404518 ], [ -6.310334331432847, 53.318912644355741 ], [ -6.309983092854599, 53.319635610095702 ], [ -6.309914964971904, 53.319979929121615 ], [ -6.310302293138658, 53.320653405840751 ], [ -6.311255926740458, 53.321511920810643 ], [ -6.314145410030003, 53.323006843657957 ], [ -6.315218060008047, 53.323828492624735 ], [ -6.315283249753405, 53.324011280198427 ], [ -6.315201702418943, 53.324182183774298 ], [ -6.314425203729647, 53.324606800996655 ], [ -6.313682482571394, 53.325229380534608 ], [ -6.313001488738219, 53.325371424186983 ], [ -6.312421883590382, 53.32568921007811 ], [ -6.311679530714424, 53.325919662258727 ], [ -6.310515969210505, 53.325849872384126 ], [ -6.3061749918674, 53.326094178967459 ], [ -6.303174538697872, 53.326033823541245 ], [ -6.297306134477636, 53.325555491117207 ], [ -6.295744416174025, 53.325524187121275 ], [ -6.289419068421606, 53.326588312025116 ], [ -6.283812425666145, 53.327408354714642 ], [ -6.282780539251208, 53.327655157118734 ], [ -6.281848496813415, 53.328022641668277 ], [ -6.280596916971644, 53.328708788809706 ], [ -6.27931051405482, 53.329539065592208 ], [ -6.278964748718216, 53.330055103703202 ], [ -6.27843784590153, 53.331670736836621 ], [ -6.278487761185483, 53.331977163768236 ] ] } },
{ "type": "Feature", "properties": { "route": "23", "routes": [ "23", "24", "71", "72", "73", "80" ], "category": "radial", "colour": "#9467bd", "route_colour": "#c49c94", "pdf_colour": "#662484", "stroke-width": 2, "source": "pdf-future", "phase": "future" }, "geometry": { "type": "LineString", "coordinates": [ [ -6.246624117936839, 53.338766037675093 ], [ -6.246806004635354, 53.33835670379073 ], [ -6.248410952671402, 53.336564513287009 ], [ -6.248612707161572, 53.336500825566887 ], [ -6.249159039986159, 53.336533282380877 ], [ -6.249903610110438, 53.335462595064236 ], [ -6.250090004773246, 53.33537449268244 ], [ -6.250345021383636, 53.335377236480035 ], [ -6.257247356457808, 53.33723338855458 ], [ -6.260405019145028, 53.337287898679577 ], [ -6.260921865777333, 53.337489635038906 ], [ -6.26105789849587, 53.337679298159969 ], [ -6.261125527781001, 53.338110236995298 ], [ -6.260856508321947, 53.339733691500562 ], [ -6.260867476713345, 53.340529259658794 ], [ -6.260725898418753, 53.340889642214556 ], [ -6.260177754211822, 53.341417333344289 ], [ -6.2599912760717, 53.341735513958497 ], [ -6.259900225353991, 53.34215225220585 ], [ -6.259922931185769, 53.343109187127986 ], [ -6.25995350333871, 53.343277054169015 ], [ -6.260064401450903, 53.343358014707 ], [ -6.262825186694498, 53.343327001181805 ], [ -6.263847822991099, 53.343202997129943 ], [ -6.265250944769186, 53.342990022305479 ], [ -6.266040676880468, 53.34255675195984 ], [ -6.266642481707969, 53.342458629844117 ], [ -6.269691841256802, 53.343090478197709 ], [ -6.270493687967327, 53.34314469860734 ], [ -6.271497611556682, 53.343085222336995 ], [ -6.272071534769585, 53.34354955965587 ], [ -6.272171865823687, 53.343765287909896 ], [ -6.272137318299346, 53.344012460862629 ], [ -6.271315534862334, 53.345695320625843 ], [ -6.270927047645119, 53.346994502938713 ], [ -6.270868028422596, 53.347486114300828 ], [ -6.270962260532881, 53.348651013141669 ], [ -6.270906446688455, 53.349172719778366 ], [ -6.269952006642913, 53.350992119734244 ], [ -6.269597597059596, 53.352213175771979 ], [ -6.269557144553471, 53.354120773107553 ], [ -6.269828404868821, 53.356383736616181 ], [ -6.269684856547202, 53.357310265017986 ], [ -6.269254816320728, 53.358327249975403 ], [ -6.269170556728737, 53.35871415735599 ], [ -6.269174721907197, 53.359237450439551 ], [ -6.269396324358472, 53.360843871415987 ], [ -6.269363105861107, 53.361381180946367 ], [ -6.268680458912579, 53.363060718425452 ], [ -6.26868120397604, 53.363978058844744 ], [ -6.268613107633419, 53.36428336506502 ], [ -6.268089887450906, 53.365116822106849 ], [ -6.267235332176847, 53.366752798965969 ], [ -6.266143056340374, 53.368488525182023 ], [ -6.266729833550064, 53.369223296919493 ], [ -6.267298097491537, 53.369712493293989 ], [ -6.267489180104811, 53.369976638017384 ], [ -6.267419978348687, 53.370285916398402 ], [ -6.266799442305412, 53.370978751168742 ], [ -6.266692999275949, 53.371221021434103 ], [ -6.266986599218193, 53.3720720819924 ], [ -6.26703267227897, 53.372977616791879 ], [ -6.267326354754211, 53.373409532991786 ], [ -6.267907317258439, 53.373759016279912 ], [ -6.26950334984096, 53.374497474806532 ], [ -6.271049398015771, 53.374856479042123 ], [ -6.272739661197638, 53.375398360372323 ], [ -6.275243391624379, 53.376046787662148 ] ] } },
{ "type": "Feature", "properties": { "route": "20", "routes": [ "20", "21", "6", "73", "78", "D1", "D2", "H2", "L80", "L81", "X77", "X78" ], "category": "radial", "colour": "#9467bd", "route_colour": "#98df8a", "pdf_colour": "#662484", "stroke-width": 2, "source": "pdf-future", "phase": "future" }, "geometry": { "type": "LineString", "coordinates": [ [ -6.138786094966877, 53.441233540679363 ], [ -6.145169390712571, 53.443349059628225 ], [ -6.147842252238534, 53.44395694470208 ], [ -6.149679166189951, 53.444173589884578 ], [ -6.150612765423161, 53.444163271369796 ], [ -6.15215415624326, 53.443941949568526 ], [ -6.153888962508962, 53.444047856227819 ], [ -6.15507266452229, 53.443999137200308 ], [ -6.166085296801575, 53.442645846661932 ], [ -6.166467189688063, 53.442654947389862 ], [ -6.178993669803858, 53.446962663363387 ], [ -6.180110404118198, 53.447630424152258 ], [ -6.180409105242515, 53.447910419934978 ], [ -6.180680631665388, 53.448385765495253 ], [ -6.180964697062012, 53.448538329745489 ], [ -6.183610504947529, 53.449223526529565 ], [ -6.184076135598324, 53.449205831981232 ], [ -6.184376944997182, 53.449065736636712 ], [ -6.186366444351369, 53.44687957623097 ], [ -6.186882154407789, 53.446140953771433 ], [ -6.187903962163612, 53.445329687532684 ], [ -6.188629016158636, 53.444429543819545 ], [ -6.188590843414356, 53.444246470496537 ], [ -6.175804026047602, 53.439985887481356 ], [ -6.175595727653014, 53.439805316778262 ], [ -6.175836127044243, 53.439150444170288 ], [ -6.175867369848669, 53.438044883729972 ], [ -6.176228620228608, 53.437208142931993 ], [ -6.17690023211724, 53.436210552098522 ], [ -6.178057505247976, 53.435307835697387 ], [ -6.17847776332984, 53.434849787507098 ], [ -6.178935625868042, 53.434104633230376 ], [ -6.179038481261249, 53.433544156854339 ], [ -6.178772487760591, 53.43104424976454 ], [ -6.178758089433304, 53.429735411467362 ], [ -6.178312858411513, 53.427506860068526 ], [ -6.17842011411725, 53.426893481544631 ], [ -6.179028511386839, 53.425108944136113 ], [ -6.179205608904434, 53.423140938681541 ], [ -6.178921281366336, 53.422393159401892 ], [ -6.177847734668075, 53.42100028701482 ], [ -6.177439741331267, 53.420238232924142 ], [ -6.177182731841423, 53.419403145430437 ], [ -6.176847457262297, 53.417215515672794 ], [ -6.176999371069263, 53.415897071439879 ], [ -6.177477038696671, 53.414592245153472 ], [ -6.177971244277055, 53.411981399534845 ], [ -6.178130232126074, 53.410092943058281 ], [ -6.179038454442017, 53.408054244398642 ], [ -6.179155255269657, 53.407079992087041 ], [ -6.178919054296677, 53.406441523528422 ], [ -6.17790043643215, 53.405241170811053 ], [ -6.177538114822811, 53.404454315645587 ], [ -6.176985516288547, 53.40269208840148 ], [ -6.176837738197382, 53.401811873293809 ], [ -6.176786615891771, 53.401286337843182 ], [ -6.177069222323856, 53.400548552234362 ], [ -6.177639538825351, 53.400052458404403 ], [ -6.178588253308662, 53.398752088522755 ], [ -6.179237456824334, 53.398110029494894 ], [ -6.18306411130762, 53.395715372010926 ], [ -6.183859338002035, 53.395112187541216 ], [ -6.185260888064525, 53.393672742362568 ], [ -6.186913547923144, 53.391551698423442 ], [ -6.18827285940471, 53.390234179051269 ], [ -6.189455622014846, 53.389540209593676 ], [ -6.192085606037244, 53.388365337667913 ], [ -6.193957697370149, 53.387365487658542 ], [ -6.197683362990461, 53.384363947772805 ], [ -6.199730877384121, 53.382896572630671 ], [ -6.200321688323762, 53.382192948133088 ], [ -6.201153506792592, 53.380811459068731 ], [ -6.201632326293759, 53.380332952135355 ], [ -6.202108354215055, 53.380073447957827 ], [ -6.205202076294927, 53.379065896126662 ], [ -6.207626055282743, 53.377283364817934 ], [ -6.208693091316369, 53.376615344531601 ], [ -6.210118483219897, 53.375900783182679 ], [ -6.212436672832146, 53.374978755568321 ], [ -6.214045692370755, 53.374015962691118 ], [ -6.215739450268368, 53.373215467104451 ], [ -6.216416692721311, 53.372799228398975 ], [ -6.218073063165822, 53.371256484755158 ], [ -6.219599861318901, 53.369998414645941 ], [ -6.222542673585938, 53.366943156725391 ], [ -6.2232878913205, 53.366339649867029 ], [ -6.224943285344755, 53.365212025539314 ], [ -6.225846534527554, 53.363966472684652 ], [ -6.226440198238575, 53.362587687567867 ], [ -6.226693960989361, 53.362524375117957 ], [ -6.228746089677057, 53.362546642788146 ], [ -6.230351823193206, 53.362351031246789 ], [ -6.23222834411238, 53.361864477817136 ], [ -6.234575926241014, 53.36107927520041 ], [ -6.236253131643168, 53.359732150841275 ], [ -6.238879037175076, 53.357387762192282 ], [ -6.242569326352577, 53.354929476857642 ], [ -6.243880349413686, 53.353924790073997 ], [ -6.246670011578366, 53.351402669139766 ], [ -6.24775909412396, 53.349938953590595 ], [ -6.248955557780193, 53.349672495865399 ], [ -6.249808400069409, 53.349235893037054 ], [ -6.250557158602276, 53.349103644560827 ], [ -6.251266708101115, 53.348865322281767 ], [ -6.25228284921988, 53.348722139787192 ], [ -6.252659320801967, 53.348747102717297 ], [ -6.253033407614483, 53.34890004733704 ], [ -6.253458299443235, 53.349590523211951 ], [ -6.253338041294608, 53.34986343890899 ], [ -6.25299816620853, 53.350005502014213 ], [ -6.24736612953821, 53.350688825469206 ], [ -6.247201885828478, 53.350771511645895 ], [ -6.246941983717236, 53.35110475613957 ] ] } },
{ "type": "Feature", "properties": { "route": "35", "routes": [ "35", "37", "L61", "N4", "X61" ], "category": "radial", "colour": "#9467bd", "route_colour": "#bcbd22", "pdf_colour": "#662484", "stroke-width": 2, "source": "pdf-future", "phase": "future" }, "geometry": { "type": "LineString", "coordinates": [ [ -6.3318075, 53.372086 ], [ -6.34234017225876, 53.375391649888996 ], [ -6.3525108, 53.3787574 ], [ -6.3554359, 53.379787 ], [ -6.3578076, 53.3806987 ], [ -6.358137, 53.380518 ], [ -6.3583215, 53.3802036 ], [ -6.3585082, 53.3798798 ], [ -6.3584555, 53.3727258 ], [ -6.3586884, 53.371932 ], [ -6.3608506, 53.3723289 ], [ -6.3626802, 53.372964 ], [ -6.36387810905063, 53.374619859924437 ], [ -6.364356154025825, 53.375796911325899 ], [ -6.364838083907173, 53.376448881869301 ], [ -6.365875598620088, 53.37738864312648 ], [ -6.36738033647426, 53.378401783783154 ], [ -6.368103496176249, 53.379464276157442 ], [ -6.368697317776565, 53.380046180708902 ], [ -6.370720103241082, 53.381329113273203 ], [ -6.371803196005561, 53.382550177998553 ], [ -6.373490114806417, 53.384882596905911 ], [ -6.373262152780791, 53.384991607524071 ], [ -6.371858611160863, 53.384804431347362 ], [ -6.371015039387154, 53.38496618320238 ], [ -6.369870417036903, 53.38569317266262 ], [ -6.369288582553526, 53.386549087748328 ], [ -6.369411736723134, 53.386847448353159 ], [ -6.370331566353112, 53.387509000657829 ], [ -6.373318814996692, 53.389127551720172 ], [ -6.373294755208098, 53.389242955908024 ], [ -6.372152592794791, 53.39006604400879 ], [ -6.3713874094377, 53.390857088527149 ], [ -6.371377308115081, 53.391049888846865 ], [ -6.371469250453712, 53.391242387175076 ], [ -6.372033885964592, 53.391717482681116 ], [ -6.372109718879729, 53.392178648994914 ], [ -6.372393392763931, 53.392308194845562 ], [ -6.37354543439733, 53.392359673723938 ], [ -6.377257272622481, 53.392225770810214 ], [ -6.378765951475025, 53.392295685900798 ], [ -6.38010954655646, 53.392631328950998 ], [ -6.38141013211935, 53.393344966949975 ], [ -6.381370025043092, 53.393461947386093 ], [ -6.379801006817616, 53.394311758428699 ], [ -6.378228281783526, 53.395339533679973 ], [ -6.378269622322223, 53.395440662112478 ], [ -6.378995724316519, 53.395748968605886 ], [ -6.379113282294841, 53.395994162655022 ], [ -6.379021738456562, 53.396164801823069 ], [ -6.378564651010952, 53.396426807676193 ], [ -6.376880751369637, 53.39708151295185 ], [ -6.374690165910431, 53.398663145129674 ], [ -6.374658267563476, 53.398772339889007 ], [ -6.374814996992137, 53.399011567575904 ], [ -6.375309386524897, 53.399343755760391 ], [ -6.379342769953659, 53.400592838270292 ], [ -6.385425528262706, 53.399056133889573 ], [ -6.385908152969986, 53.399038888834525 ], [ -6.386484914600707, 53.399131171126044 ], [ -6.386972110352428, 53.399357131962255 ], [ -6.387457312846994, 53.399734092887627 ], [ -6.38776798749008, 53.399788326328817 ], [ -6.390552095391058, 53.399253753419181 ], [ -6.392673202221408, 53.39867263396998 ], [ -6.398556958525533, 53.395507098351203 ], [ -6.397901563145535, 53.395437744938341 ], [ -6.396656785572384, 53.396207101028452 ], [ -6.39557740112746, 53.396169548131638 ], [ -6.39540550300051, 53.396049961201136 ] ] } },
{ "type": "Feature", "properties": { "route": "57", "routes": [ "57", "58", "60", "80", "L54", "S2", "X55" ], "category": "radial", "colour": "#9467bd", "route_colour": "#c5b0d5", "pdf_colour": "#662484", "stroke-width": 2, "source": "pdf-future", "phase": "future" }, "geometry": { "type": "LineString", "coordinates": [ [ -6.389870859811468, 53.324520612925255 ], [ -6.387763267430809, 53.324174765622274 ], [ -6.382284321371048, 53.323003488509784 ], [ -6.376827035976752, 53.322147894490882 ], [ -6.375867038079005, 53.322059480485628 ], [ -6.375333165850146, 53.321896307438671 ], [ -6.374599716529416, 53.321449758344031 ], [ -6.373252757425196, 53.32109001792157 ], [ -6.371356805176103, 53.320722759063052 ], [ -6.370158239666639, 53.320577017100938 ], [ -6.368403795266363, 53.32057062598652 ], [ -6.367406476772937, 53.320418202816789 ], [ -6.366730020555489, 53.320464332914099 ], [ -6.366453154983516, 53.320569048982847 ], [ -6.365804840255808, 53.321253146208271 ], [ -6.365150398632561, 53.321525937633652 ], [ -6.363961519325469, 53.321732574980629 ], [ -6.361308501039019, 53.321849467973394 ], [ -6.342308332835615, 53.327996237713869 ], [ -6.34008947179413, 53.328566768763487 ], [ -6.332945058339216, 53.330076392685278 ], [ -6.330366879361134, 53.330805478521782 ], [ -6.328688306404002, 53.331561360012209 ], [ -6.327849422580758, 53.332075358972425 ], [ -6.326719410461742, 53.333119845741543 ], [ -6.325619014472577, 53.334595266246701 ], [ -6.325110544090828, 53.335097997656995 ], [ -6.321343954940703, 53.337831361733393 ], [ -6.318068116127536, 53.339786429525091 ], [ -6.317783607281249, 53.339801912302079 ], [ -6.31683441440862, 53.33956973372738 ], [ -6.316070655076423, 53.339550532621168 ], [ -6.313856860466285, 53.340005157108109 ], [ -6.311776489247324, 53.340294251541323 ], [ -6.310772231182082, 53.340101630830084 ], [ -6.304159892738324, 53.339875716454259 ], [ -6.304020434805492, 53.340118113824232 ], [ -6.303933654085051, 53.340865080427605 ], [ -6.304280973573039, 53.342294763669898 ], [ -6.305261240029277, 53.347781600980646 ], [ -6.305205286993017, 53.34796818677254 ], [ -6.304950064899992, 53.34812449314871 ], [ -6.300390252699962, 53.348094917813356 ], [ -6.292326876494926, 53.347775604211918 ], [ -6.291177768843889, 53.347424098015196 ], [ -6.290012921940289, 53.34732726469872 ], [ -6.288086611897461, 53.347351339974118 ], [ -6.287387617369487, 53.347152788595714 ] ] } },
{ "type": "Feature", "properties": { "route": "37", "routes": [ "37", "N2" ], "category": "radial", "colour": "#9467bd", "route_colour": "#8c564b", "pdf_colour": "#662484", "stroke-width": 2, "source": "pdf-future", "phase": "future" }, "geometry": { "type": "LineString", "coordinates": [ [ -6.303229075075925, 53.363078216933303 ], [ -6.30306068337425, 53.362901702812586 ], [ -6.303293675191855, 53.362753811592668 ], [ -6.30822915404102, 53.361552889642901 ], [ -6.308394238756448, 53.361476227809284 ], [ -6.30842274154055, 53.361381948483356 ], [ -6.30802122902802, 53.360942178427216 ], [ -6.307542595934335, 53.360619410148679 ], [ -6.305692978698567, 53.359597147422576 ], [ -6.304307619081623, 53.358987304219987 ], [ -6.295667338654452, 53.356500979193008 ], [ -6.293381833058039, 53.355771293528655 ], [ -6.291038619135239, 53.355370196891919 ], [ -6.289812665509443, 53.355049669658435 ], [ -6.288876298304184, 53.354710792900725 ], [ -6.285806058281776, 53.353242099874663 ], [ -6.282822785576215, 53.352380918729821 ], [ -6.281351956512665, 53.351371676010835 ], [ -6.279988321963351, 53.350205212631245 ], [ -6.279289315348156, 53.349704555311398 ], [ -6.279332914873827, 53.348850409491675 ], [ -6.279737055411024, 53.345976090367742 ] ] } },
{ "type": "Feature", "properties": { "route": "6", "routes": [ "6", "H2", "H3", "N4", "X78" ], "category": "radial", "colour": "#9467bd", "route_colour": "#2ca02c", "pdf_colour": "#662484", "stroke-width": 2, "source": "pdf-future", "phase": "future" }, "geometry": { "type": "LineString", "coordinates": [ [ -6.252407557351946, 53.348810468048782 ], [ -6.253356980448275, 53.350660218243846 ], [ -6.253323791602345, 53.350780382716586 ], [ -6.247877266850476, 53.351484618562935 ], [ -6.247294524503981, 53.351656270412917 ], [ -6.245408246558961, 53.353495038618554 ], [ -6.243788735129632, 53.354816679541905 ], [ -6.240179925107158, 53.357220100067266 ], [ -6.238454234111857, 53.358584948626174 ], [ -6.235533771292603, 53.361135621071107 ], [ -6.234613920887758, 53.361609465172791 ], [ -6.23109366028509, 53.362631744141225 ], [ -6.229098518657066, 53.362951102692278 ], [ -6.227427960467196, 53.362987944709857 ], [ -6.225347121624125, 53.3628408742874 ], [ -6.224858778720244, 53.362733924728126 ], [ -6.224305642682715, 53.362429192839429 ], [ -6.223982649846389, 53.362424651068729 ], [ -6.218878106755423, 53.364344354127134 ], [ -6.217831637494357, 53.364461725697979 ], [ -6.215560760260006, 53.364502696254661 ], [ -6.214128268251341, 53.364804925712363 ], [ -6.212012892082511, 53.36482900193208 ], [ -6.210350797775484, 53.365113154205609 ], [ -6.209043463392157, 53.365486717868421 ], [ -6.207199234221004, 53.366265227190297 ], [ -6.205752114416893, 53.366969210338198 ], [ -6.203730573746636, 53.368173180154493 ], [ -6.203249070695058, 53.368261479708963 ], [ -6.199711425845502, 53.368466013125314 ], [ -6.199558908433246, 53.368597026250441 ], [ -6.199162210598096, 53.369525861988123 ], [ -6.198733484478417, 53.369963679203764 ], [ -6.197975693397074, 53.370361781799893 ], [ -6.194988115188126, 53.371592218082434 ], [ -6.19411328474549, 53.371801159932339 ], [ -6.18906475909295, 53.372661973928295 ], [ -6.186663328047623, 53.373440750490929 ], [ -6.185174189498778, 53.373804503679715 ], [ -6.181733242173439, 53.374248677636892 ], [ -6.179088059234699, 53.374787925465462 ], [ -6.176481599197345, 53.375527267114286 ], [ -6.175234038354271, 53.376061467397705 ], [ -6.17494622346605, 53.376012840346391 ], [ -6.174246185660403, 53.375551169391436 ], [ -6.173725816360631, 53.375331333562109 ], [ -6.171492605718448, 53.374818106295045 ], [ -6.170003980120724, 53.374103496030784 ], [ -6.165432115834976, 53.372335994417575 ], [ -6.161155004120628, 53.370279185145179 ], [ -6.160608522849936, 53.370176699922901 ], [ -6.160274804310833, 53.37031292377052 ], [ -6.157162708721199, 53.37258243099479 ], [ -6.154341888929123, 53.374202412692405 ], [ -6.148100550903369, 53.37674227482416 ], [ -6.147620884352896, 53.377063704443763 ], [ -6.147124558221825, 53.377636781551665 ], [ -6.146831402295866, 53.377790083877414 ], [ -6.140391878341049, 53.380069614801798 ], [ -6.138864841654319, 53.380164271853218 ], [ -6.136072536166943, 53.380819670255107 ], [ -6.127779932178377, 53.382396958779388 ], [ -6.125071003538645, 53.382774464573821 ], [ -6.117033675846682, 53.383399169761894 ], [ -6.112002869672311, 53.383363138721023 ], [ -6.106845612162972, 53.383682888595722 ], [ -6.106062483258983, 53.383526127249269 ], [ -6.098616068303587, 53.380531191137777 ], [ -6.097151545177431, 53.379775203695438 ], [ -6.096001551949082, 53.378965513893874 ], [ -6.095590566649063, 53.378543499577582 ], [ -6.095534844591899, 53.378380969419297 ], [ -6.096231807712415, 53.377446070810549 ], [ -6.096858069317919, 53.376234205965993 ], [ -6.09735719345017, 53.374609835287664 ], [ -6.097412083189282, 53.373328838755079 ], [ -6.096968069954351, 53.372415779475944 ], [ -6.096745887316836, 53.372192826845129 ], [ -6.096410760428416, 53.372041913066241 ], [ -6.094648222316232, 53.371774216590559 ], [ -6.0940268039063, 53.37159272234878 ], [ -6.090787406343887, 53.370165571189077 ], [ -6.088755341109595, 53.369422582034659 ], [ -6.088631769931106, 53.369291268806663 ], [ -6.088287257320865, 53.367528543342679 ], [ -6.088540998730161, 53.367428217387868 ], [ -6.08987252793894, 53.367501449663287 ], [ -6.091372921950496, 53.367166003974553 ], [ -6.092037039577533, 53.36732161816883 ], [ -6.092401470405731, 53.367877448333061 ], [ -6.092537331070345, 53.368565281074218 ], [ -6.093444455149636, 53.369026427368539 ], [ -6.09544201233191, 53.370506761892749 ], [ -6.096338095307694, 53.371498801861947 ], [ -6.096517309221002, 53.371795644199359 ], [ -6.096540789201055, 53.372080364571879 ] ] } },
{ "type": "Feature", "properties": { "route": "6", "routes": [ "6", "H3" ], "category": "radial", "colour": "#9467bd", "route_colour": "#2ca02c", "pdf_colour": "#662484", "stroke-width": 2, "source": "pdf-future", "phase": "future" }, "geometry": { "type": "LineString", "coordinates": [ [ -6.069171520997012, 53.382129213012156 ], [ -6.069107838376165, 53.381889445366696 ], [ -6.068879251026061, 53.381757355157468 ], [ -6.06625042378779, 53.38156477958448 ], [ -6.064079735582752, 53.380919159172386 ], [ -6.063159395267989, 53.380730758787507 ], [ -6.061683889963501, 53.38065471869001 ], [ -6.060365183211434, 53.380890933638852 ], [ -6.060194010128472, 53.380857395963488 ], [ -6.060131571168646, 53.380759710876113 ], [ -6.060378424943369, 53.380428121953031 ], [ -6.06046338823786, 53.380090250322695 ], [ -6.060364124069261, 53.379569443616873 ], [ -6.060058006494748, 53.379078177873531 ], [ -6.059068961132786, 53.378045665756417 ], [ -6.058474831497369, 53.377210664572992 ], [ -6.058108915830469, 53.376937894111407 ], [ -6.0575911804102, 53.376694119554493 ], [ -6.055023054405846, 53.376021981305506 ], [ -6.054193823733961, 53.375565896343232 ], [ -6.051836691572907, 53.373610888421169 ], [ -6.050396945724782, 53.371313017038169 ], [ -6.048867880841251, 53.36985807869516 ], [ -6.048373839193617, 53.369285815774475 ], [ -6.048150576639059, 53.368876769528036 ], [ -6.0480246869818, 53.368379266971047 ], [ -6.048079432996405, 53.367973572660162 ], [ -6.04824098900075, 53.36772775838584 ], [ -6.048808783429475, 53.367402657652676 ], [ -6.05096668713918, 53.366867527220307 ], [ -6.051707764814047, 53.366534005287271 ], [ -6.051977758993644, 53.366273052910415 ], [ -6.051937818872016, 53.365929876881708 ], [ -6.053495736502187, 53.36428949593278 ], [ -6.053601179881266, 53.36404719922664 ], [ -6.053606065382121, 53.36371121093535 ], [ -6.053137583659661, 53.362626444658353 ], [ -6.053133641150352, 53.362208194187197 ], [ -6.054168536148396, 53.360713034883631 ], [ -6.054717235611722, 53.360164351095882 ], [ -6.055338472146844, 53.35993669748305 ], [ -6.056096455301585, 53.359871716431002 ], [ -6.057203798417114, 53.359949022475298 ], [ -6.059466088441286, 53.360383991263312 ], [ -6.060125471279905, 53.360340410623877 ], [ -6.061631101510397, 53.359996100285613 ], [ -6.062357545346207, 53.359913279072053 ], [ -6.06765372460713, 53.36001434952356 ], [ -6.069096231250446, 53.360165543385833 ], [ -6.070513255402295, 53.360448109401268 ], [ -6.071677204263662, 53.36076799695671 ], [ -6.072714631721982, 53.361181571942318 ], [ -6.075478281068784, 53.362744191309893 ], [ -6.078420162242728, 53.363884375575005 ], [ -6.079815508164899, 53.364570509495948 ], [ -6.080317329445726, 53.364999928175209 ], [ -6.08076644480705, 53.365530988804736 ], [ -6.082606902389727, 53.366786090747354 ], [ -6.083394699791334, 53.367636217946092 ], [ -6.083788523135918, 53.368328873107949 ], [ -6.08418092245561, 53.369831773894411 ], [ -6.084712087148536, 53.371156281376059 ], [ -6.085304069981408, 53.372110267395662 ], [ -6.085988500738402, 53.372821612978967 ], [ -6.087115617969685, 53.373550669730491 ], [ -6.093501727203361, 53.376656609339634 ], [ -6.094628622709813, 53.377469689604737 ], [ -6.095812141148615, 53.378789444167161 ] ] } },
{ "type": "Feature", "properties": { "route": "19", "routes": [ "19", "22", "24", "A2", "E2", "L89", "N8" ], "category": "radial", "colour": "#9467bd", "route_colour": "#ffbb78", "pdf_colour": "#662484", "stroke-width": 2, "source": "pdf-future", "phase": "future" }, "geometry": { "type": "LineString", "coordinates": [ [ -6.302303513841311, 53.405143451158246 ], [ -6.303020357407325, 53.406028714566446 ], [ -6.303763470644622, 53.406601563339287 ], [ -6.304586343441866, 53.406995458451654 ], [ -6.308662819488793, 53.408619811565622 ], [ -6.309197089273685, 53.408957055982839 ], [ -6.309584654463146, 53.409432469722574 ], [ -6.310027930189168, 53.410940717590371 ], [ -6.309840953451484, 53.412034156065801 ], [ -6.30984107224615, 53.412521329531714 ], [ -6.310313432453452, 53.413913305765192 ], [ -6.310407286460558, 53.414563014488657 ], [ -6.310206267401885, 53.416792478849899 ], [ -6.310313487601501, 53.418600946109422 ], [ -6.310182669382715, 53.419348748619221 ], [ -6.309996419011033, 53.419733958690536 ], [ -6.309682100639477, 53.419779663846704 ], [ -6.306874636085781, 53.419306266783188 ], [ -6.304503649522162, 53.419047485572264 ], [ -6.273470330838003, 53.416569073893918 ], [ -6.272215424934829, 53.416359820042857 ], [ -6.270974455211823, 53.416001882692782 ], [ -6.26820900789192, 53.414507239551142 ], [ -6.267633674063363, 53.414360976139037 ], [ -6.267056389660635, 53.414439739825887 ], [ -6.265267114819679, 53.415220703041101 ], [ -6.264091681405139, 53.41559975618776 ], [ -6.262419521470539, 53.415810616694053 ], [ -6.260884471338563, 53.415830035559054 ], [ -6.258291054916134, 53.415622391007282 ], [ -6.249951406356907, 53.41451549719639 ], [ -6.243563798119894, 53.414151476578233 ], [ -6.238955709964327, 53.413753495987585 ], [ -6.238698213019827, 53.413806706170568 ], [ -6.237633409154699, 53.4145037956403 ], [ -6.234964307507839, 53.415871700753492 ], [ -6.233999743287248, 53.416485411486953 ], [ -6.232322030410964, 53.417889542358616 ], [ -6.231775610898404, 53.418503309184281 ], [ -6.231304065444939, 53.419274110640757 ], [ -6.230973275411208, 53.420131664110585 ], [ -6.230803104433887, 53.421648695039231 ], [ -6.231141170592883, 53.423617322041025 ], [ -6.231516411545491, 53.423991374480487 ], [ -6.232107814003201, 53.424173075149227 ], [ -6.243804036222707, 53.425680859547583 ], [ -6.244404994945221, 53.425614726244063 ], [ -6.244819346534358, 53.42545562639939 ], [ -6.245401653741142, 53.424997863014063 ], [ -6.2455403601892, 53.424670416039334 ], [ -6.245476603345302, 53.42439563418975 ], [ -6.245328812789214, 53.424196656925893 ], [ -6.244034202842807, 53.423257097940699 ], [ -6.243326094555376, 53.422949267381355 ], [ -6.239108590370961, 53.421702317320417 ], [ -6.238346488875712, 53.421090953017462 ], [ -6.237898226607307, 53.420868022672451 ], [ -6.231768674159545, 53.419030310020773 ], [ -6.231572583095779, 53.418842059404 ], [ -6.231739195332886, 53.418556364877539 ] ] } },
{ "type": "Feature", "properties": { "route": "23", "routes": [ "23", "24" ], "category": "radial", "colour": "#9467bd", "route_colour": "#c49c94", "pdf_colour": "#662484", "stroke-width": 2, "source": "pdf-future", "phase": "future" }, "geometry": { "type": "LineString", "coordinates": [ [ -6.294309820047749, 53.394852493742391 ], [ -6.2953286603925, 53.394002135375651 ], [ -6.295987748605255, 53.39321328638642 ], [ -6.296221251107645, 53.39259224324671 ], [ -6.296491244720618, 53.391158880958606 ], [ -6.296830419314849, 53.390551636695875 ], [ -6.296781721251139, 53.390388291972691 ], [ -6.295620188699418, 53.389901409921997 ], [ -6.294706092563919, 53.389250012765821 ], [ -6.294145016359875, 53.388715990768844 ], [ -6.293633767240872, 53.387773143305935 ], [ -6.291829739577271, 53.386161880078234 ], [ -6.287055397079384, 53.383577739270756 ], [ -6.286116797705628, 53.383209793329641 ], [ -6.285132061813251, 53.382997681985607 ], [ -6.280666875879962, 53.38256746857212 ], [ -6.279870423088739, 53.382309319484655 ], [ -6.279021886869531, 53.381826714796858 ], [ -6.278427648260336, 53.381411857622226 ], [ -6.278384255539318, 53.381312675608925 ], [ -6.278443303091262, 53.381198196848416 ], [ -6.279185249156924, 53.381058765734053 ], [ -6.281809236787975, 53.381245211200863 ], [ -6.282531316950619, 53.381138266174254 ], [ -6.282643536157537, 53.380980178067183 ], [ -6.282466585952801, 53.380673392107532 ], [ -6.282480431667721, 53.380414667744191 ], [ -6.283330405321059, 53.379594855089607 ], [ -6.28341646383047, 53.379329037609068 ], [ -6.283120640596297, 53.379167159216045 ], [ -6.280648398495562, 53.378916703640449 ], [ -6.280399104236749, 53.378811075175904 ], [ -6.280338013756745, 53.378662407919073 ], [ -6.280730582108482, 53.37694418701092 ], [ -6.280537204246562, 53.376728998715429 ], [ -6.27706671312578, 53.376399120888706 ], [ -6.275042625641686, 53.375997462007639 ] ] } },
{ "type": "Feature", "properties": { "route": "52", "routes": [ "52", "C3", "C4", "L54", "L59", "X25", "X26", "X30", "X31", "X32" ], "category": "radial", "colour": "#9467bd", "route_colour": "#c5b0d5", "pdf_colour": "#662484", "stroke-width": 2, "source": "pdf-future", "phase": "future" }, "geometry": { "type": "LineString", "coordinates": [ [ -6.463827603036384, 53.359395279799131 ], [ -6.467567868122874, 53.360909704799859 ], [ -6.469760697082402, 53.361625935317392 ], [ -6.486585006775237, 53.365921284937556 ], [ -6.488879699409842, 53.366606197860996 ], [ -6.489489286703495, 53.366932429881835 ], [ -6.489485951010129, 53.367285465111166 ], [ -6.489275569459765, 53.368318263544182 ], [ -6.489381913714032, 53.36842011097707 ], [ -6.490747546997489, 53.368414217326979 ], [ -6.494600126666512, 53.367686828233118 ], [ -6.495378299057252, 53.367728418259446 ], [ -6.495887873530491, 53.368015992347679 ], [ -6.496417638184047, 53.368599203640301 ], [ -6.496488086434149, 53.368999206195376 ], [ -6.496301293837613, 53.36989658099214 ], [ -6.496485014770895, 53.37032558870613 ], [ -6.496755259949063, 53.370546811543299 ], [ -6.497833255119819, 53.370939451851754 ], [ -6.501105382214, 53.371356115120498 ], [ -6.50236010907532, 53.371723419494941 ], [ -6.502588822585715, 53.371699458481544 ], [ -6.503109828730563, 53.371290091168461 ], [ -6.503915809457171, 53.370923273682045 ], [ -6.509569339271703, 53.36984337987419 ], [ -6.511870972800139, 53.369774212679886 ], [ -6.513910008579701, 53.369345976658899 ], [ -6.515028109882398, 53.369432570405237 ], [ -6.516544518319528, 53.369928838933141 ], [ -6.517324050332998, 53.370032486605453 ], [ -6.518300983362055, 53.369972296434021 ], [ -6.520462685289943, 53.369558308783276 ], [ -6.521337252269089, 53.369548429563203 ], [ -6.522228835590525, 53.369765079467264 ], [ -6.523684281596584, 53.370334761767715 ], [ -6.524785791498119, 53.370556964235782 ], [ -6.529803505708676, 53.370331557711495 ], [ -6.531121468908224, 53.370539478380579 ], [ -6.53121967355695, 53.370722138849686 ], [ -6.531176758658627, 53.370983095381504 ], [ -6.530174610378866, 53.371731859580279 ], [ -6.5293840159204, 53.372122092077966 ], [ -6.527019508859039, 53.372979872560826 ], [ -6.526421053700761, 53.373405197640643 ], [ -6.525764508902268, 53.374060067037981 ], [ -6.523190080549021, 53.37703003549808 ], [ -6.522927645222105, 53.377421233273118 ], [ -6.522893738320116, 53.377795467587418 ], [ -6.523083006718095, 53.378052561876586 ], [ -6.524268424171526, 53.378355010981565 ] ] } },
{ "type": "Feature", "properties": { "route": "52", "routes": [ "52", "60", "80", "G2", "L51", "N4", "S4", "W2", "W4" ], "category": "radial", "colour": "#9467bd", "route_colour": "#c5b0d5", "pdf_colour": "#662484", "stroke-width": 2, "source": "pdf-future", "phase": "future" }, "geometry": { "type": "LineString", "coordinates": [ [ -6.288657204327363, 53.345974945670534 ], [ -6.288597313881086, 53.345705267835989 ], [ -6.288785104805989, 53.34560219713925 ], [ -6.294190482036878, 53.345319020530447 ], [ -6.299135621591955, 53.344660543666159 ], [ -6.302543080346209, 53.343629278987201 ], [ -6.303664300716732, 53.34340884786252 ], [ -6.306392933404141, 53.343420999289918 ], [ -6.314953232735307, 53.343031204009215 ], [ -6.315900980619253, 53.343053270918354 ], [ -6.318589819364803, 53.343397486258546 ], [ -6.32976341329756, 53.345640709079817 ], [ -6.331752299603416, 53.345671307484608 ], [ -6.335175824720485, 53.345280691595526 ], [ -6.336534021156583, 53.345215580605895 ], [ -6.338538558138392, 53.345259597518158 ], [ -6.341290019984918, 53.345505434267054 ], [ -6.343078353722968, 53.345856842066276 ], [ -6.344428519149606, 53.346435743889295 ], [ -6.345585737699067, 53.347312648233455 ], [ -6.347520415304809, 53.349430543075471 ], [ -6.348507089306438, 53.350098865164377 ], [ -6.349386497781444, 53.35047324830245 ], [ -6.350189847461504, 53.350697567921621 ], [ -6.353815745971911, 53.351316655954342 ], [ -6.35484901014041, 53.351585070108399 ], [ -6.355970308511258, 53.352155917691839 ], [ -6.35769067584426, 53.353412844992661 ], [ -6.358776071223012, 53.353941728601576 ], [ -6.359868848678928, 53.354153696598793 ], [ -6.362082244411015, 53.354319278400844 ], [ -6.365441045140499, 53.354787251327011 ], [ -6.377896310601241, 53.357740610821281 ], [ -6.379011460735065, 53.357863139099798 ], [ -6.380528173430024, 53.357856239755691 ], [ -6.383926490662019, 53.357510973205429 ], [ -6.38823734912273, 53.357838070028556 ], [ -6.392606326875097, 53.357518477476532 ], [ -6.395231402733139, 53.357436857996433 ], [ -6.396212636355216, 53.357478817249358 ], [ -6.399346203558798, 53.357914823649118 ], [ -6.408200397080376, 53.360104701061779 ], [ -6.410549069891258, 53.360601975661389 ], [ -6.412724664938638, 53.360948621287093 ], [ -6.414658624299398, 53.361164832274184 ], [ -6.419042509175198, 53.361302793847543 ], [ -6.420764864099436, 53.361274324303224 ], [ -6.422282707704364, 53.361073387022003 ] ] } },
{ "type": "Feature", "properties": { "route": "52", "routes": [ "52", "C4", "L54", "N4", "X25", "X26", "X27", "X28", "X30" ], "category": "radial", "colour": "#9467bd", "route_colour": "#c5b0d5", "pdf_colour": "#662484", "stroke-width": 2, "source": "pdf-future", "phase": "future" }, "geometry": { "type": "LineString", "coordinates": [ [ -6.467760028764549, 53.360981810886912 ], [ -6.464057062932254, 53.35949438154578 ], [ -6.461345655658121, 53.358150219876265 ], [ -6.45913392191795, 53.357165395596205 ], [ -6.456768078275064, 53.356220510493458 ], [ -6.455282896966786, 53.35571606477631 ], [ -6.453091121483518, 53.355186927524791 ], [ -6.450076131361491, 53.354655022867831 ], [ -6.447590608056501, 53.354377206561004 ], [ -6.445161801359759, 53.35429996000849 ], [ -6.442919898688594, 53.354455736813655 ], [ -6.440709969531762, 53.354726399189616 ], [ -6.438501257595165, 53.355140143774037 ], [ -6.437020851491945, 53.355514131433665 ], [ -6.434011253589508, 53.356555919543439 ], [ -6.428716953701588, 53.358917759863338 ], [ -6.42419539602344, 53.360618801063069 ], [ -6.42179504810581, 53.361167525834091 ], [ -6.41964256381187, 53.361308661812267 ] ] } },
{ "type": "Feature", "properties": { "route": "78", "routes": [ "78", "N4" ], "category": "radial", "colour": "#9467bd", "route_colour": "#ff9896", "pdf_colour": "#662484", "stroke-width": 2, "source": "pdf-future", "phase": "future" }, "geometry": { "type": "LineString", "coordinates": [ [ -6.181642675322339, 53.38576630975664 ], [ -6.18738245439766, 53.385547997671573 ], [ -6.187679635365925, 53.385393801458562 ], [ -6.187547689825522, 53.384936152712953 ], [ -6.187218570093657, 53.38452030514221 ], [ -6.187306004467994, 53.384391571967832 ], [ -6.187761537006823, 53.384150532331937 ], [ -6.187772664420605, 53.38395675880264 ], [ -6.184992707533301, 53.382178632905877 ], [ -6.184594402287507, 53.382147090376293 ], [ -6.18260863467178, 53.382792810885746 ], [ -6.181521741045084, 53.383039158697272 ], [ -6.181291175735709, 53.382944029111385 ], [ -6.179068759353437, 53.381190653674167 ], [ -6.179071958687927, 53.38106969597802 ], [ -6.179193508279845, 53.380974876693557 ], [ -6.18036942367205, 53.380728882810757 ], [ -6.181258798432812, 53.380348265503066 ], [ -6.181298201806571, 53.380182249316682 ], [ -6.180917000535359, 53.379920078397575 ], [ -6.180921865639042, 53.379736142727403 ], [ -6.182507924758951, 53.378733728906582 ], [ -6.182932678717883, 53.378294806277466 ], [ -6.183691736123754, 53.377281522085042 ], [ -6.183991719814792, 53.377021362931622 ], [ -6.184541087285575, 53.376787806981035 ], [ -6.186589224737372, 53.376166744199558 ], [ -6.187017911007032, 53.376222098352116 ], [ -6.1887023183114, 53.377666140260445 ], [ -6.188623775027372, 53.377799110003366 ], [ -6.187754033301891, 53.378118224921479 ], [ -6.187679070666188, 53.378229281678337 ], [ -6.187713334329868, 53.378333223976533 ], [ -6.189124819893588, 53.379505954765506 ], [ -6.189222787519608, 53.379886678214042 ], [ -6.189688012304424, 53.380149070857954 ], [ -6.19005498654688, 53.380570921430305 ], [ -6.190389663942026, 53.380738829265667 ], [ -6.190841522156631, 53.3808258071588 ], [ -6.191751536590985, 53.380723832998996 ], [ -6.193186116477024, 53.380153565035172 ], [ -6.193772496508379, 53.379730921617124 ], [ -6.194627473512918, 53.378873228011159 ], [ -6.19497674206414, 53.378716408117235 ], [ -6.200522760641693, 53.378978140685831 ], [ -6.202112041948517, 53.379253258710996 ], [ -6.20320861988895, 53.378981157956581 ], [ -6.204330389472261, 53.378588681203183 ], [ -6.206965701500858, 53.376720707832945 ], [ -6.208101533424629, 53.376023496357888 ], [ -6.209615634903589, 53.375283271587016 ], [ -6.21160791809432, 53.374504676899171 ], [ -6.213268242191045, 53.373493223541956 ], [ -6.214984833402747, 53.372699333995541 ], [ -6.215438556825573, 53.372413230770135 ], [ -6.216980713861696, 53.37099050919656 ], [ -6.217678118165535, 53.370492775093858 ], [ -6.218364753139306, 53.369872713473718 ], [ -6.221174966778668, 53.366913983289813 ], [ -6.222344161490932, 53.365976569973903 ], [ -6.222433138684826, 53.365524764640874 ], [ -6.223573873295965, 53.364755657660695 ], [ -6.224238520116318, 53.363907935062095 ], [ -6.224629696927554, 53.36315001309886 ], [ -6.225021623334921, 53.3620990084884 ], [ -6.225387392822058, 53.361696539008463 ], [ -6.225893907530342, 53.361456847852409 ], [ -6.226558303918744, 53.361299359951033 ], [ -6.228424402070956, 53.361244681926955 ], [ -6.229558057540747, 53.361083600345722 ], [ -6.233000768466159, 53.360043264590281 ], [ -6.236797349394061, 53.356705482204035 ], [ -6.240459521256268, 53.354213441624175 ], [ -6.24206142539186, 53.352952356321595 ], [ -6.244699220020903, 53.350423217437523 ], [ -6.245113733465383, 53.349841974283272 ], [ -6.245854367123962, 53.348504089466189 ], [ -6.246565341592012, 53.347644587688542 ], [ -6.246842022078519, 53.347546869172461 ], [ -6.247111821918384, 53.347558006784816 ] ] } },
{ "type": "Feature", "properties": { "route": "21", "routes": [ "21", "22", "L81", "X77", "X79" ], "category": "radial", "colour": "#9467bd", "route_colour": "#1f77b4", "pdf_colour": "#662484", "stroke-width": 2, "source": "pdf-future", "phase": "future" }, "geometry": { "type": "LineString", "coordinates": [ [ -6.211904419159097, 53.455311768278079 ], [ -6.217410512912901, 53.455116285352119 ], [ -6.21774033955792, 53.45516502326587 ], [ -6.218026283194307, 53.45543567846498 ], [ -6.218106156449629, 53.455781911425696 ], [ -6.220018664216064, 53.45941875113116 ], [ -6.22014553539287, 53.459463121216757 ], [ -6.220734159679947, 53.459371652923544 ], [ -6.220782597490825, 53.459317914869267 ], [ -6.22066080105531, 53.458703479658453 ], [ -6.220838546749806, 53.458375064573403 ], [ -6.221297299964613, 53.458050080746261 ], [ -6.222478349967605, 53.457572141534186 ], [ -6.222639737128679, 53.457408351472722 ], [ -6.222956093140079, 53.455508051792641 ], [ -6.223310355221617, 53.454406033472651 ], [ -6.223107536112281, 53.454169588111341 ], [ -6.223366163022428, 53.453733273865225 ], [ -6.223799444888671, 53.453652702006714 ], [ -6.224845336418608, 53.451174489766501 ], [ -6.224715952423296, 53.451036020341128 ], [ -6.223163254580941, 53.450436756283857 ], [ -6.222683992007809, 53.450099966459192 ], [ -6.222172316625657, 53.449589258809659 ], [ -6.221654761191562, 53.449376499855333 ], [ -6.213253099557957, 53.448723124928982 ], [ -6.208163411841956, 53.448152350057789 ], [ -6.208107912453943, 53.448094862511915 ], [ -6.208241573812146, 53.447920335604742 ], [ -6.208110121392316, 53.447708785938453 ], [ -6.208162194999413, 53.447025924064086 ], [ -6.207866852231965, 53.445635628897683 ], [ -6.207866853553982, 53.444841351238423 ], [ -6.208001326644143, 53.444106649946733 ], [ -6.208256551003505, 53.443345132037301 ], [ -6.208433905185583, 53.442993698552691 ], [ -6.208805873902671, 53.442659416824931 ], [ -6.208724747732062, 53.442436193742708 ], [ -6.208316540602674, 53.442287348388341 ], [ -6.206680016419404, 53.441982970995014 ], [ -6.204895415930751, 53.441452599336728 ], [ -6.199468027127394, 53.43893721551369 ], [ -6.198490746590908, 53.438254136636111 ], [ -6.197640458292232, 53.437497389776752 ], [ -6.196947956109137, 53.436750818463075 ], [ -6.196270632822912, 53.435808580082444 ], [ -6.194729037275571, 53.434222264486984 ], [ -6.192569034356666, 53.432756639913514 ], [ -6.191801566327214, 53.432537270763987 ], [ -6.190137951864133, 53.432387231041801 ], [ -6.189220472253, 53.432052855260451 ], [ -6.188067983392663, 53.431413158905301 ], [ -6.186862838661427, 53.430305906821651 ], [ -6.185708145017692, 53.429825207758704 ], [ -6.182806517477469, 53.428259939213739 ], [ -6.181867686180296, 53.428052043096784 ], [ -6.178314477342758, 53.427596934366001 ] ] } },
{ "type": "Feature", "properties": { "route": "10", "routes": [ "10", "71", "78", "8", "97", "L91" ], "category": "radial", "colour": "#9467bd", "route_colour": "#ffbb78", "pdf_colour": "#662484", "stroke-width": 2, "source": "pdf-future", "phase": "future" }, "geometry": { "type": "LineString", "coordinates": [ [ -6.215704025098363, 53.352354236961979 ], [ -6.216264660119077, 53.352451094452903 ], [ -6.216748268234543, 53.352358849178465 ], [ -6.220104702514059, 53.350268865224628 ], [ -6.220515500839975, 53.350319744841592 ], [ -6.224080083557194, 53.352273678323606 ], [ -6.224379418315934, 53.352340616371173 ], [ -6.224644573832627, 53.352262600014129 ], [ -6.226903869816024, 53.350503722627998 ], [ -6.227175224562667, 53.350493894023138 ], [ -6.227908000776654, 53.350663328435864 ], [ -6.228895773581556, 53.350004215482052 ], [ -6.229395434083977, 53.349872380804058 ], [ -6.230586324779054, 53.349967902280063 ], [ -6.231505586121093, 53.350159275175322 ], [ -6.232602225819655, 53.350603426468844 ], [ -6.233213119854474, 53.350993715436417 ], [ -6.233179402192925, 53.35113387291679 ], [ -6.232222994764391, 53.351930863400192 ], [ -6.232244379879141, 53.352143503182134 ], [ -6.234532510100792, 53.353114342555443 ], [ -6.234682093530688, 53.353283356748626 ], [ -6.234479988889058, 53.354192330738279 ], [ -6.233961882920162, 53.354945895071943 ], [ -6.233167862303082, 53.35557912193466 ], [ -6.231600298320559, 53.35637395220629 ], [ -6.231518486578285, 53.35655485228596 ], [ -6.234370179381705, 53.358154812646383 ], [ -6.234557452633892, 53.358184774772724 ], [ -6.236477323024484, 53.356550966435329 ], [ -6.23925306204054, 53.354668701067553 ], [ -6.241454420984788, 53.352982317125928 ], [ -6.241524046737726, 53.352846110464824 ], [ -6.24142667195179, 53.352556434523358 ], [ -6.241464991253534, 53.352431404002637 ], [ -6.24395194028313, 53.350121353240375 ], [ -6.245554097117004, 53.347564821707287 ], [ -6.24581425438179, 53.347486673146342 ], [ -6.247112821568767, 53.347558033225596 ] ] } },
{ "type": "Feature", "properties": { "route": "71", "routes": [ "71", "72", "97" ], "category": "radial", "colour": "#9467bd", "route_colour": "#e377c2", "pdf_colour": "#662484", "stroke-width": 2, "source": "pdf-future", "phase": "future" }, "geometry": { "type": "LineString", "coordinates": [ [ -6.189054879683182, 53.343157397361317 ], [ -6.187810230536657, 53.343165490695519 ], [ -6.187659082945718, 53.343282535156092 ], [ -6.187593377416283, 53.343610912657468 ], [ -6.187692320140541, 53.344370794449134 ], [ -6.188443008472711, 53.34514891528034 ], [ -6.188442526117347, 53.345999199801732 ], [ -6.188609770289164, 53.347278068984643 ], [ -6.188895988531943, 53.347462701369395 ], [ -6.190095463226544, 53.347498428907983 ], [ -6.190463324368326, 53.347584185425909 ], [ -6.190571033344617, 53.347710077349511 ], [ -6.190658652426722, 53.348557690407702 ], [ -6.190898468798755, 53.348719087767364 ], [ -6.196642777179859, 53.348859020689787 ], [ -6.196876689325506, 53.348714154861788 ], [ -6.196935468692361, 53.347853408101109 ], [ -6.197216152879689, 53.347717782192873 ], [ -6.202996872671338, 53.348031738703284 ], [ -6.203315502778818, 53.348201222786933 ], [ -6.203327064010301, 53.349087838452206 ], [ -6.203579188376986, 53.349275570451958 ], [ -6.208806403848815, 53.349676922431001 ], [ -6.208937522737079, 53.349825441241734 ], [ -6.20895233901757, 53.351156298288089 ], [ -6.20917563216788, 53.351337265602872 ], [ -6.212467301832096, 53.351582385617725 ], [ -6.215977421828748, 53.352418488248453 ], [ -6.216749876967203, 53.352524949786449 ], [ -6.218448462007118, 53.352411822149804 ], [ -6.219603622708343, 53.35215627615716 ], [ -6.219652330026318, 53.352054528443816 ], [ -6.219366306123272, 53.351597806069847 ], [ -6.219293144671323, 53.351224741193512 ], [ -6.219767218241168, 53.350433999610956 ] ] } },
{ "type": "Feature", "properties": { "route": "19", "routes": [ "19", "24", "A2", "B1", "B2", "D1", "D3", "E2", "F1", "F2", "F3", "L64", "L80", "N8", "W4", "X61", "X76", "X77", "X79", "X83", "X84", "X85" ], "category": "radial", "colour": "#9467bd", "route_colour": "#ffbb78", "pdf_colour": "#009bdf", "stroke-width": 2, "source": "pdf-future", "phase": "future" }, "geometry": { "type": "LineString", "coordinates": [ [ -6.148617932773202, 53.397271132074408 ], [ -6.153930225234895, 53.397859799044298 ], [ -6.158902887943164, 53.397938307577448 ], [ -6.162098922813692, 53.397865787880953 ], [ -6.163388286720278, 53.397906894040965 ], [ -6.168803729201045, 53.398680352984627 ], [ -6.174636743002604, 53.399021701766351 ], [ -6.17673181170739, 53.399576290913593 ], [ -6.178110742437301, 53.399672784654882 ], [ -6.182425099013341, 53.400397112850371 ], [ -6.182516019415782, 53.400363505106917 ], [ -6.182650651150629, 53.399622805912941 ], [ -6.182748569105741, 53.399589383254963 ], [ -6.189445394532235, 53.400478763492558 ], [ -6.193792893116257, 53.401235979486799 ], [ -6.216717909120297, 53.4064929727543 ], [ -6.217843348495162, 53.406982901538406 ], [ -6.218204042296686, 53.406961431057702 ], [ -6.219142966325443, 53.406674156505709 ], [ -6.222894778478627, 53.406239205281778 ], [ -6.224286667079812, 53.406224002588139 ], [ -6.225126040812971, 53.406372248114494 ], [ -6.225794237308195, 53.406714035246743 ], [ -6.225898381878358, 53.406936866816551 ], [ -6.225829287773994, 53.407620278848022 ], [ -6.225440122350744, 53.408680359634261 ], [ -6.219859455207622, 53.420204831606434 ], [ -6.21882190309995, 53.421308783880718 ], [ -6.217379777392773, 53.422239978513801 ], [ -6.217286695834228, 53.422695676685244 ], [ -6.217508001771001, 53.42317869705991 ], [ -6.217897173804483, 53.423442079155656 ], [ -6.21855140069083, 53.423593430340588 ], [ -6.223786675501536, 53.423727902108581 ], [ -6.230455942079793, 53.424146389035677 ], [ -6.232013970761304, 53.424619750026451 ], [ -6.233300372356112, 53.424583750903196 ], [ -6.242820777803405, 53.42582891318947 ], [ -6.24403411030015, 53.425908022306174 ], [ -6.244577221504444, 53.425835357185441 ], [ -6.245434475249094, 53.425458892024665 ], [ -6.245700248158015, 53.425092791272291 ], [ -6.245834262500635, 53.424640176473638 ], [ -6.24612847511351, 53.424257822006652 ], [ -6.24611076111233, 53.424133310102945 ], [ -6.245945077513209, 53.423967871458792 ], [ -6.244800875760195, 53.42312832434969 ], [ -6.243644330317479, 53.422528534687451 ], [ -6.239694066316475, 53.421351675170598 ], [ -6.238302004150426, 53.420503571447085 ], [ -6.233469343866177, 53.41906528928525 ], [ -6.233318173989429, 53.418956254114931 ], [ -6.233330608144378, 53.418826537532375 ], [ -6.234108548989397, 53.418044833597605 ], [ -6.234891356826743, 53.417457326244644 ], [ -6.237451348135925, 53.416016510678048 ], [ -6.238941765096517, 53.415339681834425 ], [ -6.240195136867777, 53.414434505496338 ], [ -6.240801685737963, 53.414270485777777 ], [ -6.249685014167122, 53.414791550092104 ], [ -6.252061025423431, 53.415049463856562 ], [ -6.256730241642683, 53.41570815186909 ], [ -6.260560548919932, 53.416087560832963 ], [ -6.263261878856966, 53.416072981008568 ], [ -6.263990432855956, 53.415948200919779 ], [ -6.265397213660392, 53.415521248032142 ], [ -6.266433616349567, 53.415141518568099 ], [ -6.267537677030992, 53.414586516755719 ], [ -6.267832789574737, 53.414359240301771 ], [ -6.267966456032232, 53.414146700239321 ], [ -6.267973557459389, 53.413764754471281 ], [ -6.267388317025643, 53.41255585760441 ], [ -6.267149259504007, 53.41183628516098 ], [ -6.267061696325191, 53.40841477369824 ], [ -6.267282129149573, 53.40775837262423 ], [ -6.268001779971031, 53.407327250025467 ], [ -6.268801123117317, 53.4070222786588 ], [ -6.274716072932807, 53.406648543886241 ], [ -6.293778057604674, 53.406220407961996 ], [ -6.299145649448731, 53.406004255711025 ], [ -6.305541482090615, 53.405263107401296 ], [ -6.311238747411997, 53.404080334025807 ], [ -6.321360597336596, 53.400853835598127 ], [ -6.330497305502843, 53.39769531301868 ], [ -6.356408133093576, 53.38900537737085 ], [ -6.358899594809061, 53.387961888741167 ], [ -6.36033793438528, 53.387211657267905 ], [ -6.361254198098191, 53.386608673181541 ], [ -6.364350886078195, 53.384278737441122 ], [ -6.364982289849037, 53.384347456275265 ], [ -6.366930680399172, 53.385039215094615 ], [ -6.370521362055765, 53.386384625902132 ], [ -6.37250802601401, 53.387293472598238 ], [ -6.386082760143657, 53.394063766189305 ], [ -6.395743150828608, 53.398979913238982 ], [ -6.395900101982105, 53.3991351174123 ], [ -6.395895797234113, 53.399260047269195 ], [ -6.395727629145909, 53.3993776418869 ], [ -6.395272862445405, 53.399400625535705 ], [ -6.3949642817233, 53.399229406559137 ], [ -6.394953284624784, 53.399040049584542 ], [ -6.39552153968969, 53.398810994610336 ], [ -6.396602962341076, 53.3981663628945 ], [ -6.39845352710106, 53.397223963791618 ], [ -6.40061471173393, 53.395959665178687 ], [ -6.401891350070358, 53.394969074164202 ], [ -6.402506934699676, 53.394123054918481 ], [ -6.4024184041661, 53.39399066781705 ], [ -6.402237895598846, 53.393931874474333 ], [ -6.396357278948491, 53.393499235119215 ], [ -6.395973371463363, 53.393604120975581 ], [ -6.394126806249224, 53.394735691967568 ] ] } },
{ "type": "Feature", "properties": { "route": "74", "routes": [ "74", "80", "86", "A1", "A2", "D4", "L33", "L35", "S6", "S8" ], "category": "radial", "colour": "#9467bd", "route_colour": "#ff9896", "pdf_colour": "#009bdf", "stroke-width": 2, "source": "pdf-future", "phase": "future" }, "geometry": { "type": "LineString", "coordinates": [ [ -6.367273373125486, 53.29035317215957 ], [ -6.367463982637661, 53.291202508967828 ], [ -6.367924943091126, 53.292269070011734 ], [ -6.366244648650278, 53.292522730398957 ], [ -6.363775134671569, 53.293114641464044 ], [ -6.362472633851854, 53.293343282262313 ], [ -6.362048909572433, 53.29238174248934 ], [ -6.361753281622311, 53.292136840233113 ], [ -6.361381035465874, 53.291989946397237 ], [ -6.360668395606323, 53.291929082363666 ], [ -6.359351180680892, 53.292222356706603 ], [ -6.358347913011767, 53.292294854872679 ], [ -6.356220501943736, 53.290845097600716 ], [ -6.355649168983043, 53.290093728418469 ], [ -6.355189319986693, 53.289174248184565 ], [ -6.354932191324487, 53.288835331010219 ], [ -6.35327805229293, 53.28707898022968 ], [ -6.352917048567662, 53.286469221826401 ], [ -6.351646663853536, 53.283592626151297 ], [ -6.351108548068192, 53.283098225097923 ], [ -6.350386216340357, 53.28155058499928 ], [ -6.350081833658802, 53.281069368641319 ], [ -6.349540364049258, 53.280474843905139 ], [ -6.349380929728694, 53.279808395334399 ], [ -6.348659216904024, 53.279334146877687 ], [ -6.348083845491784, 53.279075843300504 ], [ -6.346268434883162, 53.278386601454649 ], [ -6.345014570369028, 53.278062334928151 ], [ -6.344501612420155, 53.278091782214744 ], [ -6.34386469366901, 53.278345030125763 ], [ -6.342083918783639, 53.27812386772473 ], [ -6.340060140278971, 53.278164371601626 ], [ -6.334693406627123, 53.278650640981844 ], [ -6.322707873726715, 53.279420003115852 ], [ -6.321864736148405, 53.279678800380218 ], [ -6.316385131524385, 53.280083056690501 ], [ -6.315626799540199, 53.28019904635282 ], [ -6.31422268415534, 53.280563047707204 ], [ -6.311382566181566, 53.281513284990744 ], [ -6.308767795806764, 53.282037331636637 ], [ -6.303507490264199, 53.281412026432058 ], [ -6.30233185363336, 53.281344918219226 ], [ -6.301313067492187, 53.281398999625949 ], [ -6.30025127088815, 53.281642009855481 ], [ -6.299319535541144, 53.282073524910999 ], [ -6.2988025544386, 53.282481998336827 ], [ -6.297900737212943, 53.283446490789643 ], [ -6.296827126679141, 53.284098331584396 ], [ -6.295409116852773, 53.284495977321612 ], [ -6.293779142617536, 53.284586911322208 ], [ -6.291495908661945, 53.284376467258319 ], [ -6.284395482845546, 53.283315355470698 ], [ -6.274261139085278, 53.283194353203228 ], [ -6.269636322225355, 53.282974992741494 ], [ -6.267383251723768, 53.282645304532913 ], [ -6.265510941310064, 53.282140622737387 ], [ -6.260471923951137, 53.280561835210072 ], [ -6.257055139722254, 53.279336064214618 ], [ -6.255131886989117, 53.278336862571074 ], [ -6.252416266754254, 53.276433393963515 ], [ -6.251263497243914, 53.275728667451986 ], [ -6.249743755379753, 53.27498022262013 ], [ -6.24785696183943, 53.274191058419106 ], [ -6.246107412194275, 53.273583586576855 ], [ -6.244745616979018, 53.273217451640377 ], [ -6.243049669029263, 53.272890495142171 ], [ -6.241558946299902, 53.272709015820581 ], [ -6.239211930948266, 53.272602921809487 ], [ -6.234016669537919, 53.272657574148347 ], [ -6.231370874683941, 53.272463549431684 ], [ -6.226694378939997, 53.27253392383659 ], [ -6.220009553095354, 53.272401125392342 ], [ -6.214340865158821, 53.272541289860776 ], [ -6.210566677494769, 53.272498482425426 ], [ -6.2075582331658, 53.272588968443713 ], [ -6.207325330869125, 53.272657834401933 ], [ -6.207215058081403, 53.272817974691328 ], [ -6.207505897039534, 53.273659959073875 ], [ -6.209546803882152, 53.276148792386849 ], [ -6.20975458460403, 53.276462395912979 ], [ -6.209665040066512, 53.276633087962601 ], [ -6.208172236447711, 53.277059766243852 ], [ -6.207877128058939, 53.277059963416555 ], [ -6.206063696353911, 53.276522827073336 ], [ -6.200329311953285, 53.274570522910089 ], [ -6.198854228756971, 53.274289422280503 ], [ -6.198052551834036, 53.27434224378402 ], [ -6.197419113067383, 53.274539564155248 ], [ -6.196727971073638, 53.27502746039881 ], [ -6.19615824552359, 53.275236469483829 ], [ -6.195555475418737, 53.2758627507311 ] ] } },
{ "type": "Feature", "properties": { "route": "82", "routes": [ "82", "W2" ], "category": "radial", "colour": "#9467bd", "route_colour": "#ffbb78", "pdf_colour": "#009bdf", "stroke-width": 2, "source": "pdf-future", "phase": "future" }, "geometry": { "type": "LineString", "coordinates": [ [ -6.368892700980289, 53.290400004826125 ], [ -6.36913417670021, 53.291330715026298 ], [ -6.369752633364984, 53.292607513896051 ], [ -6.369731271480362, 53.292810019870991 ], [ -6.369551758408515, 53.292978332250321 ], [ -6.366885783195107, 53.29339598780399 ], [ -6.363864129618601, 53.294099338828417 ], [ -6.361896142294853, 53.294375400222975 ], [ -6.364363324952322, 53.300376732636266 ], [ -6.364756561500436, 53.301129393261803 ], [ -6.365440738992524, 53.301963775164353 ], [ -6.366533249774294, 53.302790951198659 ], [ -6.369772459040585, 53.304641245318294 ], [ -6.383268217201746, 53.31280893928021 ], [ -6.384813201324012, 53.314040220345582 ], [ -6.387000442591132, 53.316404879441386 ], [ -6.387787995037778, 53.316923884396836 ], [ -6.389094086326706, 53.317580648087208 ], [ -6.389093044937665, 53.317695660762631 ], [ -6.388702949365489, 53.31784539868223 ], [ -6.38714697569926, 53.317937289650246 ], [ -6.386997430797368, 53.318069381748117 ], [ -6.387564048989117, 53.319452847260798 ], [ -6.38844333187045, 53.321155691532759 ], [ -6.389788951938034, 53.323457075384646 ], [ -6.390168197535779, 53.323982286557992 ], [ -6.39018583731391, 53.324071784257555 ], [ -6.390028321649749, 53.324202665178788 ], [ -6.390079838678432, 53.324335073621697 ] ] } },
{ "type": "Feature", "properties": { "route": "71", "routes": [ "71", "74", "80", "81", "D1", "D3", "F3", "G2", "L55", "S4", "W2" ], "category": "radial", "colour": "#9467bd", "route_colour": "#e377c2", "pdf_colour": "#009bdf", "stroke-width": 2, "source": "pdf-future", "phase": "future" }, "geometry": { "type": "LineString", "coordinates": [ [ -6.210072614884402, 53.307969820462468 ], [ -6.20991113027015, 53.307683450562919 ], [ -6.208187641980684, 53.306355415881129 ], [ -6.208041453169329, 53.305982420128551 ], [ -6.20839649506505, 53.305342584014937 ], [ -6.208409954366845, 53.305022828096789 ], [ -6.208030058892479, 53.304635647998445 ], [ -6.207023022656607, 53.30416985832526 ], [ -6.207016309908914, 53.304007624114888 ], [ -6.207316029192144, 53.303757461465267 ], [ -6.207841352172211, 53.303525270236719 ], [ -6.208732785158907, 53.303293759480553 ], [ -6.209166484034032, 53.303046140245186 ], [ -6.210086008839561, 53.303038450510613 ], [ -6.211039792209478, 53.303172716229511 ], [ -6.212442511898863, 53.303996093101311 ], [ -6.213777697867656, 53.304460558846799 ], [ -6.215117047126271, 53.305070185423858 ], [ -6.215909247106746, 53.305262198941449 ], [ -6.216927234925198, 53.305276120201427 ], [ -6.217376480601789, 53.305424050327055 ], [ -6.217536219180182, 53.305587331025755 ], [ -6.217596828626838, 53.305792005144731 ], [ -6.217258824414893, 53.306695383887408 ], [ -6.217389308724417, 53.306867894307302 ], [ -6.21936737980657, 53.307118283592111 ], [ -6.221382881402501, 53.307201604158578 ], [ -6.221503458729138, 53.307294824908979 ], [ -6.221585100306125, 53.307990226701399 ], [ -6.223623040493067, 53.308473280315859 ], [ -6.2261923585989, 53.308495222764421 ], [ -6.226800923956362, 53.308595348713588 ], [ -6.229352554501792, 53.308491779608076 ], [ -6.229381691864636, 53.308373508672993 ], [ -6.228966019558468, 53.307788313377472 ], [ -6.228728539229421, 53.307273854347699 ], [ -6.228714494830869, 53.30587599428501 ], [ -6.228550137425766, 53.305433493840518 ], [ -6.228177244603366, 53.305008485672339 ], [ -6.228283227940967, 53.304859235774018 ], [ -6.228793112715648, 53.304794694960954 ], [ -6.237301856112428, 53.304954728731531 ], [ -6.237654447892096, 53.305126111452097 ], [ -6.238347838485461, 53.306898064748623 ], [ -6.238683493811799, 53.308012329305136 ], [ -6.238911394268219, 53.309342820335523 ], [ -6.239104502623038, 53.309606018290118 ], [ -6.239499069520142, 53.309854537834035 ], [ -6.239959438455537, 53.310035773711625 ], [ -6.24022276955835, 53.310026733230885 ], [ -6.240940843187222, 53.309390497218445 ], [ -6.242690776790245, 53.308508458452302 ], [ -6.243364756828554, 53.308291203054303 ], [ -6.244769000262345, 53.308149282729254 ], [ -6.24608591508492, 53.308132096977069 ], [ -6.249471177559085, 53.308620776811956 ], [ -6.251739691365351, 53.308744801449762 ], [ -6.252228500004704, 53.308909783612719 ], [ -6.252727311191482, 53.309226083154194 ], [ -6.254872442304304, 53.310951405300585 ], [ -6.25505415279392, 53.311267320317597 ], [ -6.255595745919726, 53.313294349149665 ], [ -6.255896408761121, 53.313462357648866 ], [ -6.257073261667879, 53.313483481944154 ], [ -6.264320073279399, 53.313056944176616 ], [ -6.26641965958044, 53.312684328604625 ], [ -6.267830001580352, 53.312576581478027 ], [ -6.270453568425243, 53.312173809817686 ], [ -6.274788650796223, 53.311358147610136 ], [ -6.277717690815996, 53.310563315827579 ], [ -6.278087672319542, 53.31053108715971 ], [ -6.292475291619036, 53.313118411625801 ], [ -6.295119771421898, 53.313702537958235 ], [ -6.300533838982057, 53.314527978721742 ], [ -6.304057646993261, 53.315300421017419 ], [ -6.305552512615278, 53.315779113791677 ], [ -6.31107580194215, 53.317807863163004 ], [ -6.311115032317665, 53.317950950470745 ], [ -6.310975442180931, 53.318198346092636 ], [ -6.310283003644603, 53.318546159078878 ], [ -6.309925923920114, 53.318884836019869 ], [ -6.309590388899379, 53.319619220966516 ], [ -6.309536541871325, 53.319990927164433 ], [ -6.30995821812339, 53.320727334075343 ], [ -6.31095475226996, 53.321627998105235 ], [ -6.313889479135185, 53.323152127439165 ], [ -6.314884558094485, 53.323918706114021 ], [ -6.31485039093966, 53.324075857650861 ], [ -6.313928324608511, 53.324595659229324 ], [ -6.313115480421775, 53.32533542563035 ], [ -6.313076865172152, 53.325509465460541 ], [ -6.313299555283795, 53.325675411578821 ], [ -6.318642520939957, 53.325482616358265 ], [ -6.322438117326582, 53.325169865547167 ], [ -6.325037180933218, 53.325050545101888 ], [ -6.335414031981556, 53.325079927419374 ], [ -6.335937288425738, 53.325152788201848 ], [ -6.336359459120393, 53.325341016532796 ], [ -6.336613334622231, 53.325613824578085 ], [ -6.336960550613433, 53.326442294888629 ], [ -6.339244039911493, 53.329063588581761 ], [ -6.342383309825027, 53.332876926543442 ], [ -6.342886433692048, 53.333597481450731 ], [ -6.34305856657537, 53.334124216935081 ], [ -6.343053003435102, 53.335393513610995 ], [ -6.343181543214063, 53.335942104100553 ], [ -6.344944770486415, 53.339701039400069 ], [ -6.34562395444819, 53.341480619728699 ], [ -6.346336721601274, 53.343730252362164 ], [ -6.346532918428164, 53.343914504377388 ], [ -6.34684135580346, 53.343977681790449 ], [ -6.349062488485767, 53.343926392341295 ], [ -6.351224356990589, 53.344035592010968 ], [ -6.359661663252091, 53.3448919803864 ], [ -6.360651216465883, 53.344884142205736 ], [ -6.368798967846923, 53.345719867299742 ], [ -6.372141964355062, 53.346142406465475 ], [ -6.374334892089785, 53.346514519284774 ], [ -6.376512651126224, 53.347006272860462 ], [ -6.377305391065217, 53.347291333185865 ], [ -6.378058008630078, 53.347807413413229 ], [ -6.379266342874915, 53.347886390326025 ], [ -6.379915888798723, 53.348025613502486 ], [ -6.382468905974287, 53.349155512303824 ], [ -6.383450839143888, 53.349473586588289 ], [ -6.384730419017226, 53.349695497263433 ], [ -6.388191908185284, 53.350063150278409 ], [ -6.388404416707648, 53.350235829541546 ], [ -6.388562970172498, 53.35138942513742 ], [ -6.388881178171803, 53.351763969753151 ], [ -6.394211897780364, 53.354416845636969 ], [ -6.394529073644895, 53.35464131049158 ], [ -6.394712397022148, 53.35489624683531 ], [ -6.394741616540291, 53.35534217532706 ], [ -6.394522414345388, 53.355649486891693 ], [ -6.391521011763008, 53.357175661042461 ], [ -6.391395548935519, 53.357418428583379 ] ] } },
{ "type": "Feature", "properties": { "route": "36", "routes": [ "36", "60", "73", "74", "82", "98", "S2" ], "category": "radial", "colour": "#9467bd", "route_colour": "#8c564b", "pdf_colour": "#009bdf", "stroke-width": 2, "source": "pdf-future", "phase": "future" }, "geometry": { "type": "LineString", "coordinates": [ [ -6.207454311077827, 53.339148491107274 ], [ -6.207835154643028, 53.33874341928788 ], [ -6.212615162455806, 53.336158902832196 ], [ -6.213004427220872, 53.335927114258972 ], [ -6.213074814657164, 53.33579993089208 ], [ -6.212926839015609, 53.335607951180904 ], [ -6.210625325981551, 53.334386670396604 ], [ -6.208109867368695, 53.333311783906332 ], [ -6.207842472695574, 53.333020611983251 ], [ -6.20757611336788, 53.332463374414026 ], [ -6.207532215439067, 53.33181598737999 ], [ -6.208321189077648, 53.330957548332869 ], [ -6.208293810215583, 53.330517670624957 ], [ -6.208468491990154, 53.329889069576879 ], [ -6.208380037001643, 53.328997419020347 ], [ -6.208558963277016, 53.328889112104676 ], [ -6.209874692419427, 53.328689831338366 ], [ -6.210527468273479, 53.328480017887031 ], [ -6.210898083411448, 53.32823473148401 ], [ -6.212010017401965, 53.327230780887241 ], [ -6.21269775873356, 53.326795813232337 ], [ -6.21440229615983, 53.326041618852578 ], [ -6.216441970673106, 53.325362311941177 ], [ -6.216821541870169, 53.325421368747385 ], [ -6.217524748414552, 53.325990160937842 ], [ -6.21827051592852, 53.326387018362013 ], [ -6.223240092619979, 53.32809501499775 ], [ -6.224542755861656, 53.328616640801151 ], [ -6.225216284140354, 53.329021590992902 ], [ -6.227800961318153, 53.331034635673639 ], [ -6.228052699271712, 53.331161336118527 ], [ -6.235748064566846, 53.332119142453038 ], [ -6.236977133105496, 53.332359724096776 ], [ -6.237241717123594, 53.332227673737577 ], [ -6.238152914216236, 53.329584842517384 ], [ -6.2389190864585, 53.327697440839117 ], [ -6.239242586768957, 53.327644976097289 ], [ -6.240107640166273, 53.327956957859243 ], [ -6.24040701156438, 53.327946869945855 ], [ -6.242869728751457, 53.326250392991561 ], [ -6.247028402198241, 53.324426713972912 ], [ -6.247199421735808, 53.324428236395306 ], [ -6.248044683453159, 53.324807718449144 ], [ -6.24822440899557, 53.324820474992755 ], [ -6.249216414214054, 53.324379550229892 ], [ -6.252541293499066, 53.323369109365672 ], [ -6.255779183748044, 53.322697486900594 ], [ -6.257988615629334, 53.322407804726616 ], [ -6.259375224384288, 53.322138373546728 ], [ -6.260053504071296, 53.321834201447118 ], [ -6.261291138478636, 53.321561830241251 ], [ -6.261581036144932, 53.321380431941726 ], [ -6.262011062962166, 53.32085561870214 ], [ -6.264277694751394, 53.320105287887046 ], [ -6.26472559100384, 53.32011513405611 ], [ -6.265206995280225, 53.32037095219988 ], [ -6.265499337585586, 53.320399692006696 ], [ -6.272552444224929, 53.318862644273516 ], [ -6.273117950392941, 53.318926619064968 ], [ -6.274818934178288, 53.319365747932125 ], [ -6.276222094862079, 53.318470535613493 ], [ -6.276661125520677, 53.318286079437634 ], [ -6.278152057887647, 53.318081429304172 ], [ -6.279547236288565, 53.318055309778721 ], [ -6.280583329620619, 53.318216761341951 ], [ -6.28279705661794, 53.319050585532842 ], [ -6.285812602562988, 53.320733907443042 ], [ -6.287656825879454, 53.321960098846937 ], [ -6.288609650015633, 53.322773576668091 ], [ -6.289576808832329, 53.323801508486504 ], [ -6.292430955718002, 53.327502268213223 ], [ -6.292946594006632, 53.328279173712829 ], [ -6.293153777733453, 53.328728809013199 ], [ -6.293221676525685, 53.329111738189432 ], [ -6.293262679944461, 53.330549324958866 ], [ -6.293045603777238, 53.331873048093684 ], [ -6.293106299534166, 53.332414842358212 ], [ -6.293307564681038, 53.332861320062754 ], [ -6.293925993016393, 53.333760986330887 ], [ -6.294068620254581, 53.334798120107678 ], [ -6.294679312584038, 53.33610372375302 ], [ -6.29528734591523, 53.336639988117078 ], [ -6.295382066424493, 53.337105655407242 ], [ -6.296073530995822, 53.338723503900326 ], [ -6.296212670317267, 53.33928737999419 ], [ -6.296108781844965, 53.339508710483102 ], [ -6.295848260452859, 53.33975190712011 ], [ -6.295108939012434, 53.340132491943429 ], [ -6.292916188997552, 53.340396606260008 ], [ -6.290434816517461, 53.340945188628517 ], [ -6.290313997068823, 53.341088044012864 ], [ -6.290322576913374, 53.341255329356713 ], [ -6.290972914738592, 53.342158840680987 ], [ -6.291058034411434, 53.342420182681614 ], [ -6.290946234102039, 53.342789355663854 ], [ -6.290599155980654, 53.343090283857386 ], [ -6.290130505981546, 53.343259951704482 ], [ -6.28930477436931, 53.343390164240567 ], [ -6.285815171663235, 53.343745020484327 ], [ -6.282830243009367, 53.343854134788216 ], [ -6.281273586037807, 53.343744937384891 ], [ -6.274008805649262, 53.342808523530749 ], [ -6.27259787590856, 53.342787209994995 ], [ -6.270197531201585, 53.342919789358753 ], [ -6.267591255683076, 53.342479723543654 ] ] } },
{ "type": "Feature", "properties": { "route": "24", "routes": [ "24", "36", "60", "72", "81", "82", "88", "S2" ], "category": "radial", "colour": "#9467bd", "route_colour": "#ffbb78", "pdf_colour": "#009bdf", "stroke-width": 2, "source": "pdf-future", "phase": "future" }, "geometry": { "type": "LineString", "coordinates": [ [ -6.247079625734903, 53.347338078601624 ], [ -6.236739016687218, 53.346392334173707 ], [ -6.236458548181114, 53.34629288359762 ], [ -6.236380225677597, 53.34615276370095 ], [ -6.236472695320907, 53.344963792984295 ], [ -6.236320732220731, 53.34488474732543 ], [ -6.235577341166386, 53.344814066774227 ], [ -6.235473519929206, 53.344730292370535 ], [ -6.235960295083538, 53.341227938597847 ], [ -6.236191941443049, 53.338559130443613 ], [ -6.236098153349052, 53.338398594486812 ], [ -6.23585712580039, 53.338245167889426 ], [ -6.234730686775142, 53.337755212664547 ], [ -6.23389485100733, 53.337511027142341 ], [ -6.23372727387057, 53.337341537015092 ], [ -6.233753158073045, 53.33715715695093 ], [ -6.23962699436274, 53.333421159595218 ], [ -6.243170580455748, 53.33246251962035 ], [ -6.248129966492432, 53.331303244355723 ], [ -6.248534116095122, 53.331302930277012 ], [ -6.249984805971275, 53.33163640423885 ], [ -6.252687841149829, 53.332049018857489 ], [ -6.254809670757832, 53.332159160196703 ], [ -6.257482058616074, 53.332179827444158 ], [ -6.259246038883985, 53.332090437207434 ], [ -6.26508508023927, 53.332014799576186 ], [ -6.267396059450585, 53.331894861738661 ], [ -6.270229116413846, 53.332005808766212 ], [ -6.272485933574069, 53.331664361397927 ], [ -6.275235772712075, 53.331063859345392 ], [ -6.275790218701425, 53.331016502773572 ], [ -6.278668780437521, 53.331562805191169 ], [ -6.282144727235734, 53.332405006388036 ], [ -6.283844312870351, 53.332480971318148 ], [ -6.284516797871372, 53.332622801933319 ], [ -6.286299278942579, 53.333460224903384 ], [ -6.288476862714441, 53.334866293506458 ], [ -6.289042364727479, 53.33515734757917 ], [ -6.294611481593549, 53.336588099595446 ], [ -6.294730874184336, 53.336688291457712 ], [ -6.294930178558451, 53.337435822571756 ], [ -6.295647739802824, 53.339050359923625 ], [ -6.295605380160897, 53.339290323797435 ], [ -6.29546556225572, 53.339470689962198 ], [ -6.294793402476319, 53.33984604876516 ], [ -6.292734504948713, 53.340079691592621 ], [ -6.289725830584969, 53.340708359687035 ], [ -6.28957575686746, 53.340860444792533 ], [ -6.289579682190255, 53.341014602477529 ], [ -6.290431697071939, 53.342235557284795 ], [ -6.290487519792932, 53.342432101996799 ], [ -6.290442171398445, 53.342595960237723 ], [ -6.290062945820172, 53.342902040228552 ], [ -6.288555062079695, 53.343180267878516 ], [ -6.288373321938642, 53.343281497919165 ], [ -6.288307509701767, 53.343424807896042 ], [ -6.289106333097927, 53.34601383458223 ], [ -6.288971033355627, 53.346439405939044 ], [ -6.289248925585384, 53.347506126571929 ], [ -6.289715753059248, 53.34778356685316 ], [ -6.291034853212374, 53.347948502555866 ], [ -6.29143839562142, 53.348160246561918 ], [ -6.292165287628491, 53.348854708951151 ], [ -6.29351942993747, 53.350380046817662 ], [ -6.295113784285872, 53.351862721162135 ], [ -6.295166803339774, 53.351976162688572 ], [ -6.295106576151273, 53.352059599405713 ], [ -6.290376467380255, 53.354875516132871 ], [ -6.288586506967632, 53.356060602509991 ], [ -6.288079939377787, 53.356302292966816 ], [ -6.281613974453153, 53.357425720576146 ], [ -6.272302365431539, 53.359708312398759 ], [ -6.269081994277388, 53.359604126845483 ], [ -6.25940326464463, 53.358633874457723 ], [ -6.247824758481514, 53.356192876294955 ], [ -6.246562171720337, 53.355782348987084 ], [ -6.242046149041814, 53.35269786342753 ], [ -6.241949335555887, 53.35253824779879 ], [ -6.244366462604177, 53.350258361434847 ], [ -6.245438834953947, 53.34844308114149 ], [ -6.24621558501951, 53.34751729534787 ], [ -6.247064043238392, 53.347208621327574 ], [ -6.2471297687873, 53.347711534990374 ], [ -6.247335887894952, 53.347861037209277 ], [ -6.249649994106345, 53.347963259723464 ], [ -6.249824234319887, 53.347880837954591 ], [ -6.250609944599517, 53.347032316088942 ], [ -6.250717290770503, 53.346528978429333 ], [ -6.250610216372953, 53.346379094896577 ], [ -6.25035723570269, 53.346299378019609 ], [ -6.247581576764374, 53.346211956865744 ], [ -6.247299950907522, 53.346307543877174 ], [ -6.247213500885691, 53.346550342958146 ] ] } },
{ "type": "Feature", "properties": { "route": "78", "routes": [ "78", "L82", "N6" ], "category": "radial", "colour": "#9467bd", "route_colour": "#ff9896", "pdf_colour": "#009bdf", "stroke-width": 2, "source": "pdf-future", "phase": "future" }, "geometry": { "type": "LineString", "coordinates": [ [ -6.222406851827631, 53.386752491203119 ], [ -6.223401609720282, 53.386774801178575 ], [ -6.223772988430245, 53.386916670321746 ], [ -6.223884140751662, 53.387063660666477 ], [ -6.223883798910149, 53.387454788373432 ], [ -6.22400212877041, 53.38763297940622 ], [ -6.225096340072101, 53.387942019253586 ], [ -6.2255671610482, 53.388257578453207 ], [ -6.225756937864626, 53.388646732355859 ], [ -6.22564468296266, 53.389070912549855 ], [ -6.225191456815381, 53.389376035573271 ], [ -6.224615484253111, 53.389480843051601 ], [ -6.221662188594073, 53.389301692973966 ], [ -6.221386164027797, 53.3894124333858 ], [ -6.221063115099251, 53.389826036323129 ], [ -6.220677028327184, 53.389899853695312 ], [ -6.216189693707156, 53.388869844953675 ], [ -6.213869921236403, 53.388452362398397 ], [ -6.213615540149075, 53.388614693117646 ], [ -6.213541281782492, 53.389947195536031 ], [ -6.21341067508995, 53.390687000842746 ], [ -6.213106524898434, 53.391218144571894 ], [ -6.212664055994003, 53.391343489171327 ], [ -6.20397228309029, 53.388345623799061 ], [ -6.200954207706844, 53.387476519674195 ], [ -6.198479894348632, 53.386585785479632 ], [ -6.19629407918397, 53.38594476670773 ], [ -6.19449383217434, 53.385173897260728 ], [ -6.194022298241474, 53.385074394747406 ], [ -6.19326320967323, 53.385143347960224 ], [ -6.191157622259243, 53.385931950294776 ], [ -6.189849567931223, 53.386181451547166 ], [ -6.177043083156308, 53.386749036527519 ], [ -6.168412578641361, 53.386691819244426 ], [ -6.158280898412033, 53.386129733191737 ], [ -6.156497018812395, 53.385912490069877 ], [ -6.153831668356842, 53.385398836539679 ], [ -6.153603346358869, 53.385445815952629 ], [ -6.152696471011811, 53.38607205640556 ] ] } },
{ "type": "Feature", "properties": { "route": "19", "routes": [ "19", "D4", "E2", "F1", "N6" ], "category": "radial", "colour": "#9467bd", "route_colour": "#ffbb78", "pdf_colour": "#009bdf", "stroke-width": 2, "source": "pdf-future", "phase": "future" }, "geometry": { "type": "LineString", "coordinates": [ [ -6.241112231576121, 53.394889921047032 ], [ -6.242919839321424, 53.395306861377442 ], [ -6.243686963054103, 53.394366816070679 ], [ -6.244168624750365, 53.39427251861391 ], [ -6.252586040179013, 53.396523868764717 ], [ -6.264285343504962, 53.398595931912276 ], [ -6.264425722710151, 53.398545626060219 ], [ -6.264454225494251, 53.398451346734298 ], [ -6.263834962196811, 53.3976967090938 ], [ -6.263610524160672, 53.397029541522699 ], [ -6.26372065907857, 53.395740002729227 ], [ -6.263727073423121, 53.394400704085832 ], [ -6.263834892317507, 53.39429551812664 ], [ -6.264045638561817, 53.394270081528802 ], [ -6.26631443075175, 53.39506434785622 ], [ -6.267519629686567, 53.395375322979866 ], [ -6.272434986723777, 53.39591847875564 ], [ -6.274328495278126, 53.396264665633772 ], [ -6.275376542676098, 53.39654147360261 ], [ -6.277058830940721, 53.397309223037453 ], [ -6.277748618033328, 53.397704599777882 ], [ -6.278037476199227, 53.398016346405768 ], [ -6.278207318933197, 53.39855402516276 ], [ -6.27854376880498, 53.398844022548566 ], [ -6.282104879847652, 53.400399725007844 ], [ -6.283298296392775, 53.401080517891032 ], [ -6.2838608453483, 53.401029374243947 ], [ -6.284278967770523, 53.400803350705267 ], [ -6.28624038040517, 53.398355356122615 ], [ -6.287127330924037, 53.397612548087473 ], [ -6.287750048142887, 53.397328914053304 ], [ -6.28847961199084, 53.397128134094729 ], [ -6.290113515703847, 53.396964278497848 ], [ -6.291929939372089, 53.397161375066695 ], [ -6.293446422976588, 53.397881723924726 ], [ -6.296434228198588, 53.398685004669815 ], [ -6.297249426181445, 53.39902867929608 ], [ -6.298777356377733, 53.399921391072233 ], [ -6.299951471530501, 53.400348584948624 ], [ -6.304337777437544, 53.401264882656726 ], [ -6.306107609050279, 53.401483754908419 ] ] } },
{ "type": "Feature", "properties": { "route": "37", "routes": [ "37", "6", "8", "A3", "L61", "L62", "L80", "N2", "N4", "N6", "W4" ], "category": "radial", "colour": "#9467bd", "route_colour": "#8c564b", "pdf_colour": "#009bdf", "stroke-width": 2, "source": "pdf-future", "phase": "future" }, "geometry": { "type": "LineString", "coordinates": [ [ -6.394456846309128, 53.395154564930252 ], [ -6.393584529629314, 53.395646672245896 ], [ -6.393179983414914, 53.395661981080345 ], [ -6.390968803986824, 53.394467098016285 ], [ -6.389795174966696, 53.393945884122452 ], [ -6.388518175146981, 53.393512967894473 ], [ -6.38699460635752, 53.393249591464659 ], [ -6.386108163690479, 53.39295204920203 ], [ -6.385721937726579, 53.392690745729389 ], [ -6.385278339234196, 53.392215850606711 ], [ -6.383501789585551, 53.389717003603408 ], [ -6.382842402969656, 53.389004319738859 ], [ -6.381633646994343, 53.388147059572894 ], [ -6.379621451818038, 53.387144505049463 ], [ -6.377587022211345, 53.38637744496355 ], [ -6.375339732042186, 53.385904859631985 ], [ -6.373693802306548, 53.385313133085901 ], [ -6.372267649097363, 53.385035327355354 ], [ -6.371468315205343, 53.385075206285464 ], [ -6.371106500692435, 53.385214688392743 ], [ -6.370195208790652, 53.385818804333383 ], [ -6.369701654786599, 53.386513997432516 ], [ -6.369701867257167, 53.386695066355458 ], [ -6.370685849398439, 53.38742733962799 ], [ -6.373766959414751, 53.389052374725267 ], [ -6.373851808636172, 53.389172660258986 ], [ -6.372498932462947, 53.390171238277937 ], [ -6.371809473424915, 53.390860249333628 ], [ -6.371769414130926, 53.391013243624272 ], [ -6.371833344917386, 53.391167988105728 ], [ -6.372425621809502, 53.391694832563857 ], [ -6.372433203892309, 53.392240223718915 ], [ -6.372272006915993, 53.39235900307245 ], [ -6.371563763214001, 53.392472316172281 ], [ -6.371099276504717, 53.392787144850921 ], [ -6.370629323541715, 53.393649020255246 ], [ -6.370529344150015, 53.393949481768978 ], [ -6.370550152666878, 53.394146100704035 ], [ -6.370756102931262, 53.394377627135782 ], [ -6.371163538178712, 53.39459347550649 ], [ -6.37329267431881, 53.395145964689135 ], [ -6.373991811249269, 53.395263491505069 ], [ -6.37499275722897, 53.395240949417278 ], [ -6.37556657279011, 53.395331153085685 ], [ -6.377071308755645, 53.395966161490364 ], [ -6.37716719681424, 53.396160764882467 ], [ -6.375128229780739, 53.397645372048125 ], [ -6.372582894596419, 53.3990615665261 ], [ -6.37027879565405, 53.400055992020434 ], [ -6.365200782487204, 53.401880363220975 ], [ -6.363773571269086, 53.402625887290924 ], [ -6.362263913729954, 53.403576303049689 ], [ -6.361888537362785, 53.403623394269388 ], [ -6.359697188142666, 53.402662117204493 ], [ -6.356976903187464, 53.400821547248633 ], [ -6.354955220303492, 53.39896744414559 ], [ -6.354335535842194, 53.398606933163201 ], [ -6.353549137535643, 53.39830903602752 ], [ -6.351971788008929, 53.397923194777029 ], [ -6.349651349419362, 53.397568716636577 ], [ -6.347374285419983, 53.396860261597261 ], [ -6.34602054123366, 53.396681405012259 ], [ -6.342273212870321, 53.396833375855913 ], [ -6.339490739198466, 53.397343983597167 ], [ -6.336599692314498, 53.39730752931488 ], [ -6.334593855579453, 53.397539574552589 ], [ -6.334369843428765, 53.397423610953368 ], [ -6.334113148017637, 53.396992673062357 ], [ -6.333775063916731, 53.396726640844925 ], [ -6.330694625118523, 53.395000588177567 ], [ -6.329202874409362, 53.39444194981359 ], [ -6.32584455282459, 53.393539837773268 ], [ -6.325388192689304, 53.393282681348289 ], [ -6.324320995555733, 53.392406157373649 ], [ -6.322890635429427, 53.391720097675744 ], [ -6.320815833394347, 53.390890948403772 ], [ -6.320549856324807, 53.390621821670656 ], [ -6.320680395782227, 53.39018712125651 ], [ -6.320520159928289, 53.390004820759771 ], [ -6.319164944312503, 53.389616852159598 ], [ -6.313423131941084, 53.388323582005519 ], [ -6.313207382345576, 53.388386899554718 ], [ -6.313173374779756, 53.388727119315263 ], [ -6.313031393829838, 53.38895144365604 ], [ -6.312448783687247, 53.389118097254098 ], [ -6.309570508644766, 53.388787877963566 ], [ -6.307737234266847, 53.38869837346499 ], [ -6.302772272813744, 53.388669085767567 ], [ -6.299484021942514, 53.388824196076214 ], [ -6.294638503128806, 53.388325902562308 ], [ -6.28636230073434, 53.388829249287546 ], [ -6.280873421817536, 53.388752092067179 ], [ -6.267781631573327, 53.387625541046724 ], [ -6.265216235957334, 53.387190557905164 ], [ -6.259991984119301, 53.386072033550114 ], [ -6.25768461331911, 53.385374781091976 ], [ -6.241608647794288, 53.379525675053877 ], [ -6.23526058061193, 53.377969283056899 ], [ -6.231079062896929, 53.376534218738087 ], [ -6.229758702840588, 53.376152173817133 ], [ -6.223922310096061, 53.374917423343717 ], [ -6.217861808691989, 53.373305615436045 ], [ -6.21671896335105, 53.372944271380192 ], [ -6.215035384587456, 53.37218749165875 ], [ -6.214103851890128, 53.371892758162502 ], [ -6.209499209346023, 53.370910664459743 ], [ -6.207791598178936, 53.370457355401754 ], [ -6.206517417324194, 53.369993502893522 ], [ -6.20500632348402, 53.369296304638929 ], [ -6.202961692268574, 53.36770468653372 ], [ -6.203150498141734, 53.367487602811963 ], [ -6.206240176104147, 53.365838719829874 ], [ -6.207946813495011, 53.365118592885437 ], [ -6.209315057427846, 53.364673614750863 ], [ -6.211030645778512, 53.364295844170933 ], [ -6.212181761040259, 53.36419324468666 ], [ -6.213806726825003, 53.364178204792701 ], [ -6.215309908261456, 53.363850835629364 ], [ -6.217366114873021, 53.363870210111529 ], [ -6.218025000436096, 53.363807609674062 ], [ -6.219171883284264, 53.363486821998819 ], [ -6.221621529471316, 53.362549264769505 ], [ -6.223593565445194, 53.361704111459304 ], [ -6.223646192042355, 53.361605468460205 ], [ -6.218503531166083, 53.360579133665091 ], [ -6.218198827040185, 53.36033699239298 ], [ -6.218401219319748, 53.359833167656404 ], [ -6.218722100104259, 53.359501536050367 ], [ -6.219098713144517, 53.359256408292019 ], [ -6.219644658611659, 53.359038767425226 ], [ -6.220184749523321, 53.358929009477244 ], [ -6.221106151624294, 53.358850344565596 ], [ -6.224550359097932, 53.358812398834218 ] ] } },
{ "type": "Feature", "properties": { "route": "60", "routes": [ "60", "80", "D1", "G2", "L54", "S4", "W2" ], "category": "radial", "colour": "#9467bd", "route_colour": "#7f7f7f", "pdf_colour": "#009bdf", "stroke-width": 2, "source": "pdf-future", "phase": "future" }, "geometry": { "type": "LineString", "coordinates": [ [ -6.391900567662193, 53.35734875731449 ], [ -6.394841668833025, 53.355871005676711 ], [ -6.395301632280141, 53.35534898496131 ], [ -6.395292458651188, 53.354901585984415 ], [ -6.395012030939422, 53.354498030166127 ], [ -6.394608551610521, 53.354208260548759 ], [ -6.389315575650135, 53.351603399423325 ], [ -6.389093984908382, 53.351282428173562 ], [ -6.388988079382184, 53.350067203083505 ], [ -6.389292755178664, 53.349932211754016 ], [ -6.391898035201764, 53.350145171847061 ], [ -6.396608901316833, 53.350363807264806 ], [ -6.397002017181642, 53.350251162172441 ], [ -6.397284350329345, 53.348805121718755 ], [ -6.39744048200741, 53.34585221757213 ], [ -6.397874227153862, 53.344279136154057 ], [ -6.398341343021057, 53.342995038117834 ], [ -6.398495824416726, 53.342146826175927 ], [ -6.398430091690963, 53.339148039719923 ], [ -6.398787756323285, 53.338371225063256 ], [ -6.399526087367594, 53.337725521362636 ], [ -6.399603424574286, 53.337562509226707 ], [ -6.399056510430213, 53.336568700935835 ], [ -6.397094232237575, 53.334094951899509 ], [ -6.395051816948431, 53.332457376317535 ], [ -6.394426931018926, 53.331650571771753 ], [ -6.393214050281795, 53.330949257065292 ], [ -6.392698090548818, 53.330411426651544 ], [ -6.392447746968715, 53.329891625639718 ], [ -6.392349317762197, 53.329225790306232 ], [ -6.392602170194603, 53.326927672457352 ], [ -6.392480570931777, 53.326608345635279 ], [ -6.392230588268343, 53.326339641954654 ], [ -6.39228243278498, 53.326384028282448 ] ] } },
{ "type": "Feature", "properties": { "route": "22", "routes": [ "22", "23", "73", "N2" ], "category": "radial", "colour": "#9467bd", "route_colour": "#2ca02c", "pdf_colour": "#009bdf", "stroke-width": 2, "source": "pdf-future", "phase": "future" }, "geometry": { "type": "LineString", "coordinates": [ [ -6.221427811467597, 53.360947582736436 ], [ -6.223980832609209, 53.359694648559994 ], [ -6.224021410520232, 53.359597687572297 ], [ -6.223851002331278, 53.35915702778388 ], [ -6.223714425499247, 53.359101397136278 ], [ -6.221244490734378, 53.359104091074194 ], [ -6.22001358342829, 53.359235590898585 ], [ -6.21912170699193, 53.359635148681967 ], [ -6.218814588445023, 53.359938134157112 ], [ -6.218672729500426, 53.360233486556524 ], [ -6.218721459104209, 53.360357818474057 ], [ -6.218877658772938, 53.360427973042604 ], [ -6.222204572298366, 53.361118180543521 ], [ -6.225265921608165, 53.361599293215775 ], [ -6.225587048291953, 53.361787849978995 ], [ -6.225271632439138, 53.362366712518643 ], [ -6.224985424961563, 53.363278463734588 ], [ -6.22458538860009, 53.363993136323607 ], [ -6.223879089995288, 53.364902779265009 ], [ -6.22280960006833, 53.365625753881552 ], [ -6.222795505243476, 53.365780435282858 ], [ -6.222953117416496, 53.365910648196625 ], [ -6.223680012634222, 53.366188965178608 ], [ -6.224978680485027, 53.36629433981161 ], [ -6.225662738238131, 53.366452482122263 ], [ -6.237672086916642, 53.370720510861403 ], [ -6.247721442074881, 53.373525204232088 ], [ -6.256626124645339, 53.375470331045278 ], [ -6.264998700475647, 53.377034255265215 ], [ -6.268450108718254, 53.377442655978804 ], [ -6.27540249902361, 53.377973668259258 ], [ -6.27567415991672, 53.377838804034376 ], [ -6.275867282058472, 53.37662648648589 ], [ -6.276132209806726, 53.376481440671739 ], [ -6.280202089445366, 53.376880190877976 ], [ -6.282712749623035, 53.376661498234618 ], [ -6.284701446688453, 53.376926173473365 ], [ -6.285232403443485, 53.376859188965561 ], [ -6.287191768239706, 53.376341815217351 ], [ -6.287270755917715, 53.376229864573226 ], [ -6.28712670975393, 53.375964963265744 ], [ -6.286016562404685, 53.374632144124618 ], [ -6.286070537481672, 53.374482518956057 ], [ -6.286291391092211, 53.374415335009225 ], [ -6.287159806623675, 53.374373281891465 ], [ -6.288045412439993, 53.374437720529748 ], [ -6.2898523276257, 53.374918664925374 ], [ -6.290808665552779, 53.375031990867804 ], [ -6.296102383932442, 53.374847896552765 ], [ -6.298993425717119, 53.374922363990336 ], [ -6.299095907728739, 53.374792028126926 ], [ -6.298824280830808, 53.371143570531125 ], [ -6.299008700744995, 53.37067628336542 ], [ -6.299651666502715, 53.369664930294299 ], [ -6.299832378663966, 53.369186541211263 ], [ -6.299911712338463, 53.368456383578909 ], [ -6.299858499700226, 53.366648344471173 ], [ -6.300105899477082, 53.366560855326618 ], [ -6.301943182655113, 53.366574439277777 ], [ -6.304385409181319, 53.36584175749509 ], [ -6.306077273541295, 53.365037210425328 ], [ -6.309906683909402, 53.362689642272393 ], [ -6.309781811089038, 53.362456258942395 ], [ -6.309008270934247, 53.362201716944021 ], [ -6.308586290424349, 53.36196847790513 ], [ -6.307259114123528, 53.360822985842077 ], [ -6.30412636601753, 53.359183580369226 ], [ -6.295497631901663, 53.35671456668809 ], [ -6.293387033581924, 53.356028520966071 ], [ -6.291342001222092, 53.355662320683095 ] ] } },
{ "type": "Feature", "properties": { "route": "98", "routes": [ "98", "B3", "S8" ], "category": "radial", "colour": "#9467bd", "route_colour": "#c7c7c7", "pdf_colour": "#009bdf", "stroke-width": 2, "source": "pdf-future", "phase": "future" }, "geometry": { "type": "LineString", "coordinates": [ [ -6.192732339225299, 53.27435557786999 ], [ -6.19030777041913, 53.273475162567898 ], [ -6.18829153169199, 53.273003686804813 ], [ -6.187498537543771, 53.272652596672657 ], [ -6.186371006136562, 53.272657785675946 ], [ -6.182816580645405, 53.273232004647959 ], [ -6.179762996237546, 53.273894497111371 ], [ -6.177170933960856, 53.274770267146117 ], [ -6.175037304398949, 53.27574919456557 ], [ -6.173783101820576, 53.276572320250025 ], [ -6.167722392667685, 53.281019625227643 ], [ -6.165672990779999, 53.282634001857417 ], [ -6.165267310444976, 53.283259494036251 ], [ -6.165099114593971, 53.284172365963578 ], [ -6.16496959008481, 53.284493053352669 ], [ -6.162599395233827, 53.288137657771323 ], [ -6.161858075436959, 53.288707255839057 ], [ -6.159576392799793, 53.289875334750455 ], [ -6.15904760097814, 53.290276493334254 ], [ -6.158664118434144, 53.290743517036482 ], [ -6.158341861407011, 53.291921408121631 ], [ -6.157246245155576, 53.293064838937035 ], [ -6.157312518972954, 53.293206640845085 ], [ -6.157854907966218, 53.293615124847207 ], [ -6.158262636895216, 53.294387175441713 ], [ -6.158260855164311, 53.294530178327811 ], [ -6.158158986389942, 53.294599509077194 ], [ -6.157936799597455, 53.29460363572764 ], [ -6.154414625815374, 53.293807228263574 ], [ -6.142360849259338, 53.291861836853805 ], [ -6.140983469281233, 53.291971456176569 ], [ -6.138265245007227, 53.291830534935428 ], [ -6.137285244847587, 53.292006684551133 ], [ -6.134336836200344, 53.292853022219475 ], [ -6.133589404805816, 53.292897275021339 ], [ -6.13142366480408, 53.292820984491904 ], [ -6.130498660713295, 53.292884548884707 ] ] } },
{ "type": "Feature", "properties": { "route": "D2", "routes": [ "D2", "S8" ], "category": "spine", "colour": "#d62728", "route_colour": "#f58231", "pdf_colour": "#009bdf", "stroke-width": 2, "source": "pdf-future", "phase": "future" }, "geometry": { "type": "LineString", "coordinates": [ [ -6.414263695728421, 53.299093688830339 ], [ -6.415668645131047, 53.298395592722294 ], [ -6.41722958362047, 53.297964714511849 ], [ -6.418068512015329, 53.297902874813424 ], [ -6.421356727191514, 53.298013856591709 ], [ -6.422363421963569, 53.297887430186591 ], [ -6.423026971302666, 53.297572864971421 ], [ -6.422458860906586, 53.29711568384991 ], [ -6.422361594150111, 53.296216797773653 ], [ -6.422226512355365, 53.295802081112882 ], [ -6.421885655183119, 53.295224866778206 ], [ -6.421425062634252, 53.29474952216227 ], [ -6.420708929758669, 53.294253413601041 ], [ -6.420085976839127, 53.293940832955386 ], [ -6.417934387754459, 53.293291716316617 ], [ -6.417382187342847, 53.292875970354018 ], [ -6.416998166162345, 53.292455669589181 ], [ -6.41665534122941, 53.291839389567315 ], [ -6.416406392967082, 53.291115554114548 ], [ -6.415483255595308, 53.286872662247823 ], [ -6.415222491892275, 53.285196181323023 ], [ -6.414987734963658, 53.284578758303951 ], [ -6.414496670925679, 53.283969561200713 ], [ -6.413522081305236, 53.283033465013489 ], [ -6.411774628791718, 53.281892862228567 ], [ -6.411106119162095, 53.281335991619621 ], [ -6.410545000275073, 53.280727942612856 ], [ -6.410148450319403, 53.280554396847535 ], [ -6.406271105648349, 53.279986678341743 ], [ -6.399354172996789, 53.279287544811012 ], [ -6.39756640660236, 53.279217250295218 ], [ -6.39612399136861, 53.279365163423236 ], [ -6.395069864479667, 53.279696407294153 ], [ -6.393508335038798, 53.280414370249524 ], [ -6.393080787611355, 53.280694163382549 ], [ -6.392509609706995, 53.281336285490539 ], [ -6.391771499443202, 53.281708899551575 ], [ -6.389559425372458, 53.282476679015708 ], [ -6.383214353741815, 53.2844756092301 ], [ -6.379670297380665, 53.286586639667838 ], [ -6.378518020613196, 53.287111356020866 ], [ -6.377315046481253, 53.287472674769177 ], [ -6.376035532521018, 53.287739936860703 ], [ -6.373287394847256, 53.288011368852274 ], [ -6.373089528096199, 53.288117174092335 ], [ -6.373050564017129, 53.288342222532783 ], [ -6.372936932305922, 53.28844025229462 ], [ -6.371094453325598, 53.289114771536063 ], [ -6.370137778656297, 53.289354560145298 ], [ -6.368995453821027, 53.289427381644366 ] ] } },
{ "type": "Feature", "properties": { "route": "C4", "routes": [ "C4", "L59", "W6", "X27", "X28" ], "category": "spine", "colour": "#d62728", "route_colour": "#4363d8", "pdf_colour": "#00a7e9", "stroke-width": 2, "source": "pdf-future", "phase": "future" }, "geometry": { "type": "LineString", "coordinates": [ [ -6.604068277232104, 53.400670783419685 ], [ -6.607829993535219, 53.399747923487269 ], [ -6.607961258980948, 53.399588338454265 ], [ -6.601366251902214, 53.389592466574754 ], [ -6.6008798372867, 53.389034410285639 ], [ -6.59978615612264, 53.387911099771422 ], [ -6.599473164889419, 53.387868809253241 ], [ -6.598651135930828, 53.388048136861926 ], [ -6.598328126852303, 53.387968568431063 ], [ -6.59625443249706, 53.386530235465081 ], [ -6.595192888591311, 53.385477799464084 ], [ -6.594683020436523, 53.384634023152081 ], [ -6.594431775981232, 53.383770078001213 ], [ -6.59445138389775, 53.382915297602736 ], [ -6.59477104047409, 53.382100464691533 ], [ -6.594722686140528, 53.38192412451339 ], [ -6.588334591393028, 53.37734261651962 ], [ -6.586983980628088, 53.3765536294718 ], [ -6.585666418195228, 53.376103634765705 ], [ -6.576888498205495, 53.373639678261647 ], [ -6.575740549793844, 53.373471266729425 ], [ -6.571575915839535, 53.373251073571929 ], [ -6.571512630774718, 53.373185377296771 ], [ -6.571425809448709, 53.371097351660602 ], [ -6.571203235298775, 53.370851380630214 ], [ -6.565444731806682, 53.369848770770098 ], [ -6.563382863090732, 53.369287056965589 ], [ -6.562005558657696, 53.368637412833216 ], [ -6.556844063824258, 53.365637890190456 ], [ -6.55464581677098, 53.364521376467863 ], [ -6.552546049917143, 53.363690566525975 ], [ -6.552158163283336, 53.363454227872097 ], [ -6.551318876238152, 53.362659758706066 ], [ -6.550818290686094, 53.361843237362152 ], [ -6.550688237739012, 53.361200573973619 ], [ -6.550720334958374, 53.359608866158581 ], [ -6.550622970371023, 53.359243163906541 ], [ -6.550357283205755, 53.358773974893246 ], [ -6.549376018421305, 53.357787684660714 ], [ -6.54711773058701, 53.355953332443306 ], [ -6.545951139913891, 53.355128198392755 ], [ -6.544884384341344, 53.353705495138925 ], [ -6.544715261552071, 53.353291878792355 ], [ -6.544673813361613, 53.352816616709397 ], [ -6.544770586430898, 53.352296993795079 ], [ -6.545169558173206, 53.351282188124607 ], [ -6.545153688983074, 53.350936647723493 ], [ -6.545044757687254, 53.350705686746736 ], [ -6.544497587067625, 53.350251060182373 ], [ -6.541306303983104, 53.348631113802249 ], [ -6.539663984547226, 53.347600329212476 ], [ -6.539685891489662, 53.347452856890058 ], [ -6.541742186488912, 53.345048386288042 ], [ -6.541728005353786, 53.344865947543774 ], [ -6.540421781860955, 53.344214182105304 ], [ -6.534606660913504, 53.341683541007392 ], [ -6.533283649791141, 53.341061342027878 ], [ -6.53272581144959, 53.340707468625801 ], [ -6.532290125738623, 53.340273797135765 ], [ -6.532032330013283, 53.339808818250233 ], [ -6.531753522932475, 53.337717715284889 ], [ -6.531460018554771, 53.336938682435601 ], [ -6.528928705294117, 53.332076052470597 ], [ -6.528491183082048, 53.33140925091547 ], [ -6.528063499673424, 53.330937777796414 ], [ -6.527034718350452, 53.330197317136076 ], [ -6.524492795348884, 53.330690279055588 ], [ -6.524019891594708, 53.330604745206827 ], [ -6.523751037579343, 53.330406567210005 ], [ -6.52375292507337, 53.330259565722365 ], [ -6.524791775612266, 53.329673828957411 ], [ -6.525008853290431, 53.329711581859833 ], [ -6.525996770008764, 53.330332920380798 ], [ -6.527034718350452, 53.330197317136076 ], [ -6.526025014806367, 53.329416346744161 ], [ -6.523414391290266, 53.3278547738649 ], [ -6.522473569002276, 53.327192666303851 ], [ -6.520461193839798, 53.326159096177797 ], [ -6.5189105119181, 53.324651567876998 ], [ -6.517922293208274, 53.32392818569479 ], [ -6.511226648551425, 53.320119816144818 ], [ -6.510730582106567, 53.319737566118931 ], [ -6.510641506515177, 53.319550145364957 ], [ -6.510649539413273, 53.319284264804288 ], [ -6.510920535509589, 53.31841812733493 ], [ -6.511724801929184, 53.314750110360293 ], [ -6.512191997118723, 53.313463013372925 ], [ -6.513094842701879, 53.311892336177273 ], [ -6.513148398881343, 53.311531626133551 ], [ -6.513020553550617, 53.311297163830794 ], [ -6.512542793002702, 53.310941407089665 ], [ -6.51166426217276, 53.310496022333709 ], [ -6.510162748771838, 53.310155201989751 ], [ -6.509483053747582, 53.309832117366163 ], [ -6.508933513656256, 53.309391433025603 ], [ -6.506241215134456, 53.306795338907591 ], [ -6.505817721456437, 53.306468026969718 ], [ -6.505335471075065, 53.306244197638172 ], [ -6.504972682408237, 53.306193587528277 ], [ -6.503955023966379, 53.306469776405145 ], [ -6.501943019541454, 53.306594621085011 ], [ -6.500706161171028, 53.306572909993264 ], [ -6.497826976943413, 53.306352705126258 ] ] } },
{ "type": "Feature", "properties": { "route": "57", "routes": [ "57", "58", "D2", "W4", "W6", "X58" ], "category": "radial", "colour": "#9467bd", "route_colour": "#c5b0d5", "pdf_colour": "#00a7e9", "stroke-width": 2, "source": "pdf-future", "phase": "future" }, "geometry": { "type": "LineString", "coordinates": [ [ -6.497803984984641, 53.306352096988277 ], [ -6.494602728248737, 53.306130375742484 ], [ -6.493599083420749, 53.305876749917189 ], [ -6.492632023001548, 53.305488044185807 ], [ -6.491966724793638, 53.305112321822151 ], [ -6.491443043408323, 53.304677323193815 ], [ -6.49081990672533, 53.303577462441567 ], [ -6.490538442723817, 53.303250906143418 ], [ -6.488774101916938, 53.30210585526369 ], [ -6.487746402399648, 53.301929620470979 ], [ -6.485181650616663, 53.301205553283722 ], [ -6.483971972046974, 53.300950479259107 ], [ -6.480240709479832, 53.300570688981388 ], [ -6.476583456735962, 53.299926763234531 ], [ -6.474284064630289, 53.299759907175712 ], [ -6.472851776215618, 53.299524954207648 ], [ -6.470621404935577, 53.298828738039234 ], [ -6.469264729977548, 53.298533763365306 ], [ -6.468244258992025, 53.298008597707913 ], [ -6.464945058237927, 53.296837954985236 ], [ -6.461661949720808, 53.295134551490797 ], [ -6.460272668936044, 53.294143471321966 ], [ -6.459801820574845, 53.29363984564673 ], [ -6.459368191201175, 53.292977148456231 ], [ -6.458892376505841, 53.291451033986164 ], [ -6.458634300130496, 53.290921024944275 ], [ -6.457974627765305, 53.290181324078659 ], [ -6.457285178359235, 53.289621898912557 ], [ -6.45698994286585, 53.289589081181887 ], [ -6.455693524370059, 53.28977686851843 ], [ -6.453390191643713, 53.289569894240437 ], [ -6.452179107557665, 53.289594880967307 ], [ -6.451489217534887, 53.2897707012064 ], [ -6.450685750571103, 53.290420684158555 ], [ -6.45030742303506, 53.290503709910418 ], [ -6.44988893969617, 53.290478636117903 ], [ -6.44918540150886, 53.290224945323821 ], [ -6.448429943637541, 53.289702787871839 ], [ -6.447383580517295, 53.288832817055905 ], [ -6.446448511176636, 53.287839745896235 ], [ -6.444399450563843, 53.287890584907807 ], [ -6.443178369029661, 53.287726241100849 ], [ -6.440474137028037, 53.287018491652688 ], [ -6.439950377264698, 53.286775558101468 ], [ -6.439545834260949, 53.286374721528624 ], [ -6.43930016843273, 53.286283193932547 ], [ -6.43847858386812, 53.28648354064002 ], [ -6.437708611896732, 53.286888323499426 ], [ -6.437136233014328, 53.287462390059147 ], [ -6.436345060635957, 53.288630879369201 ], [ -6.435965017282112, 53.289346080773832 ], [ -6.435719635881174, 53.290075847838104 ], [ -6.435557488547685, 53.291592090642609 ], [ -6.435205225766913, 53.292694161844153 ], [ -6.435191092036362, 53.293531080739669 ], [ -6.43511509915452, 53.293870189987423 ], [ -6.434728417276035, 53.294458171385827 ], [ -6.433508257580833, 53.295658329008035 ], [ -6.433096196141045, 53.295806485580087 ], [ -6.426752920972563, 53.296375963531283 ], [ -6.422872987937938, 53.296473409140852 ], [ -6.422040946233334, 53.296577445681557 ], [ -6.421711992134085, 53.296495719305234 ], [ -6.421285247562031, 53.295497086705019 ], [ -6.420584452228002, 53.294799313174558 ], [ -6.419540206258865, 53.294227502580085 ], [ -6.417547868675634, 53.293646620531455 ], [ -6.417093825130479, 53.29337752118343 ], [ -6.416530009283806, 53.292871436515583 ], [ -6.416152287052768, 53.292364271930666 ], [ -6.415823361660633, 53.291676334370713 ], [ -6.415334374734821, 53.28970271516063 ], [ -6.415009037923261, 53.289522049837323 ], [ -6.414323310245987, 53.289653964781984 ], [ -6.412285904540576, 53.290285314915863 ], [ -6.411648191621685, 53.290379486212338 ], [ -6.403562016475592, 53.290581752142984 ], [ -6.401624481565801, 53.290349440986674 ], [ -6.401449003734848, 53.290440833168212 ], [ -6.400223207054024, 53.291891929476968 ], [ -6.39947790999712, 53.292498435286475 ], [ -6.397890369249162, 53.293367763402635 ], [ -6.396282453235421, 53.293948451867088 ], [ -6.396048487263895, 53.29390625086986 ], [ -6.394944124968676, 53.293375865235724 ], [ -6.392249399560949, 53.292006135708796 ], [ -6.390330795305957, 53.290869008753383 ], [ -6.385942665740428, 53.288054999351097 ], [ -6.382426690621676, 53.28615436972796 ], [ -6.381957795667609, 53.285992915331775 ], [ -6.381447106526601, 53.285974405840847 ], [ -6.38107964294085, 53.286062720693181 ], [ -6.379485491053351, 53.286992895278722 ], [ -6.377942107920419, 53.287554283295158 ], [ -6.37587071315772, 53.287995668316491 ], [ -6.373566271807217, 53.288208811606516 ], [ -6.373198529460098, 53.288610228554511 ], [ -6.371292305723097, 53.289312071887828 ], [ -6.370274308650378, 53.289563243064357 ], [ -6.369248890028175, 53.289641157435575 ] ] } },
{ "type": "Feature", "properties": { "route": "52", "routes": [ "52", "58", "C1", "D1", "L54", "N4", "S8", "W4", "W6", "X61" ], "category": "radial", "colour": "#9467bd", "route_colour": "#c5b0d5", "pdf_colour": "#009bdf", "stroke-width": 2, "source": "pdf-future", "phase": "future" }, "geometry": { "type": "LineString", "coordinates": [ [ -6.394140400587877, 53.394978136175503 ], [ -6.393306890286768, 53.395440259078995 ], [ -6.391235445286539, 53.394295088082593 ], [ -6.390021253653265, 53.393756795710651 ], [ -6.388660970661814, 53.393295667547157 ], [ -6.38714834514499, 53.39303458126669 ], [ -6.386452772620656, 53.392820114804522 ], [ -6.386067123254643, 53.392574832178781 ], [ -6.385642253711697, 53.392110435934732 ], [ -6.385349292125471, 53.391991648271258 ], [ -6.384435527255202, 53.392008493503944 ], [ -6.382344839032401, 53.39272546474119 ], [ -6.382034630124784, 53.392729263903703 ], [ -6.380973536090005, 53.390676490060976 ], [ -6.380601569639253, 53.390405560255459 ], [ -6.37242447975648, 53.386480979507276 ], [ -6.364685150997128, 53.383403269586786 ], [ -6.364521091428544, 53.383289892084804 ], [ -6.3644933067005, 53.383130101569158 ], [ -6.372701493774254, 53.375856589490233 ], [ -6.375381066348043, 53.373109479040728 ], [ -6.376297313818758, 53.372431468294216 ], [ -6.379396050770431, 53.370515731541843 ], [ -6.38030625765588, 53.369763535140834 ], [ -6.380860647930709, 53.369150979491792 ], [ -6.381591376495042, 53.368111937257204 ], [ -6.382048121532518, 53.367068649199787 ], [ -6.382905118423762, 53.362919858372535 ], [ -6.383757501209891, 53.359437178429459 ], [ -6.384002313945192, 53.359220575741034 ], [ -6.386309494938326, 53.358979495121879 ], [ -6.389951572373678, 53.358419598743168 ], [ -6.391460308262754, 53.358260435251701 ], [ -6.393778739619306, 53.358085675287896 ], [ -6.39573366935227, 53.35807636190048 ], [ -6.397190361285683, 53.358182915225733 ], [ -6.398402520189483, 53.358382035269784 ], [ -6.408864819531862, 53.360929557295286 ], [ -6.411410661434918, 53.361423043875298 ], [ -6.413456021282705, 53.361701222043123 ], [ -6.41895569087107, 53.361937720285859 ], [ -6.420959920762093, 53.36191770669214 ], [ -6.423596139331791, 53.361528274216901 ], [ -6.425568726407094, 53.360889207529951 ], [ -6.425720132362233, 53.360611113594828 ], [ -6.425565126683618, 53.360268895477844 ], [ -6.423302687646723, 53.35859148837033 ], [ -6.422556579613255, 53.357791480993875 ], [ -6.422205121954209, 53.357009914928916 ], [ -6.422180687273088, 53.356193983592128 ], [ -6.422504215346343, 53.355346241540666 ], [ -6.42506983873063, 53.350553402961054 ], [ -6.425102482518745, 53.350378204835799 ], [ -6.424981116123656, 53.3500878943156 ], [ -6.425000949542279, 53.349905354907506 ], [ -6.427928330780635, 53.344218769017424 ], [ -6.428698740535773, 53.342511542374822 ], [ -6.429071112285883, 53.34132997507681 ], [ -6.429558199252597, 53.338836982440071 ], [ -6.430039989375488, 53.337981422227408 ], [ -6.430238355668427, 53.337289425252123 ], [ -6.43064020095698, 53.334464062556087 ], [ -6.431029320864296, 53.332762756382081 ], [ -6.431071721300563, 53.332218687266064 ], [ -6.431322923450574, 53.33202526162188 ], [ -6.431724946647889, 53.33199187975822 ], [ -6.437817230814908, 53.332591174033418 ], [ -6.437943963744202, 53.332489489400196 ], [ -6.438402573045576, 53.330884054098263 ], [ -6.438458857724766, 53.330382366909966 ], [ -6.438404128330056, 53.329879744095756 ], [ -6.438143295125567, 53.329113579596822 ], [ -6.437780350080391, 53.328463755855978 ], [ -6.43388387078269, 53.325026528182015 ], [ -6.432134981590435, 53.323221655168972 ], [ -6.431841583920173, 53.322627689844168 ], [ -6.431581520331287, 53.322399733862142 ], [ -6.431080239953301, 53.322252428116684 ], [ -6.430427251628685, 53.322281172645084 ], [ -6.429099077188422, 53.32249713017849 ], [ -6.427081463162977, 53.3230609800205 ], [ -6.426585017292921, 53.322957817536498 ], [ -6.423883566483659, 53.319951337946499 ], [ -6.423176650297703, 53.318993311586716 ], [ -6.422592220273899, 53.318018517994574 ], [ -6.422019070264953, 53.31669290000012 ], [ -6.421754850751871, 53.315676558498005 ], [ -6.42164680201148, 53.313180829051589 ], [ -6.421503616306241, 53.3125808333401 ], [ -6.420940387633738, 53.311031399423307 ], [ -6.420503859972756, 53.310402637464229 ], [ -6.419851862421953, 53.309713157084694 ], [ -6.419051932856894, 53.309094790129777 ], [ -6.417890574247733, 53.308487870710962 ], [ -6.414758341548118, 53.307320643948295 ], [ -6.412611431537348, 53.306305523066015 ], [ -6.411545030460162, 53.305966207957944 ], [ -6.411505927189259, 53.305856135553547 ], [ -6.411568656053357, 53.305753758360744 ], [ -6.412014895790871, 53.305561490067312 ], [ -6.412570700458631, 53.305387125015493 ], [ -6.413363618495161, 53.305325068691502 ], [ -6.413781185660986, 53.305120037810838 ], [ -6.413936828184675, 53.304833052785412 ], [ -6.414153250320308, 53.303874440006872 ], [ -6.414400377757104, 53.303267762143435 ], [ -6.414751490175061, 53.302700847626106 ], [ -6.415259256854314, 53.302149080465576 ], [ -6.414793619215588, 53.301826655917196 ], [ -6.414075712919047, 53.301019391679525 ], [ -6.41283903585681, 53.300234418531112 ], [ -6.412549039793019, 53.299776590743654 ], [ -6.411467388806567, 53.299181783091115 ], [ -6.411055340776017, 53.298837767945336 ], [ -6.409315839949617, 53.297056151298868 ], [ -6.408566974142685, 53.29583092233937 ], [ -6.408224474431371, 53.29573183173563 ], [ -6.402480218931828, 53.295589899512457 ], [ -6.399850444924736, 53.295395298197917 ], [ -6.398858293526489, 53.295160983019258 ], [ -6.396809646145301, 53.294288510150004 ], [ -6.395890437684823, 53.294095137954002 ], [ -6.391996414735715, 53.292153498113088 ], [ -6.389755028226324, 53.290814766057927 ], [ -6.385833488167632, 53.288287193790303 ], [ -6.381875322905815, 53.286198806670988 ], [ -6.381319983029208, 53.286242138200492 ], [ -6.379860556174758, 53.287108852834344 ], [ -6.37832550887574, 53.287695470077331 ], [ -6.376165954694713, 53.288179539017882 ], [ -6.373817079234152, 53.288408512970044 ], [ -6.373691330657365, 53.288624263509881 ], [ -6.373412482026823, 53.288803953357224 ], [ -6.371392319487829, 53.289539795946418 ], [ -6.370327497491868, 53.28978372650397 ], [ -6.36929518708012, 53.289857457188184 ] ] } },
{ "type": "Feature", "properties": { "route": "A2", "routes": [ "A2", "A4", "L13", "S6" ], "category": "spine", "colour": "#d62728", "route_colour": "#e6194b", "pdf_colour": "#009bdf", "stroke-width": 2, "source": "pdf-future", "phase": "future" }, "geometry": { "type": "LineString", "coordinates": [ [ -6.167668039865817, 53.300850121206629 ], [ -6.166935230223123, 53.300341567347587 ], [ -6.166911914931367, 53.30020190204349 ], [ -6.167143695572344, 53.300061981585813 ], [ -6.167391243795299, 53.300044520849553 ], [ -6.169121783841013, 53.30057646365681 ], [ -6.169901268072214, 53.30064409747461 ], [ -6.170735160631478, 53.300470085407198 ], [ -6.171845567666938, 53.30084757741453 ], [ -6.17215411590465, 53.300868743070787 ], [ -6.173312243072624, 53.300463223080172 ], [ -6.192768047878268, 53.295849036546805 ], [ -6.193684562589748, 53.295728227674438 ], [ -6.194062801549181, 53.295913293310271 ], [ -6.19476749349889, 53.297371435709366 ], [ -6.196689417393974, 53.300236254471791 ], [ -6.197235774393011, 53.300872923168662 ], [ -6.197961306777352, 53.301505327911919 ], [ -6.199831484364369, 53.302809232737062 ], [ -6.204595387853096, 53.30575022228993 ], [ -6.207191645148606, 53.307136353977576 ], [ -6.208690870288812, 53.307866249846171 ], [ -6.209017750864251, 53.307912909136789 ], [ -6.209274464783909, 53.307813662154707 ], [ -6.209239920470223, 53.307644689700169 ], [ -6.20778110250913, 53.306521724804725 ], [ -6.207524375557928, 53.306129799719379 ], [ -6.20751657269461, 53.305857498203892 ], [ -6.207885403268718, 53.305188016308996 ], [ -6.207850731850419, 53.304986028951106 ], [ -6.207471402775355, 53.304690896010179 ], [ -6.206541778913547, 53.304286174531207 ], [ -6.206418979616995, 53.304087858286863 ], [ -6.206515844095843, 53.303867342362871 ], [ -6.206933638085792, 53.303540274813336 ], [ -6.207523282420419, 53.303296780339807 ], [ -6.208314824592025, 53.303097639709655 ], [ -6.208446740858689, 53.302989089727681 ], [ -6.208400723512432, 53.302648754005418 ], [ -6.208812176247637, 53.301351179480889 ], [ -6.208892969264378, 53.300528027922276 ], [ -6.208725021012366, 53.300183466774371 ], [ -6.207965955107623, 53.299495155832822 ], [ -6.207916680446024, 53.29931579026276 ], [ -6.208040181556435, 53.299185010005353 ], [ -6.208873041980928, 53.298860918176821 ], [ -6.209334656843681, 53.298579025079214 ], [ -6.210023458072845, 53.297498859875788 ], [ -6.210201822103892, 53.297071426521413 ], [ -6.21023422698066, 53.296716159123577 ], [ -6.209911249819907, 53.295614234101791 ], [ -6.209902705670404, 53.295180856671017 ], [ -6.21019856781028, 53.294660497569836 ], [ -6.210761744356613, 53.294245243216878 ], [ -6.212763748500447, 53.29336386962521 ], [ -6.213966172475282, 53.292985530379632 ], [ -6.218334932657794, 53.292522882059934 ], [ -6.219863366550936, 53.292602322819583 ], [ -6.223207518898884, 53.291468348360546 ], [ -6.224067555913457, 53.291327039006447 ], [ -6.225103035063943, 53.291360429557734 ], [ -6.227615284521422, 53.291648956269476 ], [ -6.229160214251185, 53.291520760598353 ], [ -6.229670744747511, 53.29154526799158 ], [ -6.234834786583558, 53.293011321849924 ] ] } },
{ "type": "Feature", "properties": { "route": "82", "routes": [ "82", "85", "A1", "A3", "A4", "D4", "F1", "L35", "S6", "S8", "X47" ], "category": "radial", "colour": "#9467bd", "route_colour": "#ffbb78", "pdf_colour": "#009bdf", "stroke-width": 2, "source": "pdf-future", "phase": "future" }, "geometry": { "type": "LineString", "coordinates": [ [ -6.235945298437822, 53.293195749129737 ], [ -6.238276687287951, 53.293892636516262 ], [ -6.247613270760433, 53.295658120320041 ], [ -6.247932486720067, 53.295578532813991 ], [ -6.248413627910658, 53.295050069802315 ], [ -6.249074733555008, 53.294714432606824 ], [ -6.255842175319334, 53.292593627578889 ], [ -6.256562684333002, 53.292432622109338 ], [ -6.257312643843911, 53.292368429181408 ], [ -6.258862779196855, 53.292459447792432 ], [ -6.262070665203135, 53.293073481481009 ], [ -6.267028054960939, 53.29463710540935 ], [ -6.271781666753363, 53.295660152293358 ], [ -6.275268318479488, 53.29749698427824 ], [ -6.276003746703809, 53.298095638875552 ], [ -6.276185552757967, 53.298483581601573 ], [ -6.276364210470557, 53.298612350470997 ], [ -6.277945489475037, 53.298925270125181 ], [ -6.279479804364443, 53.298895828315601 ], [ -6.282319992406292, 53.298207684517443 ], [ -6.286316539861079, 53.297937261808215 ], [ -6.287577494659463, 53.297766542751184 ], [ -6.288947436845889, 53.297408639962917 ], [ -6.291196825468695, 53.296553816692558 ], [ -6.294193419606232, 53.295965843415189 ], [ -6.295278817251321, 53.295889515490835 ], [ -6.299053845921068, 53.295938347269235 ], [ -6.300007056848073, 53.295829512859974 ], [ -6.301302273421503, 53.295384603849151 ], [ -6.303370606530608, 53.294037821331521 ], [ -6.304297824659054, 53.293550167209965 ], [ -6.309282864296816, 53.291572284046097 ], [ -6.31080731394199, 53.291348513450778 ], [ -6.313726996758285, 53.291474756281218 ], [ -6.31511677425197, 53.291312446336853 ], [ -6.317756829945554, 53.290361919149028 ], [ -6.324361706800882, 53.288751994391191 ], [ -6.327167539769488, 53.287660801304568 ], [ -6.331179004923985, 53.286788562624935 ], [ -6.331983531407644, 53.28647672590948 ], [ -6.332534199575981, 53.28615617393497 ], [ -6.334131124912516, 53.284553837681401 ], [ -6.334775702235854, 53.284275783596286 ], [ -6.336174670922706, 53.283841621629726 ], [ -6.337314877662546, 53.283281573783178 ], [ -6.337665964584038, 53.282904725042222 ], [ -6.33829100575865, 53.281965923396477 ], [ -6.339276354321658, 53.280944619715207 ], [ -6.340253232580516, 53.280508296592558 ], [ -6.342818124310732, 53.279600797054115 ], [ -6.344376744321386, 53.278803729514692 ], [ -6.344831441898132, 53.278707718506467 ], [ -6.345584369764431, 53.27887168383252 ], [ -6.347653517627374, 53.279687679004851 ], [ -6.349317136812052, 53.280783049357019 ], [ -6.349900280491855, 53.281541733381289 ], [ -6.350699802868919, 53.283234465187746 ], [ -6.351255393744097, 53.283673308872245 ], [ -6.352432641185158, 53.286440403641585 ], [ -6.352837328480034, 53.287138347903955 ], [ -6.354554779017191, 53.288959395309263 ], [ -6.355357129613492, 53.29035609839891 ], [ -6.355846855370229, 53.29094025136105 ], [ -6.356791486074986, 53.291647475393191 ], [ -6.358111864262161, 53.292482679226303 ], [ -6.358940151375879, 53.292520593039754 ], [ -6.35975527834634, 53.292413108054632 ], [ -6.360731078576793, 53.292168823568332 ], [ -6.361260047173964, 53.292214825994407 ], [ -6.361684783568686, 53.292495154364346 ], [ -6.362164150582926, 53.293622223246743 ], [ -6.363693651361568, 53.293396585554589 ], [ -6.366590581508133, 53.292718945734372 ], [ -6.368458101418902, 53.292459233618963 ], [ -6.367941403610398, 53.291344181882643 ], [ -6.367699197747197, 53.290365435582594 ] ] } },
{ "type": "Feature", "properties": { "route": "57", "routes": [ "57", "D1", "W4" ], "category": "radial", "colour": "#9467bd", "route_colour": "#c5b0d5", "pdf_colour": "#ed1c24", "stroke-width": 2, "source": "pdf-future", "phase": "future" }, "geometry": { "type": "LineString", "coordinates": [ [ -6.424594268423481, 53.342891149644771 ], [ -6.427566617309258, 53.343408921893186 ], [ -6.427788015977611, 53.343396771598883 ], [ -6.427944791299908, 53.343293880888346 ], [ -6.428605996097149, 53.341630782209336 ], [ -6.429189232697309, 53.338755198082893 ], [ -6.429631751650344, 53.338060655804703 ], [ -6.429849333025365, 53.337285137690635 ], [ -6.430333475244511, 53.333995788771524 ], [ -6.430650352705901, 53.332718720772363 ], [ -6.430678022794255, 53.332164258540828 ], [ -6.430825864343262, 53.331983104251925 ], [ -6.431184473478073, 53.331813526870093 ], [ -6.431648712966064, 53.331772787481427 ], [ -6.435575599917184, 53.332093729646203 ], [ -6.436848578849563, 53.332300460480177 ], [ -6.437115738766311, 53.332184483849431 ], [ -6.437532908753801, 53.330822037813221 ], [ -6.437598359129692, 53.330238564379123 ], [ -6.437489870339216, 53.329650490249151 ], [ -6.437061597301163, 53.328671824215782 ], [ -6.437032086934431, 53.328236891878227 ], [ -6.433881968935106, 53.325476635261474 ], [ -6.431444338194252, 53.322934293551313 ], [ -6.429744060944361, 53.323111398812372 ], [ -6.427007905665937, 53.323875319811144 ], [ -6.425005576300484, 53.324239503984671 ], [ -6.419817076364414, 53.324681470514406 ], [ -6.418780353552912, 53.324505997405048 ], [ -6.412998558565815, 53.32495127790898 ], [ -6.410520199390428, 53.325196834008025 ], [ -6.407920513292275, 53.325642252003924 ], [ -6.403527220220073, 53.326805496596322 ], [ -6.403245377737679, 53.326947093966076 ], [ -6.40264331643462, 53.327584397808351 ], [ -6.40228864282119, 53.327832106564621 ], [ -6.400961494472091, 53.328047090888404 ], [ -6.397403757462014, 53.329578556972642 ], [ -6.396114718777048, 53.330054640230735 ], [ -6.393361389455965, 53.330787096133641 ], [ -6.391291268950043, 53.331142484781395 ], [ -6.390082089544535, 53.331284562806793 ], [ -6.387971447219807, 53.331318767734224 ], [ -6.38005749485566, 53.330985400102279 ] ] } },
{ "type": "Feature", "properties": { "route": "D3", "routes": [ "D3", "X55" ], "category": "spine", "colour": "#d62728", "route_colour": "#f58231", "pdf_colour": "#ed1c24", "stroke-width": 2, "source": "pdf-future", "phase": "future" }, "geometry": { "type": "LineString", "coordinates": [ [ -6.449813349093166, 53.334295956792033 ], [ -6.449910568445069, 53.334175485228521 ], [ -6.45012039436134, 53.334147023238756 ], [ -6.450314739389248, 53.334212184654696 ], [ -6.450384540973387, 53.334334072877468 ], [ -6.450265514398557, 53.334446965191148 ], [ -6.450050007869369, 53.334463272731647 ], [ -6.449813349093166, 53.334295956792033 ], [ -6.449200902040204, 53.334304766293656 ], [ -6.44768332001013, 53.333928508693084 ], [ -6.447394631631822, 53.333723803978366 ], [ -6.447284609276053, 53.333193709570516 ], [ -6.447093347620925, 53.333087615370502 ], [ -6.437561980392465, 53.332370347807959 ], [ -6.437508956239271, 53.332294919436784 ], [ -6.437957437777248, 53.330883284104956 ], [ -6.438023993566646, 53.330295838510104 ], [ -6.437913484133915, 53.329670697993691 ], [ -6.437542080305191, 53.328735550841628 ], [ -6.437760204471689, 53.328620277913366 ], [ -6.440606218361904, 53.328430462380005 ], [ -6.445192188048785, 53.328983912496113 ], [ -6.447239678456921, 53.329068079167591 ], [ -6.44996026559239, 53.327871595302959 ], [ -6.453616122829559, 53.326563801794244 ], [ -6.454625063179353, 53.325974272854701 ], [ -6.454810415508802, 53.325812117022352 ], [ -6.454753212767908, 53.325705567285453 ], [ -6.451935919609352, 53.324960815475272 ], [ -6.450220345612244, 53.325035480463384 ], [ -6.449070842293812, 53.324888035148398 ], [ -6.448496729840471, 53.324657774663478 ], [ -6.446522055643191, 53.32359819228602 ], [ -6.445790892316841, 53.323367779200012 ], [ -6.444691080668892, 53.323232652078261 ], [ -6.441733728427472, 53.323093408693566 ], [ -6.438480213376705, 53.322578203089535 ], [ -6.43713317079517, 53.322448540899479 ], [ -6.435037316799206, 53.322453126486401 ], [ -6.430603583496874, 53.322686976874074 ], [ -6.429377849329576, 53.322887637660251 ], [ -6.427552569888372, 53.323403556221194 ], [ -6.425479329370303, 53.323876903613964 ], [ -6.419915003573794, 53.324382955419878 ], [ -6.419763300726453, 53.324520992538488 ], [ -6.419983770756821, 53.324959975414821 ], [ -6.420883593969933, 53.326113170621674 ], [ -6.421738091452063, 53.326672959915093 ], [ -6.42356578455888, 53.327578602177418 ], [ -6.423911057341535, 53.327988874898374 ], [ -6.424023380045241, 53.328431999723037 ], [ -6.423840474243494, 53.329182425913743 ], [ -6.421937387516382, 53.333169500769948 ], [ -6.421660574825971, 53.333272217537946 ], [ -6.420390579546855, 53.333179605492148 ], [ -6.413898823906724, 53.332025554926183 ], [ -6.410558119436576, 53.331970204739804 ], [ -6.409038507509984, 53.331821973189321 ], [ -6.4089885189473, 53.331669598179552 ], [ -6.409909193549025, 53.329954341849515 ], [ -6.410144033388338, 53.329169276724905 ], [ -6.410114650126216, 53.328767359290723 ], [ -6.40994202601096, 53.32837265697907 ], [ -6.409242261867386, 53.327635897083717 ], [ -6.408622397419913, 53.327244370498732 ], [ -6.407465846877904, 53.326682593991762 ], [ -6.406824286069924, 53.326241476400106 ], [ -6.40656045769157, 53.326231497082802 ], [ -6.405394528604593, 53.32655378168397 ], [ -6.404863756935026, 53.326613768639113 ], [ -6.403632381060511, 53.326120037481829 ], [ -6.403527623253095, 53.325958211026062 ], [ -6.403396662442894, 53.324631284401789 ], [ -6.403171584728722, 53.324026121595132 ], [ -6.401507591595838, 53.322188481844329 ], [ -6.400894222326198, 53.321816133702029 ], [ -6.399236037477467, 53.321196073215113 ], [ -6.394701598228508, 53.320282859824125 ], [ -6.393081527198881, 53.319696818990259 ], [ -6.392805476191825, 53.319808559052461 ], [ -6.391846541213529, 53.321797899573184 ], [ -6.391699425275129, 53.323237513028474 ], [ -6.392039811234914, 53.324778051699987 ], [ -6.391950187375055, 53.324951742700733 ], [ -6.391685502693124, 53.325049778506198 ], [ -6.389809604265471, 53.325210234385267 ], [ -6.389468575983623, 53.325320255796697 ], [ -6.389148657265807, 53.325539873678466 ], [ -6.388850890445387, 53.325943141481119 ], [ -6.388898073074644, 53.326617624838597 ], [ -6.388827225946491, 53.326837828572508 ], [ -6.388113108236171, 53.327400143338288 ], [ -6.387369533984997, 53.32771459259174 ], [ -6.385201041875712, 53.328347477235226 ], [ -6.381044794937163, 53.32992813544805 ], [ -6.380810190231921, 53.330137005341236 ], [ -6.38101202687739, 53.33063751704794 ], [ -6.380878101111377, 53.330822040458905 ], [ -6.379630167264414, 53.330803037469721 ] ] } },
{ "type": "Feature", "properties": { "route": "81", "routes": [ "81", "85", "A1", "A3", "F1", "S6", "S8", "X47" ], "category": "radial", "colour": "#9467bd", "route_colour": "#7f7f7f", "pdf_colour": "#ed1c24", "stroke-width": 2, "source": "pdf-future", "phase": "future" }, "geometry": { "type": "LineString", "coordinates": [ [ -6.293027278615763, 53.313164022539439 ], [ -6.295752037351003, 53.311658540943839 ], [ -6.296302446210821, 53.311309972317844 ], [ -6.296367523205127, 53.311156639396337 ], [ -6.294256685785123, 53.308134770705237 ], [ -6.292666243727969, 53.306315081978326 ], [ -6.29249011318744, 53.305977306856832 ], [ -6.292366994712881, 53.305412854165098 ], [ -6.292117323295202, 53.304981101709174 ], [ -6.292163829984757, 53.304811272006745 ], [ -6.295550665307611, 53.30357639084005 ], [ -6.298029858500765, 53.302996739987357 ], [ -6.298333302723443, 53.303021772041234 ], [ -6.30134300053432, 53.303980686055731 ], [ -6.30171981584656, 53.303992653530891 ], [ -6.301967850202157, 53.303881172777203 ], [ -6.302437942356993, 53.303354418217673 ], [ -6.302591510412552, 53.30284329998058 ], [ -6.301655667490089, 53.298400002103492 ], [ -6.301717142494581, 53.298231568663155 ], [ -6.302049802458131, 53.297946264704805 ], [ -6.302095653227453, 53.297763413106651 ], [ -6.301460828208368, 53.295743921785736 ], [ -6.303386888574646, 53.294443393637103 ], [ -6.304359101168843, 53.293880903040126 ], [ -6.305428158789041, 53.293439015266252 ], [ -6.306939411651594, 53.293146871833287 ], [ -6.30995346784742, 53.292012169119623 ], [ -6.311132472656015, 53.291876295423464 ], [ -6.313762886341141, 53.292008891973566 ], [ -6.315210717780001, 53.291883129798627 ], [ -6.316335894069073, 53.2915887774273 ], [ -6.318167540639179, 53.290869956279693 ], [ -6.322479714528703, 53.289823607701798 ], [ -6.323523083230478, 53.289483076128853 ], [ -6.323647303341266, 53.289287292155876 ], [ -6.323620914875314, 53.289112533325309 ], [ -6.322458487869714, 53.287449216321043 ], [ -6.32222218113361, 53.286814746363945 ], [ -6.322107498212473, 53.286120471326512 ], [ -6.322121569807199, 53.285550644168303 ], [ -6.322232628830413, 53.285020395270742 ], [ -6.323068802095841, 53.282944778670746 ], [ -6.32312996812091, 53.282334182472454 ], [ -6.323061925037549, 53.281654145606687 ], [ -6.32465386156537, 53.281942338409159 ], [ -6.325552552357572, 53.281928095515902 ], [ -6.326418899464516, 53.281812962157183 ], [ -6.327963690002445, 53.281349645641242 ], [ -6.328430937695846, 53.281043893138374 ], [ -6.329261304754684, 53.280284583223008 ], [ -6.329780106116135, 53.280034213202121 ], [ -6.335093376320098, 53.27941348319667 ], [ -6.336032254455221, 53.279468327042132 ], [ -6.336889109321824, 53.279712068170348 ], [ -6.337449978154596, 53.2800270080891 ], [ -6.338380444910741, 53.28081588616314 ], [ -6.338751754496945, 53.280884727946919 ], [ -6.339974535606731, 53.28034186944091 ], [ -6.342569707696979, 53.279424166971708 ], [ -6.344155609116521, 53.278616817179177 ], [ -6.344788143797331, 53.278491498076185 ], [ -6.345623386725062, 53.278644636091322 ], [ -6.347313084451942, 53.279283536390103 ], [ -6.348138564687911, 53.279654492425266 ], [ -6.349210742886873, 53.280267055817625 ], [ -6.350083886218823, 53.280084078436865 ], [ -6.350619571718664, 53.280065235792051 ], [ -6.365420519160168, 53.280905878304566 ], [ -6.365721917244136, 53.281083909748347 ], [ -6.367906360321301, 53.287638959896327 ], [ -6.3679349067327, 53.287807773706177 ], [ -6.367820705411533, 53.28822990171787 ], [ -6.367890923626856, 53.289168086349065 ] ] } },
{ "type": "Feature", "properties": { "route": "D4", "routes": [ "D4", "S6", "S8", "X47" ], "category": "spine", "colour": "#d62728", "route_colour": "#f58231", "pdf_colour": "#ed1c24", "stroke-width": 2, "source": "pdf-future", "phase": "future" }, "geometry": { "type": "LineString", "coordinates": [ [ -6.34578164915315, 53.304127730036214 ], [ -6.345801244604746, 53.303954187481551 ], [ -6.345627452940159, 53.303830549067946 ], [ -6.343656352025574, 53.303392278392984 ], [ -6.342331178802793, 53.303003103715469 ], [ -6.335857473339439, 53.300448040590261 ], [ -6.334702261078671, 53.299911308224395 ], [ -6.334128311424988, 53.299447970555917 ], [ -6.333865104593833, 53.298922827562016 ], [ -6.333889289598397, 53.298462306025556 ], [ -6.334088794733553, 53.29810545633584 ], [ -6.334984471654433, 53.297221829800812 ], [ -6.335337472510736, 53.296696979921862 ], [ -6.336090611714359, 53.294697194348352 ], [ -6.336163095337968, 53.293847813912798 ], [ -6.335932288284286, 53.293005416676344 ], [ -6.33559475150753, 53.292189206578193 ], [ -6.335443898920151, 53.292068175603305 ], [ -6.335169105927675, 53.292018892631766 ], [ -6.332238809215339, 53.292180469788825 ], [ -6.331667305522736, 53.291132992567427 ], [ -6.333413375561097, 53.29081304816421 ], [ -6.333601753282472, 53.290649972003834 ], [ -6.332864882335802, 53.289235994207715 ], [ -6.332867969863554, 53.288967982142339 ], [ -6.333796446006581, 53.288319304987041 ], [ -6.334586283880987, 53.287882036039875 ], [ -6.337727798050089, 53.286731697948106 ], [ -6.339649042039274, 53.285840185450162 ], [ -6.340979758005155, 53.285112116072881 ], [ -6.341740744266015, 53.284820135061878 ], [ -6.347167259768058, 53.28404034373974 ], [ -6.350810539125774, 53.283737569035303 ], [ -6.352302345738376, 53.287017160173008 ], [ -6.354162482816589, 53.289041051239813 ], [ -6.354952208128864, 53.290423415493954 ], [ -6.355634862254244, 53.291239750808082 ] ] } },
{ "type": "Feature", "properties": { "route": "C2", "routes": [ "C2", "L53", "X30" ], "category": "spine", "colour": "#d62728", "route_colour": "#4363d8", "pdf_colour": "#ed1c24", "stroke-width": 2, "source": "pdf-future", "phase": "future" }, "geometry": { "type": "LineString", "coordinates": [ [ -6.429417654414944, 53.343848018275963 ], [ -6.429661172496301, 53.34386946458222 ], [ -6.429808580794233, 53.343780331009967 ], [ -6.431445209796307, 53.343891643675796 ], [ -6.433492501143117, 53.34330256970653 ], [ -6.435252979140725, 53.343043027378698 ], [ -6.43691322353741, 53.343017916757873 ], [ -6.438405141201206, 53.343116398657024 ], [ -6.440717429986642, 53.34362771614424 ], [ -6.442990050990516, 53.34431504632164 ], [ -6.444724828549101, 53.345027164164584 ], [ -6.446034247221445, 53.345785051188173 ], [ -6.446538432874675, 53.346238540798922 ], [ -6.446701017803139, 53.346558951692991 ], [ -6.446465192667004, 53.347040884785002 ], [ -6.445557900311066, 53.34783417261476 ], [ -6.445422134833295, 53.348201711367885 ], [ -6.445656529900925, 53.348378970929744 ], [ -6.44694148745137, 53.348321926266919 ], [ -6.451186500246493, 53.348453213620601 ], [ -6.452352949839141, 53.348565094574361 ], [ -6.453428172882878, 53.348835618891599 ], [ -6.45490437962353, 53.349565906272588 ], [ -6.455843306485242, 53.349845830098587 ], [ -6.460712377613414, 53.350285725937184 ], [ -6.46737672394009, 53.351495359368464 ], [ -6.474360182162991, 53.350851782450754 ], [ -6.47460453010714, 53.350766213284636 ], [ -6.474671310454327, 53.35066194255419 ], [ -6.474673709577456, 53.350230855272748 ], [ -6.474533167761384, 53.3473751408266 ], [ -6.474521904177496, 53.344661894407338 ], [ -6.474302652311687, 53.344555059865456 ], [ -6.469899958219788, 53.344220532238587 ], [ -6.469777571777146, 53.344082247898697 ], [ -6.469784398975606, 53.342802981159757 ], [ -6.46881096122892, 53.34269320432557 ], [ -6.467446774256159, 53.342114931981975 ], [ -6.467397500916579, 53.341141288752659 ], [ -6.467201679359913, 53.340905028476804 ] ] } },
{ "type": "Feature", "properties": { "route": "52", "routes": [ "52", "C3", "C4", "X25", "X26", "X31", "X32" ], "category": "radial", "colour": "#9467bd", "route_colour": "#c5b0d5", "pdf_colour": "#ed1c24", "stroke-width": 2, "source": "pdf-future", "phase": "future" }, "geometry": { "type": "LineString", "coordinates": [ [ -6.596480812419429, 53.377820175928498 ], [ -6.594248774426022, 53.382292722786374 ], [ -6.59406917882118, 53.382880179524122 ], [ -6.594048354628744, 53.383780943840137 ], [ -6.594313615530862, 53.384682272666815 ], [ -6.594642159609161, 53.385271165516684 ], [ -6.595085219087341, 53.385842079957555 ], [ -6.595956204096146, 53.386648391382778 ], [ -6.597791161052077, 53.387922354478739 ], [ -6.597930510011131, 53.388100101117544 ], [ -6.597831154055266, 53.38826353120669 ], [ -6.595873370606607, 53.388758939087275 ], [ -6.594561929025676, 53.388569197210515 ], [ -6.589301319225282, 53.388447059877954 ], [ -6.584440328777477, 53.387777297333194 ], [ -6.580286368588701, 53.387607403984148 ], [ -6.578556168118166, 53.387289545003199 ], [ -6.575659124653924, 53.386458654416963 ], [ -6.572405805831526, 53.386049491075717 ], [ -6.568531465210907, 53.385443838736983 ], [ -6.563557818527829, 53.384267920511967 ], [ -6.548002641955849, 53.382177898786125 ], [ -6.542912212009343, 53.381256981873626 ], [ -6.537748457811229, 53.380196077268366 ], [ -6.533460696128095, 53.379676523855672 ], [ -6.529988848595237, 53.378868442975701 ], [ -6.525586585865778, 53.378063762380179 ], [ -6.515308761207786, 53.375425086140176 ], [ -6.506863214110287, 53.373443086335946 ], [ -6.501257055409904, 53.371635223059563 ], [ -6.499839634646344, 53.371367651799829 ], [ -6.498062588855397, 53.371194604821021 ], [ -6.497155667048088, 53.370990553760187 ], [ -6.496400263002651, 53.370655463133431 ], [ -6.495984798067756, 53.370289349916135 ], [ -6.495855211800465, 53.369893785257297 ], [ -6.496006403396398, 53.369056490147244 ], [ -6.495957476619925, 53.368637049840956 ], [ -6.495610130313456, 53.368191710034289 ], [ -6.495141118453363, 53.367921214424179 ], [ -6.494614614892423, 53.367933297483368 ], [ -6.491017136255427, 53.36862241826838 ], [ -6.489948156068934, 53.368683174839127 ], [ -6.489139576213551, 53.3686187728402 ], [ -6.488922979568733, 53.368525013075626 ], [ -6.48882842979138, 53.368355453824606 ], [ -6.488994931543766, 53.367128427269691 ], [ -6.488870074965599, 53.366970070599834 ], [ -6.488571644292704, 53.366831131284044 ], [ -6.487063836097291, 53.366350095478879 ], [ -6.477083013365709, 53.363715273549268 ], [ -6.470519106122595, 53.36211215823721 ] ] } },
{ "type": "Feature", "properties": { "route": "C4", "routes": [ "C4", "L58", "W6", "X26", "X27", "X28" ], "category": "spine", "colour": "#d62728", "route_colour": "#4363d8", "pdf_colour": "#ed1c24", "stroke-width": 2, "source": "pdf-future", "phase": "future" }, "geometry": { "type": "LineString", "coordinates": [ [ -6.59737722684952, 53.386931063161342 ], [ -6.596868519822758, 53.386648513765792 ], [ -6.59613582614177, 53.386059934994648 ], [ -6.595280606826306, 53.384997951038798 ], [ -6.595067266552512, 53.384554154996046 ], [ -6.594886025009021, 53.383880127175473 ], [ -6.594870910514315, 53.383203490971844 ], [ -6.595017760722889, 53.382568151679614 ], [ -6.59496379490017, 53.382452684411625 ], [ -6.592354619583407, 53.380685077790687 ], [ -6.588088879671175, 53.377593207321027 ], [ -6.58699293158789, 53.376895985836306 ], [ -6.585596195447232, 53.37637587320102 ], [ -6.576701189258261, 53.37387580822223 ], [ -6.575636973511624, 53.373718614569036 ], [ -6.571283463616074, 53.37345341164793 ], [ -6.571047206550877, 53.373233087797317 ], [ -6.570958359483325, 53.371146008929948 ], [ -6.570871193671771, 53.371037666319246 ], [ -6.565019616931083, 53.370036596068033 ], [ -6.563928267277336, 53.369770646950222 ], [ -6.56291116635821, 53.369420631635833 ], [ -6.561510848624911, 53.368733365860578 ], [ -6.557023098695711, 53.366092783051258 ], [ -6.554269425455553, 53.364682480712588 ], [ -6.552376924861532, 53.363882161712674 ], [ -6.551635795627121, 53.363423405287215 ], [ -6.550912352064471, 53.362712028163841 ], [ -6.550445415994527, 53.361871388106159 ], [ -6.550306635701112, 53.361180477091501 ], [ -6.550339335959143, 53.35960379047296 ], [ -6.550241706963983, 53.359248084724769 ], [ -6.54997654351504, 53.358796915859088 ], [ -6.548981833782355, 53.357827275952886 ], [ -6.54681460969731, 53.356067357555567 ], [ -6.545591334900332, 53.355191707071022 ], [ -6.544485708924616, 53.353687947714675 ], [ -6.544324324029877, 53.353246526242891 ], [ -6.54429545334118, 53.352749589140899 ], [ -6.544388487117454, 53.352257877114958 ], [ -6.54479061645559, 53.351237152864528 ], [ -6.544777159420135, 53.350951697249407 ], [ -6.544673670770202, 53.350741887575339 ], [ -6.544156823193581, 53.350351085090011 ], [ -6.540948836901165, 53.348719693062421 ], [ -6.539321829510379, 53.347677309279767 ], [ -6.539271396553715, 53.34750391517121 ], [ -6.539321002858243, 53.347368179344876 ], [ -6.541289080458312, 53.345046405118104 ], [ -6.541168412666429, 53.344843143503418 ], [ -6.540130783880445, 53.344361539410315 ], [ -6.496078240353591, 53.352044441844598 ], [ -6.494242895284814, 53.352487068638318 ], [ -6.492345610420394, 53.353229162394683 ], [ -6.47796843560735, 53.359853334599194 ], [ -6.477207646519179, 53.360440423998973 ], [ -6.476825994432676, 53.360989524795613 ], [ -6.476700469469359, 53.361499384073824 ], [ -6.47690958072915, 53.363464600214883 ], [ -6.476800259809544, 53.363588753090561 ], [ -6.476486660438363, 53.363569454531145 ] ] } },
{ "type": "Feature", "properties": { "route": "81", "routes": [ "81", "82", "F2" ], "category": "radial", "colour": "#9467bd", "route_colour": "#7f7f7f", "pdf_colour": "#ed1c24", "stroke-width": 2, "source": "pdf-future", "phase": "future" }, "geometry": { "type": "LineString", "coordinates": [ [ -6.312703286966253, 53.30117007825946 ], [ -6.312014839099202, 53.300988811786127 ], [ -6.311905844723235, 53.300835876420685 ], [ -6.314966999315452, 53.297277571689129 ], [ -6.315245716686405, 53.297291946219659 ], [ -6.317564535022709, 53.298350627721938 ], [ -6.318411590558186, 53.298889212831092 ], [ -6.318760407349801, 53.299354598526932 ], [ -6.318808844782979, 53.300284204257906 ], [ -6.3187537703361, 53.30058885455793 ], [ -6.318558443788643, 53.300976825613375 ], [ -6.31801435710841, 53.301653676176187 ], [ -6.318215711776214, 53.302021128619032 ], [ -6.318205509789764, 53.302179914385007 ], [ -6.317866285524624, 53.302373012541246 ], [ -6.317251442559186, 53.302396763917024 ], [ -6.316866341083943, 53.302773713321812 ], [ -6.315682071915917, 53.304697072762401 ], [ -6.315340565433674, 53.305430299413956 ], [ -6.315305283611081, 53.305856515548101 ], [ -6.315500044325855, 53.30654890724648 ], [ -6.315359646612135, 53.307129397971622 ], [ -6.31494626502194, 53.307705669314736 ], [ -6.314492272092013, 53.308039782199216 ], [ -6.312150896181261, 53.309233291664839 ], [ -6.311101413615492, 53.309653689505154 ], [ -6.308568732422312, 53.31047801163497 ], [ -6.302300902433823, 53.31224190200443 ], [ -6.30041330698243, 53.312920229662609 ], [ -6.298651572858879, 53.313718927276199 ], [ -6.295719977715324, 53.313362288923948 ], [ -6.293967287660853, 53.313024828447809 ], [ -6.293676225655878, 53.313061145238144 ], [ -6.293273436620234, 53.313312583088837 ] ] } },
{ "type": "Feature", "properties": { "route": "6", "routes": [ "6", "H3" ], "category": "radial", "colour": "#9467bd", "route_colour": "#2ca02c", "pdf_colour": "#ed1c24", "stroke-width": 2, "source": "pdf-future", "phase": "future" }, "geometry": { "type": "LineString", "coordinates": [ [ -6.121191207807215, 53.382828898776189 ], [ -6.117088665871925, 53.383135531568293 ], [ -6.111787684587466, 53.383140371175671 ], [ -6.100199409500203, 53.383905235543985 ], [ -6.09901761726671, 53.384033032714747 ], [ -6.094511097404957, 53.384825153750718 ], [ -6.093184942662628, 53.384889111544581 ], [ -6.087700272929277, 53.384614996758295 ], [ -6.080373156133374, 53.383993044622514 ], [ -6.079763522001771, 53.383819864873161 ], [ -6.0785309391056, 53.3831070251969 ], [ -6.077783532263211, 53.3827721460964 ], [ -6.076721261991457, 53.382427938499539 ], [ -6.075781796115542, 53.382244033991718 ], [ -6.074666820868601, 53.382190534471093 ], [ -6.072758679419516, 53.382284114438427 ], [ -6.070158434287688, 53.38199426058835 ], [ -6.066802771701184, 53.381861487829326 ], [ -6.065681554541313, 53.381665773546743 ], [ -6.06367328053283, 53.381044455989553 ], [ -6.062550191176811, 53.380881703728768 ], [ -6.061635008702961, 53.380876503771496 ], [ -6.060508737198968, 53.381098801993019 ], [ -6.060117244420376, 53.381074442101585 ], [ -6.0598751327997, 53.38096200116982 ], [ -6.059757617504353, 53.380790834130487 ], [ -6.060018825412444, 53.380332580457548 ], [ -6.060082129930111, 53.380057157985618 ], [ -6.05993344359813, 53.379476023427465 ], [ -6.059613114292741, 53.37903039787151 ], [ -6.058710340855074, 53.378102203322825 ], [ -6.058155060281337, 53.377311244737029 ], [ -6.057758340538077, 53.377030657058569 ], [ -6.057178494590257, 53.376790241425134 ], [ -6.05509428473647, 53.376278954533682 ], [ -6.054449382191513, 53.376039819200635 ], [ -6.053953437751971, 53.375728597233405 ], [ -6.052291795582255, 53.37440720013192 ], [ -6.051672686774525, 53.373873643870418 ], [ -6.051260077443967, 53.373399568411934 ], [ -6.050391267944821, 53.371868060966897 ], [ -6.049979197628467, 53.37129796619022 ], [ -6.04843411189805, 53.369843604445123 ], [ -6.047883872259196, 53.36912680507303 ], [ -6.047684378644644, 53.368613350792934 ], [ -6.047642761610917, 53.368220112922799 ], [ -6.047773459713024, 53.36777941460636 ], [ -6.048011597284318, 53.367512617872606 ], [ -6.048733972450528, 53.36716759741055 ], [ -6.051179002643828, 53.366518018813423 ], [ -6.051565220675481, 53.366250137063332 ], [ -6.051532167244107, 53.365949157876898 ], [ -6.051635812650087, 53.365774837396685 ] ] } },
{ "type": "Feature", "properties": { "route": "6", "routes": [ "6", "H2", "H3", "X78" ], "category": "radial", "colour": "#9467bd", "route_colour": "#2ca02c", "pdf_colour": "#ed1c24", "stroke-width": 2, "source": "pdf-future", "phase": "future" }, "geometry": { "type": "LineString", "coordinates": [ [ -6.187441762013213, 53.372905145635457 ], [ -6.186120739615333, 53.373342369633313 ], [ -6.185075910627, 53.373586829006506 ], [ -6.17985635939328, 53.37429506760936 ], [ -6.176456643632856, 53.37526051400782 ], [ -6.174621844566214, 53.375947240580075 ], [ -6.173281351932712, 53.376212889783972 ], [ -6.169593837903962, 53.37622139200603 ], [ -6.165725934480322, 53.375674930566049 ], [ -6.163139606075812, 53.37557751196406 ], [ -6.156784249736798, 53.375998618606317 ], [ -6.152688446989981, 53.376466485958431 ], [ -6.148976266923317, 53.376991516579103 ], [ -6.145918963619616, 53.377529867309754 ], [ -6.139810613845324, 53.379618087852442 ], [ -6.136559443336409, 53.380451415712272 ], [ -6.126816020100741, 53.382267426904612 ], [ -6.121191207807215, 53.382828898776189 ] ] } },
{ "type": "Feature", "properties": { "route": "H1", "routes": [ "H1" ], "category": "spine", "colour": "#d62728", "route_colour": "#f032e6", "pdf_colour": "#ed1c24", "stroke-width": 2, "source": "pdf-future", "phase": "future" }, "geometry": { "type": "LineString", "coordinates": [ [ -6.187223647100984, 53.372755326127169 ], [ -6.186719575143128, 53.372827023137596 ], [ -6.185289760074637, 53.372195997092234 ], [ -6.183582323794432, 53.371811716792145 ], [ -6.179678978014875, 53.371319337136576 ], [ -6.177847459871399, 53.371276895528275 ], [ -6.176428756541116, 53.371549479204688 ], [ -6.175421468928977, 53.371584858102757 ], [ -6.175283131707529, 53.371709243846155 ], [ -6.175300497823581, 53.372073830486094 ], [ -6.175213618705645, 53.37218157100245 ], [ -6.174396196486537, 53.37233801241549 ], [ -6.173665934979693, 53.372640809594508 ], [ -6.171378170962925, 53.374038808093623 ], [ -6.171161062689006, 53.374229134122864 ], [ -6.171179744800495, 53.374392685272987 ], [ -6.171898611275092, 53.374709803534365 ], [ -6.17203498772378, 53.374886471200462 ], [ -6.171596462272977, 53.375619132397041 ], [ -6.171595634298824, 53.376104280121424 ], [ -6.171856899810071, 53.376589357777732 ], [ -6.17281019157036, 53.377839000454543 ], [ -6.172995811140574, 53.378234046496367 ], [ -6.173047091146547, 53.378564517918704 ], [ -6.172831229366605, 53.379464124883967 ], [ -6.171987452676881, 53.380957336824018 ], [ -6.17182553027888, 53.381973410707658 ], [ -6.171687426869489, 53.382315878878885 ], [ -6.171263270849929, 53.382807835859808 ], [ -6.170675388793354, 53.383249446194334 ], [ -6.166382554446488, 53.385833843855366 ], [ -6.166148256832034, 53.386106744254541 ], [ -6.166117386464877, 53.386593098056245 ], [ -6.166033321212614, 53.386707915447609 ], [ -6.165810547623655, 53.386772047561735 ], [ -6.165270868621585, 53.386752771288151 ], [ -6.165047486894665, 53.386839895361057 ], [ -6.164749947464991, 53.388293536406081 ], [ -6.16447445360297, 53.388762416062256 ], [ -6.164108324143486, 53.38910285433699 ], [ -6.163313488017175, 53.389539991080248 ], [ -6.161358694265394, 53.390300570719745 ], [ -6.160627909986546, 53.390774413877118 ], [ -6.160139164049641, 53.391514749888096 ], [ -6.159527118896609, 53.393626305175239 ], [ -6.159368947312217, 53.393744164200733 ], [ -6.159099353899308, 53.393763042540591 ], [ -6.157789287238981, 53.393521318843966 ], [ -6.156093503977523, 53.393339417414204 ], [ -6.149446203266876, 53.392922511834691 ], [ -6.144156843838783, 53.392185399332782 ], [ -6.141111410557065, 53.391896774790169 ], [ -6.136682761250296, 53.391295467616054 ], [ -6.135798848588272, 53.391356117479354 ], [ -6.134683082006541, 53.391710739722164 ], [ -6.134149835102156, 53.39178866750261 ], [ -6.131293319500334, 53.391430013607405 ], [ -6.128093464692439, 53.392327720802641 ] ] } },
{ "type": "Feature", "properties": { "route": "D1", "routes": [ "D1", "D2", "D3", "L80", "N6" ], "category": "spine", "colour": "#d62728", "route_colour": "#f58231", "pdf_colour": "#ed1c24", "stroke-width": 2, "source": "pdf-future", "phase": "future" }, "geometry": { "type": "LineString", "coordinates": [ [ -6.179313321657245, 53.397548839217784 ], [ -6.180323255613809, 53.396808283748292 ], [ -6.182492014397237, 53.395560191067737 ], [ -6.183287521741656, 53.395022036754384 ], [ -6.184202314025102, 53.394209940652843 ], [ -6.185113857303154, 53.393104656140935 ], [ -6.185440181677875, 53.392983241963563 ], [ -6.18700567874682, 53.393476807488234 ], [ -6.191608789991968, 53.393911669379868 ], [ -6.193598920903162, 53.394273416468728 ], [ -6.194864718141726, 53.394676025895905 ], [ -6.197955346839159, 53.395941186855858 ], [ -6.200231105041692, 53.396774651074409 ], [ -6.202283601633985, 53.397388135172513 ], [ -6.204199753317663, 53.397785938798869 ], [ -6.204254924273399, 53.397742382333881 ], [ -6.204178246575291, 53.396518927173027 ], [ -6.204218959900871, 53.39600082252614 ], [ -6.204983368920763, 53.393726238860879 ], [ -6.205237406277942, 53.393576903596589 ], [ -6.205614337551889, 53.393508846159669 ], [ -6.206809766807014, 53.393697520206622 ], [ -6.208812692223203, 53.393008238132879 ], [ -6.209556255331474, 53.392580749063995 ], [ -6.210362608495347, 53.391594724938976 ], [ -6.210247113842255, 53.39146062428609 ], [ -6.202939526018223, 53.389003546917742 ], [ -6.202667637356669, 53.389071381685497 ], [ -6.20020155199183, 53.390970840548796 ], [ -6.19936470920801, 53.391369853274369 ], [ -6.199035427620805, 53.391376149013183 ], [ -6.195127152524174, 53.388800910816606 ], [ -6.193265629004754, 53.387699305539464 ], [ -6.193156661069567, 53.387545370523618 ], [ -6.193186623195911, 53.387358097271424 ], [ -6.193778741821038, 53.386907595846601 ] ] } },
{ "type": "Feature", "properties": { "route": "8", "routes": [ "8", "A1", "A2", "A4", "D4", "L80", "N6" ], "category": "radial", "colour": "#9467bd", "route_colour": "#ff7f0e", "pdf_colour": "#ed1c24", "stroke-width": 2, "source": "pdf-future", "phase": "future" }, "geometry": { "type": "LineString", "coordinates": [ [ -6.203333688937685, 53.379320583549386 ], [ -6.203113105778566, 53.379528823963106 ], [ -6.203334114823134, 53.379871787521274 ], [ -6.207227908681786, 53.382540675564314 ], [ -6.20830806274231, 53.383116436978042 ], [ -6.209792994940655, 53.383516839733169 ], [ -6.21074783594181, 53.383611119436793 ], [ -6.213786269782223, 53.383521426641948 ], [ -6.214554170496131, 53.382476365163569 ], [ -6.214690735618639, 53.381246546084476 ], [ -6.215004831321044, 53.381095798315918 ], [ -6.219435558306603, 53.381505093294443 ], [ -6.224398085885845, 53.382420626486223 ], [ -6.2269390343558, 53.382720916134815 ], [ -6.227245832402678, 53.382846071871512 ], [ -6.227365606307304, 53.38304530844389 ], [ -6.227226217498232, 53.383360733173269 ], [ -6.225897992631667, 53.385129232170677 ], [ -6.225385522704073, 53.385442791691823 ], [ -6.223739747080447, 53.386055490309985 ], [ -6.223548338867857, 53.386257499953686 ], [ -6.223436590118005, 53.38741895129445 ], [ -6.2235000663119, 53.387628702987655 ], [ -6.223897574179295, 53.387917314309952 ], [ -6.224751149444748, 53.388095945959478 ], [ -6.225102265639979, 53.388285295946119 ], [ -6.225278136871992, 53.388595054416136 ], [ -6.225153917705523, 53.388979904515111 ], [ -6.224867204075834, 53.38915438458433 ], [ -6.224456073162671, 53.38922954023775 ], [ -6.221426566107618, 53.389057377514206 ], [ -6.220928603858783, 53.389276287538507 ], [ -6.220602487799657, 53.38980584992008 ], [ -6.220662320265081, 53.39011554021068 ], [ -6.221046145217212, 53.390429798712731 ], [ -6.223258892961321, 53.39111154384176 ], [ -6.224274407433593, 53.391521538179049 ], [ -6.224281051057527, 53.391610745030007 ], [ -6.223346041775287, 53.393111547362807 ], [ -6.222991958735606, 53.394055515159401 ], [ -6.223124157540914, 53.394390127585758 ], [ -6.223562476187063, 53.394610794222189 ], [ -6.22472427635725, 53.394671534361834 ], [ -6.227164781966363, 53.394609041387184 ], [ -6.23401873607727, 53.394134099237462 ], [ -6.236119281234355, 53.394065615348488 ], [ -6.236715977891853, 53.394198438911637 ], [ -6.237325052612082, 53.394619690600273 ], [ -6.238260319503129, 53.394924526363468 ], [ -6.240305577742766, 53.394979623851526 ], [ -6.24313051833061, 53.395586529672187 ], [ -6.243882965541261, 53.394823158075141 ], [ -6.244282043991009, 53.393993419929132 ], [ -6.244338535097153, 53.393521748693075 ], [ -6.244273383313177, 53.392467657499168 ], [ -6.244654927181299, 53.390372013140812 ], [ -6.244843712657288, 53.390306982040151 ], [ -6.246699947453909, 53.390436107482323 ] ] } },
{ "type": "Feature", "properties": { "route": "F3", "routes": [ "F3", "N6" ], "category": "spine", "colour": "#d62728", "route_colour": "#42d4f4", "pdf_colour": "#ed1c24", "stroke-width": 2, "source": "pdf-future", "phase": "future" }, "geometry": { "type": "LineString", "coordinates": [ [ -6.286997212252172, 53.377457060915717 ], [ -6.287800452014136, 53.377912458417683 ], [ -6.288278086401756, 53.37842426638143 ], [ -6.289051461868253, 53.378533753311352 ], [ -6.290781586227098, 53.378438465836162 ], [ -6.292707629973482, 53.378046254812595 ], [ -6.294124323804418, 53.37784964456516 ], [ -6.295883448222912, 53.377679097562087 ], [ -6.296165344531183, 53.377724567017573 ], [ -6.296363228468757, 53.377882854563666 ], [ -6.297510986884576, 53.380252030500344 ], [ -6.298172315764699, 53.381193845828477 ], [ -6.29890725181277, 53.381735467472481 ], [ -6.299900112012811, 53.381980805246123 ], [ -6.301675226682431, 53.382037760576793 ], [ -6.302196530663801, 53.381957516206228 ], [ -6.302698459974088, 53.381777724750705 ], [ -6.303160746054946, 53.381394814083002 ], [ -6.303582561309926, 53.380310588142223 ], [ -6.303803424174731, 53.37997831175884 ], [ -6.304251863596353, 53.379665059328467 ], [ -6.304791726739571, 53.379488271923385 ], [ -6.305726595130265, 53.379429970190294 ], [ -6.308050196414952, 53.379740516595533 ], [ -6.310231744793006, 53.379635161604135 ], [ -6.310617986054783, 53.379782425610934 ], [ -6.311014636296587, 53.380973329715253 ], [ -6.311459728504242, 53.381883416484015 ], [ -6.312803879408698, 53.383370476787455 ], [ -6.313174917221465, 53.384092539763593 ], [ -6.313260821430088, 53.385761394600564 ], [ -6.31324815459633, 53.388017848577796 ], [ -6.312855965103169, 53.388284572032809 ], [ -6.312719994142763, 53.388811160959705 ], [ -6.312321514954405, 53.388899655798234 ], [ -6.30980871533982, 53.388594108589231 ], [ -6.308266682953048, 53.388499302902936 ], [ -6.302999091842182, 53.388452007145084 ], [ -6.299250393657529, 53.388617946653298 ], [ -6.298963288515421, 53.38876940832295 ], [ -6.29896985564997, 53.389428812503056 ], [ -6.299065490443658, 53.389746452214425 ], [ -6.299383480873106, 53.389977941062483 ], [ -6.300397937714143, 53.390427921415032 ], [ -6.300713976625097, 53.390695371236049 ], [ -6.301196906156828, 53.391347368220231 ], [ -6.302361059745434, 53.39347489317241 ], [ -6.302829861967918, 53.394131518237565 ], [ -6.30324559131062, 53.394487634951034 ], [ -6.304731853480262, 53.395367240409797 ], [ -6.3055831678701, 53.396123014059555 ], [ -6.305710965418558, 53.3963214625078 ] ] } },
{ "type": "Feature", "properties": { "route": "B1", "routes": [ "B1", "B2", "L52", "L61", "L64", "X61", "X62" ], "category": "spine", "colour": "#d62728", "route_colour": "#3cb44b", "pdf_colour": "#ed1c24", "stroke-width": 2, "source": "pdf-future", "phase": "future" }, "geometry": { "type": "LineString", "coordinates": [ [ -6.395541501723716, 53.394728094964591 ], [ -6.396441797471303, 53.394123688175355 ], [ -6.396790426344492, 53.394028873045862 ], [ -6.401101813620826, 53.39433597686137 ], [ -6.401631195071906, 53.394442011191899 ], [ -6.401832548795388, 53.39462039750876 ], [ -6.401848444426299, 53.394964938259498 ], [ -6.402992053339228, 53.395713437861531 ], [ -6.403429707755205, 53.396375241164769 ], [ -6.403543373839444, 53.396805396975267 ], [ -6.40353333654129, 53.397109237809651 ], [ -6.403051209676179, 53.39831791257398 ], [ -6.402982273272181, 53.39880626057716 ], [ -6.403227158908518, 53.399418949752125 ], [ -6.403825327939798, 53.39994995145647 ], [ -6.404746822394653, 53.400359459661118 ], [ -6.409352291590896, 53.401650683298776 ], [ -6.411238297007083, 53.402431823855977 ], [ -6.412302016422496, 53.402759063837145 ], [ -6.413052130423119, 53.402915952288197 ], [ -6.413887700838803, 53.402981068188204 ], [ -6.414678852442304, 53.402947975284498 ], [ -6.415499744447319, 53.402811632642226 ], [ -6.416230942524396, 53.402586887515298 ], [ -6.417066129737607, 53.402174826453212 ], [ -6.417737781098561, 53.401667408036779 ], [ -6.418279329463823, 53.401086523910578 ], [ -6.419466705234758, 53.399537377442797 ], [ -6.420977755258709, 53.397815728865098 ], [ -6.421978086490213, 53.396492715854095 ], [ -6.422344160235181, 53.395587078502146 ], [ -6.422399283786346, 53.394524164397374 ], [ -6.422147395498047, 53.393949303292231 ], [ -6.42160254146855, 53.393482733804866 ], [ -6.420886176669553, 53.393146675067804 ], [ -6.420063727869119, 53.392925851675322 ], [ -6.415722408117879, 53.392388876054362 ], [ -6.414559439454043, 53.392410133686809 ], [ -6.412479337742184, 53.392651218460919 ], [ -6.412032641523464, 53.392520361714141 ], [ -6.411896992385098, 53.391824531769927 ], [ -6.412105611657411, 53.390593617475901 ], [ -6.412388561819641, 53.389842836412143 ], [ -6.413060230744808, 53.388616166996627 ], [ -6.413118373266591, 53.388384623378364 ], [ -6.412949587219536, 53.387617892480129 ], [ -6.41224452925387, 53.385946665905095 ], [ -6.412069618199915, 53.385146761458806 ], [ -6.412135699943894, 53.384955441822818 ], [ -6.412363191134757, 53.384826411756251 ], [ -6.412696317778095, 53.38478820652756 ], [ -6.416146837232739, 53.385154569043571 ], [ -6.424183721097343, 53.385681254667936 ], [ -6.424758287198932, 53.385667441815094 ], [ -6.425903546960878, 53.385483659123679 ], [ -6.43075917087448, 53.386545416821875 ], [ -6.43106941226649, 53.386691670979729 ], [ -6.431204070064419, 53.386933315920608 ], [ -6.431156502532978, 53.387559277045568 ], [ -6.430994731791731, 53.388229233930204 ], [ -6.431047423357676, 53.388430697571778 ], [ -6.431557040513892, 53.388792298669806 ], [ -6.432917837023084, 53.389347473291487 ], [ -6.433269524716911, 53.389590857280311 ], [ -6.434748527381331, 53.392030816320656 ], [ -6.435339710002848, 53.392674672754993 ], [ -6.435442633197795, 53.392981501397621 ], [ -6.435597423761812, 53.394731205910198 ], [ -6.43551004094702, 53.39565221744305 ], [ -6.434604813804945, 53.396934730921068 ], [ -6.43334416477533, 53.397963758143312 ], [ -6.433189828992806, 53.398314800115486 ], [ -6.433300438145046, 53.398784889059669 ], [ -6.433632567026642, 53.399124789642215 ], [ -6.435054088944198, 53.399804613470778 ], [ -6.436444914437157, 53.400850753732954 ], [ -6.43922878550435, 53.402669997499267 ], [ -6.440315801702989, 53.403667087657617 ], [ -6.44136101068314, 53.404315950653803 ], [ -6.441516639797592, 53.404521137346201 ], [ -6.441490094575596, 53.4047305086699 ], [ -6.441360643345166, 53.404897144137131 ], [ -6.439658543192332, 53.406504701311768 ], [ -6.438493870797918, 53.407460240538427 ], [ -6.43724948889216, 53.408025535746816 ], [ -6.436102008104617, 53.408293289070265 ] ] } },
{ "type": "Feature", "properties": { "route": "71", "routes": [ "71", "81", "F3", "S4" ], "category": "radial", "colour": "#9467bd", "route_colour": "#e377c2", "pdf_colour": "#ed1c24", "stroke-width": 2, "source": "pdf-future", "phase": "future" }, "geometry": { "type": "LineString", "coordinates": [ [ -6.329446356226639, 53.308839459443242 ], [ -6.333024653776889, 53.309745389154564 ], [ -6.333789244860515, 53.310035707040399 ], [ -6.334143741320728, 53.310324181059507 ], [ -6.334365819139438, 53.31074019841784 ], [ -6.334466585333259, 53.311242038207212 ], [ -6.334409760695547, 53.311650678587668 ], [ -6.333996770617775, 53.312249968330335 ], [ -6.333059313863509, 53.312973434178787 ], [ -6.330235583696898, 53.314325245166373 ], [ -6.32933824837245, 53.314628624986895 ], [ -6.328719290843778, 53.314732295511639 ], [ -6.328227885908604, 53.314703292241347 ], [ -6.327148685604828, 53.314469675665869 ], [ -6.326207554904038, 53.314537815258092 ], [ -6.325341833121572, 53.314894049444213 ], [ -6.324434106570234, 53.315590291864645 ], [ -6.324373133940576, 53.315739731947723 ], [ -6.324449668669577, 53.315871801759776 ], [ -6.327021467298443, 53.317993543924267 ], [ -6.327067865014217, 53.318243858230645 ], [ -6.326937932750437, 53.318466500560014 ], [ -6.326672423305006, 53.318633538682569 ], [ -6.326310772536079, 53.318729009732273 ], [ -6.32143619662619, 53.318535054328308 ], [ -6.311424789843368, 53.317586013112738 ], [ -6.310651953391074, 53.317380506864623 ], [ -6.305188162053739, 53.315409350802298 ], [ -6.303445568222596, 53.314917103161726 ], [ -6.299956240500611, 53.314202592805884 ], [ -6.295460148882813, 53.313541481495776 ], [ -6.293828469406058, 53.313205221053352 ], [ -6.293239215639533, 53.313282667800451 ] ] } },
{ "type": "Feature", "properties": { "route": "D2", "routes": [ "D2", "W6", "X58" ], "category": "spine", "colour": "#d62728", "route_colour": "#f58231", "pdf_colour": "#ed1c24", "stroke-width": 2, "source": "pdf-future", "phase": "future" }, "geometry": { "type": "LineString", "coordinates": [ [ -6.387770649129062, 53.282482384369693 ], [ -6.389483681978247, 53.28193648744022 ], [ -6.389734123389226, 53.281923104627822 ], [ -6.392014659063151, 53.283029790689859 ], [ -6.395291394785454, 53.283801700014969 ], [ -6.397452761859759, 53.284118959167891 ], [ -6.397592560312087, 53.284279711750223 ], [ -6.397452416807591, 53.284926232282103 ], [ -6.396076276902158, 53.286577423355446 ], [ -6.39547678828709, 53.287646946333425 ], [ -6.395503441160848, 53.287811708660186 ], [ -6.402276115366983, 53.290220625657014 ], [ -6.4035917457342, 53.290365462588966 ], [ -6.41155383202909, 53.290164916253381 ], [ -6.412280386727318, 53.290040083283046 ], [ -6.414692412215834, 53.28931460547998 ], [ -6.415391422041684, 53.289399117392549 ], [ -6.415703488791892, 53.289665461800077 ], [ -6.416192422836144, 53.291641080310917 ], [ -6.416502174884855, 53.292297499893436 ], [ -6.416855619757444, 53.292777012898512 ], [ -6.417720886569645, 53.293459129709397 ], [ -6.41979924186795, 53.294078299519725 ], [ -6.420361406298984, 53.294344256569786 ], [ -6.421059259718405, 53.294812872195855 ], [ -6.421500916890879, 53.295247701980941 ], [ -6.421832940953669, 53.295780667291012 ], [ -6.4219848795017, 53.296238844852262 ], [ -6.42201219622794, 53.296945814297466 ], [ -6.422141639148422, 53.29723333739279 ], [ -6.422455123502215, 53.297521726990247 ], [ -6.423766007560412, 53.298337673058292 ] ] } },
{ "type": "Feature", "properties": { "route": "C1", "routes": [ "C1", "L53" ], "category": "spine", "colour": "#d62728", "route_colour": "#4363d8", "pdf_colour": "#ed1c24", "stroke-width": 2, "source": "pdf-future", "phase": "future" }, "geometry": { "type": "LineString", "coordinates": [ [ -6.466409627825542, 53.340783043367473 ], [ -6.466358507030874, 53.341618983954092 ], [ -6.466094208762073, 53.341778051314378 ], [ -6.464726845684954, 53.341735882423819 ], [ -6.462746042892423, 53.342042615690843 ], [ -6.45974349070262, 53.342137258955326 ], [ -6.459180793300994, 53.342118374194165 ], [ -6.458490499678574, 53.341969070092262 ], [ -6.457930527566017, 53.342225353593804 ], [ -6.457353555353365, 53.342330134631339 ], [ -6.455303432010046, 53.342458972813439 ], [ -6.453596743059635, 53.34238682139938 ], [ -6.453350321591673, 53.342437323479807 ], [ -6.453228793341244, 53.342569156269164 ], [ -6.45299722894811, 53.343646410153738 ], [ -6.452426562484079, 53.347143543949677 ], [ -6.452077353424649, 53.3486218274248 ], [ -6.451776210494222, 53.348698891913742 ], [ -6.446770045805625, 53.348525464376628 ], [ -6.445110399348317, 53.348603609349219 ], [ -6.444606471681588, 53.348972414049186 ], [ -6.443405905171645, 53.350604240650007 ], [ -6.443012700730227, 53.350984977130075 ], [ -6.439978373709726, 53.352621319249756 ], [ -6.439371185161507, 53.352847343732748 ], [ -6.43899488242269, 53.352740356589798 ], [ -6.438897411127896, 53.352189586813317 ], [ -6.438320118792915, 53.351739165277436 ], [ -6.437586992805168, 53.351431673348948 ], [ -6.435623687765975, 53.350925585092746 ], [ -6.434712126734787, 53.350594366907217 ], [ -6.431726542916081, 53.348723771744844 ], [ -6.431544716464757, 53.348487881639933 ], [ -6.431496726258519, 53.348146493385734 ], [ -6.431947468294411, 53.347141059838911 ], [ -6.432001498519297, 53.346384223836324 ], [ -6.431831961931792, 53.345721509459324 ], [ -6.431136430579497, 53.344219593969683 ], [ -6.43094964345995, 53.344095611825935 ], [ -6.429817076217147, 53.343988628460245 ], [ -6.429679822123398, 53.343882962412017 ], [ -6.429380746673172, 53.343844041015942 ] ] } },
{ "type": "Feature", "properties": { "route": "9", "routes": [ "9", "G2", "L51", "L53", "L55", "N4", "S4", "W2" ], "category": "radial", "colour": "#9467bd", "route_colour": "#17becf", "pdf_colour": "#ed1c24", "stroke-width": 2, "source": "pdf-future", "phase": "future" }, "geometry": { "type": "LineString", "coordinates": [ [ -6.392186500155677, 53.357506372698168 ], [ -6.394939255145208, 53.356152684415136 ], [ -6.395445266534336, 53.355742920490329 ], [ -6.395762303207031, 53.355632264500144 ], [ -6.403680962974494, 53.355976760490186 ], [ -6.404001866044815, 53.355871208515026 ], [ -6.404151752221596, 53.354175578798952 ], [ -6.404279476869019, 53.353544735383807 ], [ -6.406514800695959, 53.346149253493572 ], [ -6.406830339876108, 53.344847141353327 ], [ -6.406939577696095, 53.343969722924818 ], [ -6.406937049957413, 53.343006319265633 ], [ -6.406708946284691, 53.341229666875755 ], [ -6.40661711480848, 53.340995156790726 ], [ -6.406376552995289, 53.340899762797015 ], [ -6.40558151875197, 53.340852725025499 ], [ -6.404973677494175, 53.340649582205494 ], [ -6.402218886753289, 53.338941146086142 ], [ -6.399530953415598, 53.337730651818454 ], [ -6.399085479516408, 53.337704864124817 ], [ -6.398649929786621, 53.33802245888689 ], [ -6.398238944108905, 53.338583788355841 ], [ -6.398040751758527, 53.339155747963019 ], [ -6.398145542239259, 53.341623381435625 ], [ -6.398105664820084, 53.342185523580852 ], [ -6.397967954811747, 53.342929142403648 ], [ -6.39748778550874, 53.344252909165753 ], [ -6.397071885623052, 53.345756438109625 ], [ -6.396893926324895, 53.348853815627479 ], [ -6.396666393017677, 53.350081228595528 ], [ -6.396541690929223, 53.350143953304659 ], [ -6.391886725913174, 53.349929797521781 ], [ -6.389069599331549, 53.349708233032047 ], [ -6.388279855133044, 53.34983939743622 ], [ -6.384397253845885, 53.349432596201055 ], [ -6.383009224654391, 53.349112783812984 ], [ -6.380121524984389, 53.347852990331546 ], [ -6.379232173831452, 53.347665409610869 ], [ -6.378245783312783, 53.34762931605632 ], [ -6.377594860579729, 53.347163942447715 ], [ -6.376960404031862, 53.346908077465997 ], [ -6.37428596625763, 53.34628414510447 ], [ -6.369375209916294, 53.34556705016233 ], [ -6.360680866402146, 53.344670851602856 ], [ -6.359941881703945, 53.344698321874482 ], [ -6.35834953836583, 53.344501150138292 ] ] } },
{ "type": "Feature", "properties": { "route": "G1", "routes": [ "G1", "L54" ], "category": "spine", "colour": "#d62728", "route_colour": "#bfef45", "pdf_colour": "#ed1c24", "stroke-width": 2, "source": "pdf-future", "phase": "future" }, "geometry": { "type": "LineString", "coordinates": [ [ -6.358370022605391, 53.344369645781207 ], [ -6.358900884740203, 53.344419699690356 ], [ -6.359287574550938, 53.344360903514684 ], [ -6.359556109388293, 53.344192945064094 ], [ -6.359641242470375, 53.343962115346905 ], [ -6.359500836257784, 53.342841010938088 ], [ -6.359266373388411, 53.341796446357556 ], [ -6.357446990807817, 53.337967001616427 ], [ -6.357469765196734, 53.337824553986714 ], [ -6.357645295909247, 53.337731162504433 ], [ -6.360335591164083, 53.337415185540387 ], [ -6.361872460610647, 53.337364803954344 ], [ -6.363141748032291, 53.337635459531164 ], [ -6.366406346491848, 53.338677142255342 ], [ -6.367469293081004, 53.338882319126846 ], [ -6.369544885506556, 53.339114280509392 ], [ -6.373567324718365, 53.340172006743963 ], [ -6.37548581848864, 53.340367801670908 ], [ -6.376473165974712, 53.34032989465647 ], [ -6.376717545458936, 53.340205312684695 ], [ -6.376672836175861, 53.339134756249933 ], [ -6.376341176240391, 53.338436742863792 ], [ -6.376535028147727, 53.33825580520044 ], [ -6.377511060301598, 53.337851470889987 ], [ -6.37758570564793, 53.337752409937693 ], [ -6.377546184423824, 53.337620318784147 ], [ -6.375517359318359, 53.336452266691367 ], [ -6.368809207227831, 53.332927665645805 ], [ -6.367578628731715, 53.332176865695828 ], [ -6.36706084968415, 53.331669998003122 ], [ -6.366707964222936, 53.330942413058764 ], [ -6.366624350730286, 53.3304350248604 ], [ -6.366727602735206, 53.329859553728639 ], [ -6.366841869025156, 53.329737532357655 ], [ -6.367306690210327, 53.329674800660591 ], [ -6.370983354264646, 53.330341247531443 ], [ -6.37236375038041, 53.330495800317202 ], [ -6.373741744540085, 53.330514242006416 ], [ -6.375783637812621, 53.330356175996208 ], [ -6.38026408196512, 53.330587723391609 ], [ -6.380458336527782, 53.330542843943249 ], [ -6.380549134924904, 53.330438208141153 ], [ -6.380420723194876, 53.330111698680973 ], [ -6.380104096543132, 53.329715188197625 ], [ -6.379221522540047, 53.328817538416764 ], [ -6.37754885871967, 53.32768591624307 ], [ -6.374443443959805, 53.325845163090342 ], [ -6.372766442907042, 53.324688417453217 ], [ -6.372716750292241, 53.324487033133984 ], [ -6.372798768461469, 53.324336149006534 ], [ -6.373487593865081, 53.323860195685974 ], [ -6.373946346135567, 53.323346145732849 ], [ -6.374848764511253, 53.322018542224555 ], [ -6.374788890307173, 53.321823891050194 ], [ -6.373538568857679, 53.32136567137259 ], [ -6.370537504717236, 53.320761109527162 ], [ -6.369487246869947, 53.31950890209459 ], [ -6.368821504268054, 53.319112160632137 ], [ -6.368454241065646, 53.319079438465998 ], [ -6.367487209920184, 53.319256931462206 ], [ -6.366170854508977, 53.319026045275116 ], [ -6.365965180739627, 53.319086628280999 ], [ -6.365781663966965, 53.319292848052484 ] ] } },
{ "type": "Feature", "properties": { "route": "C3", "routes": [ "C3", "C4", "L54", "X25", "X30", "X31", "X32" ], "category": "spine", "colour": "#d62728", "route_colour": "#4363d8", "pdf_colour": "#ed1c24", "stroke-width": 2, "source": "pdf-future", "phase": "future" }, "geometry": { "type": "LineString", "coordinates": [ [ -6.426941888514101, 53.362414048120925 ], [ -6.430025186504994, 53.36263264935458 ], [ -6.432882192394433, 53.362670203951083 ], [ -6.437556400821982, 53.363177971196819 ], [ -6.439359595223209, 53.363156641607645 ], [ -6.440115985887487, 53.363000586607747 ], [ -6.441171905650236, 53.362639379666177 ], [ -6.443454951120784, 53.361117212993499 ], [ -6.444702416399322, 53.360510985001028 ], [ -6.445804452283521, 53.360145996083489 ], [ -6.447132907373787, 53.359995068706425 ], [ -6.451408321589945, 53.359998115061998 ], [ -6.453925910196527, 53.359706580144703 ], [ -6.457216454427766, 53.35912438115615 ], [ -6.458782926972645, 53.359013761238707 ], [ -6.460486294583247, 53.359135842290286 ], [ -6.462218547236105, 53.35945175485201 ], [ -6.463444695201633, 53.359500192096263 ], [ -6.467602735769542, 53.361217734420521 ], [ -6.469480452189766, 53.361820593479692 ], [ -6.471427001139505, 53.362317235389199 ], [ -6.473168736778439, 53.362539365900538 ], [ -6.47443218909745, 53.362576785649097 ], [ -6.476488633676043, 53.362587163277837 ], [ -6.476718378376892, 53.362524215899562 ], [ -6.476790135634495, 53.362383063868123 ] ] } },
{ "type": "Feature", "properties": { "route": "A1", "routes": [ "A1", "A3", "F1", "S6" ], "category": "spine", "colour": "#d62728", "route_colour": "#e6194b", "pdf_colour": "#ed1c24", "stroke-width": 2, "source": "pdf-future", "phase": "future" }, "geometry": { "type": "LineString", "coordinates": [ [ -6.300719215863195, 53.298102137452197 ], [ -6.301308395406672, 53.297989676500983 ], [ -6.303097424914974, 53.297860934827739 ], [ -6.304717190175828, 53.297588667496385 ], [ -6.309045319943453, 53.296241635679898 ], [ -6.312050884493638, 53.295654900019926 ], [ -6.31096408586486, 53.294800865629242 ], [ -6.310259361997381, 53.29436507982107 ], [ -6.309371374622145, 53.294012477465131 ], [ -6.307778305295724, 53.293540190347777 ], [ -6.306575114915937, 53.292964175669148 ], [ -6.308658112082155, 53.29212195728563 ], [ -6.309651313179389, 53.29178710122634 ], [ -6.310592639164233, 53.291635937770899 ], [ -6.311563489869366, 53.291616601061179 ], [ -6.313792911547631, 53.29174359311007 ], [ -6.315167086147635, 53.291603878512767 ], [ -6.31611839749339, 53.291339939649681 ], [ -6.317918711171518, 53.29063329429286 ], [ -6.323128294608541, 53.289318580098531 ], [ -6.323165698681536, 53.289152511030622 ], [ -6.322311859385971, 53.288000532099666 ], [ -6.321961613847873, 53.287400061398436 ], [ -6.321731680284281, 53.286713741825395 ], [ -6.321641608253162, 53.286110149223383 ], [ -6.321744900108104, 53.285041506723424 ], [ -6.322460271111408, 53.283372838293928 ], [ -6.322650206005897, 53.28258358438304 ], [ -6.322573246713465, 53.281106032939817 ], [ -6.322391039326001, 53.279787754339551 ], [ -6.322421104382511, 53.279029284107843 ] ] } },
{ "type": "Feature", "properties": { "route": "A1", "routes": [ "A1", "F1", "S8" ], "category": "spine", "colour": "#d62728", "route_colour": "#e6194b", "pdf_colour": "#ed1c24", "stroke-width": 2, "source": "pdf-future", "phase": "future" }, "geometry": { "type": "LineString", "coordinates": [ [ -6.30078261084611, 53.297936755844567 ], [ -6.301510540464942, 53.297759941054409 ], [ -6.301647825154448, 53.297637528170974 ], [ -6.301167774834878, 53.296309370917228 ], [ -6.300880870453812, 53.295356451783135 ], [ -6.300910034257435, 53.295237181197678 ], [ -6.303268873170797, 53.293686008421723 ], [ -6.303366277608168, 53.293558539305543 ], [ -6.302931590980963, 53.291952484345067 ], [ -6.302283902521896, 53.2877718973456 ], [ -6.302276049043351, 53.286896383597629 ], [ -6.302330007878142, 53.286671731768905 ], [ -6.302477664341686, 53.286497575032676 ], [ -6.303000543627001, 53.286244311823793 ], [ -6.30429033379674, 53.285853278170428 ], [ -6.305841378712516, 53.28485093857266 ], [ -6.306624626788868, 53.284511529599762 ], [ -6.307547975309042, 53.284434916870431 ], [ -6.30926688783247, 53.284574415030974 ], [ -6.309540199196901, 53.284490612297873 ], [ -6.309608560891648, 53.28436437569983 ], [ -6.309558207257324, 53.28418798264012 ], [ -6.309077793754755, 53.283213939588435 ], [ -6.308184969038631, 53.282249995593027 ], [ -6.308184730127284, 53.28206992632046 ], [ -6.308387102953998, 53.281907220330993 ], [ -6.311276316547517, 53.281294399140911 ], [ -6.313648683508732, 53.280479841591479 ], [ -6.315571796483412, 53.279971512478973 ], [ -6.321975860140403, 53.279448658123343 ], [ -6.32212984293851, 53.279375704042671 ], [ -6.322166411105102, 53.279165597476393 ] ] } },
{ "type": "Feature", "properties": { "route": "98", "routes": [ "98", "B3", "S8" ], "category": "radial", "colour": "#9467bd", "route_colour": "#c7c7c7", "pdf_colour": "#ed1c24", "stroke-width": 2, "source": "pdf-future", "phase": "future" }, "geometry": { "type": "LineString", "coordinates": [ [ -6.130469298792664, 53.292519644955405 ], [ -6.129563085787145, 53.292326616489554 ], [ -6.128436657904802, 53.2919497010801 ], [ -6.123553959386964, 53.289944897802002 ], [ -6.123071165836414, 53.290044167069915 ], [ -6.121798104937657, 53.291428990505601 ], [ -6.121939945373724, 53.291663822979288 ], [ -6.122790046698296, 53.292049435139312 ], [ -6.125008591961352, 53.292852375931503 ], [ -6.127145164004489, 53.293275016327684 ], [ -6.128958334512363, 53.293406003767437 ], [ -6.130362176235147, 53.293317091353394 ], [ -6.130505146636863, 53.29316881976397 ], [ -6.130497770981011, 53.292653444561125 ], [ -6.130682430750863, 53.292555292793956 ], [ -6.13390137920214, 53.292675446312565 ], [ -6.134669892775606, 53.292552723505402 ], [ -6.136839468956905, 53.291878853196266 ], [ -6.137975239689169, 53.291637799584521 ], [ -6.138886534423912, 53.291600882021861 ], [ -6.141020196092512, 53.291755351707991 ], [ -6.142456396798435, 53.291653290293617 ], [ -6.154779809450357, 53.293653830373302 ], [ -6.158324737224183, 53.294459842828772 ], [ -6.158556852341047, 53.294572019352707 ], [ -6.158746649554644, 53.294809120634248 ] ] } },
{ "type": "Feature", "properties": { "route": "74", "routes": [ "74", "80", "A2", "A4", "L35", "S6", "S8" ], "category": "radial", "colour": "#9467bd", "route_colour": "#ff9896", "pdf_colour": "#ed1c24", "stroke-width": 2, "source": "pdf-future", "phase": "future" }, "geometry": { "type": "LineString", "coordinates": [ [ -6.23502549109365, 53.292760276455965 ], [ -6.230610034792224, 53.291471077615512 ], [ -6.230387186035895, 53.29131112939951 ], [ -6.229006767067704, 53.289758087071618 ], [ -6.229202163683236, 53.289632209501569 ], [ -6.234782245918824, 53.289135577601584 ], [ -6.23576741317364, 53.288877535976972 ], [ -6.236347383393117, 53.288583768135759 ], [ -6.23633821108618, 53.28734209149961 ], [ -6.235964677641425, 53.286790021969885 ], [ -6.235693121944816, 53.285748477681992 ], [ -6.234884374945874, 53.283988478451413 ], [ -6.233976558684685, 53.282607992437015 ], [ -6.23372436519424, 53.282347233077871 ], [ -6.2341181883499, 53.280884134543243 ], [ -6.234348384243738, 53.279026571663955 ], [ -6.235907137402614, 53.278413571998641 ], [ -6.242411302267704, 53.275505530491408 ], [ -6.243206927462468, 53.27526548351797 ], [ -6.244155034374441, 53.275160515506329 ], [ -6.2443363788481, 53.275263346347394 ], [ -6.244413741173555, 53.275893612220329 ], [ -6.244383568465285, 53.276277948801571 ], [ -6.244070332843727, 53.277076945951379 ], [ -6.244416753911786, 53.27971302721788 ], [ -6.244709606524236, 53.280251958890169 ], [ -6.24510485672667, 53.280701566805426 ], [ -6.245651640933172, 53.281095161814953 ], [ -6.246229223172422, 53.281345521070612 ], [ -6.24690133800251, 53.281501346791146 ], [ -6.247792386464718, 53.281586936732133 ], [ -6.251045994247069, 53.281606971667188 ], [ -6.251127346297484, 53.281519091954536 ], [ -6.251407842944083, 53.27983992143573 ], [ -6.251729277096354, 53.279109164919696 ], [ -6.252180137926913, 53.278590904838772 ], [ -6.252736528446825, 53.278167468197275 ], [ -6.253298430736386, 53.277838210217908 ], [ -6.253653840536707, 53.277789590532223 ], [ -6.253957591850173, 53.277878653092074 ], [ -6.255112223358081, 53.278626443892321 ], [ -6.256145843343955, 53.279183968532855 ], [ -6.25856663621775, 53.280169320684209 ], [ -6.265838257025219, 53.282473393563343 ], [ -6.268968445852459, 53.28318840818266 ], [ -6.269287210052481, 53.283731026266381 ], [ -6.269569940945141, 53.284614810879482 ], [ -6.269817142227292, 53.285026491005432 ], [ -6.2703274681853, 53.285399114698421 ], [ -6.271566947025991, 53.28588905878042 ], [ -6.272011226935067, 53.286186910022465 ], [ -6.272922253673646, 53.28755947815614 ], [ -6.27387575696018, 53.288801123629931 ], [ -6.273918114335772, 53.289166371289383 ], [ -6.273708217596029, 53.290899427364245 ], [ -6.273535338705078, 53.294561136512868 ], [ -6.273387174767406, 53.294792299761603 ], [ -6.272714195323798, 53.295198647726387 ], [ -6.272588811818652, 53.295438416316173 ], [ -6.272759399049459, 53.295721025581194 ], [ -6.273329349157296, 53.295995191360561 ] ] } },
{ "type": "Feature", "properties": { "route": "98", "routes": [ "98", "B3" ], "category": "radial", "colour": "#9467bd", "route_colour": "#c7c7c7", "pdf_colour": "#ed1c24", "stroke-width": 2, "source": "pdf-future", "phase": "future" }, "geometry": { "type": "LineString", "coordinates": [ [ -6.158893920549376, 53.294762998469189 ], [ -6.15938147211847, 53.295278069791898 ], [ -6.159976895463512, 53.29568595585463 ], [ -6.162402713974313, 53.296859506685529 ], [ -6.163528353732522, 53.297228398451125 ], [ -6.165284946823977, 53.297493936981368 ], [ -6.166110817628049, 53.297698845290093 ], [ -6.169078705954105, 53.298914743675681 ], [ -6.169603063656819, 53.299210711578688 ], [ -6.171003309055704, 53.300241095401773 ], [ -6.172565162396179, 53.300834599523796 ], [ -6.175006103711633, 53.302230627995741 ], [ -6.177381965199822, 53.303212791011219 ], [ -6.180630637055018, 53.305121355701559 ], [ -6.181737304797468, 53.305526758597239 ], [ -6.18420407970017, 53.306135194772516 ], [ -6.18509061793175, 53.306504764744176 ], [ -6.190109774109258, 53.309061368989219 ], [ -6.191256312849574, 53.309736920554208 ], [ -6.192325203137442, 53.31073853303041 ], [ -6.194511318593886, 53.313259216908079 ], [ -6.195150103119873, 53.313805297789784 ], [ -6.196195888697913, 53.314470181632828 ], [ -6.198359617878284, 53.315416723250529 ], [ -6.203158919529011, 53.316868127971929 ], [ -6.204002816524344, 53.317223565535038 ], [ -6.204986612635829, 53.31777377023424 ] ] } },
{ "type": "Feature", "properties": { "route": "197", "routes": [ "197", "22", "A4", "L82", "L85", "X79", "X84" ], "category": "radial", "colour": "#9467bd", "route_colour": "#ff9896", "pdf_colour": "#ed1c24", "stroke-width": 2, "source": "pdf-future", "phase": "future" }, "geometry": { "type": "LineString", "coordinates": [ [ -6.232568207490591, 53.418680327946156 ], [ -6.232020239114861, 53.419466113959771 ], [ -6.23179061830797, 53.419978221648698 ], [ -6.231565155313912, 53.421656847109674 ], [ -6.231828685100353, 53.42330439105497 ], [ -6.232658887848744, 53.426711533464172 ], [ -6.232682471325584, 53.427597466768454 ], [ -6.232414368417291, 53.428467682161653 ], [ -6.230843168260847, 53.43087498003861 ], [ -6.230626178781594, 53.431552479533728 ], [ -6.230561427008908, 53.432223001873346 ], [ -6.230646444695903, 53.433244606979507 ], [ -6.231286001859374, 53.437051848452619 ], [ -6.231511022537011, 53.437886089841342 ], [ -6.232015529256888, 53.439083848151505 ], [ -6.232173974125656, 53.439674243970906 ], [ -6.232207187712652, 53.441330701292316 ], [ -6.232108005321655, 53.442357437798591 ], [ -6.231788100579701, 53.443257293873778 ], [ -6.23129741332289, 53.443957564547176 ], [ -6.230717571152343, 53.444473413417725 ], [ -6.22968618390159, 53.445117367871845 ], [ -6.229646854750881, 53.445318398262344 ], [ -6.229865342667003, 53.446021421043284 ], [ -6.229751263351155, 53.446514577113597 ], [ -6.227701175514108, 53.449516420690522 ], [ -6.226937610143943, 53.45020847338035 ], [ -6.226471374188144, 53.450816358265442 ], [ -6.225727154781951, 53.452214169223865 ], [ -6.225106664254607, 53.453548229381973 ], [ -6.225036642834274, 53.453888496924797 ], [ -6.225206758286002, 53.453962020615421 ], [ -6.226748562904326, 53.453989796844589 ], [ -6.227577416417347, 53.454119757815491 ], [ -6.229833673788503, 53.45500972617171 ], [ -6.235512620936943, 53.456637451051805 ], [ -6.23702226468914, 53.457162550796092 ], [ -6.238427126081779, 53.457904955986997 ], [ -6.240825036537197, 53.45964196590284 ], [ -6.242992590376534, 53.46070865065176 ], [ -6.244533506773515, 53.461866798594627 ], [ -6.244747844809052, 53.461932488826179 ], [ -6.24495625312174, 53.461881981646457 ], [ -6.24546142350517, 53.461466193378577 ], [ -6.245686812842801, 53.460924963624706 ], [ -6.245654224202581, 53.460492950915949 ], [ -6.245192662976783, 53.458806157142284 ], [ -6.245178549076778, 53.458318613505448 ], [ -6.245274804473348, 53.45793202341423 ], [ -6.245662834831657, 53.457293059846378 ], [ -6.247553732925402, 53.454939233727259 ], [ -6.248170796916436, 53.454831511719419 ], [ -6.251228491354859, 53.455299523173586 ], [ -6.252777542635787, 53.455431527450237 ], [ -6.253736873470401, 53.455393879744307 ], [ -6.25600410508764, 53.455074715532994 ], [ -6.257188304376515, 53.455045016303522 ] ] } },
{ "type": "Feature", "properties": { "route": "20", "routes": [ "20", "H2", "L81", "X77", "X78" ], "category": "radial", "colour": "#9467bd", "route_colour": "#98df8a", "pdf_colour": "#ed1c24", "stroke-width": 2, "source": "pdf-future", "phase": "future" }, "geometry": { "type": "LineString", "coordinates": [ [ -6.153883589931149, 53.44428879841054 ], [ -6.152329540398313, 53.444156661929966 ], [ -6.150411567133711, 53.444395032557921 ], [ -6.148806107279635, 53.444315555158916 ], [ -6.145811326790777, 53.443738168959264 ], [ -6.143460124919193, 53.443071768359729 ], [ -6.14146055087194, 53.44231063195307 ], [ -6.138976247053527, 53.441570686321406 ], [ -6.137678524082903, 53.441089205177931 ], [ -6.136948888278231, 53.440649759399093 ], [ -6.136041867129107, 53.439617416125252 ], [ -6.135397090744442, 53.439222229569594 ], [ -6.134764173805479, 53.43905943783647 ], [ -6.133493390402229, 53.438958802146836 ], [ -6.132850974234993, 53.438814765803947 ], [ -6.130877740871425, 53.43819237437333 ], [ -6.126498613825245, 53.436512999694052 ], [ -6.125721422954052, 53.436018277196339 ], [ -6.124187909031399, 53.43439116102072 ], [ -6.123791794026521, 53.432347973094231 ], [ -6.123708622094897, 53.431294405616661 ], [ -6.123413775280977, 53.430717407907558 ], [ -6.122834144070056, 53.430052849663802 ], [ -6.122753446051235, 53.429775619020198 ], [ -6.122844312627795, 53.42955494445151 ], [ -6.123326823639703, 53.429012512775266 ], [ -6.12387597486264, 53.427841623397761 ], [ -6.124663445531686, 53.426813085141127 ], [ -6.125262251408043, 53.426714883703042 ], [ -6.127559533350538, 53.426923698637097 ], [ -6.130394501037953, 53.427302789933911 ], [ -6.130971035844553, 53.427517108894293 ], [ -6.131198586904906, 53.427726198623667 ], [ -6.131375404905739, 53.428037982835249 ], [ -6.131676733865947, 53.428142986919624 ], [ -6.137038205802397, 53.427855647965316 ], [ -6.137241594521688, 53.427767995076799 ], [ -6.137051402962716, 53.426940677017711 ], [ -6.137046058147702, 53.426386341890783 ], [ -6.136947805716702, 53.426167667567185 ], [ -6.135782838129802, 53.425205528532793 ], [ -6.134122715171815, 53.424129257301018 ], [ -6.133838617290801, 53.423826639730478 ], [ -6.133597159701713, 53.423349088442464 ], [ -6.133527171143471, 53.422856065520371 ], [ -6.133569354954197, 53.422358006762671 ], [ -6.134471774840674, 53.417097028113361 ], [ -6.134480680284541, 53.416798159090106 ], [ -6.134360381719272, 53.416391836244081 ], [ -6.134892204032144, 53.415951744176965 ], [ -6.136695499474901, 53.414981085356303 ], [ -6.138929017963264, 53.413591655558832 ], [ -6.142005499143056, 53.411874399739105 ], [ -6.142181573969067, 53.411646975783363 ], [ -6.142018339163986, 53.411464595964276 ], [ -6.14163407586148, 53.411280371334144 ], [ -6.139885087516336, 53.410802959804599 ], [ -6.139193819739996, 53.410463563485528 ], [ -6.138255134055965, 53.40975849739884 ], [ -6.136944178985372, 53.408491391719387 ], [ -6.136275789472432, 53.407627416917101 ], [ -6.135811773031288, 53.406789855132914 ], [ -6.135661526693234, 53.40626769994725 ], [ -6.135529212303915, 53.405029768647715 ], [ -6.135254696184163, 53.404289251328549 ], [ -6.133500951520189, 53.401419877763878 ], [ -6.129472918194506, 53.397548019743859 ], [ -6.128470194072253, 53.39631407552524 ], [ -6.127714772840304, 53.395714892112331 ], [ -6.126901291619565, 53.394928107959259 ], [ -6.125287009232316, 53.393745011439862 ], [ -6.124329534729358, 53.392691326678573 ], [ -6.123714728780984, 53.391654708308174 ], [ -6.121740082157576, 53.387644094924589 ], [ -6.121112616552145, 53.386064952146377 ], [ -6.120144195943594, 53.384441778857735 ], [ -6.120134858570664, 53.384038390938393 ], [ -6.120371603090518, 53.383370417112324 ], [ -6.120736177643223, 53.383050945054819 ], [ -6.121125807479928, 53.382843174531537 ], [ -6.121382749168029, 53.382810957006555 ] ] } },
{ "type": "Feature", "properties": { "route": "37", "routes": [ "37", "B1", "L52", "L61", "X61", "X62" ], "category": "radial", "colour": "#9467bd", "route_colour": "#8c564b", "pdf_colour": "#ed1c24", "stroke-width": 2, "source": "pdf-future", "phase": "future" }, "geometry": { "type": "LineString", "coordinates": [ [ -6.394312943492153, 53.394997705186313 ], [ -6.396407305094859, 53.393763650294055 ], [ -6.400908731706788, 53.394071779256407 ], [ -6.401386178175986, 53.394023386394849 ], [ -6.40180537447164, 53.393832403501087 ], [ -6.402222146525399, 53.393279229879859 ], [ -6.402674295966292, 53.392371867833546 ], [ -6.404377724390552, 53.387726283628794 ], [ -6.404623435168086, 53.38728662670141 ], [ -6.405053643860132, 53.387170961316393 ], [ -6.407001429482961, 53.387469566687258 ], [ -6.432471453749987, 53.392570797503154 ], [ -6.434410158097749, 53.392910177013398 ], [ -6.440128441762528, 53.393693646814434 ], [ -6.442413919973841, 53.39423526600315 ], [ -6.444941975541305, 53.394947358727343 ], [ -6.447353414799972, 53.395454296299192 ], [ -6.44924699852169, 53.396024563507481 ], [ -6.449331493814375, 53.396233870806704 ], [ -6.448984222297579, 53.39699595511545 ], [ -6.447937693733642, 53.397947616801588 ], [ -6.447291653857409, 53.398734810220205 ], [ -6.446738139527925, 53.401053985695903 ], [ -6.444542657802663, 53.401875222564307 ], [ -6.44355075324801, 53.402350161880918 ], [ -6.442845034451747, 53.40285968026194 ], [ -6.441937505073098, 53.403851031071156 ] ] } },
{ "type": "Feature", "properties": { "route": "B3", "routes": [ "B3", "L62", "N8" ], "category": "spine", "colour": "#d62728", "route_colour": "#3cb44b", "pdf_colour": "#ed1c24", "stroke-width": 2, "source": "pdf-future", "phase": "future" }, "geometry": { "type": "LineString", "coordinates": [ [ -6.367104678114072, 53.423240171493575 ], [ -6.36778315591809, 53.423420173908703 ], [ -6.368287534966733, 53.423412507404265 ], [ -6.368575005180482, 53.42328506378454 ], [ -6.368699261930634, 53.423012253850636 ], [ -6.368949781719635, 53.422806805961081 ], [ -6.370668759589548, 53.422263066977045 ], [ -6.37470380349929, 53.421331430971705 ], [ -6.375614839869833, 53.421455562883587 ], [ -6.376265510659999, 53.421249695152198 ], [ -6.377603657051931, 53.421413133928986 ], [ -6.381295971782201, 53.422092999307303 ], [ -6.382872062350017, 53.422450797465537 ], [ -6.383794297146736, 53.422832315459502 ], [ -6.384377463490047, 53.422833735329419 ], [ -6.384675924758698, 53.422744595713574 ], [ -6.384864381802415, 53.422578520602038 ], [ -6.384865486271603, 53.422385482315271 ], [ -6.384639584738248, 53.422038387951694 ], [ -6.384627587989351, 53.421849004536341 ], [ -6.385427820301302, 53.420602727582008 ], [ -6.386240256733419, 53.419764916121238 ], [ -6.38694795858825, 53.41918042396162 ], [ -6.387164892919606, 53.419110135300514 ], [ -6.389236856914566, 53.419327995814605 ], [ -6.389616487036802, 53.419536106290771 ], [ -6.389938883822392, 53.41986574596168 ], [ -6.390022529799434, 53.420523187480391 ], [ -6.390273860942695, 53.420740908991561 ], [ -6.391953106628876, 53.421245485968299 ], [ -6.39326117304412, 53.421298090657352 ], [ -6.395795238601095, 53.422312447967641 ], [ -6.396465860660231, 53.422222148168089 ], [ -6.397520297850612, 53.421538789395882 ], [ -6.398863232290221, 53.420916079920353 ], [ -6.399031632301844, 53.420638435478523 ], [ -6.399000356446403, 53.420421532687243 ], [ -6.398814552735041, 53.420222550324084 ], [ -6.398380174709559, 53.420042001906822 ], [ -6.397766002962229, 53.419964735712512 ], [ -6.395209077272691, 53.419928115797603 ], [ -6.394616114808908, 53.419805394501388 ], [ -6.394453107772269, 53.419690044139415 ], [ -6.394102439181674, 53.419105567844269 ], [ -6.393855291725406, 53.418880954543567 ], [ -6.393408029107381, 53.418658050639337 ], [ -6.39161628261996, 53.418057465487337 ], [ -6.391275231107981, 53.417752341141899 ], [ -6.390944068448057, 53.41707334755381 ], [ -6.390729227093363, 53.416837584553498 ], [ -6.389344920008365, 53.416225768490911 ], [ -6.389191179332259, 53.416062646436906 ], [ -6.390135505590262, 53.415117284644538 ], [ -6.391585739362906, 53.4141442897809 ], [ -6.392646987131853, 53.413089981394847 ], [ -6.394109990857351, 53.411445089270977 ], [ -6.394645814038082, 53.41039989143372 ], [ -6.39645475383209, 53.408535069237999 ], [ -6.397841053985315, 53.406840131514912 ], [ -6.398122233559548, 53.406345393152698 ], [ -6.397998540375739, 53.40614305186606 ], [ -6.397551102870836, 53.405851119203959 ], [ -6.393351529690841, 53.403699326903137 ], [ -6.392879322651231, 53.403322709707908 ], [ -6.39237576043384, 53.402732188672537 ], [ -6.392003873305431, 53.402458259915875 ], [ -6.391072471867687, 53.401969462041734 ], [ -6.389947699555956, 53.4016055949688 ], [ -6.389215340350852, 53.401269113179261 ], [ -6.38801057277848, 53.400487985086961 ], [ -6.387973098637405, 53.400391960669488 ], [ -6.388105406416494, 53.400306429087046 ], [ -6.391435999743135, 53.399647262118435 ], [ -6.39338079793542, 53.399075484197127 ], [ -6.394754758176221, 53.398376568424887 ], [ -6.395889537568046, 53.397681329809814 ], [ -6.398457114170694, 53.396369759991032 ], [ -6.400479585367573, 53.395092789256125 ], [ -6.397437119496924, 53.394843256841504 ], [ -6.397165860314819, 53.394925113155409 ], [ -6.395999812055479, 53.395743568075893 ] ] } },
{ "type": "Feature", "properties": { "route": "52", "routes": [ "52", "82", "C1", "C2", "C3", "C4", "L13", "S2" ], "category": "radial", "colour": "#9467bd", "route_colour": "#c5b0d5", "pdf_colour": "#ed1c24", "stroke-width": 2, "source": "pdf-future", "phase": "future" }, "geometry": { "type": "LineString", "coordinates": [ [ -6.204197241819061, 53.322769645304106 ], [ -6.20468426173958, 53.32273751125647 ], [ -6.205340460163891, 53.323684192632598 ], [ -6.206916316541957, 53.324807252148247 ], [ -6.207245203406087, 53.325194083417159 ], [ -6.207409815020413, 53.32570261366839 ], [ -6.207418581839069, 53.326241033711568 ], [ -6.207311467591499, 53.32658432154701 ], [ -6.206987349888816, 53.326924870684152 ], [ -6.206971075777028, 53.32704848360131 ], [ -6.207224364482394, 53.327381297110257 ], [ -6.208202173834495, 53.32804438298021 ], [ -6.208632285639986, 53.328650967545443 ], [ -6.208906744723202, 53.32962056344666 ], [ -6.208894000266814, 53.330102394930506 ], [ -6.208733413317093, 53.330576314577264 ], [ -6.208818485207667, 53.330801642723394 ], [ -6.210144872440035, 53.331750045016605 ], [ -6.213272444196588, 53.333736434934941 ], [ -6.214154983826641, 53.334105899143474 ], [ -6.215721871114071, 53.334433443382466 ], [ -6.215842226715874, 53.334610687646446 ], [ -6.216364221557124, 53.336244060655197 ], [ -6.217040618471701, 53.33703222067318 ], [ -6.217257989831412, 53.337626175799407 ], [ -6.217539697843564, 53.338094788214832 ], [ -6.217764805209172, 53.338282805963864 ], [ -6.219540828686232, 53.339213090656258 ], [ -6.220662255106014, 53.34000601926909 ], [ -6.221006934104264, 53.340136178356985 ], [ -6.225616140138258, 53.339848948943064 ], [ -6.228476860768561, 53.34023772455361 ] ] } },
{ "type": "Feature", "properties": { "route": null, "routes": [ ], "category": null, "colour": null, "route_colour": null, "pdf_colour": "#ef3b2c", "stroke-width": 2, "source": "pdf-future", "phase": "future" }, "geometry": { "type": "LineString", "coordinates": [ [ -6.369708243260223, 53.302492796265234 ], [ -6.371545869601781, 53.301320974850178 ], [ -6.372904418077978, 53.300788709843033 ], [ -6.384122740746507, 53.298466519173708 ], [ -6.406103490361734, 53.294417291672971 ], [ -6.412150463529031, 53.293136730657629 ], [ -6.413410533694424, 53.292696894121768 ], [ -6.414005450887353, 53.29236750903776 ], [ -6.41457142505717, 53.291884304899639 ], [ -6.415587138401845, 53.29081178618118 ], [ -6.41603723849337, 53.29047356893205 ], [ -6.41748255428077, 53.289686509039349 ], [ -6.418528260914163, 53.289371048048309 ], [ -6.421380796422993, 53.289199411307287 ], [ -6.422595392977927, 53.289268550360966 ], [ -6.424020153135671, 53.289145178999192 ], [ -6.42624982297955, 53.289187147884093 ], [ -6.427014069388709, 53.289301395098882 ], [ -6.427811919386344, 53.289733641997394 ], [ -6.429287165382316, 53.289781665443428 ], [ -6.432563957196838, 53.290135430060495 ] ] } },
{ "type": "Feature", "properties": { "route": "10", "routes": [ "10", "20", "21", "73", "78" ], "category": "radial", "colour": "#9467bd", "route_colour": "#ffbb78", "pdf_colour": "#009bdf", "stroke-width": 2, "source": "pdf-future", "phase": "future" }, "geometry": { "type": "LineString", "coordinates": [ [ -6.015082490849983, 53.346771695172883 ], [ -6.013469137289645, 53.347293219179363 ], [ -6.010203292147338, 53.348681353000892 ], [ -6.00979028582737, 53.349205616083381 ], [ -6.009712760324555, 53.349791771179248 ], [ -6.009857400272742, 53.350336786119783 ], [ -6.010293837468477, 53.350855507214575 ], [ -6.010912189692146, 53.351342027026597 ], [ -6.011979834430354, 53.351823424692732 ], [ -6.012623192267116, 53.352007499932455 ], [ -6.01591044122163, 53.352457574716283 ], [ -6.019192733662894, 53.35279247818 ], [ -6.020839926512405, 53.353185168537067 ], [ -6.024903891348375, 53.354337025651475 ], [ -6.025740842728275, 53.354501212702367 ], [ -6.027170406798196, 53.354650063533718 ], [ -6.030465667309321, 53.354797244251976 ], [ -6.032131361339824, 53.355133404030575 ], [ -6.035479231828215, 53.356090258874808 ], [ -6.036942564174912, 53.356702164458312 ], [ -6.040246586027697, 53.358409122160275 ], [ -6.041643200163034, 53.358858206736919 ], [ -6.044294807833833, 53.359059387650937 ], [ -6.05331134548389, 53.361011474433099 ], [ -6.05933861668107, 53.361875142144456 ], [ -6.060884303939214, 53.361983049048824 ], [ -6.069423158852758, 53.362214904101478 ], [ -6.072947369896987, 53.362140060826903 ], [ -6.074417078626849, 53.362283971387207 ], [ -6.075232619395538, 53.362425584432529 ], [ -6.076774843855703, 53.362853511662863 ], [ -6.081597553152071, 53.364932754804677 ], [ -6.084030119161293, 53.365813381633011 ], [ -6.087939555197023, 53.366794093049542 ], [ -6.089361143405378, 53.36697974585956 ], [ -6.091496930535035, 53.366978217204633 ], [ -6.098194891404171, 53.366463136438576 ], [ -6.100827947278749, 53.366117635698565 ], [ -6.108281289340891, 53.364539156017123 ], [ -6.109271117161074, 53.364445295022094 ], [ -6.110668046697143, 53.364504251542165 ], [ -6.112416510381644, 53.364774576798069 ], [ -6.129437625417028, 53.368247842689449 ], [ -6.129765695827606, 53.368249517712904 ], [ -6.135961344372903, 53.369592805136797 ], [ -6.137294899323228, 53.369665090643394 ], [ -6.139245205130186, 53.369414570665462 ], [ -6.140210374278086, 53.369194013380508 ], [ -6.141366723870128, 53.368704416994717 ], [ -6.142227150508486, 53.368207993788168 ], [ -6.143471070833746, 53.367357586694823 ], [ -6.149254282102259, 53.362433777861838 ], [ -6.149689562324945, 53.362164192758868 ], [ -6.150925006302442, 53.361747713253415 ], [ -6.152268937181779, 53.361541175625945 ], [ -6.153955431796897, 53.361544769116882 ], [ -6.155163306349874, 53.361716766396732 ], [ -6.158415479908748, 53.362623073266917 ], [ -6.160670217123851, 53.363078849627477 ], [ -6.169586477923382, 53.364018931195595 ], [ -6.177717765007875, 53.365023279914695 ], [ -6.17921215696217, 53.364914754862561 ], [ -6.18035530561662, 53.364583864920384 ], [ -6.181213060791788, 53.363999340276372 ], [ -6.182123127541083, 53.362722956904548 ], [ -6.182958841681272, 53.36191277058284 ], [ -6.184130376213798, 53.361378560100825 ], [ -6.185318991113078, 53.361181919257632 ], [ -6.186117637544797, 53.361168031237447 ], [ -6.187441132911159, 53.361318077947558 ], [ -6.192731858005593, 53.362268301066159 ], [ -6.193992678333739, 53.362707791794321 ], [ -6.196185266115586, 53.363849164572549 ], [ -6.198019204345984, 53.364480876189575 ], [ -6.199310954910782, 53.364772132911988 ], [ -6.206798458839682, 53.366213612330753 ], [ -6.216129105601385, 53.367522779626512 ], [ -6.227367461505412, 53.369019453797605 ], [ -6.229090002459434, 53.369173052826625 ], [ -6.230223870399793, 53.369193040168341 ], [ -6.231424809535928, 53.369097760625408 ], [ -6.236220440828479, 53.368494349898036 ], [ -6.238033011508339, 53.368194170734021 ] ] } },
{ "type": "Feature", "properties": { "route": "D2", "routes": [ "D2", "H2", "H3", "X78" ], "category": "spine", "colour": "#d62728", "route_colour": "#f58231", "pdf_colour": "#66ae3e", "stroke-width": 2, "source": "pdf-future", "phase": "future" }, "geometry": { "type": "LineString", "coordinates": [ [ -6.110637827528921, 53.374647998966161 ], [ -6.111087710994908, 53.374355792075349 ], [ -6.111309299848019, 53.374298631073131 ], [ -6.113998497621597, 53.374515811492536 ], [ -6.114050612589655, 53.374701254287224 ], [ -6.114739109183295, 53.375107600741053 ], [ -6.115029141886454, 53.375488402567591 ], [ -6.115083844840385, 53.375992025032183 ], [ -6.114787692796238, 53.376712446413563 ], [ -6.114739187750241, 53.37707128936043 ], [ -6.114856233155144, 53.377411503077369 ], [ -6.115124204426153, 53.377718695847321 ], [ -6.115877731176148, 53.378124761651165 ], [ -6.118832807244072, 53.378955186501926 ], [ -6.120490225310158, 53.379604236849914 ], [ -6.121562771791417, 53.379824672884936 ], [ -6.122905651083128, 53.379809174243448 ], [ -6.124199250236253, 53.380635666972417 ], [ -6.126221513306464, 53.381106301729794 ], [ -6.128781750137225, 53.381169018317742 ], [ -6.130401738067234, 53.381001793598777 ], [ -6.131313080584244, 53.381000889890629 ], [ -6.132590190322055, 53.38120272823582 ], [ -6.13365298940943, 53.381526942825062 ], [ -6.134707491190899, 53.382127034478813 ], [ -6.135424006324635, 53.382911253876109 ], [ -6.135398946885662, 53.383026631623181 ], [ -6.134674424916911, 53.383490636921422 ], [ -6.134321952876225, 53.383995493792753 ], [ -6.135411780107582, 53.384432462448139 ], [ -6.14039523726469, 53.385426576507633 ], [ -6.144293218776381, 53.385705739783369 ], [ -6.145894318734567, 53.386517357873281 ], [ -6.146756611147769, 53.38682026345947 ], [ -6.147931553896994, 53.387745653396756 ], [ -6.14903418734287, 53.388417042616233 ], [ -6.151032996873811, 53.388601957350708 ], [ -6.154665184135094, 53.389210207873909 ], [ -6.157161486024421, 53.389345259261681 ], [ -6.159088421391728, 53.389562284813678 ], [ -6.163286985100457, 53.390806733199 ], [ -6.164112756185015, 53.39116669307996 ], [ -6.166014882167598, 53.391792205467048 ], [ -6.166511281199706, 53.392048420222523 ], [ -6.168107834287898, 53.393221044304042 ], [ -6.168821618088955, 53.393579042467927 ], [ -6.172305166422826, 53.394625516072743 ], [ -6.173679988633114, 53.39495298193372 ] ] } },
{ "type": "Feature", "properties": { "route": "H3", "routes": [ "H3" ], "category": "spine", "colour": "#d62728", "route_colour": "#f032e6", "pdf_colour": "#66ae3e", "stroke-width": 2, "source": "pdf-future", "phase": "future" }, "geometry": { "type": "LineString", "coordinates": [ [ -6.110465979072879, 53.374942558142138 ], [ -6.111122995650457, 53.374496774319233 ], [ -6.111374367588058, 53.374410390588181 ], [ -6.113503660484202, 53.374578749616546 ], [ -6.11369931735257, 53.374669954823958 ], [ -6.112846185159082, 53.375306619932495 ], [ -6.110656893409504, 53.37646113698964 ], [ -6.109557101781026, 53.377157301032042 ], [ -6.110116554898849, 53.377828328012839 ], [ -6.111079549481406, 53.378522032873683 ], [ -6.111919797648973, 53.379015422189433 ], [ -6.113731237041168, 53.379892624747811 ], [ -6.11337810492528, 53.380611539004676 ], [ -6.112188716822044, 53.381669460523455 ], [ -6.112186014763101, 53.381809438017626 ], [ -6.112312272702654, 53.381914813217278 ], [ -6.11410249072408, 53.382535364936132 ], [ -6.116279266352334, 53.383102118731209 ], [ -6.1220357176621, 53.384106675010507 ], [ -6.124295089001788, 53.384727631651018 ], [ -6.129134172507156, 53.385544866518167 ], [ -6.132210031384353, 53.386309461945558 ], [ -6.132245020092024, 53.386499453498885 ], [ -6.131468083052356, 53.387054104593183 ], [ -6.12988318506047, 53.388617745330443 ], [ -6.12956327144195, 53.388799350056949 ], [ -6.12868801284753, 53.389062299468222 ], [ -6.128311881784938, 53.389440486490415 ], [ -6.128238406820895, 53.389835681922648 ], [ -6.128320824057094, 53.391220345202733 ], [ -6.128484100600835, 53.391287685905596 ], [ -6.129506346329331, 53.391329729580178 ], [ -6.129960187602503, 53.391341733694695 ], [ -6.130047929067625, 53.391277031026299 ] ] } },
{ "type": "Feature", "properties": { "route": null, "routes": [ ], "category": null, "colour": null, "route_colour": null, "pdf_colour": "#66ae3e", "stroke-width": 2, "source": "pdf-future", "phase": "future" }, "geometry": { "type": "LineString", "coordinates": [ [ -6.049260138135851, 53.359868957902279 ], [ -6.049309068689601, 53.361044662712565 ], [ -6.049377587707017, 53.361706705871462 ], [ -6.049443739519073, 53.361777479720885 ], [ -6.051910792238822, 53.36188374767454 ], [ -6.054258798930893, 53.362444026688969 ], [ -6.055126585927226, 53.362577018151065 ], [ -6.055468012709428, 53.362830134235892 ], [ -6.056485696270054, 53.363347223367903 ], [ -6.058263013456737, 53.363850392939618 ], [ -6.058821443694057, 53.364106247722745 ], [ -6.059260953119667, 53.36447099621801 ], [ -6.060180150059542, 53.365534672383831 ], [ -6.061040519283667, 53.36625067154457 ], [ -6.061033818623199, 53.366390543275628 ], [ -6.05984927938145, 53.367189502464043 ], [ -6.058341710097387, 53.366888535931452 ], [ -6.057877158419315, 53.366903257969419 ], [ -6.05829651808125, 53.367651607803339 ], [ -6.058344460694144, 53.370112735899525 ], [ -6.058400140068329, 53.370201239048008 ], [ -6.062920664478613, 53.371300149442916 ], [ -6.063073537708239, 53.371458246804259 ], [ -6.0629583042523, 53.371730295054817 ], [ -6.063018691029803, 53.371829926561389 ], [ -6.065269622661096, 53.372807784828858 ], [ -6.066135127440324, 53.373480904786319 ], [ -6.068998103469253, 53.374313895337153 ], [ -6.071315394283879, 53.375581609532261 ], [ -6.071519117479055, 53.375746053625342 ], [ -6.071795144878289, 53.376202511591494 ], [ -6.071759878353571, 53.376514688259796 ], [ -6.072732113800196, 53.377350687204959 ], [ -6.077133296801541, 53.380125027881363 ], [ -6.077859076407172, 53.380483343334625 ], [ -6.078938991556351, 53.380879035475793 ], [ -6.079847267509401, 53.382166501123137 ], [ -6.080845351463456, 53.38308421209107 ], [ -6.080915269953621, 53.38331514152776 ], [ -6.080881214605532, 53.383619347433807 ], [ -6.080473504373991, 53.384472865662715 ], [ -6.080592046704819, 53.384832125618452 ], [ -6.080811489699705, 53.385083015578402 ], [ -6.081895164539064, 53.385298744210097 ], [ -6.086295646481936, 53.386435493817736 ], [ -6.088015252509281, 53.386700054039089 ], [ -6.088897347745352, 53.387048499148825 ], [ -6.09002934348956, 53.387101448512347 ], [ -6.090752552295835, 53.387405677081894 ], [ -6.091606494521567, 53.387986459033328 ], [ -6.091743553331265, 53.388175148944775 ], [ -6.091765427033917, 53.389844310872547 ], [ -6.091861852784696, 53.390737172605725 ], [ -6.092431982501011, 53.392025697772965 ], [ -6.092158450356068, 53.392382590145644 ], [ -6.092217526237431, 53.392645243986749 ], [ -6.092517506717816, 53.392801230240579 ], [ -6.093290421548132, 53.392814671411543 ], [ -6.093839584480597, 53.392929231760739 ], [ -6.09776928076472, 53.394467673867069 ], [ -6.098023694336444, 53.39445539646816 ], [ -6.098598146742661, 53.393916396994157 ], [ -6.099514629914067, 53.393834600927448 ], [ -6.100170234931674, 53.393517824885286 ], [ -6.102051254560875, 53.39361759539478 ], [ -6.102336032914264, 53.393554102958689 ], [ -6.102969494344422, 53.392599518433094 ], [ -6.103075873349418, 53.392246207653052 ], [ -6.103025952966173, 53.391977793876684 ], [ -6.103103516996989, 53.391692745071879 ], [ -6.103524493134908, 53.390980627040022 ], [ -6.104058969724455, 53.390364543624209 ], [ -6.104795947189644, 53.389807835248305 ], [ -6.106378827938856, 53.389946736413805 ], [ -6.106682674816862, 53.390107826682673 ], [ -6.106937999462358, 53.390363667112247 ], [ -6.106992136016985, 53.390775242419402 ], [ -6.107065100296245, 53.390853198906953 ], [ -6.108043643002281, 53.39114817546951 ], [ -6.108912836459296, 53.391190172306132 ], [ -6.110464688196663, 53.391821425175621 ], [ -6.110720000754934, 53.391775159663744 ], [ -6.111303482498977, 53.391386451477082 ], [ -6.112046136422112, 53.391068976831725 ], [ -6.112221016313688, 53.390924550298436 ], [ -6.112196182754519, 53.390728825250619 ], [ -6.111900090013244, 53.390614956516693 ], [ -6.110050578162903, 53.390572038974341 ], [ -6.109542348014516, 53.390460561997926 ], [ -6.109369529559528, 53.39033794967547 ], [ -6.109028106932298, 53.389857754309382 ], [ -6.107623214943906, 53.389343428050132 ], [ -6.107372671924779, 53.389133730182806 ], [ -6.107035866235621, 53.388554622310501 ], [ -6.106080256563183, 53.388111200215938 ], [ -6.106012507161369, 53.387987365573977 ], [ -6.106051799672714, 53.387863361144397 ], [ -6.106683580980115, 53.387274860184647 ], [ -6.107581850986161, 53.386671400164246 ], [ -6.107636450443305, 53.38657380969709 ], [ -6.107539023720126, 53.386475199182378 ], [ -6.106580341817813, 53.386185749687343 ], [ -6.103961816285503, 53.385679336776128 ], [ -6.101829575431139, 53.385130766872678 ], [ -6.097823939146735, 53.38392943471333 ], [ -6.096186619851402, 53.383276914579447 ], [ -6.096081407451419, 53.383170095335444 ], [ -6.096131928984692, 53.383075398056306 ], [ -6.097013554708019, 53.382609546058369 ], [ -6.097399756497471, 53.382266637648137 ], [ -6.097799248745449, 53.381685997532564 ], [ -6.098536750304662, 53.380163965519046 ], [ -6.099002251962209, 53.379735123815351 ], [ -6.099696853543276, 53.379343352653088 ], [ -6.10090004940005, 53.378898010391183 ], [ -6.104928784161745, 53.37812926451646 ], [ -6.105302234506881, 53.37792806849334 ], [ -6.107386302335875, 53.377537036162003 ], [ -6.108554362927517, 53.377209806190514 ], [ -6.111861715563153, 53.375462644336643 ], [ -6.112872448786755, 53.374843152326434 ], [ -6.111549953070774, 53.374693132057118 ], [ -6.110793252105055, 53.375201301958313 ], [ -6.110256307646321, 53.375192101510891 ] ] } },
{ "type": "Feature", "properties": { "route": "81", "routes": [ "81", "L13", "S2" ], "category": "radial", "colour": "#9467bd", "route_colour": "#7f7f7f", "pdf_colour": "#66ae3e", "stroke-width": 2, "source": "pdf-future", "phase": "future" }, "geometry": { "type": "LineString", "coordinates": [ [ -6.19336018236895, 53.333520863815266 ], [ -6.192903992965572, 53.333559815429417 ], [ -6.192340368247979, 53.333197786179596 ], [ -6.192129394235225, 53.333156193320328 ], [ -6.191237788250283, 53.333696807570618 ], [ -6.19133871120015, 53.333814517205688 ], [ -6.191549790976028, 53.333852111463443 ], [ -6.193570875731697, 53.333497426518193 ], [ -6.193827225524037, 53.333563227612167 ], [ -6.194223680859489, 53.333853811794455 ], [ -6.194588745322109, 53.33419658422352 ], [ -6.194923540567602, 53.334662599398797 ], [ -6.196602159796214, 53.337876106903892 ], [ -6.196789498961506, 53.338395241796917 ], [ -6.196945619874513, 53.33964080522788 ], [ -6.197193006242127, 53.340045487801163 ], [ -6.197855691912023, 53.340482162397294 ], [ -6.202876258705184, 53.342720692735568 ], [ -6.203155108280046, 53.342730069014209 ], [ -6.205136997410928, 53.341777138548295 ], [ -6.206679083056956, 53.340886601148561 ], [ -6.207275111707002, 53.340704296874534 ], [ -6.207990294980807, 53.340631181316212 ], [ -6.209593179880551, 53.340883651112769 ], [ -6.215267868174632, 53.342294187452254 ], [ -6.215262484453917, 53.342422089819514 ], [ -6.211563721761613, 53.345881501120026 ], [ -6.210815191941507, 53.34626984517935 ], [ -6.209606177224298, 53.346556978273178 ], [ -6.21056360035664, 53.34897413837249 ], [ -6.210600822177124, 53.349382265235199 ], [ -6.210443878955878, 53.349756246284606 ], [ -6.21009662084832, 53.350026158875522 ], [ -6.20953302030517, 53.350268341508595 ], [ -6.207906225951572, 53.350579436560139 ], [ -6.207624700758552, 53.350709038125331 ], [ -6.208405405042948, 53.351486952529569 ], [ -6.208685885636275, 53.351888509047079 ], [ -6.208801714765255, 53.352274706681563 ], [ -6.208777093298956, 53.353243394341945 ], [ -6.208852909971897, 53.353629533995601 ], [ -6.209136590844031, 53.354099198942947 ], [ -6.209834265221595, 53.354725865092426 ], [ -6.209844643039246, 53.354825174210333 ], [ -6.207765259950064, 53.355984599054132 ], [ -6.20711016750588, 53.356206355428505 ], [ -6.206506416259176, 53.35630242536191 ], [ -6.205042668792237, 53.356235699407222 ], [ -6.201584383113639, 53.355520009414832 ], [ -6.200814969609303, 53.355487654208964 ], [ -6.199637942759983, 53.355586567281797 ], [ -6.199544071188663, 53.355656109557415 ], [ -6.199075061783831, 53.356936156110542 ], [ -6.19881465729775, 53.357288393961461 ], [ -6.198382339386844, 53.357635084347713 ], [ -6.197230518156262, 53.358293859614996 ], [ -6.196194462030195, 53.359227792002073 ], [ -6.194961268729728, 53.359143155817833 ], [ -6.192116026721449, 53.35926596833486 ], [ -6.191517193459994, 53.359176103297322 ], [ -6.189908452116131, 53.358653384167617 ], [ -6.189222083816504, 53.35865823775071 ], [ -6.188082970402946, 53.358912207495074 ], [ -6.187501560294079, 53.358957850515417 ], [ -6.186926295589282, 53.358884614462724 ], [ -6.185871202856367, 53.358571607553927 ], [ -6.185350231462248, 53.358525816654115 ], [ -6.183910530374662, 53.358835858229376 ], [ -6.182501203323009, 53.358829592330927 ], [ -6.178990456302171, 53.359530010317329 ], [ -6.178581996852195, 53.359693267408211 ], [ -6.178181969744988, 53.360142847560695 ], [ -6.178035328229703, 53.36020299127189 ], [ -6.176695731749794, 53.359867453984812 ], [ -6.175849852640218, 53.35977605632629 ] ] } },
{ "type": "Feature", "properties": { "route": "6", "routes": [ "6", "H3" ], "category": "radial", "colour": "#9467bd", "route_colour": "#2ca02c", "pdf_colour": "#66ae3e", "stroke-width": 2, "source": "pdf-future", "phase": "future" }, "geometry": { "type": "LineString", "coordinates": [ [ -6.096033418944593, 53.370461383280187 ], [ -6.096756194499789, 53.370857632566391 ], [ -6.096825393045259, 53.370964499592667 ], [ -6.095869128019213, 53.371680465513613 ], [ -6.095473734092274, 53.372106159820056 ], [ -6.095493267408043, 53.372199709002707 ], [ -6.095840528348557, 53.372496994789778 ], [ -6.095888100601594, 53.372816364294799 ], [ -6.098739647602946, 53.372757740928449 ], [ -6.099672712921247, 53.372805428576577 ], [ -6.100645474350535, 53.37305423613612 ], [ -6.101104992081652, 53.373305473981183 ], [ -6.101145608520676, 53.373509619284533 ], [ -6.099646375637144, 53.374406291889755 ], [ -6.097446550258188, 53.376034696109251 ], [ -6.096086569824852, 53.376848021518256 ], [ -6.094315468676934, 53.377660476270144 ], [ -6.090923925950761, 53.378884229078729 ], [ -6.089928885141768, 53.379402100480185 ], [ -6.089127094145763, 53.379913079147769 ], [ -6.088949496897365, 53.380311522641072 ], [ -6.087092873043583, 53.381709920962585 ], [ -6.087164255975283, 53.381809843317747 ], [ -6.08847654045055, 53.382383741789589 ], [ -6.089496334740974, 53.384031281957597 ], [ -6.090460977528513, 53.385381259843491 ], [ -6.091453669829604, 53.385897687955982 ], [ -6.09216361971743, 53.386400635425176 ], [ -6.092601049575615, 53.386579263864036 ], [ -6.092965847741789, 53.386553900544925 ], [ -6.093958839579114, 53.385621830155422 ], [ -6.09491892416483, 53.385064020520979 ], [ -6.095506847960062, 53.384507371070235 ], [ -6.095658698309183, 53.384250296233915 ], [ -6.095785305455877, 53.383321319038075 ], [ -6.095934738551034, 53.38304217257101 ], [ -6.096827079778548, 53.382511581265312 ], [ -6.09719189229828, 53.382183112354383 ], [ -6.097572782701433, 53.381624988263532 ], [ -6.09822932372265, 53.380213854362232 ], [ -6.098941060818374, 53.379552442004773 ], [ -6.099433030264212, 53.379295360180521 ], [ -6.099644088698597, 53.379295940933375 ], [ -6.100177047587348, 53.379796207685132 ], [ -6.100802068931413, 53.380181868571746 ], [ -6.100945859941655, 53.380191673946477 ], [ -6.100977308795339, 53.380099473243654 ], [ -6.100193781390998, 53.379579574400942 ], [ -6.099869575489405, 53.379204871140516 ], [ -6.09988769025727, 53.379087309007225 ], [ -6.100885995369535, 53.378748586550287 ], [ -6.104874897661367, 53.378010798297325 ], [ -6.10520280848294, 53.377829405097067 ], [ -6.10733917542114, 53.377427751881768 ], [ -6.108424471458077, 53.377128343277676 ], [ -6.109474360834144, 53.376616924371078 ], [ -6.112506513667004, 53.374911500611958 ], [ -6.111656821041366, 53.374812999637655 ], [ -6.110901569219306, 53.37530420192315 ], [ -6.110217729036061, 53.375289115380141 ] ] } },
{ "type": "Feature", "properties": { "route": null, "routes": [ ], "category": null, "colour": null, "route_colour": null, "pdf_colour": "#662484", "stroke-width": 2, "source": "pdf-future", "phase": "future" }, "geometry": { "type": "LineString", "coordinates": [ [ -6.070601496220524, 53.362936312479391 ], [ -6.069538968528888, 53.362942220483056 ], [ -6.06942783849328, 53.363021309769223 ], [ -6.069385690377599, 53.363253276439977 ], [ -6.06921984397882, 53.36332091497939 ], [ -6.066297236434433, 53.363229607030718 ], [ -6.065115079129298, 53.363333386151545 ], [ -6.064803970290814, 53.363182107301007 ], [ -6.064415289489263, 53.362786692032579 ], [ -6.063599357208152, 53.362622060587711 ], [ -6.062927241433745, 53.362277168741194 ], [ -6.059746147493061, 53.362163018224201 ], [ -6.058273181447855, 53.36218007781607 ], [ -6.057526154597289, 53.362738521084935 ], [ -6.056399997166368, 53.362502662142404 ], [ -6.055501206654651, 53.36267195660789 ], [ -6.054271912613895, 53.361759133973777 ], [ -6.05315894629968, 53.360457251112905 ], [ -6.052869238251517, 53.359421228793259 ], [ -6.053058354426118, 53.358852030170183 ], [ -6.052756186726548, 53.358135790209452 ], [ -6.052322019282997, 53.357758178463136 ], [ -6.051230118527826, 53.35728614272206 ], [ -6.050525077370978, 53.356862352718451 ], [ -6.046065847601318, 53.356547337065862 ], [ -6.043846104193177, 53.35624353910336 ], [ -6.042427751958672, 53.355859902636269 ], [ -6.04123127243794, 53.355067989916037 ], [ -6.037516155933656, 53.354342505691825 ], [ -6.037301362361234, 53.354142756546032 ], [ -6.037606750547856, 53.352619298618983 ], [ -6.037512089908087, 53.352491751124752 ], [ -6.033238186971415, 53.352204645416201 ], [ -6.031997481656216, 53.351836711562292 ], [ -6.029107666346046, 53.351640233896624 ], [ -6.028963335377283, 53.351537381714074 ], [ -6.028868281336457, 53.351008683568331 ], [ -6.027709019858933, 53.349868633206839 ], [ -6.027632955964698, 53.349756582843177 ], [ -6.027648949426483, 53.34956793976967 ] ] } },
{ "type": "Feature", "properties": { "route": null, "routes": [ ], "category": null, "colour": null, "route_colour": null, "pdf_colour": "#662484", "stroke-width": 2, "source": "pdf-future", "phase": "future" }, "geometry": { "type": "LineString", "coordinates": [ [ -6.153519034639805, 53.352098927993872 ], [ -6.155888506713286, 53.353057913965081 ], [ -6.157277991092048, 53.353511811708174 ], [ -6.167933779158763, 53.35623251027237 ], [ -6.169386823208735, 53.356666081476263 ], [ -6.169773477324422, 53.356873377387522 ], [ -6.169638248594518, 53.357750108355717 ], [ -6.16970553226086, 53.357815910394017 ], [ -6.170570943741887, 53.357811791109185 ], [ -6.1730109766276, 53.357351146434155 ], [ -6.173503460535496, 53.357377177194103 ], [ -6.173826745164732, 53.357559788936591 ], [ -6.174162105865207, 53.357928785143322 ], [ -6.174206424957876, 53.358182045519271 ], [ -6.1740883632827, 53.35875012248664 ], [ -6.174204207709558, 53.359022280655289 ], [ -6.174375577020888, 53.359161860593446 ], [ -6.175058228313314, 53.359410997529601 ], [ -6.177130975333112, 53.359674894842776 ], [ -6.177925090192714, 53.359907973348356 ], [ -6.178070541872859, 53.359892813904338 ], [ -6.178400541516122, 53.359632448323957 ], [ -6.178910843299684, 53.359400860134066 ], [ -6.182492195326673, 53.35871631454846 ], [ -6.183949854426078, 53.358672840994167 ], [ -6.185240496744413, 53.358400871499313 ], [ -6.18594927020634, 53.358456631517882 ], [ -6.186910290040275, 53.358771151594787 ], [ -6.187403742058478, 53.358836221601166 ], [ -6.188021954145995, 53.358798554442373 ], [ -6.189391383758996, 53.358535671321889 ], [ -6.189945718885931, 53.35853032650688 ], [ -6.191432084930056, 53.359027801112127 ], [ -6.192129587631392, 53.359169293096436 ], [ -6.195307480348952, 53.359026269057637 ], [ -6.196143304973861, 53.359157414764361 ], [ -6.196177886871232, 53.359438427383978 ], [ -6.195543121910562, 53.359912809555553 ], [ -6.19354452352817, 53.360703241403264 ], [ -6.192749154431269, 53.361387450435437 ], [ -6.190952227628353, 53.363516682706695 ], [ -6.190930966407561, 53.36375320323539 ], [ -6.191051692180298, 53.363916452394022 ], [ -6.191801880403967, 53.364108355049197 ] ] } },
{ "type": "Feature", "properties": { "route": "20", "routes": [ "20", "21", "73", "78", "N2" ], "category": "radial", "colour": "#9467bd", "route_colour": "#98df8a", "pdf_colour": "#ed1c24", "stroke-width": 2, "source": "pdf-future", "phase": "future" }, "geometry": { "type": "LineString", "coordinates": [ [ -6.237539828619387, 53.363769583675555 ], [ -6.236126437808653, 53.366602202855063 ], [ -6.236012558876149, 53.366974321906895 ], [ -6.235999460491024, 53.367545175156266 ], [ -6.236168430679225, 53.368115842375829 ], [ -6.236656189619592, 53.368849995776763 ], [ -6.237208877108165, 53.369360787847931 ], [ -6.238370945463433, 53.370167795987726 ], [ -6.238459005162244, 53.370280163640743 ], [ -6.238396249857365, 53.370383540483942 ], [ -6.237155505636466, 53.370697844124251 ], [ -6.236325388065257, 53.370577853216389 ], [ -6.23299326249534, 53.370500722247868 ], [ -6.22991441165493, 53.370076166594863 ], [ -6.22728333695028, 53.369968561304283 ], [ -6.226187296135413, 53.369766510488539 ], [ -6.224352554483002, 53.369240814693505 ], [ -6.219837966783502, 53.368598220806575 ], [ -6.21668757852168, 53.367852661419441 ], [ -6.206835114260865, 53.366529692036046 ], [ -6.200340057678097, 53.365273518486468 ], [ -6.197623805319754, 53.364944583651301 ], [ -6.195425556000139, 53.364433281461949 ], [ -6.192637063462206, 53.363923373268385 ], [ -6.186127962103188, 53.362252683441376 ], [ -6.18077729878021, 53.360996768633697 ], [ -6.177227339325763, 53.359851504528017 ], [ -6.174629214555698, 53.359443665492151 ], [ -6.174150671927262, 53.359230938077907 ], [ -6.173886715499973, 53.358998877731239 ], [ -6.17380530358007, 53.358748637647921 ], [ -6.17390136784756, 53.358217992138663 ], [ -6.17387036149922, 53.357953079688286 ], [ -6.173649765308562, 53.357670148034579 ], [ -6.173354180041414, 53.357499272788147 ], [ -6.170741524929081, 53.357943347403506 ], [ -6.169552173842908, 53.357940899176086 ], [ -6.169354501431582, 53.357774614426944 ], [ -6.169460095523098, 53.356997134595794 ], [ -6.169191976750308, 53.356808979543572 ], [ -6.161915629086669, 53.354834897053429 ], [ -6.157758020447827, 53.353819611671767 ] ] } },
{ "type": "Feature", "properties": { "route": "73", "routes": [ "73", "97", "N2" ], "category": "radial", "colour": "#9467bd", "route_colour": "#aec7e8", "pdf_colour": "#ed1c24", "stroke-width": 2, "source": "pdf-future", "phase": "future" }, "geometry": { "type": "LineString", "coordinates": [ [ -6.238107463081563, 53.369539609682199 ], [ -6.237321782831066, 53.368987642704951 ], [ -6.236780376301669, 53.368315092357456 ], [ -6.236530005336466, 53.367607224870007 ], [ -6.236579925153089, 53.366703228735105 ], [ -6.231531197795038, 53.363184506230546 ], [ -6.230646627324147, 53.362854001946097 ], [ -6.225012527139675, 53.361270478308363 ], [ -6.221580382705732, 53.361003636436536 ], [ -6.221431032143573, 53.360863638545169 ], [ -6.221320756900597, 53.359473236671334 ], [ -6.217613230789065, 53.358838985039633 ], [ -6.216278061062468, 53.358449545954308 ], [ -6.215391268621667, 53.358013946175916 ], [ -6.212548503547921, 53.356341196423109 ], [ -6.210804516665337, 53.355447771690208 ], [ -6.209605499773959, 53.354940891532571 ], [ -6.209136017079101, 53.354650376474055 ], [ -6.208677762461855, 53.354200102439975 ], [ -6.208382725463178, 53.353668115438808 ], [ -6.208294288605502, 53.353229623794405 ], [ -6.208314678602542, 53.352231814069057 ], [ -6.208085116154202, 53.351720565516658 ], [ -6.207455153594766, 53.351105693844111 ], [ -6.205307542147835, 53.34943632567829 ], [ -6.204607464869863, 53.348484482306283 ], [ -6.204487138919494, 53.347890092984656 ], [ -6.204800580023686, 53.346932045661084 ], [ -6.204726858216047, 53.346617986598034 ], [ -6.20439929433528, 53.346370238936061 ], [ -6.202367899374774, 53.345337166085564 ], [ -6.201337002789333, 53.344676677455737 ], [ -6.201336160839316, 53.344481586986674 ], [ -6.202585795583905, 53.342999110003674 ], [ -6.202506864942429, 53.342881982065791 ], [ -6.201832771208747, 53.342574050842607 ], [ -6.173946271847762, 53.347443412442409 ], [ -6.172784452224727, 53.347723791049901 ], [ -6.171582621089974, 53.348193177802507 ], [ -6.16247649999685, 53.352388871742427 ], [ -6.16199448531617, 53.352761257090691 ], [ -6.161752206740862, 53.353108972623772 ], [ -6.16167263830999, 53.3534319817023 ], [ -6.161805767264224, 53.35467693699529 ], [ -6.161735675775814, 53.354755111052704 ], [ -6.161537930085757, 53.354742878225423 ] ] } },
{ "type": "Feature", "properties": { "route": "B4", "routes": [ "B4", "L33" ], "category": "spine", "colour": "#d62728", "route_colour": "#3cb44b", "pdf_colour": "#009bdf", "stroke-width": 2, "source": "pdf-future", "phase": "future" }, "geometry": { "type": "LineString", "coordinates": [ [ -5.979428382045809, 53.268167491205297 ], [ -5.978112675189207, 53.268592851602463 ], [ -5.975482172549776, 53.2697116902253 ], [ -5.975148836268826, 53.270136024909014 ], [ -5.975086294378833, 53.270609536801167 ], [ -5.975202668565627, 53.271050768088166 ], [ -5.975555700584306, 53.271470249188802 ], [ -5.97605650087326, 53.271862627922424 ], [ -5.97743873953374, 53.272401363743995 ], [ -5.982751815020273, 53.273036067513019 ], [ -5.988048111753845, 53.274418589089684 ], [ -5.991869125285458, 53.274657703270009 ], [ -5.993216385436853, 53.274930421227737 ], [ -5.995923897039626, 53.275703280154616 ], [ -5.997108236464653, 53.276197767895944 ], [ -5.999778652973853, 53.277578858648702 ], [ -6.000908449978273, 53.277941858275163 ], [ -6.003052896274823, 53.278104616012946 ], [ -6.010344712739604, 53.279682969155935 ], [ -6.015219957601262, 53.280381118523088 ], [ -6.02337551826693, 53.280656854318039 ], [ -6.026225118849082, 53.280596178769358 ], [ -6.027413454986996, 53.280712640021825 ], [ -6.029320943348807, 53.281173236536731 ], [ -6.033220867691348, 53.282853941187305 ], [ -6.035188722433493, 53.283566221829901 ], [ -6.038349863783191, 53.284359082074353 ], [ -6.039500287429661, 53.284509552781273 ], [ -6.041225900613561, 53.284509179210765 ], [ -6.046643817762522, 53.284092287417863 ], [ -6.04877296032393, 53.283812485785958 ], [ -6.054800807930071, 53.282536420647695 ], [ -6.055601093690205, 53.282460554303846 ], [ -6.056731248778334, 53.282507452883522 ], [ -6.058144940447471, 53.282726908721031 ], [ -6.071910482206148, 53.285535862456868 ], [ -6.072175548201916, 53.285536871361515 ], [ -6.077185562668241, 53.286623720038747 ], [ -6.078264391856765, 53.286682265593562 ], [ -6.0798423202477, 53.286478916157648 ], [ -6.080622311008712, 53.28630047733693 ], [ -6.081557119529913, 53.285904055807912 ], [ -6.082253958378772, 53.285503340673777 ], [ -6.083259492022805, 53.284815687352165 ], [ -6.087936407230742, 53.280833956555419 ], [ -6.088287315110381, 53.280615158337845 ], [ -6.089287540201067, 53.280279487713642 ], [ -6.090374370747615, 53.280111165513404 ], [ -6.091738766413664, 53.280114242275964 ], [ -6.09271540953845, 53.280254114384718 ], [ -6.095344953510764, 53.280986897775406 ], [ -6.097168878050832, 53.281354252198462 ], [ -6.10438027941313, 53.282115193320919 ], [ -6.110955104810113, 53.282927320773467 ], [ -6.112164829273434, 53.282840276400599 ], [ -6.113088229730848, 53.282572598244528 ], [ -6.113781974064024, 53.282099776079022 ], [ -6.114517515794796, 53.281067863601002 ], [ -6.115193106832101, 53.280411497277747 ], [ -6.11614083658521, 53.279980405274728 ], [ -6.11710239354471, 53.279820773781488 ], [ -6.117747908382601, 53.279809837874467 ], [ -6.118818074249259, 53.279931176317838 ], [ -6.123098252527573, 53.28069961623472 ], [ -6.124117220543556, 53.28105468268258 ], [ -6.125890430154938, 53.281977890499981 ], [ -6.12737445316815, 53.282488307678626 ], [ -6.12841855994545, 53.282724997428282 ], [ -6.134473859881315, 53.283890511772569 ], [ -6.142018527078788, 53.284948368511188 ], [ -6.151108664908863, 53.286160142512493 ], [ -6.152500876843025, 53.286283996985027 ], [ -6.154390152039476, 53.286222929546199 ], [ -6.159733347730417, 53.285491952249494 ] ] } }
]
}
