{"type": "FeatureCollection", "features": [{"type": "Feature", "geometry": {"type": "Point", "coordinates": [-6.2622, 53.391141]}, "properties": {"routes": ["1"], "colours": ["#d62728"], "category": "spine", "colour": "#d62728", "phase": "legacy"}}, {"type": "Feature", "geometry": {"type": "Point", "coordinates": [-6.252132, 53.373017]}, "properties": {"routes": ["1", "16D"], "colours": ["#d62728", "#9467bd"], "category": "spine", "colour": "#d62728", "phase": "legacy"}}, {"type": "Feature", "geometry": {"type": "Point", "coordinates": [-6.252117, 53.345118]}, "properties": {"routes": ["1"], "colours": ["#d62728"], "category": "spine", "colour": "#d62728", "phase": "legacy"}}, {"type": "Feature", "geometry": {"type": "Point", "coordinates": [-6.24162, 53.42786]}, "properties": {"routes": ["33A", "102"], "colours": ["#9467bd", "#9467bd"], "category": "radial", "colour": "#9467bd", "phase": "legacy"}}, {"type": "Feature", "geometry": {"type": "Point", "coordinates": [-6.244944, 53.451297]}, "properties": {"routes": ["102"], "colours": ["#9467bd"], "category": "radial", "colour": "#9467bd", "phase": "legacy"}}, {"type": "Feature", "geometry": {"type": "Point", "coordinates": [-6.211763, 53.454058]}, "properties": {"routes": ["102"], "colours": ["#9467bd"], "category": "radial", "colour": "#9467bd", "phase": "legacy"}}, {"type": "Feature", "geometry": {"type": "Point", "coordinates": [-6.159873, 53.449855]}, "properties": {"routes": ["102"], "colours": ["#9467bd"], "category": "radial", "colour": "#9467bd", "phase": "legacy"}}, {"type": "Feature", "geometry": {"type": "Point", "coordinates": [-6.124584, 53.432687]}, "properties": {"routes": ["102"], "colours": ["#9467bd"], "category": "radial", "colour": "#9467bd", "phase": "legacy"}}, {"type": "Feature", "geometry": {"type": "Point", "coordinates": [-6.138768, 53.41531]}, "properties": {"routes": ["102", "102C"], "colours": ["#9467bd", "#9467bd"], "category": "radial", "colour": "#9467bd", "phase": "legacy"}}, {"type": "Feature", "geometry": {"type": "Point", "coordinates": [-6.11624, 53.3919]}, "properties": {"routes": ["102"], "colours": ["#9467bd"], "category": "radial", "colour": "#9467bd", "phase": "legacy"}}, {"type": "Feature", "geometry": {"type": "Point", "coordinates": [-6.10416603844666, 53.3868925012935]}, "properties": {"routes": ["102A"], "colours": ["#9467bd"], "category": "radial", "colour": "#9467bd", "phase": "legacy"}}, {"type": "Feature", "geometry": {"type": "Point", "coordinates": [-6.142176, 53.418248]}, "properties": {"routes": ["102A"], "colours": ["#9467bd"], "category": "radial", "colour": "#9467bd", "phase": "legacy"}}, {"type": "Feature", "geometry": {"type": "Point", "coordinates": [-6.12308488364292, 53.4386940037045]}, "properties": {"routes": ["102A"], "colours": ["#9467bd"], "category": "radial", "colour": "#9467bd", "phase": "legacy"}}, {"type": "Feature", "geometry": {"type": "Point", "coordinates": [-6.17037, 53.451562]}, "properties": {"routes": ["102A"], "colours": ["#9467bd"], "category": "radial", "colour": "#9467bd", "phase": "legacy"}}, {"type": "Feature", "geometry": {"type": "Point", "coordinates": [-6.218358, 53.454786]}, "properties": {"routes": ["33B", "102A"], "colours": ["#9467bd", "#9467bd"], "category": "radial", "colour": "#9467bd", "phase": "legacy"}}, {"type": "Feature", "geometry": {"type": "Point", "coordinates": [-6.178102, 53.408106]}, "properties": {"routes": ["43", "102C"], "colours": ["#9467bd", "#9467bd"], "category": "radial", "colour": "#9467bd", "phase": "legacy"}}, {"type": "Feature", "geometry": {"type": "Point", "coordinates": [-6.177001, 53.439116]}, "properties": {"routes": ["102C"], "colours": ["#9467bd"], "category": "radial", "colour": "#9467bd", "phase": "legacy"}}, {"type": "Feature", "geometry": {"type": "Point", "coordinates": [-6.132349, 53.446084]}, "properties": {"routes": ["32X", "102C"], "colours": ["#9467bd", "#9467bd"], "category": "radial", "colour": "#9467bd", "phase": "legacy"}}, {"type": "Feature", "geometry": {"type": "Point", "coordinates": [-6.094846, 53.37541]}, "properties": {"routes": ["6", "102C", "102T"], "colours": ["#9467bd", "#9467bd", "#9467bd"], "category": "radial", "colour": "#9467bd", "phase": ""}}, {"type": "Feature", "geometry": {"type": "Point", "coordinates": [-6.244554, 53.452351]}, "properties": {"routes": ["102P"], "colours": ["#9467bd"], "category": "radial", "colour": "#9467bd", "phase": "legacy"}}, {"type": "Feature", "geometry": {"type": "Point", "coordinates": [-6.183586, 53.452725]}, "properties": {"routes": ["102P"], "colours": ["#9467bd"], "category": "radial", "colour": "#9467bd", "phase": "legacy"}}, {"type": "Feature", "geometry": {"type": "Point", "coordinates": [-6.136287, 53.434901]}, "properties": {"routes": ["102P"], "colours": ["#9467bd"], "category": "radial", "colour": "#9467bd", "phase": "legacy"}}, {"type": "Feature", "geometry": {"type": "Point", "coordinates": [-6.215875, 53.45438]}, "properties": {"routes": ["102T"], "colours": ["#9467bd"], "category": "radial", "colour": "#9467bd", "phase": "legacy"}}, {"type": "Feature", "geometry": {"type": "Point", "coordinates": [-6.150392, 53.451006]}, "properties": {"routes": ["102T"], "colours": ["#9467bd"], "category": "radial", "colour": "#9467bd", "phase": "legacy"}}, {"type": "Feature", "geometry": {"type": "Point", "coordinates": [-6.136095, 53.421739]}, "properties": {"routes": ["102T"], "colours": ["#9467bd"], "category": "radial", "colour": "#9467bd", "phase": "legacy"}}, {"type": "Feature", "geometry": {"type": "Point", "coordinates": [-6.22656242306654, 53.3630049005914]}, "properties": {"routes": ["104", "N2"], "colours": ["#9467bd", "#1f77b4"], "category": "orbital", "colour": "#1f77b4", "phase": ""}}, {"type": "Feature", "geometry": {"type": "Point", "coordinates": [-6.207659, 53.371612]}, "properties": {"routes": ["104"], "colours": ["#9467bd"], "category": "radial", "colour": "#9467bd", "phase": "legacy"}}, {"type": "Feature", "geometry": {"type": "Point", "coordinates": [-6.233788, 53.385924]}, "properties": {"routes": ["104"], "colours": ["#9467bd"], "category": "radial", "colour": "#9467bd", "phase": "legacy"}}, {"type": "Feature", "geometry": {"type": "Point", "coordinates": [-6.258725, 53.386776]}, "properties": {"routes": ["42D", "44", "70D", "104", "220", "220A"], "colours": ["#9467bd", "#9467bd", "#9467bd", "#9467bd", "#9467bd", "#9467bd"], "category": "radial", "colour": "#9467bd", "phase": "legacy"}}, {"type": "Feature", "geometry": {"type": "Point", "coordinates": [-6.2977, 53.351557]}, "properties": {"routes": ["11", "11B"], "colours": ["#9467bd", "#9467bd"], "category": "radial", "colour": "#9467bd", "phase": "legacy"}}, {"type": "Feature", "geometry": {"type": "Point", "coordinates": [-6.269224, 53.358481]}, "properties": {"routes": ["11"], "colours": ["#9467bd"], "category": "radial", "colour": "#9467bd", "phase": "legacy"}}, {"type": "Feature", "geometry": {"type": "Point", "coordinates": [-6.247927, 53.327898]}, "properties": {"routes": ["11"], "colours": ["#9467bd"], "category": "radial", "colour": "#9467bd", "phase": "legacy"}}, {"type": "Feature", "geometry": {"type": "Point", "coordinates": [-6.238394, 53.311401]}, "properties": {"routes": ["11"], "colours": ["#9467bd"], "category": "radial", "colour": "#9467bd", "phase": "legacy"}}, {"type": "Feature", "geometry": {"type": "Point", "coordinates": [-6.22134609558522, 53.2890802465036]}, "properties": {"routes": ["11"], "colours": ["#9467bd"], "category": "radial", "colour": "#9467bd", "phase": "legacy"}}, {"type": "Feature", "geometry": {"type": "Point", "coordinates": [-6.21806498709406, 53.2778139098592]}, "properties": {"routes": ["11"], "colours": ["#9467bd"], "category": "radial", "colour": "#9467bd", "phase": "legacy"}}, {"type": "Feature", "geometry": {"type": "Point", "coordinates": [-6.14307322913938, 53.2413989701139]}, "properties": {"routes": ["7", "111"], "colours": ["#9467bd", "#9467bd"], "category": "radial", "colour": "#9467bd", "phase": "legacy"}}, {"type": "Feature", "geometry": {"type": "Point", "coordinates": [-6.137774, 53.258547]}, "properties": {"routes": ["45A", "111"], "colours": ["#9467bd", "#9467bd"], "category": "radial", "colour": "#9467bd", "phase": "legacy"}}, {"type": "Feature", "geometry": {"type": "Point", "coordinates": [-6.140303, 53.277983]}, "properties": {"routes": ["111"], "colours": ["#9467bd"], "category": "radial", "colour": "#9467bd", "phase": "legacy"}}, {"type": "Feature", "geometry": {"type": "Point", "coordinates": [-6.135148, 53.292006]}, "properties": {"routes": ["111"], "colours": ["#9467bd"], "category": "radial", "colour": "#9467bd", "phase": "legacy"}}, {"type": "Feature", "geometry": {"type": "Point", "coordinates": [-6.106948, 53.278384]}, "properties": {"routes": ["7D", "7E", "111"], "colours": ["#9467bd", "#9467bd", "#9467bd"], "category": "radial", "colour": "#9467bd", "phase": "legacy"}}, {"type": "Feature", "geometry": {"type": "Point", "coordinates": [-6.240609, 53.269304]}, "properties": {"routes": ["114"], "colours": ["#9467bd"], "category": "radial", "colour": "#9467bd", "phase": "legacy"}}, {"type": "Feature", "geometry": {"type": "Point", "coordinates": [-6.203326, 53.273827]}, "properties": {"routes": ["114"], "colours": ["#9467bd"], "category": "radial", "colour": "#9467bd", "phase": "legacy"}}, {"type": "Feature", "geometry": {"type": "Point", "coordinates": [-6.178371, 53.30248]}, "properties": {"routes": ["114", "L26", "S6"], "colours": ["#9467bd", "#2ca02c", "#1f77b4"], "category": "orbital", "colour": "#1f77b4", "phase": ""}}, {"type": "Feature", "geometry": {"type": "Point", "coordinates": [-6.24888799835488, 53.3297279908157]}, "properties": {"routes": ["E2", "7D", "116", "X26"], "colours": ["#d62728", "#9467bd", "#9467bd", "#ff7f0e"], "category": "spine", "colour": "#d62728", "phase": ""}}, {"type": "Feature", "geometry": {"type": "Point", "coordinates": [-6.20780413886588, 53.3033395733521]}, "properties": {"routes": ["E1", "116"], "colours": ["#d62728", "#9467bd"], "category": "spine", "colour": "#d62728", "phase": ""}}, {"type": "Feature", "geometry": {"type": "Point", "coordinates": [-6.213048, 53.279815]}, "properties": {"routes": ["116"], "colours": ["#9467bd"], "category": "radial", "colour": "#9467bd", "phase": "legacy"}}, {"type": "Feature", "geometry": {"type": "Point", "coordinates": [-6.25154, 53.275514]}, "properties": {"routes": ["116"], "colours": ["#9467bd"], "category": "radial", "colour": "#9467bd", "phase": "legacy"}}, {"type": "Feature", "geometry": {"type": "Point", "coordinates": [-6.289533, 53.277872]}, "properties": {"routes": ["15D", "116"], "colours": ["#9467bd", "#9467bd"], "category": "radial", "colour": "#9467bd", "phase": "legacy"}}, {"type": "Feature", "geometry": {"type": "Point", "coordinates": [-6.19383317906767, 53.2357973490424]}, "properties": {"routes": ["118", "L26"], "colours": ["#9467bd", "#2ca02c"], "category": "local", "colour": "#2ca02c", "phase": ""}}, {"type": "Feature", "geometry": {"type": "Point", "coordinates": [-6.211416, 53.268978]}, "properties": {"routes": ["118"], "colours": ["#9467bd"], "category": "radial", "colour": "#9467bd", "phase": "legacy"}}, {"type": "Feature", "geometry": {"type": "Point", "coordinates": [-6.2056428526526, 53.2997746901471]}, "properties": {"routes": ["118"], "colours": ["#9467bd"], "category": "radial", "colour": "#9467bd", "phase": "legacy"}}, {"type": "Feature", "geometry": {"type": "Point", "coordinates": [-6.23908544721613, 53.3234897098036]}, "properties": {"routes": ["118"], "colours": ["#9467bd"], "category": "radial", "colour": "#9467bd", "phase": "legacy"}}, {"type": "Feature", "geometry": {"type": "Point", "coordinates": [-6.255992, 53.34806]}, "properties": {"routes": ["74", "118"], "colours": ["#9467bd", "#9467bd"], "category": "radial", "colour": "#9467bd", "phase": ""}}, {"type": "Feature", "geometry": {"type": "Point", "coordinates": [-6.262853, 53.354056]}, "properties": {"routes": ["11B"], "colours": ["#9467bd"], "category": "radial", "colour": "#9467bd", "phase": "legacy"}}, {"type": "Feature", "geometry": {"type": "Point", "coordinates": [-6.233346, 53.320349]}, "properties": {"routes": ["11B"], "colours": ["#9467bd"], "category": "radial", "colour": "#9467bd", "phase": "legacy"}}, {"type": "Feature", "geometry": {"type": "Point", "coordinates": [-6.260511, 53.352908]}, "properties": {"routes": ["40D", "120"], "colours": ["#9467bd", "#9467bd"], "category": "radial", "colour": "#9467bd", "phase": "legacy"}}, {"type": "Feature", "geometry": {"type": "Point", "coordinates": [-6.29119, 53.368235]}, "properties": {"routes": ["120"], "colours": ["#9467bd"], "category": "radial", "colour": "#9467bd", "phase": "legacy"}}, {"type": "Feature", "geometry": {"type": "Point", "coordinates": [-6.331797, 53.377402]}, "properties": {"routes": ["120"], "colours": ["#9467bd"], "category": "radial", "colour": "#9467bd", "phase": "legacy"}}, {"type": "Feature", "geometry": {"type": "Point", "coordinates": [-6.311391, 53.373448]}, "properties": {"routes": ["122"], "colours": ["#9467bd"], "category": "radial", "colour": "#9467bd", "phase": "legacy"}}, {"type": "Feature", "geometry": {"type": "Point", "coordinates": [-6.293311, 53.361776]}, "properties": {"routes": ["122"], "colours": ["#9467bd"], "category": "radial", "colour": "#9467bd", "phase": "legacy"}}, {"type": "Feature", "geometry": {"type": "Point", "coordinates": [-6.262505, 53.353746]}, "properties": {"routes": ["122"], "colours": ["#9467bd"], "category": "radial", "colour": "#9467bd", "phase": "legacy"}}, {"type": "Feature", "geometry": {"type": "Point", "coordinates": [-6.279908, 53.331204]}, "properties": {"routes": ["122"], "colours": ["#9467bd"], "category": "radial", "colour": "#9467bd", "phase": "legacy"}}, {"type": "Feature", "geometry": {"type": "Point", "coordinates": [-6.305915, 53.332682]}, "properties": {"routes": ["122"], "colours": ["#9467bd"], "category": "radial", "colour": "#9467bd", "phase": "legacy"}}, {"type": "Feature", "geometry": {"type": "Point", "coordinates": [-6.321634, 53.32583]}, "properties": {"routes": ["122"], "colours": ["#9467bd"], "category": "radial", "colour": "#9467bd", "phase": "legacy"}}, {"type": "Feature", "geometry": {"type": "Point", "coordinates": [-6.256317, 53.356298]}, "properties": {"routes": ["13"], "colours": ["#d62728"], "category": "spine", "colour": "#d62728", "phase": "legacy"}}, {"type": "Feature", "geometry": {"type": "Point", "coordinates": [-6.285734, 53.343539]}, "properties": {"routes": ["13"], "colours": ["#d62728"], "category": "spine", "colour": "#d62728", "phase": "legacy"}}, {"type": "Feature", "geometry": {"type": "Point", "coordinates": [-6.325994, 53.336021]}, "properties": {"routes": ["13"], "colours": ["#d62728"], "category": "spine", "colour": "#d62728", "phase": "legacy"}}, {"type": "Feature", "geometry": {"type": "Point", "coordinates": [-6.355746, 53.322234]}, "properties": {"routes": ["13"], "colours": ["#d62728"], "category": "spine", "colour": "#d62728", "phase": "legacy"}}, {"type": "Feature", "geometry": {"type": "Point", "coordinates": [-6.39227, 53.32245]}, "properties": {"routes": ["13"], "colours": ["#d62728"], "category": "spine", "colour": "#d62728", "phase": "legacy"}}, {"type": "Feature", "geometry": {"type": "Point", "coordinates": [-6.412349, 53.326398]}, "properties": {"routes": ["13"], "colours": ["#d62728"], "category": "spine", "colour": "#d62728", "phase": "legacy"}}, {"type": "Feature", "geometry": {"type": "Point", "coordinates": [-6.424302, 53.320211]}, "properties": {"routes": ["13"], "colours": ["#d62728"], "category": "spine", "colour": "#d62728", "phase": "legacy"}}, {"type": "Feature", "geometry": {"type": "Point", "coordinates": [-6.45096, 53.33]}, "properties": {"routes": ["13"], "colours": ["#d62728"], "category": "spine", "colour": "#d62728", "phase": "legacy"}}, {"type": "Feature", "geometry": {"type": "Point", "coordinates": [-6.256268, 53.350518]}, "properties": {"routes": ["130"], "colours": ["#d62728"], "category": "spine", "colour": "#d62728", "phase": "legacy"}}, {"type": "Feature", "geometry": {"type": "Point", "coordinates": [-6.213929, 53.361136]}, "properties": {"routes": ["130"], "colours": ["#d62728"], "category": "spine", "colour": "#d62728", "phase": "legacy"}}, {"type": "Feature", "geometry": {"type": "Point", "coordinates": [-6.174264, 53.366]}, "properties": {"routes": ["130"], "colours": ["#d62728"], "category": "spine", "colour": "#d62728", "phase": "legacy"}}, {"type": "Feature", "geometry": {"type": "Point", "coordinates": [-6.205221, 53.363827]}, "properties": {"routes": ["130"], "colours": ["#d62728"], "category": "spine", "colour": "#d62728", "phase": "legacy"}}, {"type": "Feature", "geometry": {"type": "Point", "coordinates": [-6.21446963135785, 53.3855645601725]}, "properties": {"routes": ["14"], "colours": ["#d62728"], "category": "spine", "colour": "#d62728", "phase": "legacy"}}, {"type": "Feature", "geometry": {"type": "Point", "coordinates": [-6.235786, 53.380156]}, "properties": {"routes": ["14"], "colours": ["#d62728"], "category": "spine", "colour": "#d62728", "phase": "legacy"}}, {"type": "Feature", "geometry": {"type": "Point", "coordinates": [-6.226987, 53.367982]}, "properties": {"routes": ["14"], "colours": ["#d62728"], "category": "spine", "colour": "#d62728", "phase": "legacy"}}, {"type": "Feature", "geometry": {"type": "Point", "coordinates": [-6.263346, 53.344159]}, "properties": {"routes": ["14"], "colours": ["#d62728"], "category": "spine", "colour": "#d62728", "phase": "legacy"}}, {"type": "Feature", "geometry": {"type": "Point", "coordinates": [-6.265491, 53.323131]}, "properties": {"routes": ["14"], "colours": ["#d62728"], "category": "spine", "colour": "#d62728", "phase": "legacy"}}, {"type": "Feature", "geometry": {"type": "Point", "coordinates": [-6.264032, 53.304333]}, "properties": {"routes": ["14"], "colours": ["#d62728"], "category": "spine", "colour": "#d62728", "phase": "legacy"}}, {"type": "Feature", "geometry": {"type": "Point", "coordinates": [-6.266296, 53.286237]}, "properties": {"routes": ["14"], "colours": ["#d62728"], "category": "spine", "colour": "#d62728", "phase": "legacy"}}, {"type": "Feature", "geometry": {"type": "Point", "coordinates": [-6.248631, 53.27699]}, "properties": {"routes": ["14"], "colours": ["#d62728"], "category": "spine", "colour": "#d62728", "phase": "legacy"}}, {"type": "Feature", "geometry": {"type": "Point", "coordinates": [-6.245734, 53.292417]}, "properties": {"routes": ["14", "44D"], "colours": ["#d62728", "#9467bd"], "category": "spine", "colour": "#d62728", "phase": "legacy"}}, {"type": "Feature", "geometry": {"type": "Point", "coordinates": [-6.124919, 53.433968]}, "properties": {"routes": ["142"], "colours": ["#9467bd"], "category": "radial", "colour": "#9467bd", "phase": "legacy"}}, {"type": "Feature", "geometry": {"type": "Point", "coordinates": [-6.152506, 53.44442]}, "properties": {"routes": ["142"], "colours": ["#9467bd"], "category": "radial", "colour": "#9467bd", "phase": "legacy"}}, {"type": "Feature", "geometry": {"type": "Point", "coordinates": [-6.198366, 53.452877]}, "properties": {"routes": ["142"], "colours": ["#9467bd"], "category": "radial", "colour": "#9467bd", "phase": "legacy"}}, {"type": "Feature", "geometry": {"type": "Point", "coordinates": [-6.256626, 53.347988]}, "properties": {"routes": ["142"], "colours": ["#9467bd"], "category": "radial", "colour": "#9467bd", "phase": "legacy"}}, {"type": "Feature", "geometry": {"type": "Point", "coordinates": [-6.26483, 53.32643]}, "properties": {"routes": ["15", "82", "142"], "colours": ["#d62728", "#9467bd", "#9467bd"], "category": "spine", "colour": "#d62728", "phase": ""}}, {"type": "Feature", "geometry": {"type": "Point", "coordinates": [-6.262477, 53.3116]}, "properties": {"routes": ["142"], "colours": ["#9467bd"], "category": "radial", "colour": "#9467bd", "phase": "legacy"}}, {"type": "Feature", "geometry": {"type": "Point", "coordinates": [-6.21818, 53.302634]}, "properties": {"routes": ["142"], "colours": ["#9467bd"], "category": "radial", "colour": "#9467bd", "phase": "legacy"}}, {"type": "Feature", "geometry": {"type": "Point", "coordinates": [-6.150992, 53.402314]}, "properties": {"routes": ["15"], "colours": ["#d62728"], "category": "spine", "colour": "#d62728", "phase": "legacy"}}, {"type": "Feature", "geometry": {"type": "Point", "coordinates": [-6.18723, 53.396497]}, "properties": {"routes": ["15"], "colours": ["#d62728"], "category": "spine", "colour": "#d62728", "phase": "legacy"}}, {"type": "Feature", "geometry": {"type": "Point", "coordinates": [-6.219508, 53.374719]}, "properties": {"routes": ["15"], "colours": ["#d62728"], "category": "spine", "colour": "#d62728", "phase": "legacy"}}, {"type": "Feature", "geometry": {"type": "Point", "coordinates": [-6.250134, 53.350969]}, "properties": {"routes": ["15"], "colours": ["#d62728"], "category": "spine", "colour": "#d62728", "phase": "legacy"}}, {"type": "Feature", "geometry": {"type": "Point", "coordinates": [-6.278253, 53.311146]}, "properties": {"routes": ["15"], "colours": ["#d62728"], "category": "spine", "colour": "#d62728", "phase": "legacy"}}, {"type": "Feature", "geometry": {"type": "Point", "coordinates": [-6.311027, 53.289917]}, "properties": {"routes": ["15"], "colours": ["#d62728"], "category": "spine", "colour": "#d62728", "phase": "legacy"}}, {"type": "Feature", "geometry": {"type": "Point", "coordinates": [-6.328961, 53.271636]}, "properties": {"routes": ["15"], "colours": ["#d62728"], "category": "spine", "colour": "#d62728", "phase": "legacy"}}, {"type": "Feature", "geometry": {"type": "Point", "coordinates": [-6.257033, 53.346493]}, "properties": {"routes": ["27", "32X", "68", "68A", "69", "69X", "150", "X1", "X2"], "colours": ["#d62728", "#9467bd", "#9467bd", "#9467bd", "#9467bd", "#9467bd", "#9467bd", "#ff7f0e", "#ff7f0e"], "category": "spine", "colour": "#d62728", "phase": ""}}, {"type": "Feature", "geometry": {"type": "Point", "coordinates": [-6.284448, 53.329553]}, "properties": {"routes": ["150"], "colours": ["#9467bd"], "category": "radial", "colour": "#9467bd", "phase": "legacy"}}, {"type": "Feature", "geometry": {"type": "Point", "coordinates": [-6.3152, 53.319565]}, "properties": {"routes": ["150", "S4"], "colours": ["#9467bd", "#1f77b4"], "category": "orbital", "colour": "#1f77b4", "phase": ""}}, {"type": "Feature", "geometry": {"type": "Point", "coordinates": [-6.334178, 53.307113]}, "properties": {"routes": ["15A", "150"], "colours": ["#9467bd", "#9467bd"], "category": "radial", "colour": "#9467bd", "phase": "legacy"}}, {"type": "Feature", "geometry": {"type": "Point", "coordinates": [-6.230046, 53.354235]}, "properties": {"routes": ["151"], "colours": ["#9467bd"], "category": "radial", "colour": "#9467bd", "phase": "legacy"}}, {"type": "Feature", "geometry": {"type": "Point", "coordinates": [-6.270492, 53.338285]}, "properties": {"routes": ["77A", "151"], "colours": ["#9467bd", "#9467bd"], "category": "radial", "colour": "#9467bd", "phase": "legacy"}}, {"type": "Feature", "geometry": {"type": "Point", "coordinates": [-6.306818, 53.328084]}, "properties": {"routes": ["151"], "colours": ["#9467bd"], "category": "radial", "colour": "#9467bd", "phase": "legacy"}}, {"type": "Feature", "geometry": {"type": "Point", "coordinates": [-6.355389, 53.32488]}, "properties": {"routes": ["151"], "colours": ["#9467bd"], "category": "radial", "colour": "#9467bd", "phase": "legacy"}}, {"type": "Feature", "geometry": {"type": "Point", "coordinates": [-6.414745, 53.321307]}, "properties": {"routes": ["151"], "colours": ["#9467bd"], "category": "radial", "colour": "#9467bd", "phase": "legacy"}}, {"type": "Feature", "geometry": {"type": "Point", "coordinates": [-6.426339, 53.339895]}, "properties": {"routes": ["151"], "colours": ["#9467bd"], "category": "radial", "colour": "#9467bd", "phase": "legacy"}}, {"type": "Feature", "geometry": {"type": "Point", "coordinates": [-6.249916, 53.339091]}, "properties": {"routes": ["15A", "15B", "15D", "19", "23", "24"], "colours": ["#9467bd", "#d62728", "#9467bd", "#9467bd", "#9467bd", "#9467bd"], "category": "spine", "colour": "#d62728", "phase": ""}}, {"type": "Feature", "geometry": {"type": "Point", "coordinates": [-6.26508, 53.32508]}, "properties": {"routes": ["15A", "65", "65B"], "colours": ["#9467bd", "#9467bd", "#9467bd"], "category": "radial", "colour": "#9467bd", "phase": "legacy"}}, {"type": "Feature", "geometry": {"type": "Point", "coordinates": [-6.293178, 53.310974]}, "properties": {"routes": ["15A"], "colours": ["#9467bd"], "category": "radial", "colour": "#9467bd", "phase": "legacy"}}, {"type": "Feature", "geometry": {"type": "Point", "coordinates": [-6.26433, 53.33084]}, "properties": {"routes": ["15B"], "colours": ["#d62728"], "category": "spine", "colour": "#d62728", "phase": "legacy"}}, {"type": "Feature", "geometry": {"type": "Point", "coordinates": [-6.273495, 53.31265]}, "properties": {"routes": ["15B"], "colours": ["#d62728"], "category": "spine", "colour": "#d62728", "phase": "legacy"}}, {"type": "Feature", "geometry": {"type": "Point", "coordinates": [-6.283739, 53.299342]}, "properties": {"routes": ["15B"], "colours": ["#d62728"], "category": "spine", "colour": "#d62728", "phase": "legacy"}}, {"type": "Feature", "geometry": {"type": "Point", "coordinates": [-6.306687, 53.279429]}, "properties": {"routes": ["15B"], "colours": ["#d62728"], "category": "spine", "colour": "#d62728", "phase": "legacy"}}, {"type": "Feature", "geometry": {"type": "Point", "coordinates": [-6.326044, 53.271083]}, "properties": {"routes": ["15B"], "colours": ["#d62728"], "category": "spine", "colour": "#d62728", "phase": "legacy"}}, {"type": "Feature", "geometry": {"type": "Point", "coordinates": [-6.264322, 53.329369]}, "properties": {"routes": ["15D"], "colours": ["#9467bd"], "category": "radial", "colour": "#9467bd", "phase": "legacy"}}, {"type": "Feature", "geometry": {"type": "Point", "coordinates": [-6.273789, 53.310955]}, "properties": {"routes": ["15D"], "colours": ["#9467bd"], "category": "radial", "colour": "#9467bd", "phase": "legacy"}}, {"type": "Feature", "geometry": {"type": "Point", "coordinates": [-6.293327, 53.296694]}, "properties": {"routes": ["15D"], "colours": ["#9467bd"], "category": "radial", "colour": "#9467bd", "phase": "legacy"}}, {"type": "Feature", "geometry": {"type": "Point", "coordinates": [-6.24204, 53.42812]}, "properties": {"routes": ["16", "16D"], "colours": ["#d62728", "#9467bd"], "category": "spine", "colour": "#d62728", "phase": "legacy"}}, {"type": "Feature", "geometry": {"type": "Point", "coordinates": [-6.240197, 53.40404]}, "properties": {"routes": ["16"], "colours": ["#d62728"], "category": "spine", "colour": "#d62728", "phase": "legacy"}}, {"type": "Feature", "geometry": {"type": "Point", "coordinates": [-6.23819, 53.38208]}, "properties": {"routes": ["16"], "colours": ["#d62728"], "category": "spine", "colour": "#d62728", "phase": "legacy"}}, {"type": "Feature", "geometry": {"type": "Point", "coordinates": [-6.257298, 53.363916]}, "properties": {"routes": ["16"], "colours": ["#d62728"], "category": "spine", "colour": "#d62728", "phase": "legacy"}}, {"type": "Feature", "geometry": {"type": "Point", "coordinates": [-6.264501, 53.342342]}, "properties": {"routes": ["16"], "colours": ["#d62728"], "category": "spine", "colour": "#d62728", "phase": "legacy"}}, {"type": "Feature", "geometry": {"type": "Point", "coordinates": [-6.278124, 53.325634]}, "properties": {"routes": ["16"], "colours": ["#d62728"], "category": "spine", "colour": "#d62728", "phase": "legacy"}}, {"type": "Feature", "geometry": {"type": "Point", "coordinates": [-6.283841, 53.301663]}, "properties": {"routes": ["16"], "colours": ["#d62728"], "category": "spine", "colour": "#d62728", "phase": "legacy"}}, {"type": "Feature", "geometry": {"type": "Point", "coordinates": [-6.281028, 53.284661]}, "properties": {"routes": ["16"], "colours": ["#d62728"], "category": "spine", "colour": "#d62728", "phase": "legacy"}}, {"type": "Feature", "geometry": {"type": "Point", "coordinates": [-6.24788, 53.271865]}, "properties": {"routes": ["16", "16D"], "colours": ["#d62728", "#9467bd"], "category": "spine", "colour": "#d62728", "phase": "legacy"}}, {"type": "Feature", "geometry": {"type": "Point", "coordinates": [-6.297673, 53.262097]}, "properties": {"routes": ["161"], "colours": ["#9467bd"], "category": "radial", "colour": "#9467bd", "phase": "legacy"}}, {"type": "Feature", "geometry": {"type": "Point", "coordinates": [-6.288755, 53.277834]}, "properties": {"routes": ["74", "161"], "colours": ["#9467bd", "#9467bd"], "category": "radial", "colour": "#9467bd", "phase": ""}}, {"type": "Feature", "geometry": {"type": "Point", "coordinates": [-6.268979, 53.290725]}, "properties": {"routes": ["161"], "colours": ["#9467bd"], "category": "radial", "colour": "#9467bd", "phase": "legacy"}}, {"type": "Feature", "geometry": {"type": "Point", "coordinates": [-6.237209, 53.285995]}, "properties": {"routes": ["161"], "colours": ["#9467bd"], "category": "radial", "colour": "#9467bd", "phase": "legacy"}}, {"type": "Feature", "geometry": {"type": "Point", "coordinates": [-6.242141, 53.401749]}, "properties": {"routes": ["16D"], "colours": ["#9467bd"], "category": "radial", "colour": "#9467bd", "phase": "legacy"}}, {"type": "Feature", "geometry": {"type": "Point", "coordinates": [-6.260424, 53.350623]}, "properties": {"routes": ["16D"], "colours": ["#9467bd"], "category": "radial", "colour": "#9467bd", "phase": "legacy"}}, {"type": "Feature", "geometry": {"type": "Point", "coordinates": [-6.275167, 53.330731]}, "properties": {"routes": ["F2", "16D"], "colours": ["#d62728", "#9467bd"], "category": "spine", "colour": "#d62728", "phase": ""}}, {"type": "Feature", "geometry": {"type": "Point", "coordinates": [-6.283421, 53.306151]}, "properties": {"routes": ["16D"], "colours": ["#9467bd"], "category": "radial", "colour": "#9467bd", "phase": "legacy"}}, {"type": "Feature", "geometry": {"type": "Point", "coordinates": [-6.282814, 53.287249]}, "properties": {"routes": ["16D"], "colours": ["#9467bd"], "category": "radial", "colour": "#9467bd", "phase": "legacy"}}, {"type": "Feature", "geometry": {"type": "Point", "coordinates": [-6.195901, 53.195534]}, "properties": {"routes": ["185T"], "colours": ["#9467bd"], "category": "radial", "colour": "#9467bd", "phase": "legacy"}}, {"type": "Feature", "geometry": {"type": "Point", "coordinates": [-6.110004, 53.202301]}, "properties": {"routes": ["E1", "185T"], "colours": ["#d62728", "#9467bd"], "category": "spine", "colour": "#d62728", "phase": ""}}, {"type": "Feature", "geometry": {"type": "Point", "coordinates": [-6.130109, 53.182349]}, "properties": {"routes": ["E1", "185T", "L12"], "colours": ["#d62728", "#9467bd", "#2ca02c"], "category": "spine", "colour": "#d62728", "phase": ""}}, {"type": "Feature", "geometry": {"type": "Point", "coordinates": [-6.258399, 53.363078]}, "properties": {"routes": ["19"], "colours": ["#9467bd"], "category": "radial", "colour": "#9467bd", "phase": "6a"}}, {"type": "Feature", "geometry": {"type": "Point", "coordinates": [-6.26566910125417, 53.3834882529457]}, "properties": {"routes": ["19"], "colours": ["#9467bd"], "category": "radial", "colour": "#9467bd", "phase": "6a"}}, {"type": "Feature", "geometry": {"type": "Point", "coordinates": [-6.27518970826945, 53.4038223134095]}, "properties": {"routes": ["19"], "colours": ["#9467bd"], "category": "radial", "colour": "#9467bd", "phase": "6a"}}, {"type": "Feature", "geometry": {"type": "Point", "coordinates": [-6.24195, 53.42777]}, "properties": {"routes": ["19"], "colours": ["#9467bd"], "category": "radial", "colour": "#9467bd", "phase": "6a"}}, {"type": "Feature", "geometry": {"type": "Point", "coordinates": [-6.222815, 53.446143]}, "properties": {"routes": ["197"], "colours": ["#9467bd"], "category": "radial", "colour": "#9467bd", "phase": "legacy"}}, {"type": "Feature", "geometry": {"type": "Point", "coordinates": [-6.251872, 53.472152]}, "properties": {"routes": ["197"], "colours": ["#9467bd"], "category": "radial", "colour": "#9467bd", "phase": "legacy"}}, {"type": "Feature", "geometry": {"type": "Point", "coordinates": [-6.41515, 53.52504]}, "properties": {"routes": ["197"], "colours": ["#9467bd"], "category": "radial", "colour": "#9467bd", "phase": "legacy"}}, {"type": "Feature", "geometry": {"type": "Point", "coordinates": [-6.271393, 53.398042]}, "properties": {"routes": ["220", "220A"], "colours": ["#9467bd", "#9467bd"], "category": "radial", "colour": "#9467bd", "phase": "legacy"}}, {"type": "Feature", "geometry": {"type": "Point", "coordinates": [-6.292631, 53.392317]}, "properties": {"routes": ["220", "220A"], "colours": ["#9467bd", "#9467bd"], "category": "radial", "colour": "#9467bd", "phase": "legacy"}}, {"type": "Feature", "geometry": {"type": "Point", "coordinates": [-6.29446, 53.378915]}, "properties": {"routes": ["220"], "colours": ["#9467bd"], "category": "radial", "colour": "#9467bd", "phase": "legacy"}}, {"type": "Feature", "geometry": {"type": "Point", "coordinates": [-6.318714, 53.384418]}, "properties": {"routes": ["220"], "colours": ["#9467bd"], "category": "radial", "colour": "#9467bd", "phase": "legacy"}}, {"type": "Feature", "geometry": {"type": "Point", "coordinates": [-6.31801267740452, 53.3903851294541]}, "properties": {"routes": ["220"], "colours": ["#9467bd"], "category": "radial", "colour": "#9467bd", "phase": "legacy"}}, {"type": "Feature", "geometry": {"type": "Point", "coordinates": [-6.361218, 53.412845]}, "properties": {"routes": ["220"], "colours": ["#9467bd"], "category": "radial", "colour": "#9467bd", "phase": "legacy"}}, {"type": "Feature", "geometry": {"type": "Point", "coordinates": [-6.37077328062277, 53.3895530035626]}, "properties": {"routes": ["220"], "colours": ["#9467bd"], "category": "radial", "colour": "#9467bd", "phase": "legacy"}}, {"type": "Feature", "geometry": {"type": "Point", "coordinates": [-6.407791, 53.391122]}, "properties": {"routes": ["220", "220A"], "colours": ["#9467bd", "#9467bd"], "category": "radial", "colour": "#9467bd", "phase": "legacy"}}, {"type": "Feature", "geometry": {"type": "Point", "coordinates": [-6.40644280565797, 53.4010446332512]}, "properties": {"routes": ["220", "220A"], "colours": ["#9467bd", "#9467bd"], "category": "radial", "colour": "#9467bd", "phase": "legacy"}}, {"type": "Feature", "geometry": {"type": "Point", "coordinates": [-6.398563, 53.407042]}, "properties": {"routes": ["220", "220A", "238"], "colours": ["#9467bd", "#9467bd", "#9467bd"], "category": "radial", "colour": "#9467bd", "phase": "legacy"}}, {"type": "Feature", "geometry": {"type": "Point", "coordinates": [-6.297619, 53.380739]}, "properties": {"routes": ["220A"], "colours": ["#9467bd"], "category": "radial", "colour": "#9467bd", "phase": "legacy"}}, {"type": "Feature", "geometry": {"type": "Point", "coordinates": [-6.318689, 53.383519]}, "properties": {"routes": ["220A"], "colours": ["#9467bd"], "category": "radial", "colour": "#9467bd", "phase": "legacy"}}, {"type": "Feature", "geometry": {"type": "Point", "coordinates": [-6.32252918543635, 53.3929113883189]}, "properties": {"routes": ["220A"], "colours": ["#9467bd"], "category": "radial", "colour": "#9467bd", "phase": "legacy"}}, {"type": "Feature", "geometry": {"type": "Point", "coordinates": [-6.368446, 53.409915]}, "properties": {"routes": ["220A"], "colours": ["#9467bd"], "category": "radial", "colour": "#9467bd", "phase": "legacy"}}, {"type": "Feature", "geometry": {"type": "Point", "coordinates": [-6.37078686684588, 53.3880162566005]}, "properties": {"routes": ["220A"], "colours": ["#9467bd"], "category": "radial", "colour": "#9467bd", "phase": "legacy"}}, {"type": "Feature", "geometry": {"type": "Point", "coordinates": [-6.247477, 53.383546]}, "properties": {"routes": ["220T"], "colours": ["#9467bd"], "category": "radial", "colour": "#9467bd", "phase": "legacy"}}, {"type": "Feature", "geometry": {"type": "Point", "coordinates": [-6.27940673236037, 53.4018159228276]}, "properties": {"routes": ["220T"], "colours": ["#9467bd"], "category": "radial", "colour": "#9467bd", "phase": "legacy"}}, {"type": "Feature", "geometry": {"type": "Point", "coordinates": [-6.307061, 53.389781]}, "properties": {"routes": ["220T"], "colours": ["#9467bd"], "category": "radial", "colour": "#9467bd", "phase": "legacy"}}, {"type": "Feature", "geometry": {"type": "Point", "coordinates": [-6.273235, 53.352913]}, "properties": {"routes": ["23", "24"], "colours": ["#9467bd", "#9467bd"], "category": "radial", "colour": "#9467bd", "phase": "7"}}, {"type": "Feature", "geometry": {"type": "Point", "coordinates": [-6.270134, 53.375689]}, "properties": {"routes": ["23"], "colours": ["#9467bd"], "category": "radial", "colour": "#9467bd", "phase": "7"}}, {"type": "Feature", "geometry": {"type": "Point", "coordinates": [-6.292075, 53.387797]}, "properties": {"routes": ["23"], "colours": ["#9467bd"], "category": "radial", "colour": "#9467bd", "phase": "7"}}, {"type": "Feature", "geometry": {"type": "Point", "coordinates": [-6.30241, 53.403502]}, "properties": {"routes": ["23"], "colours": ["#9467bd"], "category": "radial", "colour": "#9467bd", "phase": "7"}}, {"type": "Feature", "geometry": {"type": "Point", "coordinates": [-6.39185248232824, 53.3943327828823]}, "properties": {"routes": ["236", "236A", "W4"], "colours": ["#9467bd", "#9467bd", "#1f77b4"], "category": "orbital", "colour": "#1f77b4", "phase": ""}}, {"type": "Feature", "geometry": {"type": "Point", "coordinates": [-6.377823, 53.411337]}, "properties": {"routes": ["236"], "colours": ["#9467bd"], "category": "radial", "colour": "#9467bd", "phase": "legacy"}}, {"type": "Feature", "geometry": {"type": "Point", "coordinates": [-6.41942316227851, 53.4204690922781]}, "properties": {"routes": ["38", "38A", "38B", "38D", "236", "236A"], "colours": ["#9467bd", "#9467bd", "#9467bd", "#9467bd", "#9467bd", "#9467bd"], "category": "radial", "colour": "#9467bd", "phase": "legacy"}}, {"type": "Feature", "geometry": {"type": "Point", "coordinates": [-6.398205, 53.385745]}, "properties": {"routes": ["236T"], "colours": ["#9467bd"], "category": "radial", "colour": "#9467bd", "phase": "legacy"}}, {"type": "Feature", "geometry": {"type": "Point", "coordinates": [-6.382498, 53.419345]}, "properties": {"routes": ["236T"], "colours": ["#9467bd"], "category": "radial", "colour": "#9467bd", "phase": "legacy"}}, {"type": "Feature", "geometry": {"type": "Point", "coordinates": [-6.378266, 53.419081]}, "properties": {"routes": ["238"], "colours": ["#9467bd"], "category": "radial", "colour": "#9467bd", "phase": "legacy"}}, {"type": "Feature", "geometry": {"type": "Point", "coordinates": [-6.275557, 53.377259]}, "properties": {"routes": ["24"], "colours": ["#9467bd"], "category": "radial", "colour": "#9467bd", "phase": "7"}}, {"type": "Feature", "geometry": {"type": "Point", "coordinates": [-6.298618, 53.402046]}, "properties": {"routes": ["24"], "colours": ["#9467bd"], "category": "radial", "colour": "#9467bd", "phase": "7"}}, {"type": "Feature", "geometry": {"type": "Point", "coordinates": [-6.24176, 53.42766]}, "properties": {"routes": ["24"], "colours": ["#9467bd"], "category": "radial", "colour": "#9467bd", "phase": "7"}}, {"type": "Feature", "geometry": {"type": "Point", "coordinates": [-6.172973, 53.40214]}, "properties": {"routes": ["27"], "colours": ["#d62728"], "category": "spine", "colour": "#d62728", "phase": "legacy"}}, {"type": "Feature", "geometry": {"type": "Point", "coordinates": [-6.206219, 53.397997]}, "properties": {"routes": ["27"], "colours": ["#d62728"], "category": "spine", "colour": "#d62728", "phase": "legacy"}}, {"type": "Feature", "geometry": {"type": "Point", "coordinates": [-6.195277, 53.391109]}, "properties": {"routes": ["27"], "colours": ["#d62728"], "category": "spine", "colour": "#d62728", "phase": "legacy"}}, {"type": "Feature", "geometry": {"type": "Point", "coordinates": [-6.224263, 53.370233]}, "properties": {"routes": ["27"], "colours": ["#d62728"], "category": "spine", "colour": "#d62728", "phase": "legacy"}}, {"type": "Feature", "geometry": {"type": "Point", "coordinates": [-6.291691, 53.333153]}, "properties": {"routes": ["27", "74"], "colours": ["#d62728", "#9467bd"], "category": "spine", "colour": "#d62728", "phase": ""}}, {"type": "Feature", "geometry": {"type": "Point", "coordinates": [-6.329992, 53.322083]}, "properties": {"routes": ["27"], "colours": ["#d62728"], "category": "spine", "colour": "#d62728", "phase": "legacy"}}, {"type": "Feature", "geometry": {"type": "Point", "coordinates": [-6.354238, 53.297433]}, "properties": {"routes": ["27"], "colours": ["#d62728"], "category": "spine", "colour": "#d62728", "phase": "legacy"}}, {"type": "Feature", "geometry": {"type": "Point", "coordinates": [-6.384525, 53.283206]}, "properties": {"routes": ["27"], "colours": ["#d62728"], "category": "spine", "colour": "#d62728", "phase": "legacy"}}, {"type": "Feature", "geometry": {"type": "Point", "coordinates": [-6.402024, 53.279271]}, "properties": {"routes": ["27"], "colours": ["#d62728"], "category": "spine", "colour": "#d62728", "phase": "legacy"}}, {"type": "Feature", "geometry": {"type": "Point", "coordinates": [-6.474329, 53.419503]}, "properties": {"routes": ["70", "70D", "270"], "colours": ["#9467bd", "#9467bd", "#9467bd"], "category": "radial", "colour": "#9467bd", "phase": "legacy"}}, {"type": "Feature", "geometry": {"type": "Point", "coordinates": [-6.392065, 53.393895]}, "properties": {"routes": ["270", "L52"], "colours": ["#9467bd", "#2ca02c"], "category": "local", "colour": "#2ca02c", "phase": ""}}, {"type": "Feature", "geometry": {"type": "Point", "coordinates": [-6.426636, 53.404018]}, "properties": {"routes": ["270T"], "colours": ["#9467bd"], "category": "radial", "colour": "#9467bd", "phase": "legacy"}}, {"type": "Feature", "geometry": {"type": "Point", "coordinates": [-6.392789, 53.370276]}, "properties": {"routes": ["270T"], "colours": ["#9467bd"], "category": "radial", "colour": "#9467bd", "phase": "legacy"}}, {"type": "Feature", "geometry": {"type": "Point", "coordinates": [-6.255757, 53.348299]}, "properties": {"routes": ["27A", "27B"], "colours": ["#9467bd", "#9467bd"], "category": "radial", "colour": "#9467bd", "phase": "legacy"}}, {"type": "Feature", "geometry": {"type": "Point", "coordinates": [-6.219678, 53.374964]}, "properties": {"routes": ["27A"], "colours": ["#9467bd"], "category": "radial", "colour": "#9467bd", "phase": "legacy"}}, {"type": "Feature", "geometry": {"type": "Point", "coordinates": [-6.186321, 53.381788]}, "properties": {"routes": ["27A"], "colours": ["#9467bd"], "category": "radial", "colour": "#9467bd", "phase": "legacy"}}, {"type": "Feature", "geometry": {"type": "Point", "coordinates": [-6.182802, 53.396645]}, "properties": {"routes": ["27A"], "colours": ["#9467bd"], "category": "radial", "colour": "#9467bd", "phase": "legacy"}}, {"type": "Feature", "geometry": {"type": "Point", "coordinates": [-6.22109, 53.37354]}, "properties": {"routes": ["27B", "42"], "colours": ["#9467bd", "#9467bd"], "category": "radial", "colour": "#9467bd", "phase": "legacy"}}, {"type": "Feature", "geometry": {"type": "Point", "coordinates": [-6.21516, 53.39114]}, "properties": {"routes": ["27B"], "colours": ["#9467bd"], "category": "radial", "colour": "#9467bd", "phase": "legacy"}}, {"type": "Feature", "geometry": {"type": "Point", "coordinates": [-6.225098, 53.395709]}, "properties": {"routes": ["27B"], "colours": ["#9467bd"], "category": "radial", "colour": "#9467bd", "phase": "legacy"}}, {"type": "Feature", "geometry": {"type": "Point", "coordinates": [-6.278539, 53.417353]}, "properties": {"routes": ["27B"], "colours": ["#9467bd"], "category": "radial", "colour": "#9467bd", "phase": "legacy"}}, {"type": "Feature", "geometry": {"type": "Point", "coordinates": [-6.216937, 53.304897]}, "properties": {"routes": ["27X", "32X", "77X", "X25", "X26", "X27", "X28", "X30", "X31", "X32"], "colours": ["#9467bd", "#9467bd", "#9467bd", "#ff7f0e", "#ff7f0e", "#ff7f0e", "#ff7f0e", "#ff7f0e", "#ff7f0e", "#ff7f0e"], "category": "peak", "colour": "#ff7f0e", "phase": ""}}, {"type": "Feature", "geometry": {"type": "Point", "coordinates": [-6.236077, 53.333099]}, "properties": {"routes": ["27X"], "colours": ["#9467bd"], "category": "radial", "colour": "#9467bd", "phase": "legacy"}}, {"type": "Feature", "geometry": {"type": "Point", "coordinates": [-6.202768, 53.384985]}, "properties": {"routes": ["27X"], "colours": ["#9467bd"], "category": "radial", "colour": "#9467bd", "phase": "legacy"}}, {"type": "Feature", "geometry": {"type": "Point", "coordinates": [-6.20854, 53.397538]}, "properties": {"routes": ["27X"], "colours": ["#9467bd"], "category": "radial", "colour": "#9467bd", "phase": "legacy"}}, {"type": "Feature", "geometry": {"type": "Point", "coordinates": [-6.163532, 53.399245]}, "properties": {"routes": ["27X"], "colours": ["#9467bd"], "category": "radial", "colour": "#9467bd", "phase": "legacy"}}, {"type": "Feature", "geometry": {"type": "Point", "coordinates": [-6.174134, 53.446298]}, "properties": {"routes": ["32X"], "colours": ["#9467bd"], "category": "radial", "colour": "#9467bd", "phase": "legacy"}}, {"type": "Feature", "geometry": {"type": "Point", "coordinates": [-6.136328, 53.409186]}, "properties": {"routes": ["32X"], "colours": ["#9467bd"], "category": "radial", "colour": "#9467bd", "phase": "legacy"}}, {"type": "Feature", "geometry": {"type": "Point", "coordinates": [-6.255255, 53.3492]}, "properties": {"routes": ["33", "33E"], "colours": ["#9467bd", "#9467bd"], "category": "radial", "colour": "#9467bd", "phase": "legacy"}}, {"type": "Feature", "geometry": {"type": "Point", "coordinates": [-6.2556, 53.367235]}, "properties": {"routes": ["33", "33E"], "colours": ["#9467bd", "#9467bd"], "category": "radial", "colour": "#9467bd", "phase": "legacy"}}, {"type": "Feature", "geometry": {"type": "Point", "coordinates": [-6.246413, 53.390038]}, "properties": {"routes": ["33", "33E"], "colours": ["#9467bd", "#9467bd"], "category": "radial", "colour": "#9467bd", "phase": "legacy"}}, {"type": "Feature", "geometry": {"type": "Point", "coordinates": [-6.229854, 53.424577]}, "properties": {"routes": ["33", "33E"], "colours": ["#9467bd", "#9467bd"], "category": "radial", "colour": "#9467bd", "phase": "legacy"}}, {"type": "Feature", "geometry": {"type": "Point", "coordinates": [-6.218692, 53.46119]}, "properties": {"routes": ["33", "33A", "33E"], "colours": ["#9467bd", "#9467bd", "#9467bd"], "category": "radial", "colour": "#9467bd", "phase": "legacy"}}, {"type": "Feature", "geometry": {"type": "Point", "coordinates": [-6.188266, 53.504415]}, "properties": {"routes": ["33", "33E"], "colours": ["#9467bd", "#9467bd"], "category": "radial", "colour": "#9467bd", "phase": "legacy"}}, {"type": "Feature", "geometry": {"type": "Point", "coordinates": [-6.153127, 53.522365]}, "properties": {"routes": ["33", "33E"], "colours": ["#9467bd", "#9467bd"], "category": "radial", "colour": "#9467bd", "phase": "legacy"}}, {"type": "Feature", "geometry": {"type": "Point", "coordinates": [-6.106213, 53.521514]}, "properties": {"routes": ["33", "33A"], "colours": ["#9467bd", "#9467bd"], "category": "radial", "colour": "#9467bd", "phase": "legacy"}}, {"type": "Feature", "geometry": {"type": "Point", "coordinates": [-6.09608283629037, 53.5422415398685]}, "properties": {"routes": ["33", "33A"], "colours": ["#9467bd", "#9467bd"], "category": "radial", "colour": "#9467bd", "phase": "legacy"}}, {"type": "Feature", "geometry": {"type": "Point", "coordinates": [-6.104425, 53.575046]}, "properties": {"routes": ["33", "33A"], "colours": ["#9467bd", "#9467bd"], "category": "radial", "colour": "#9467bd", "phase": "legacy"}}, {"type": "Feature", "geometry": {"type": "Point", "coordinates": [-6.125493, 53.581822]}, "properties": {"routes": ["33", "33A", "33E"], "colours": ["#9467bd", "#9467bd", "#9467bd"], "category": "radial", "colour": "#9467bd", "phase": "legacy"}}, {"type": "Feature", "geometry": {"type": "Point", "coordinates": [-6.185173, 53.50728]}, "properties": {"routes": ["33A"], "colours": ["#9467bd"], "category": "radial", "colour": "#9467bd", "phase": "legacy"}}, {"type": "Feature", "geometry": {"type": "Point", "coordinates": [-6.148662, 53.522035]}, "properties": {"routes": ["33A"], "colours": ["#9467bd"], "category": "radial", "colour": "#9467bd", "phase": "legacy"}}, {"type": "Feature", "geometry": {"type": "Point", "coordinates": [-6.142154, 53.489793]}, "properties": {"routes": ["33B"], "colours": ["#9467bd"], "category": "radial", "colour": "#9467bd", "phase": "legacy"}}, {"type": "Feature", "geometry": {"type": "Point", "coordinates": [-6.118474, 53.5001]}, "properties": {"routes": ["33B", "33D"], "colours": ["#9467bd", "#9467bd"], "category": "radial", "colour": "#9467bd", "phase": "legacy"}}, {"type": "Feature", "geometry": {"type": "Point", "coordinates": [-6.253893, 53.348335]}, "properties": {"routes": ["33D", "33X"], "colours": ["#9467bd", "#9467bd"], "category": "radial", "colour": "#9467bd", "phase": "legacy"}}, {"type": "Feature", "geometry": {"type": "Point", "coordinates": [-6.148478, 53.487168]}, "properties": {"routes": ["33D", "33E"], "colours": ["#9467bd", "#9467bd"], "category": "radial", "colour": "#9467bd", "phase": "legacy"}}, {"type": "Feature", "geometry": {"type": "Point", "coordinates": [-6.136279, 53.492488]}, "properties": {"routes": ["33E"], "colours": ["#9467bd"], "category": "radial", "colour": "#9467bd", "phase": "legacy"}}, {"type": "Feature", "geometry": {"type": "Point", "coordinates": [-6.109192, 53.520986]}, "properties": {"routes": ["33E"], "colours": ["#9467bd"], "category": "radial", "colour": "#9467bd", "phase": "legacy"}}, {"type": "Feature", "geometry": {"type": "Point", "coordinates": [-6.092663, 53.539104]}, "properties": {"routes": ["33E"], "colours": ["#9467bd"], "category": "radial", "colour": "#9467bd", "phase": "legacy"}}, {"type": "Feature", "geometry": {"type": "Point", "coordinates": [-6.1019940041645, 53.5730117633981]}, "properties": {"routes": ["33E"], "colours": ["#9467bd"], "category": "radial", "colour": "#9467bd", "phase": "legacy"}}, {"type": "Feature", "geometry": {"type": "Point", "coordinates": [-6.135417, 53.492564]}, "properties": {"routes": ["33T"], "colours": ["#9467bd"], "category": "radial", "colour": "#9467bd", "phase": "legacy"}}, {"type": "Feature", "geometry": {"type": "Point", "coordinates": [-6.13189, 53.49251]}, "properties": {"routes": ["33T"], "colours": ["#9467bd"], "category": "radial", "colour": "#9467bd", "phase": "legacy"}}, {"type": "Feature", "geometry": {"type": "Point", "coordinates": [-6.164416, 53.525325]}, "properties": {"routes": ["33T"], "colours": ["#9467bd"], "category": "radial", "colour": "#9467bd", "phase": "legacy"}}, {"type": "Feature", "geometry": {"type": "Point", "coordinates": [-6.191891, 53.502483]}, "properties": {"routes": ["33X"], "colours": ["#9467bd"], "category": "radial", "colour": "#9467bd", "phase": "legacy"}}, {"type": "Feature", "geometry": {"type": "Point", "coordinates": [-6.160139, 53.524136]}, "properties": {"routes": ["33X"], "colours": ["#9467bd"], "category": "radial", "colour": "#9467bd", "phase": "legacy"}}, {"type": "Feature", "geometry": {"type": "Point", "coordinates": [-6.116223, 53.518904]}, "properties": {"routes": ["33X"], "colours": ["#9467bd"], "category": "radial", "colour": "#9467bd", "phase": "legacy"}}, {"type": "Feature", "geometry": {"type": "Point", "coordinates": [-6.09062127959902, 53.5338404462475]}, "properties": {"routes": ["33X"], "colours": ["#9467bd"], "category": "radial", "colour": "#9467bd", "phase": "legacy"}}, {"type": "Feature", "geometry": {"type": "Point", "coordinates": [-6.10124216180176, 53.569907943875]}, "properties": {"routes": ["33X"], "colours": ["#9467bd"], "category": "radial", "colour": "#9467bd", "phase": "legacy"}}, {"type": "Feature", "geometry": {"type": "Point", "coordinates": [-6.125399, 53.578145]}, "properties": {"routes": ["33X"], "colours": ["#9467bd"], "category": "radial", "colour": "#9467bd", "phase": "legacy"}}, {"type": "Feature", "geometry": {"type": "Point", "coordinates": [-6.184446, 53.603952]}, "properties": {"routes": ["33X"], "colours": ["#9467bd"], "category": "radial", "colour": "#9467bd", "phase": "legacy"}}, {"type": "Feature", "geometry": {"type": "Point", "coordinates": [-6.246978, 53.335308]}, "properties": {"routes": ["37"], "colours": ["#9467bd"], "category": "radial", "colour": "#9467bd", "phase": "legacy"}}, {"type": "Feature", "geometry": {"type": "Point", "coordinates": [-6.26954, 53.345129]}, "properties": {"routes": ["37", "39"], "colours": ["#9467bd", "#9467bd"], "category": "radial", "colour": "#9467bd", "phase": "legacy"}}, {"type": "Feature", "geometry": {"type": "Point", "coordinates": [-6.29883, 53.3573]}, "properties": {"routes": ["37"], "colours": ["#9467bd"], "category": "radial", "colour": "#9467bd", "phase": "legacy"}}, {"type": "Feature", "geometry": {"type": "Point", "coordinates": [-6.327702, 53.370658]}, "properties": {"routes": ["37", "38A"], "colours": ["#9467bd", "#9467bd"], "category": "radial", "colour": "#9467bd", "phase": "legacy"}}, {"type": "Feature", "geometry": {"type": "Point", "coordinates": [-6.366288, 53.377502]}, "properties": {"routes": ["37"], "colours": ["#9467bd"], "category": "radial", "colour": "#9467bd", "phase": "legacy"}}, {"type": "Feature", "geometry": {"type": "Point", "coordinates": [-6.387802, 53.370613]}, "properties": {"routes": ["37"], "colours": ["#9467bd"], "category": "radial", "colour": "#9467bd", "phase": "legacy"}}, {"type": "Feature", "geometry": {"type": "Point", "coordinates": [-6.39214514432005, 53.3941479797141]}, "properties": {"routes": ["37"], "colours": ["#9467bd"], "category": "radial", "colour": "#9467bd", "phase": "legacy"}}, {"type": "Feature", "geometry": {"type": "Point", "coordinates": [-6.246983, 53.33299]}, "properties": {"routes": ["38", "38A", "38B", "38D", "39", "39X", "70"], "colours": ["#9467bd", "#9467bd", "#9467bd", "#9467bd", "#9467bd", "#9467bd", "#9467bd"], "category": "radial", "colour": "#9467bd", "phase": "legacy"}}, {"type": "Feature", "geometry": {"type": "Point", "coordinates": [-6.269853, 53.360018]}, "properties": {"routes": ["38"], "colours": ["#9467bd"], "category": "radial", "colour": "#9467bd", "phase": "legacy"}}, {"type": "Feature", "geometry": {"type": "Point", "coordinates": [-6.313096, 53.366444]}, "properties": {"routes": ["38", "38B", "39A", "70"], "colours": ["#9467bd", "#9467bd", "#d62728", "#9467bd"], "category": "spine", "colour": "#d62728", "phase": "legacy"}}, {"type": "Feature", "geometry": {"type": "Point", "coordinates": [-6.358434, 53.376145]}, "properties": {"routes": ["38"], "colours": ["#9467bd"], "category": "radial", "colour": "#9467bd", "phase": "legacy"}}, {"type": "Feature", "geometry": {"type": "Point", "coordinates": [-6.378382, 53.39309]}, "properties": {"routes": ["38"], "colours": ["#9467bd"], "category": "radial", "colour": "#9467bd", "phase": "legacy"}}, {"type": "Feature", "geometry": {"type": "Point", "coordinates": [-6.38646, 53.400938]}, "properties": {"routes": ["38", "38B"], "colours": ["#9467bd", "#9467bd"], "category": "radial", "colour": "#9467bd", "phase": "legacy"}}, {"type": "Feature", "geometry": {"type": "Point", "coordinates": [-6.2766, 53.36076]}, "properties": {"routes": ["38A"], "colours": ["#9467bd"], "category": "radial", "colour": "#9467bd", "phase": "legacy"}}, {"type": "Feature", "geometry": {"type": "Point", "coordinates": [-6.374403, 53.399633]}, "properties": {"routes": ["38A"], "colours": ["#9467bd"], "category": "radial", "colour": "#9467bd", "phase": "legacy"}}, {"type": "Feature", "geometry": {"type": "Point", "coordinates": [-6.269724, 53.35874]}, "properties": {"routes": ["38B"], "colours": ["#9467bd"], "category": "radial", "colour": "#9467bd", "phase": "legacy"}}, {"type": "Feature", "geometry": {"type": "Point", "coordinates": [-6.37406, 53.396015]}, "properties": {"routes": ["38B"], "colours": ["#9467bd"], "category": "radial", "colour": "#9467bd", "phase": "legacy"}}, {"type": "Feature", "geometry": {"type": "Point", "coordinates": [-6.289364, 53.361279]}, "properties": {"routes": ["38D"], "colours": ["#9467bd"], "category": "radial", "colour": "#9467bd", "phase": "legacy"}}, {"type": "Feature", "geometry": {"type": "Point", "coordinates": [-6.302642, 53.362907]}, "properties": {"routes": ["39"], "colours": ["#9467bd"], "category": "radial", "colour": "#9467bd", "phase": "legacy"}}, {"type": "Feature", "geometry": {"type": "Point", "coordinates": [-6.374108, 53.38568]}, "properties": {"routes": ["39"], "colours": ["#9467bd"], "category": "radial", "colour": "#9467bd", "phase": "legacy"}}, {"type": "Feature", "geometry": {"type": "Point", "coordinates": [-6.391609, 53.394169]}, "properties": {"routes": ["39", "39A", "N4"], "colours": ["#9467bd", "#d62728", "#1f77b4"], "category": "spine", "colour": "#d62728", "phase": ""}}, {"type": "Feature", "geometry": {"type": "Point", "coordinates": [-6.418531, 53.393422]}, "properties": {"routes": ["39"], "colours": ["#9467bd"], "category": "radial", "colour": "#9467bd", "phase": "legacy"}}, {"type": "Feature", "geometry": {"type": "Point", "coordinates": [-6.430532, 53.38888]}, "properties": {"routes": ["39"], "colours": ["#9467bd"], "category": "radial", "colour": "#9467bd", "phase": "legacy"}}, {"type": "Feature", "geometry": {"type": "Point", "coordinates": [-6.433405, 53.391281]}, "properties": {"routes": ["39", "39A", "39X"], "colours": ["#9467bd", "#d62728", "#9467bd"], "category": "spine", "colour": "#d62728", "phase": "legacy"}}, {"type": "Feature", "geometry": {"type": "Point", "coordinates": [-6.21668, 53.305297]}, "properties": {"routes": ["39A"], "colours": ["#d62728"], "category": "spine", "colour": "#d62728", "phase": "legacy"}}, {"type": "Feature", "geometry": {"type": "Point", "coordinates": [-6.241736, 53.325479]}, "properties": {"routes": ["39A", "X25", "X28"], "colours": ["#d62728", "#ff7f0e", "#ff7f0e"], "category": "spine", "colour": "#d62728", "phase": ""}}, {"type": "Feature", "geometry": {"type": "Point", "coordinates": [-6.25612, 53.33513]}, "properties": {"routes": ["39A"], "colours": ["#d62728"], "category": "spine", "colour": "#d62728", "phase": "legacy"}}, {"type": "Feature", "geometry": {"type": "Point", "coordinates": [-6.28221, 53.34828]}, "properties": {"routes": ["39A"], "colours": ["#d62728"], "category": "spine", "colour": "#d62728", "phase": "legacy"}}, {"type": "Feature", "geometry": {"type": "Point", "coordinates": [-6.416735, 53.396436]}, "properties": {"routes": ["39A"], "colours": ["#d62728"], "category": "spine", "colour": "#d62728", "phase": "legacy"}}, {"type": "Feature", "geometry": {"type": "Point", "coordinates": [-6.431149, 53.394164]}, "properties": {"routes": ["39A"], "colours": ["#d62728"], "category": "spine", "colour": "#d62728", "phase": "legacy"}}, {"type": "Feature", "geometry": {"type": "Point", "coordinates": [-6.330596, 53.371597]}, "properties": {"routes": ["39X"], "colours": ["#9467bd"], "category": "radial", "colour": "#9467bd", "phase": "legacy"}}, {"type": "Feature", "geometry": {"type": "Point", "coordinates": [-6.292084, 53.346641]}, "properties": {"routes": ["4", "S2"], "colours": ["#d62728", "#1f77b4"], "category": "spine", "colour": "#d62728", "phase": ""}}, {"type": "Feature", "geometry": {"type": "Point", "coordinates": [-6.237279, 53.335256]}, "properties": {"routes": ["4"], "colours": ["#d62728"], "category": "spine", "colour": "#d62728", "phase": "legacy"}}, {"type": "Feature", "geometry": {"type": "Point", "coordinates": [-6.201477, 53.312502]}, "properties": {"routes": ["4"], "colours": ["#d62728"], "category": "spine", "colour": "#d62728", "phase": "legacy"}}, {"type": "Feature", "geometry": {"type": "Point", "coordinates": [-6.153793, 53.288557]}, "properties": {"routes": ["4"], "colours": ["#d62728"], "category": "spine", "colour": "#d62728", "phase": "legacy"}}, {"type": "Feature", "geometry": {"type": "Point", "coordinates": [-6.274503, 53.36839]}, "properties": {"routes": ["40D"], "colours": ["#9467bd"], "category": "radial", "colour": "#9467bd", "phase": "legacy"}}, {"type": "Feature", "geometry": {"type": "Point", "coordinates": [-6.303031, 53.389805]}, "properties": {"routes": ["40D"], "colours": ["#9467bd"], "category": "radial", "colour": "#9467bd", "phase": "legacy"}}, {"type": "Feature", "geometry": {"type": "Point", "coordinates": [-6.35177289546409, 53.398792397797]}, "properties": {"routes": ["40D"], "colours": ["#9467bd"], "category": "radial", "colour": "#9467bd", "phase": "legacy"}}, {"type": "Feature", "geometry": {"type": "Point", "coordinates": [-6.386031, 53.417047]}, "properties": {"routes": ["40D"], "colours": ["#9467bd"], "category": "radial", "colour": "#9467bd", "phase": "legacy"}}, {"type": "Feature", "geometry": {"type": "Point", "coordinates": [-6.378168, 53.419269]}, "properties": {"routes": ["40D", "40E"], "colours": ["#9467bd", "#9467bd"], "category": "radial", "colour": "#9467bd", "phase": "legacy"}}, {"type": "Feature", "geometry": {"type": "Point", "coordinates": [-6.298882, 53.372426]}, "properties": {"routes": ["40E"], "colours": ["#9467bd"], "category": "radial", "colour": "#9467bd", "phase": "legacy"}}, {"type": "Feature", "geometry": {"type": "Point", "coordinates": [-6.33454, 53.40039]}, "properties": {"routes": ["40E"], "colours": ["#9467bd"], "category": "radial", "colour": "#9467bd", "phase": "legacy"}}, {"type": "Feature", "geometry": {"type": "Point", "coordinates": [-6.255602, 53.349169]}, "properties": {"routes": ["41", "41B", "41C", "41D"], "colours": ["#9467bd", "#9467bd", "#9467bd", "#9467bd"], "category": "radial", "colour": "#9467bd", "phase": "legacy"}}, {"type": "Feature", "geometry": {"type": "Point", "coordinates": [-6.254311, 53.370101]}, "properties": {"routes": ["41", "41B", "41C"], "colours": ["#9467bd", "#9467bd", "#9467bd"], "category": "radial", "colour": "#9467bd", "phase": "legacy"}}, {"type": "Feature", "geometry": {"type": "Point", "coordinates": [-6.245473, 53.396082]}, "properties": {"routes": ["41", "41B", "41C"], "colours": ["#9467bd", "#9467bd", "#9467bd"], "category": "radial", "colour": "#9467bd", "phase": "legacy"}}, {"type": "Feature", "geometry": {"type": "Point", "coordinates": [-6.23008, 53.432176]}, "properties": {"routes": ["41", "41B"], "colours": ["#9467bd", "#9467bd"], "category": "radial", "colour": "#9467bd", "phase": "legacy"}}, {"type": "Feature", "geometry": {"type": "Point", "coordinates": [-6.228373, 53.461253]}, "properties": {"routes": ["41", "41B"], "colours": ["#9467bd", "#9467bd"], "category": "radial", "colour": "#9467bd", "phase": "legacy"}}, {"type": "Feature", "geometry": {"type": "Point", "coordinates": [-6.250911, 53.459626]}, "properties": {"routes": ["41", "41C", "41X"], "colours": ["#9467bd", "#9467bd", "#9467bd"], "category": "radial", "colour": "#9467bd", "phase": "legacy"}}, {"type": "Feature", "geometry": {"type": "Point", "coordinates": [-6.304211, 53.488644]}, "properties": {"routes": ["41B"], "colours": ["#9467bd"], "category": "radial", "colour": "#9467bd", "phase": "legacy"}}, {"type": "Feature", "geometry": {"type": "Point", "coordinates": [-6.22788947665305, 53.4410501588912]}, "properties": {"routes": ["41C"], "colours": ["#9467bd"], "category": "radial", "colour": "#9467bd", "phase": "legacy"}}, {"type": "Feature", "geometry": {"type": "Point", "coordinates": [-6.238765, 53.453264]}, "properties": {"routes": ["41C"], "colours": ["#9467bd"], "category": "radial", "colour": "#9467bd", "phase": "legacy"}}, {"type": "Feature", "geometry": {"type": "Point", "coordinates": [-6.221822, 53.468095]}, "properties": {"routes": ["41C"], "colours": ["#9467bd"], "category": "radial", "colour": "#9467bd", "phase": "legacy"}}, {"type": "Feature", "geometry": {"type": "Point", "coordinates": [-6.251913, 53.373958]}, "properties": {"routes": ["41D"], "colours": ["#9467bd"], "category": "radial", "colour": "#9467bd", "phase": "legacy"}}, {"type": "Feature", "geometry": {"type": "Point", "coordinates": [-6.237888, 53.408248]}, "properties": {"routes": ["41D"], "colours": ["#9467bd"], "category": "radial", "colour": "#9467bd", "phase": "legacy"}}, {"type": "Feature", "geometry": {"type": "Point", "coordinates": [-6.210107, 53.460855]}, "properties": {"routes": ["41D", "43"], "colours": ["#9467bd", "#9467bd"], "category": "radial", "colour": "#9467bd", "phase": "legacy"}}, {"type": "Feature", "geometry": {"type": "Point", "coordinates": [-6.21704, 53.304961]}, "properties": {"routes": ["41X"], "colours": ["#9467bd"], "category": "radial", "colour": "#9467bd", "phase": "legacy"}}, {"type": "Feature", "geometry": {"type": "Point", "coordinates": [-6.24763437727541, 53.3288107659722]}, "properties": {"routes": ["41X", "X32"], "colours": ["#9467bd", "#ff7f0e"], "category": "peak", "colour": "#ff7f0e", "phase": ""}}, {"type": "Feature", "geometry": {"type": "Point", "coordinates": [-6.231477, 53.444564]}, "properties": {"routes": ["41X"], "colours": ["#9467bd"], "category": "radial", "colour": "#9467bd", "phase": "legacy"}}, {"type": "Feature", "geometry": {"type": "Point", "coordinates": [-6.22359, 53.459663]}, "properties": {"routes": ["41X"], "colours": ["#9467bd"], "category": "radial", "colour": "#9467bd", "phase": "legacy"}}, {"type": "Feature", "geometry": {"type": "Point", "coordinates": [-6.25385, 53.35086]}, "properties": {"routes": ["42", "43"], "colours": ["#9467bd", "#9467bd"], "category": "radial", "colour": "#9467bd", "phase": "legacy"}}, {"type": "Feature", "geometry": {"type": "Point", "coordinates": [-6.187536, 53.396726]}, "properties": {"routes": ["42"], "colours": ["#9467bd"], "category": "radial", "colour": "#9467bd", "phase": "legacy"}}, {"type": "Feature", "geometry": {"type": "Point", "coordinates": [-6.177947, 53.429315]}, "properties": {"routes": ["42"], "colours": ["#9467bd"], "category": "radial", "colour": "#9467bd", "phase": "legacy"}}, {"type": "Feature", "geometry": {"type": "Point", "coordinates": [-6.163163, 53.449348]}, "properties": {"routes": ["42"], "colours": ["#9467bd"], "category": "radial", "colour": "#9467bd", "phase": "legacy"}}, {"type": "Feature", "geometry": {"type": "Point", "coordinates": [-6.123927, 53.434276]}, "properties": {"routes": ["42"], "colours": ["#9467bd"], "category": "radial", "colour": "#9467bd", "phase": "legacy"}}, {"type": "Feature", "geometry": {"type": "Point", "coordinates": [-6.204474, 53.448718]}, "properties": {"routes": ["42D"], "colours": ["#9467bd"], "category": "radial", "colour": "#9467bd", "phase": "legacy"}}, {"type": "Feature", "geometry": {"type": "Point", "coordinates": [-6.151228, 53.441955]}, "properties": {"routes": ["42D"], "colours": ["#9467bd"], "category": "radial", "colour": "#9467bd", "phase": "legacy"}}, {"type": "Feature", "geometry": {"type": "Point", "coordinates": [-6.13995581550581, 53.4194716115268]}, "properties": {"routes": ["42D"], "colours": ["#9467bd"], "category": "radial", "colour": "#9467bd", "phase": "legacy"}}, {"type": "Feature", "geometry": {"type": "Point", "coordinates": [-6.214915, 53.377787]}, "properties": {"routes": ["43"], "colours": ["#9467bd"], "category": "radial", "colour": "#9467bd", "phase": "legacy"}}, {"type": "Feature", "geometry": {"type": "Point", "coordinates": [-6.193182, 53.440566]}, "properties": {"routes": ["43"], "colours": ["#9467bd"], "category": "radial", "colour": "#9467bd", "phase": "legacy"}}, {"type": "Feature", "geometry": {"type": "Point", "coordinates": [-6.248564, 53.377207]}, "properties": {"routes": ["44"], "colours": ["#9467bd"], "category": "radial", "colour": "#9467bd", "phase": "legacy"}}, {"type": "Feature", "geometry": {"type": "Point", "coordinates": [-6.263272, 53.35781]}, "properties": {"routes": ["44"], "colours": ["#9467bd"], "category": "radial", "colour": "#9467bd", "phase": "legacy"}}, {"type": "Feature", "geometry": {"type": "Point", "coordinates": [-6.256313, 53.337252]}, "properties": {"routes": ["44"], "colours": ["#9467bd"], "category": "radial", "colour": "#9467bd", "phase": "legacy"}}, {"type": "Feature", "geometry": {"type": "Point", "coordinates": [-6.242815, 53.319302]}, "properties": {"routes": ["44"], "colours": ["#9467bd"], "category": "radial", "colour": "#9467bd", "phase": "legacy"}}, {"type": "Feature", "geometry": {"type": "Point", "coordinates": [-6.24578, 53.293496]}, "properties": {"routes": ["44"], "colours": ["#9467bd"], "category": "radial", "colour": "#9467bd", "phase": "legacy"}}, {"type": "Feature", "geometry": {"type": "Point", "coordinates": [-6.229094, 53.274392]}, "properties": {"routes": ["44"], "colours": ["#9467bd"], "category": "radial", "colour": "#9467bd", "phase": "legacy"}}, {"type": "Feature", "geometry": {"type": "Point", "coordinates": [-6.213061, 53.252527]}, "properties": {"routes": ["44"], "colours": ["#9467bd"], "category": "radial", "colour": "#9467bd", "phase": "legacy"}}, {"type": "Feature", "geometry": {"type": "Point", "coordinates": [-6.181655, 53.223397]}, "properties": {"routes": ["44"], "colours": ["#9467bd"], "category": "radial", "colour": "#9467bd", "phase": "legacy"}}, {"type": "Feature", "geometry": {"type": "Point", "coordinates": [-6.170303, 53.194211]}, "properties": {"routes": ["44"], "colours": ["#9467bd"], "category": "radial", "colour": "#9467bd", "phase": "legacy"}}, {"type": "Feature", "geometry": {"type": "Point", "coordinates": [-6.247004, 53.291652]}, "properties": {"routes": ["44B", "L25"], "colours": ["#9467bd", "#2ca02c"], "category": "local", "colour": "#2ca02c", "phase": ""}}, {"type": "Feature", "geometry": {"type": "Point", "coordinates": [-6.237762, 53.263069]}, "properties": {"routes": ["44B"], "colours": ["#9467bd"], "category": "radial", "colour": "#9467bd", "phase": "legacy"}}, {"type": "Feature", "geometry": {"type": "Point", "coordinates": [-6.240283, 53.223918]}, "properties": {"routes": ["44B"], "colours": ["#9467bd"], "category": "radial", "colour": "#9467bd", "phase": "legacy"}}, {"type": "Feature", "geometry": {"type": "Point", "coordinates": [-6.259485, 53.348596]}, "properties": {"routes": ["44D"], "colours": ["#9467bd"], "category": "radial", "colour": "#9467bd", "phase": "legacy"}}, {"type": "Feature", "geometry": {"type": "Point", "coordinates": [-6.24837, 53.322593]}, "properties": {"routes": ["44D"], "colours": ["#9467bd"], "category": "radial", "colour": "#9467bd", "phase": "legacy"}}, {"type": "Feature", "geometry": {"type": "Point", "coordinates": [-6.13648641234381, 53.1695051592613]}, "properties": {"routes": ["45A", "45B"], "colours": ["#9467bd", "#9467bd"], "category": "radial", "colour": "#9467bd", "phase": "legacy"}}, {"type": "Feature", "geometry": {"type": "Point", "coordinates": [-6.104929, 53.191784]}, "properties": {"routes": ["45A"], "colours": ["#9467bd"], "category": "radial", "colour": "#9467bd", "phase": "legacy"}}, {"type": "Feature", "geometry": {"type": "Point", "coordinates": [-6.112344, 53.206634]}, "properties": {"routes": ["45A"], "colours": ["#9467bd"], "category": "radial", "colour": "#9467bd", "phase": "legacy"}}, {"type": "Feature", "geometry": {"type": "Point", "coordinates": [-6.123539, 53.233767]}, "properties": {"routes": ["45A"], "colours": ["#9467bd"], "category": "radial", "colour": "#9467bd", "phase": "legacy"}}, {"type": "Feature", "geometry": {"type": "Point", "coordinates": [-6.148345, 53.274756]}, "properties": {"routes": ["45A"], "colours": ["#9467bd"], "category": "radial", "colour": "#9467bd", "phase": "legacy"}}, {"type": "Feature", "geometry": {"type": "Point", "coordinates": [-6.134308, 53.294078]}, "properties": {"routes": ["45A", "45B"], "colours": ["#9467bd", "#9467bd"], "category": "radial", "colour": "#9467bd", "phase": "legacy"}}, {"type": "Feature", "geometry": {"type": "Point", "coordinates": [-6.107201, 53.191865]}, "properties": {"routes": ["45B"], "colours": ["#9467bd"], "category": "radial", "colour": "#9467bd", "phase": "legacy"}}, {"type": "Feature", "geometry": {"type": "Point", "coordinates": [-6.10953086477759, 53.2048906454733]}, "properties": {"routes": ["45B"], "colours": ["#9467bd"], "category": "radial", "colour": "#9467bd", "phase": "legacy"}}, {"type": "Feature", "geometry": {"type": "Point", "coordinates": [-6.12471170908819, 53.2275029229273]}, "properties": {"routes": ["45B"], "colours": ["#9467bd"], "category": "radial", "colour": "#9467bd", "phase": "legacy"}}, {"type": "Feature", "geometry": {"type": "Point", "coordinates": [-6.121778, 53.244912]}, "properties": {"routes": ["45B"], "colours": ["#9467bd"], "category": "radial", "colour": "#9467bd", "phase": "legacy"}}, {"type": "Feature", "geometry": {"type": "Point", "coordinates": [-6.134655, 53.264754]}, "properties": {"routes": ["45B"], "colours": ["#9467bd"], "category": "radial", "colour": "#9467bd", "phase": "legacy"}}, {"type": "Feature", "geometry": {"type": "Point", "coordinates": [-6.143979, 53.276198]}, "properties": {"routes": ["45B"], "colours": ["#9467bd"], "category": "radial", "colour": "#9467bd", "phase": "legacy"}}, {"type": "Feature", "geometry": {"type": "Point", "coordinates": [-6.25461, 53.34678]}, "properties": {"routes": ["47", "65", "65B"], "colours": ["#9467bd", "#9467bd", "#9467bd"], "category": "radial", "colour": "#9467bd", "phase": "legacy"}}, {"type": "Feature", "geometry": {"type": "Point", "coordinates": [-6.21965567144901, 53.3354881469499]}, "properties": {"routes": ["47"], "colours": ["#9467bd"], "category": "radial", "colour": "#9467bd", "phase": "legacy"}}, {"type": "Feature", "geometry": {"type": "Point", "coordinates": [-6.21111575700184, 53.3056004028777]}, "properties": {"routes": ["7D", "47"], "colours": ["#9467bd", "#9467bd"], "category": "radial", "colour": "#9467bd", "phase": "legacy"}}, {"type": "Feature", "geometry": {"type": "Point", "coordinates": [-6.210276, 53.280106]}, "properties": {"routes": ["47"], "colours": ["#9467bd"], "category": "radial", "colour": "#9467bd", "phase": "legacy"}}, {"type": "Feature", "geometry": {"type": "Point", "coordinates": [-6.219706, 53.261426]}, "properties": {"routes": ["47"], "colours": ["#9467bd"], "category": "radial", "colour": "#9467bd", "phase": "legacy"}}, {"type": "Feature", "geometry": {"type": "Point", "coordinates": [-6.261122, 53.346439]}, "properties": {"routes": ["51D", "X25"], "colours": ["#9467bd", "#ff7f0e"], "category": "peak", "colour": "#ff7f0e", "phase": ""}}, {"type": "Feature", "geometry": {"type": "Point", "coordinates": [-6.392073, 53.355778]}, "properties": {"routes": ["51D", "X25", "X28"], "colours": ["#9467bd", "#ff7f0e", "#ff7f0e"], "category": "peak", "colour": "#ff7f0e", "phase": ""}}, {"type": "Feature", "geometry": {"type": "Point", "coordinates": [-6.411355, 53.328102]}, "properties": {"routes": ["51D"], "colours": ["#9467bd"], "category": "radial", "colour": "#9467bd", "phase": "legacy"}}, {"type": "Feature", "geometry": {"type": "Point", "coordinates": [-6.41176, 53.320818]}, "properties": {"routes": ["51D"], "colours": ["#9467bd"], "category": "radial", "colour": "#9467bd", "phase": "legacy"}}, {"type": "Feature", "geometry": {"type": "Point", "coordinates": [-6.377997, 53.320543]}, "properties": {"routes": ["51D"], "colours": ["#9467bd"], "category": "radial", "colour": "#9467bd", "phase": "legacy"}}, {"type": "Feature", "geometry": {"type": "Point", "coordinates": [-6.235277, 53.34194]}, "properties": {"routes": ["C2", "C3", "C4", "C5", "C6", "52", "56A", "77A", "P29"], "colours": ["#d62728", "#d62728", "#d62728", "#d62728", "#d62728", "#9467bd", "#9467bd", "#9467bd", "#ff7f0e"], "category": "spine", "colour": "#d62728", "phase": ""}}, {"type": "Feature", "geometry": {"type": "Point", "coordinates": [-6.279809, 53.345988]}, "properties": {"routes": ["C3", "C4", "C5", "C6", "52", "X32"], "colours": ["#d62728", "#d62728", "#d62728", "#d62728", "#9467bd", "#ff7f0e"], "category": "spine", "colour": "#d62728", "phase": "2"}}, {"type": "Feature", "geometry": {"type": "Point", "coordinates": [-6.408973, 53.358206]}, "properties": {"routes": ["C4", "52", "X27"], "colours": ["#d62728", "#9467bd", "#ff7f0e"], "category": "spine", "colour": "#d62728", "phase": "2"}}, {"type": "Feature", "geometry": {"type": "Point", "coordinates": [-6.484929, 53.362134]}, "properties": {"routes": ["52"], "colours": ["#9467bd"], "category": "radial", "colour": "#9467bd", "phase": "2"}}, {"type": "Feature", "geometry": {"type": "Point", "coordinates": [-6.521993, 53.37306]}, "properties": {"routes": ["52"], "colours": ["#9467bd"], "category": "radial", "colour": "#9467bd", "phase": "2"}}, {"type": "Feature", "geometry": {"type": "Point", "coordinates": [-6.253505, 53.350846]}, "properties": {"routes": ["53"], "colours": ["#9467bd"], "category": "radial", "colour": "#9467bd", "phase": "legacy"}}, {"type": "Feature", "geometry": {"type": "Point", "coordinates": [-6.23565, 53.358349]}, "properties": {"routes": ["53"], "colours": ["#9467bd"], "category": "radial", "colour": "#9467bd", "phase": "legacy"}}, {"type": "Feature", "geometry": {"type": "Point", "coordinates": [-6.195619, 53.345706]}, "properties": {"routes": ["53"], "colours": ["#9467bd"], "category": "radial", "colour": "#9467bd", "phase": "legacy"}}, {"type": "Feature", "geometry": {"type": "Point", "coordinates": [-6.278478, 53.338742]}, "properties": {"routes": ["56A"], "colours": ["#9467bd"], "category": "radial", "colour": "#9467bd", "phase": "legacy"}}, {"type": "Feature", "geometry": {"type": "Point", "coordinates": [-6.318171, 53.324955]}, "properties": {"routes": ["56A"], "colours": ["#9467bd"], "category": "radial", "colour": "#9467bd", "phase": "legacy"}}, {"type": "Feature", "geometry": {"type": "Point", "coordinates": [-6.345524, 53.316385]}, "properties": {"routes": ["56A"], "colours": ["#9467bd"], "category": "radial", "colour": "#9467bd", "phase": "legacy"}}, {"type": "Feature", "geometry": {"type": "Point", "coordinates": [-6.382824, 53.300053]}, "properties": {"routes": ["56A"], "colours": ["#9467bd"], "category": "radial", "colour": "#9467bd", "phase": "legacy"}}, {"type": "Feature", "geometry": {"type": "Point", "coordinates": [-6.37242, 53.28571]}, "properties": {"routes": ["F1", "56A", "W2", "W4", "W6"], "colours": ["#d62728", "#9467bd", "#1f77b4", "#1f77b4", "#1f77b4"], "category": "spine", "colour": "#d62728", "phase": ""}}, {"type": "Feature", "geometry": {"type": "Point", "coordinates": [-6.134397, 53.293756]}, "properties": {"routes": ["59"], "colours": ["#9467bd"], "category": "radial", "colour": "#9467bd", "phase": "legacy"}}, {"type": "Feature", "geometry": {"type": "Point", "coordinates": [-6.1151, 53.26493]}, "properties": {"routes": ["59"], "colours": ["#9467bd"], "category": "radial", "colour": "#9467bd", "phase": "legacy"}}, {"type": "Feature", "geometry": {"type": "Point", "coordinates": [-6.25683, 53.34889]}, "properties": {"routes": ["H1", "H2", "H3", "6"], "colours": ["#d62728", "#d62728", "#d62728", "#9467bd"], "category": "spine", "colour": "#d62728", "phase": "1"}}, {"type": "Feature", "geometry": {"type": "Point", "coordinates": [-6.21267888054445, 53.3680198762275]}, "properties": {"routes": ["H2", "6"], "colours": ["#d62728", "#9467bd"], "category": "spine", "colour": "#d62728", "phase": "1"}}, {"type": "Feature", "geometry": {"type": "Point", "coordinates": [-6.170074, 53.376821]}, "properties": {"routes": ["6"], "colours": ["#9467bd"], "category": "radial", "colour": "#9467bd", "phase": "1"}}, {"type": "Feature", "geometry": {"type": "Point", "coordinates": [-6.117879, 53.388928]}, "properties": {"routes": ["6"], "colours": ["#9467bd"], "category": "radial", "colour": "#9467bd", "phase": "1"}}, {"type": "Feature", "geometry": {"type": "Point", "coordinates": [-6.090826, 53.377916]}, "properties": {"routes": ["6"], "colours": ["#9467bd"], "category": "radial", "colour": "#9467bd", "phase": "1"}}, {"type": "Feature", "geometry": {"type": "Point", "coordinates": [-6.05479868458006, 53.3755367940767]}, "properties": {"routes": ["6"], "colours": ["#9467bd"], "category": "radial", "colour": "#9467bd", "phase": "1"}}, {"type": "Feature", "geometry": {"type": "Point", "coordinates": [-6.07428746276879, 53.3886612440087]}, "properties": {"routes": ["6"], "colours": ["#9467bd"], "category": "radial", "colour": "#9467bd", "phase": "1"}}, {"type": "Feature", "geometry": {"type": "Point", "coordinates": [-6.237187, 53.34586]}, "properties": {"routes": ["60"], "colours": ["#9467bd"], "category": "radial", "colour": "#9467bd", "phase": "4"}}, {"type": "Feature", "geometry": {"type": "Point", "coordinates": [-6.308893, 53.342045]}, "properties": {"routes": ["60"], "colours": ["#9467bd"], "category": "radial", "colour": "#9467bd", "phase": "4"}}, {"type": "Feature", "geometry": {"type": "Point", "coordinates": [-6.34844568463056, 53.3402347651824]}, "properties": {"routes": ["60"], "colours": ["#9467bd"], "category": "radial", "colour": "#9467bd", "phase": "4"}}, {"type": "Feature", "geometry": {"type": "Point", "coordinates": [-6.381201, 53.336217]}, "properties": {"routes": ["60"], "colours": ["#9467bd"], "category": "radial", "colour": "#9467bd", "phase": "4"}}, {"type": "Feature", "geometry": {"type": "Point", "coordinates": [-6.37058, 53.317045]}, "properties": {"routes": ["60"], "colours": ["#9467bd"], "category": "radial", "colour": "#9467bd", "phase": "4"}}, {"type": "Feature", "geometry": {"type": "Point", "coordinates": [-6.282377, 53.3101]}, "properties": {"routes": ["65", "65B"], "colours": ["#9467bd", "#9467bd"], "category": "radial", "colour": "#9467bd", "phase": "legacy"}}, {"type": "Feature", "geometry": {"type": "Point", "coordinates": [-6.333806, 53.289689]}, "properties": {"routes": ["65"], "colours": ["#9467bd"], "category": "radial", "colour": "#9467bd", "phase": "legacy"}}, {"type": "Feature", "geometry": {"type": "Point", "coordinates": [-6.378472, 53.285029]}, "properties": {"routes": ["65", "77A"], "colours": ["#9467bd", "#9467bd"], "category": "radial", "colour": "#9467bd", "phase": "legacy"}}, {"type": "Feature", "geometry": {"type": "Point", "coordinates": [-6.448792, 53.255387]}, "properties": {"routes": ["65"], "colours": ["#9467bd"], "category": "radial", "colour": "#9467bd", "phase": "legacy"}}, {"type": "Feature", "geometry": {"type": "Point", "coordinates": [-6.473217, 53.217234]}, "properties": {"routes": ["65"], "colours": ["#9467bd"], "category": "radial", "colour": "#9467bd", "phase": "legacy"}}, {"type": "Feature", "geometry": {"type": "Point", "coordinates": [-6.51542624487623, 53.1887361701965]}, "properties": {"routes": ["65"], "colours": ["#9467bd"], "category": "radial", "colour": "#9467bd", "phase": "legacy"}}, {"type": "Feature", "geometry": {"type": "Point", "coordinates": [-6.6149, 53.13329]}, "properties": {"routes": ["65"], "colours": ["#9467bd"], "category": "radial", "colour": "#9467bd", "phase": "legacy"}}, {"type": "Feature", "geometry": {"type": "Point", "coordinates": [-6.375007, 53.286222]}, "properties": {"routes": ["65A"], "colours": ["#9467bd"], "category": "radial", "colour": "#9467bd", "phase": "legacy"}}, {"type": "Feature", "geometry": {"type": "Point", "coordinates": [-6.454246, 53.250038]}, "properties": {"routes": ["65A"], "colours": ["#9467bd"], "category": "radial", "colour": "#9467bd", "phase": "legacy"}}, {"type": "Feature", "geometry": {"type": "Point", "coordinates": [-6.48451, 53.211635]}, "properties": {"routes": ["65A"], "colours": ["#9467bd"], "category": "radial", "colour": "#9467bd", "phase": "legacy"}}, {"type": "Feature", "geometry": {"type": "Point", "coordinates": [-6.531244, 53.17163]}, "properties": {"routes": ["65A"], "colours": ["#9467bd"], "category": "radial", "colour": "#9467bd", "phase": "legacy"}}, {"type": "Feature", "geometry": {"type": "Point", "coordinates": [-6.3186, 53.289215]}, "properties": {"routes": ["65B"], "colours": ["#9467bd"], "category": "radial", "colour": "#9467bd", "phase": "legacy"}}, {"type": "Feature", "geometry": {"type": "Point", "coordinates": [-6.359584, 53.276573]}, "properties": {"routes": ["65B"], "colours": ["#9467bd"], "category": "radial", "colour": "#9467bd", "phase": "legacy"}}, {"type": "Feature", "geometry": {"type": "Point", "coordinates": [-6.394348, 53.274836]}, "properties": {"routes": ["65B"], "colours": ["#9467bd"], "category": "radial", "colour": "#9467bd", "phase": "legacy"}}, {"type": "Feature", "geometry": {"type": "Point", "coordinates": [-6.427288, 53.290842]}, "properties": {"routes": ["65B", "77A"], "colours": ["#9467bd", "#9467bd"], "category": "radial", "colour": "#9467bd", "phase": "legacy"}}, {"type": "Feature", "geometry": {"type": "Point", "coordinates": [-6.276618, 53.331983]}, "properties": {"routes": ["68"], "colours": ["#9467bd"], "category": "radial", "colour": "#9467bd", "phase": "legacy"}}, {"type": "Feature", "geometry": {"type": "Point", "coordinates": [-6.30787, 53.338832]}, "properties": {"routes": ["68"], "colours": ["#9467bd"], "category": "radial", "colour": "#9467bd", "phase": "legacy"}}, {"type": "Feature", "geometry": {"type": "Point", "coordinates": [-6.329125, 53.333135]}, "properties": {"routes": ["68"], "colours": ["#9467bd"], "category": "radial", "colour": "#9467bd", "phase": "legacy"}}, {"type": "Feature", "geometry": {"type": "Point", "coordinates": [-6.361954, 53.320063]}, "properties": {"routes": ["68"], "colours": ["#9467bd"], "category": "radial", "colour": "#9467bd", "phase": "legacy"}}, {"type": "Feature", "geometry": {"type": "Point", "coordinates": [-6.395248, 53.32563]}, "properties": {"routes": ["68"], "colours": ["#9467bd"], "category": "radial", "colour": "#9467bd", "phase": "legacy"}}, {"type": "Feature", "geometry": {"type": "Point", "coordinates": [-6.426712, 53.319964]}, "properties": {"routes": ["68"], "colours": ["#9467bd"], "category": "radial", "colour": "#9467bd", "phase": "legacy"}}, {"type": "Feature", "geometry": {"type": "Point", "coordinates": [-6.48021, 53.315732]}, "properties": {"routes": ["68"], "colours": ["#9467bd"], "category": "radial", "colour": "#9467bd", "phase": "legacy"}}, {"type": "Feature", "geometry": {"type": "Point", "coordinates": [-6.49201, 53.296055]}, "properties": {"routes": ["68"], "colours": ["#9467bd"], "category": "radial", "colour": "#9467bd", "phase": "legacy"}}, {"type": "Feature", "geometry": {"type": "Point", "coordinates": [-6.31216, 53.339556]}, "properties": {"routes": ["68A"], "colours": ["#9467bd"], "category": "radial", "colour": "#9467bd", "phase": "legacy"}}, {"type": "Feature", "geometry": {"type": "Point", "coordinates": [-6.308038, 53.345421]}, "properties": {"routes": ["69"], "colours": ["#9467bd"], "category": "radial", "colour": "#9467bd", "phase": "legacy"}}, {"type": "Feature", "geometry": {"type": "Point", "coordinates": [-6.337916, 53.327946]}, "properties": {"routes": ["69"], "colours": ["#9467bd"], "category": "radial", "colour": "#9467bd", "phase": "legacy"}}, {"type": "Feature", "geometry": {"type": "Point", "coordinates": [-6.384284, 53.319811]}, "properties": {"routes": ["69"], "colours": ["#9467bd"], "category": "radial", "colour": "#9467bd", "phase": "legacy"}}, {"type": "Feature", "geometry": {"type": "Point", "coordinates": [-6.406228, 53.317023]}, "properties": {"routes": ["69"], "colours": ["#9467bd"], "category": "radial", "colour": "#9467bd", "phase": "legacy"}}, {"type": "Feature", "geometry": {"type": "Point", "coordinates": [-6.440715, 53.283774]}, "properties": {"routes": ["69"], "colours": ["#9467bd"], "category": "radial", "colour": "#9467bd", "phase": "legacy"}}, {"type": "Feature", "geometry": {"type": "Point", "coordinates": [-6.479954, 53.277297]}, "properties": {"routes": ["69", "69X"], "colours": ["#9467bd", "#9467bd"], "category": "radial", "colour": "#9467bd", "phase": "legacy"}}, {"type": "Feature", "geometry": {"type": "Point", "coordinates": [-6.258495, 53.35704]}, "properties": {"routes": ["7", "7A", "7B", "7D", "7E"], "colours": ["#9467bd", "#9467bd", "#9467bd", "#9467bd", "#9467bd"], "category": "radial", "colour": "#9467bd", "phase": "legacy"}}, {"type": "Feature", "geometry": {"type": "Point", "coordinates": [-6.232948, 53.330338]}, "properties": {"routes": ["7"], "colours": ["#9467bd"], "category": "radial", "colour": "#9467bd", "phase": "legacy"}}, {"type": "Feature", "geometry": {"type": "Point", "coordinates": [-6.199831, 53.310967]}, "properties": {"routes": ["7"], "colours": ["#9467bd"], "category": "radial", "colour": "#9467bd", "phase": "legacy"}}, {"type": "Feature", "geometry": {"type": "Point", "coordinates": [-6.157924, 53.294346]}, "properties": {"routes": ["7"], "colours": ["#9467bd"], "category": "radial", "colour": "#9467bd", "phase": "legacy"}}, {"type": "Feature", "geometry": {"type": "Point", "coordinates": [-6.135444, 53.278672]}, "properties": {"routes": ["7"], "colours": ["#9467bd"], "category": "radial", "colour": "#9467bd", "phase": "legacy"}}, {"type": "Feature", "geometry": {"type": "Point", "coordinates": [-6.274513, 53.345076]}, "properties": {"routes": ["70"], "colours": ["#9467bd"], "category": "radial", "colour": "#9467bd", "phase": "legacy"}}, {"type": "Feature", "geometry": {"type": "Point", "coordinates": [-6.414381, 53.403532]}, "properties": {"routes": ["70"], "colours": ["#9467bd"], "category": "radial", "colour": "#9467bd", "phase": "legacy"}}, {"type": "Feature", "geometry": {"type": "Point", "coordinates": [-6.317543, 53.367603]}, "properties": {"routes": ["70D"], "colours": ["#9467bd"], "category": "radial", "colour": "#9467bd", "phase": "legacy"}}, {"type": "Feature", "geometry": {"type": "Point", "coordinates": [-6.36775, 53.379355]}, "properties": {"routes": ["70D"], "colours": ["#9467bd"], "category": "radial", "colour": "#9467bd", "phase": "legacy"}}, {"type": "Feature", "geometry": {"type": "Point", "coordinates": [-6.331173, 53.321461]}, "properties": {"routes": ["73"], "colours": ["#d62728"], "category": "spine", "colour": "#d62728", "phase": "7"}}, {"type": "Feature", "geometry": {"type": "Point", "coordinates": [-6.316173, 53.332593]}, "properties": {"routes": ["73"], "colours": ["#d62728"], "category": "spine", "colour": "#d62728", "phase": "7"}}, {"type": "Feature", "geometry": {"type": "Point", "coordinates": [-6.28542, 53.34364]}, "properties": {"routes": ["73"], "colours": ["#d62728"], "category": "spine", "colour": "#d62728", "phase": "7"}}, {"type": "Feature", "geometry": {"type": "Point", "coordinates": [-6.249089, 53.35745]}, "properties": {"routes": ["73"], "colours": ["#d62728"], "category": "spine", "colour": "#d62728", "phase": "7"}}, {"type": "Feature", "geometry": {"type": "Point", "coordinates": [-6.228558, 53.368877]}, "properties": {"routes": ["73"], "colours": ["#d62728"], "category": "spine", "colour": "#d62728", "phase": "7"}}, {"type": "Feature", "geometry": {"type": "Point", "coordinates": [-6.298364, 53.322822]}, "properties": {"routes": ["74"], "colours": ["#9467bd"], "category": "radial", "colour": "#9467bd", "phase": "5b"}}, {"type": "Feature", "geometry": {"type": "Point", "coordinates": [-6.292414, 53.310936]}, "properties": {"routes": ["74"], "colours": ["#9467bd"], "category": "radial", "colour": "#9467bd", "phase": "5b"}}, {"type": "Feature", "geometry": {"type": "Point", "coordinates": [-6.287426, 53.293814]}, "properties": {"routes": ["74"], "colours": ["#9467bd"], "category": "radial", "colour": "#9467bd", "phase": "5b"}}, {"type": "Feature", "geometry": {"type": "Point", "coordinates": [-6.2597467856516, 53.2735579991915]}, "properties": {"routes": ["74"], "colours": ["#9467bd"], "category": "radial", "colour": "#9467bd", "phase": "5b"}}, {"type": "Feature", "geometry": {"type": "Point", "coordinates": [-6.246084, 53.292665]}, "properties": {"routes": ["74"], "colours": ["#9467bd"], "category": "radial", "colour": "#9467bd", "phase": "5b"}}, {"type": "Feature", "geometry": {"type": "Point", "coordinates": [-6.302471, 53.329037]}, "properties": {"routes": ["77A"], "colours": ["#9467bd"], "category": "radial", "colour": "#9467bd", "phase": "legacy"}}, {"type": "Feature", "geometry": {"type": "Point", "coordinates": [-6.334751, 53.315534]}, "properties": {"routes": ["77A"], "colours": ["#9467bd"], "category": "radial", "colour": "#9467bd", "phase": "legacy"}}, {"type": "Feature", "geometry": {"type": "Point", "coordinates": [-6.340654, 53.296627]}, "properties": {"routes": ["77A"], "colours": ["#9467bd"], "category": "radial", "colour": "#9467bd", "phase": "legacy"}}, {"type": "Feature", "geometry": {"type": "Point", "coordinates": [-6.358919, 53.281013]}, "properties": {"routes": ["77A"], "colours": ["#9467bd"], "category": "radial", "colour": "#9467bd", "phase": "legacy"}}, {"type": "Feature", "geometry": {"type": "Point", "coordinates": [-6.394859, 53.275993]}, "properties": {"routes": ["77A"], "colours": ["#9467bd"], "category": "radial", "colour": "#9467bd", "phase": "legacy"}}, {"type": "Feature", "geometry": {"type": "Point", "coordinates": [-6.427136, 53.291289]}, "properties": {"routes": ["77X"], "colours": ["#9467bd"], "category": "radial", "colour": "#9467bd", "phase": "legacy"}}, {"type": "Feature", "geometry": {"type": "Point", "coordinates": [-6.394958, 53.277756]}, "properties": {"routes": ["77X"], "colours": ["#9467bd"], "category": "radial", "colour": "#9467bd", "phase": "legacy"}}, {"type": "Feature", "geometry": {"type": "Point", "coordinates": [-6.371901, 53.270891]}, "properties": {"routes": ["77X"], "colours": ["#9467bd"], "category": "radial", "colour": "#9467bd", "phase": "legacy"}}, {"type": "Feature", "geometry": {"type": "Point", "coordinates": [-6.343414, 53.290659]}, "properties": {"routes": ["77X"], "colours": ["#9467bd"], "category": "radial", "colour": "#9467bd", "phase": "legacy"}}, {"type": "Feature", "geometry": {"type": "Point", "coordinates": [-6.292608, 53.332771]}, "properties": {"routes": ["77X"], "colours": ["#9467bd"], "category": "radial", "colour": "#9467bd", "phase": "legacy"}}, {"type": "Feature", "geometry": {"type": "Point", "coordinates": [-6.25780560959643, 53.3459563040628]}, "properties": {"routes": ["77X"], "colours": ["#9467bd"], "category": "radial", "colour": "#9467bd", "phase": "legacy"}}, {"type": "Feature", "geometry": {"type": "Point", "coordinates": [-6.245141, 53.328828]}, "properties": {"routes": ["77X"], "colours": ["#9467bd"], "category": "radial", "colour": "#9467bd", "phase": "legacy"}}, {"type": "Feature", "geometry": {"type": "Point", "coordinates": [-6.234473, 53.331574]}, "properties": {"routes": ["7A"], "colours": ["#9467bd"], "category": "radial", "colour": "#9467bd", "phase": "legacy"}}, {"type": "Feature", "geometry": {"type": "Point", "coordinates": [-6.203727, 53.315394]}, "properties": {"routes": ["7A"], "colours": ["#9467bd"], "category": "radial", "colour": "#9467bd", "phase": "legacy"}}, {"type": "Feature", "geometry": {"type": "Point", "coordinates": [-6.165751, 53.295501]}, "properties": {"routes": ["7A"], "colours": ["#9467bd"], "category": "radial", "colour": "#9467bd", "phase": "legacy"}}, {"type": "Feature", "geometry": {"type": "Point", "coordinates": [-6.132339, 53.285221]}, "properties": {"routes": ["7A"], "colours": ["#9467bd"], "category": "radial", "colour": "#9467bd", "phase": "legacy"}}, {"type": "Feature", "geometry": {"type": "Point", "coordinates": [-6.139923, 53.269115]}, "properties": {"routes": ["7A"], "colours": ["#9467bd"], "category": "radial", "colour": "#9467bd", "phase": "legacy"}}, {"type": "Feature", "geometry": {"type": "Point", "coordinates": [-6.12878, 53.246533]}, "properties": {"routes": ["7A"], "colours": ["#9467bd"], "category": "radial", "colour": "#9467bd", "phase": "legacy"}}, {"type": "Feature", "geometry": {"type": "Point", "coordinates": [-6.2425987467031, 53.3263997617783]}, "properties": {"routes": ["7B"], "colours": ["#9467bd"], "category": "radial", "colour": "#9467bd", "phase": "legacy"}}, {"type": "Feature", "geometry": {"type": "Point", "coordinates": [-6.20467441021003, 53.2988972413331]}, "properties": {"routes": ["7B", "S6"], "colours": ["#9467bd", "#1f77b4"], "category": "orbital", "colour": "#1f77b4", "phase": ""}}, {"type": "Feature", "geometry": {"type": "Point", "coordinates": [-6.160298, 53.284846]}, "properties": {"routes": ["7B"], "colours": ["#9467bd"], "category": "radial", "colour": "#9467bd", "phase": "legacy"}}, {"type": "Feature", "geometry": {"type": "Point", "coordinates": [-6.137879, 53.258872]}, "properties": {"routes": ["7B"], "colours": ["#9467bd"], "category": "radial", "colour": "#9467bd", "phase": "legacy"}}, {"type": "Feature", "geometry": {"type": "Point", "coordinates": [-6.12236, 53.23433]}, "properties": {"routes": ["7B"], "colours": ["#9467bd"], "category": "radial", "colour": "#9467bd", "phase": "legacy"}}, {"type": "Feature", "geometry": {"type": "Point", "coordinates": [-6.170773, 53.287524]}, "properties": {"routes": ["7D", "L25"], "colours": ["#9467bd", "#2ca02c"], "category": "local", "colour": "#2ca02c", "phase": ""}}, {"type": "Feature", "geometry": {"type": "Point", "coordinates": [-6.131249, 53.287172]}, "properties": {"routes": ["7D", "7E"], "colours": ["#9467bd", "#9467bd"], "category": "radial", "colour": "#9467bd", "phase": "legacy"}}, {"type": "Feature", "geometry": {"type": "Point", "coordinates": [-6.123188, 53.249662]}, "properties": {"routes": ["7E"], "colours": ["#9467bd"], "category": "radial", "colour": "#9467bd", "phase": "legacy"}}, {"type": "Feature", "geometry": {"type": "Point", "coordinates": [-6.132365, 53.251946]}, "properties": {"routes": ["7E"], "colours": ["#9467bd"], "category": "radial", "colour": "#9467bd", "phase": "legacy"}}, {"type": "Feature", "geometry": {"type": "Point", "coordinates": [-6.140445, 53.271604]}, "properties": {"routes": ["7E"], "colours": ["#9467bd"], "category": "radial", "colour": "#9467bd", "phase": "legacy"}}, {"type": "Feature", "geometry": {"type": "Point", "coordinates": [-6.162252, 53.29488]}, "properties": {"routes": ["7E"], "colours": ["#9467bd"], "category": "radial", "colour": "#9467bd", "phase": "legacy"}}, {"type": "Feature", "geometry": {"type": "Point", "coordinates": [-6.200077, 53.310818]}, "properties": {"routes": ["7E"], "colours": ["#9467bd"], "category": "radial", "colour": "#9467bd", "phase": "legacy"}}, {"type": "Feature", "geometry": {"type": "Point", "coordinates": [-6.225732, 53.314636]}, "properties": {"routes": ["7E"], "colours": ["#9467bd"], "category": "radial", "colour": "#9467bd", "phase": "legacy"}}, {"type": "Feature", "geometry": {"type": "Point", "coordinates": [-6.243614, 53.338585]}, "properties": {"routes": ["7E"], "colours": ["#9467bd"], "category": "radial", "colour": "#9467bd", "phase": "legacy"}}, {"type": "Feature", "geometry": {"type": "Point", "coordinates": [-6.392001, 53.354078]}, "properties": {"routes": ["80", "S4"], "colours": ["#d62728", "#1f77b4"], "category": "spine", "colour": "#d62728", "phase": ""}}, {"type": "Feature", "geometry": {"type": "Point", "coordinates": [-6.35569799515708, 53.3519743826815]}, "properties": {"routes": ["80"], "colours": ["#d62728"], "category": "spine", "colour": "#d62728", "phase": "7"}}, {"type": "Feature", "geometry": {"type": "Point", "coordinates": [-6.298551, 53.348306]}, "properties": {"routes": ["80"], "colours": ["#d62728"], "category": "spine", "colour": "#d62728", "phase": "7"}}, {"type": "Feature", "geometry": {"type": "Point", "coordinates": [-6.265125, 53.334378]}, "properties": {"routes": ["80"], "colours": ["#d62728"], "category": "spine", "colour": "#d62728", "phase": "7"}}, {"type": "Feature", "geometry": {"type": "Point", "coordinates": [-6.264018, 53.313932]}, "properties": {"routes": ["80"], "colours": ["#d62728"], "category": "spine", "colour": "#d62728", "phase": "7"}}, {"type": "Feature", "geometry": {"type": "Point", "coordinates": [-6.212528, 53.340791]}, "properties": {"routes": ["82", "S2"], "colours": ["#9467bd", "#1f77b4"], "category": "orbital", "colour": "#1f77b4", "phase": ""}}, {"type": "Feature", "geometry": {"type": "Point", "coordinates": [-6.248309, 53.343867]}, "properties": {"routes": ["82"], "colours": ["#9467bd"], "category": "radial", "colour": "#9467bd", "phase": "7"}}, {"type": "Feature", "geometry": {"type": "Point", "coordinates": [-6.284418, 53.317598]}, "properties": {"routes": ["82"], "colours": ["#9467bd"], "category": "radial", "colour": "#9467bd", "phase": "7"}}, {"type": "Feature", "geometry": {"type": "Point", "coordinates": [-6.307669, 53.320231]}, "properties": {"routes": ["82"], "colours": ["#9467bd"], "category": "radial", "colour": "#9467bd", "phase": "7"}}, {"type": "Feature", "geometry": {"type": "Point", "coordinates": [-6.323378, 53.301272]}, "properties": {"routes": ["82"], "colours": ["#9467bd"], "category": "radial", "colour": "#9467bd", "phase": "7"}}, {"type": "Feature", "geometry": {"type": "Point", "coordinates": [-6.369357, 53.29045]}, "properties": {"routes": ["82"], "colours": ["#9467bd"], "category": "radial", "colour": "#9467bd", "phase": "7"}}, {"type": "Feature", "geometry": {"type": "Point", "coordinates": [-6.371097, 53.270727]}, "properties": {"routes": ["82"], "colours": ["#9467bd"], "category": "radial", "colour": "#9467bd", "phase": "7"}}, {"type": "Feature", "geometry": {"type": "Point", "coordinates": [-6.33167, 53.36469]}, "properties": {"routes": ["99"], "colours": ["#9467bd"], "category": "radial", "colour": "#9467bd", "phase": "legacy"}}, {"type": "Feature", "geometry": {"type": "Point", "coordinates": [-6.331992, 53.364731]}, "properties": {"routes": ["99"], "colours": ["#9467bd"], "category": "radial", "colour": "#9467bd", "phase": "legacy"}}, {"type": "Feature", "geometry": {"type": "Point", "coordinates": [-6.21237419337667, 53.3243237661065]}, "properties": {"routes": ["C1", "C2"], "colours": ["#d62728", "#d62728"], "category": "spine", "colour": "#d62728", "phase": "2"}}, {"type": "Feature", "geometry": {"type": "Point", "coordinates": [-6.239476, 53.342442]}, "properties": {"routes": ["C1"], "colours": ["#d62728"], "category": "spine", "colour": "#d62728", "phase": "2"}}, {"type": "Feature", "geometry": {"type": "Point", "coordinates": [-6.294308, 53.345846]}, "properties": {"routes": ["C1", "X30"], "colours": ["#d62728", "#ff7f0e"], "category": "spine", "colour": "#d62728", "phase": "2"}}, {"type": "Feature", "geometry": {"type": "Point", "coordinates": [-6.42333743295062, 53.3577587404062]}, "properties": {"routes": ["C1", "X32"], "colours": ["#d62728", "#ff7f0e"], "category": "spine", "colour": "#d62728", "phase": "2"}}, {"type": "Feature", "geometry": {"type": "Point", "coordinates": [-6.432875, 53.34594]}, "properties": {"routes": ["C1"], "colours": ["#d62728"], "category": "spine", "colour": "#d62728", "phase": "2"}}, {"type": "Feature", "geometry": {"type": "Point", "coordinates": [-6.46891, 53.33628]}, "properties": {"routes": ["C1", "C2", "L51", "L52", "P29", "X30"], "colours": ["#d62728", "#d62728", "#2ca02c", "#2ca02c", "#ff7f0e", "#ff7f0e"], "category": "spine", "colour": "#d62728", "phase": "2"}}, {"type": "Feature", "geometry": {"type": "Point", "coordinates": [-6.285165, 53.346488]}, "properties": {"routes": ["C2"], "colours": ["#d62728"], "category": "spine", "colour": "#d62728", "phase": "2"}}, {"type": "Feature", "geometry": {"type": "Point", "coordinates": [-6.4159498243828, 53.3588652801404]}, "properties": {"routes": ["C2", "C3", "C5", "C6", "P29"], "colours": ["#d62728", "#d62728", "#d62728", "#d62728", "#ff7f0e"], "category": "spine", "colour": "#d62728", "phase": "2"}}, {"type": "Feature", "geometry": {"type": "Point", "coordinates": [-6.43738627747236, 53.3392307652722]}, "properties": {"routes": ["C2"], "colours": ["#d62728"], "category": "spine", "colour": "#d62728", "phase": "2"}}, {"type": "Feature", "geometry": {"type": "Point", "coordinates": [-6.462718, 53.355154]}, "properties": {"routes": ["C3", "C5", "C6"], "colours": ["#d62728", "#d62728", "#d62728"], "category": "spine", "colour": "#d62728", "phase": "2"}}, {"type": "Feature", "geometry": {"type": "Point", "coordinates": [-6.5061, 53.36942]}, "properties": {"routes": ["C3"], "colours": ["#d62728"], "category": "spine", "colour": "#d62728", "phase": "2"}}, {"type": "Feature", "geometry": {"type": "Point", "coordinates": [-6.5902, 53.370596]}, "properties": {"routes": ["C3", "C5"], "colours": ["#d62728", "#d62728"], "category": "spine", "colour": "#d62728", "phase": "2"}}, {"type": "Feature", "geometry": {"type": "Point", "coordinates": [-6.458779, 53.355229]}, "properties": {"routes": ["C4", "L54"], "colours": ["#d62728", "#2ca02c"], "category": "spine", "colour": "#d62728", "phase": "2"}}, {"type": "Feature", "geometry": {"type": "Point", "coordinates": [-6.508369, 53.344031]}, "properties": {"routes": ["C4", "C6"], "colours": ["#d62728", "#d62728"], "category": "spine", "colour": "#d62728", "phase": "2"}}, {"type": "Feature", "geometry": {"type": "Point", "coordinates": [-6.54495929721823, 53.3505136422729]}, "properties": {"routes": ["C4", "C6"], "colours": ["#d62728", "#d62728"], "category": "spine", "colour": "#d62728", "phase": "2"}}, {"type": "Feature", "geometry": {"type": "Point", "coordinates": [-6.58887, 53.3795]}, "properties": {"routes": ["C4", "C6"], "colours": ["#d62728", "#d62728"], "category": "spine", "colour": "#d62728", "phase": "2"}}, {"type": "Feature", "geometry": {"type": "Point", "coordinates": [-6.341678, 53.347835]}, "properties": {"routes": ["C5", "C6"], "colours": ["#d62728", "#d62728"], "category": "spine", "colour": "#d62728", "phase": "2"}}, {"type": "Feature", "geometry": {"type": "Point", "coordinates": [-6.49154, 53.372338]}, "properties": {"routes": ["C5", "L58", "L59"], "colours": ["#d62728", "#2ca02c", "#2ca02c"], "category": "spine", "colour": "#d62728", "phase": "2"}}, {"type": "Feature", "geometry": {"type": "Point", "coordinates": [-6.514951, 53.365091]}, "properties": {"routes": ["C5", "X25"], "colours": ["#d62728", "#ff7f0e"], "category": "spine", "colour": "#d62728", "phase": "2"}}, {"type": "Feature", "geometry": {"type": "Point", "coordinates": [-6.259829, 53.403188]}, "properties": {"routes": ["E1"], "colours": ["#d62728"], "category": "spine", "colour": "#d62728", "phase": "6a"}}, {"type": "Feature", "geometry": {"type": "Point", "coordinates": [-6.26550952120506, 53.3822365941636]}, "properties": {"routes": ["E1"], "colours": ["#d62728"], "category": "spine", "colour": "#d62728", "phase": "6a"}}, {"type": "Feature", "geometry": {"type": "Point", "coordinates": [-6.272447, 53.362734]}, "properties": {"routes": ["E1"], "colours": ["#d62728"], "category": "spine", "colour": "#d62728", "phase": "6a"}}, {"type": "Feature", "geometry": {"type": "Point", "coordinates": [-6.256125, 53.342606]}, "properties": {"routes": ["E1"], "colours": ["#d62728"], "category": "spine", "colour": "#d62728", "phase": "6a"}}, {"type": "Feature", "geometry": {"type": "Point", "coordinates": [-6.239586, 53.324081]}, "properties": {"routes": ["E1"], "colours": ["#d62728"], "category": "spine", "colour": "#d62728", "phase": "6a"}}, {"type": "Feature", "geometry": {"type": "Point", "coordinates": [-6.18406714943227, 53.2782087321279]}, "properties": {"routes": ["E1"], "colours": ["#d62728"], "category": "spine", "colour": "#d62728", "phase": "6a"}}, {"type": "Feature", "geometry": {"type": "Point", "coordinates": [-6.142973, 53.252714]}, "properties": {"routes": ["E1"], "colours": ["#d62728"], "category": "spine", "colour": "#d62728", "phase": "6a"}}, {"type": "Feature", "geometry": {"type": "Point", "coordinates": [-6.12194881112972, 53.2221831727077]}, "properties": {"routes": ["E1"], "colours": ["#d62728"], "category": "spine", "colour": "#d62728", "phase": "6a"}}, {"type": "Feature", "geometry": {"type": "Point", "coordinates": [-6.278644, 53.417723]}, "properties": {"routes": ["E2"], "colours": ["#d62728"], "category": "spine", "colour": "#d62728", "phase": "6a"}}, {"type": "Feature", "geometry": {"type": "Point", "coordinates": [-6.26860038147331, 53.3979386409613]}, "properties": {"routes": ["E2"], "colours": ["#d62728"], "category": "spine", "colour": "#d62728", "phase": "6a"}}, {"type": "Feature", "geometry": {"type": "Point", "coordinates": [-6.265831, 53.37248]}, "properties": {"routes": ["E2"], "colours": ["#d62728"], "category": "spine", "colour": "#d62728", "phase": "6a"}}, {"type": "Feature", "geometry": {"type": "Point", "coordinates": [-6.265992, 53.356304]}, "properties": {"routes": ["E2"], "colours": ["#d62728"], "category": "spine", "colour": "#d62728", "phase": "6a"}}, {"type": "Feature", "geometry": {"type": "Point", "coordinates": [-6.22110031908025, 53.3123201447816]}, "properties": {"routes": ["E2"], "colours": ["#d62728"], "category": "spine", "colour": "#d62728", "phase": "6a"}}, {"type": "Feature", "geometry": {"type": "Point", "coordinates": [-6.192915, 53.282118]}, "properties": {"routes": ["E2"], "colours": ["#d62728"], "category": "spine", "colour": "#d62728", "phase": "6a"}}, {"type": "Feature", "geometry": {"type": "Point", "coordinates": [-6.1551543052271, 53.281342195641]}, "properties": {"routes": ["E2"], "colours": ["#d62728"], "category": "spine", "colour": "#d62728", "phase": "6a"}}, {"type": "Feature", "geometry": {"type": "Point", "coordinates": [-6.13490268686881, 53.2948871708134]}, "properties": {"routes": ["E2", "L25", "L27", "S8"], "colours": ["#d62728", "#2ca02c", "#2ca02c", "#1f77b4"], "category": "spine", "colour": "#d62728", "phase": ""}}, {"type": "Feature", "geometry": {"type": "Point", "coordinates": [-6.27476, 53.40643]}, "properties": {"routes": ["F1"], "colours": ["#d62728"], "category": "spine", "colour": "#d62728", "phase": "7"}}, {"type": "Feature", "geometry": {"type": "Point", "coordinates": [-6.301574, 53.402583]}, "properties": {"routes": ["F1"], "colours": ["#d62728"], "category": "spine", "colour": "#d62728", "phase": "7"}}, {"type": "Feature", "geometry": {"type": "Point", "coordinates": [-6.273208, 53.368066]}, "properties": {"routes": ["F1"], "colours": ["#d62728"], "category": "spine", "colour": "#d62728", "phase": "7"}}, {"type": "Feature", "geometry": {"type": "Point", "coordinates": [-6.262753, 53.353947]}, "properties": {"routes": ["F1"], "colours": ["#d62728"], "category": "spine", "colour": "#d62728", "phase": "7"}}, {"type": "Feature", "geometry": {"type": "Point", "coordinates": [-6.27282879101049, 53.3365844247191]}, "properties": {"routes": ["F1"], "colours": ["#d62728"], "category": "spine", "colour": "#d62728", "phase": "7"}}, {"type": "Feature", "geometry": {"type": "Point", "coordinates": [-6.297754, 53.313259]}, "properties": {"routes": ["F1"], "colours": ["#d62728"], "category": "spine", "colour": "#d62728", "phase": "7"}}, {"type": "Feature", "geometry": {"type": "Point", "coordinates": [-6.309378, 53.298484]}, "properties": {"routes": ["F1"], "colours": ["#d62728"], "category": "spine", "colour": "#d62728", "phase": "7"}}, {"type": "Feature", "geometry": {"type": "Point", "coordinates": [-6.336802, 53.278208]}, "properties": {"routes": ["F1"], "colours": ["#d62728"], "category": "spine", "colour": "#d62728", "phase": "7"}}, {"type": "Feature", "geometry": {"type": "Point", "coordinates": [-6.304307, 53.403089]}, "properties": {"routes": ["F2", "F3"], "colours": ["#d62728", "#d62728"], "category": "spine", "colour": "#d62728", "phase": "7"}}, {"type": "Feature", "geometry": {"type": "Point", "coordinates": [-6.303898, 53.389925]}, "properties": {"routes": ["F2"], "colours": ["#d62728"], "category": "spine", "colour": "#d62728", "phase": "7"}}, {"type": "Feature", "geometry": {"type": "Point", "coordinates": [-6.270189, 53.364319]}, "properties": {"routes": ["F2"], "colours": ["#d62728"], "category": "spine", "colour": "#d62728", "phase": "7"}}, {"type": "Feature", "geometry": {"type": "Point", "coordinates": [-6.256706, 53.342714]}, "properties": {"routes": ["F2"], "colours": ["#d62728"], "category": "spine", "colour": "#d62728", "phase": "7"}}, {"type": "Feature", "geometry": {"type": "Point", "coordinates": [-6.30923, 53.310744]}, "properties": {"routes": ["F2"], "colours": ["#d62728"], "category": "spine", "colour": "#d62728", "phase": "7"}}, {"type": "Feature", "geometry": {"type": "Point", "coordinates": [-6.319543, 53.299205]}, "properties": {"routes": ["F2"], "colours": ["#d62728"], "category": "spine", "colour": "#d62728", "phase": "7"}}, {"type": "Feature", "geometry": {"type": "Point", "coordinates": [-6.311791, 53.383466]}, "properties": {"routes": ["F3"], "colours": ["#d62728"], "category": "spine", "colour": "#d62728", "phase": "7"}}, {"type": "Feature", "geometry": {"type": "Point", "coordinates": [-6.285976, 53.375333]}, "properties": {"routes": ["F3"], "colours": ["#d62728"], "category": "spine", "colour": "#d62728", "phase": "7"}}, {"type": "Feature", "geometry": {"type": "Point", "coordinates": [-6.262865, 53.358118]}, "properties": {"routes": ["F3"], "colours": ["#d62728"], "category": "spine", "colour": "#d62728", "phase": "7"}}, {"type": "Feature", "geometry": {"type": "Point", "coordinates": [-6.26456, 53.33751]}, "properties": {"routes": ["F3"], "colours": ["#d62728"], "category": "spine", "colour": "#d62728", "phase": "7"}}, {"type": "Feature", "geometry": {"type": "Point", "coordinates": [-6.28643, 53.320197]}, "properties": {"routes": ["F3"], "colours": ["#d62728"], "category": "spine", "colour": "#d62728", "phase": "7"}}, {"type": "Feature", "geometry": {"type": "Point", "coordinates": [-6.32296, 53.31669]}, "properties": {"routes": ["F3"], "colours": ["#d62728"], "category": "spine", "colour": "#d62728", "phase": "7"}}, {"type": "Feature", "geometry": {"type": "Point", "coordinates": [-6.334004, 53.306967]}, "properties": {"routes": ["F3"], "colours": ["#d62728"], "category": "spine", "colour": "#d62728", "phase": "7"}}, {"type": "Feature", "geometry": {"type": "Point", "coordinates": [-6.231907, 53.348964]}, "properties": {"routes": ["G1", "G2"], "colours": ["#d62728", "#d62728"], "category": "spine", "colour": "#d62728", "phase": "4"}}, {"type": "Feature", "geometry": {"type": "Point", "coordinates": [-6.273152, 53.343088]}, "properties": {"routes": ["G1", "G2"], "colours": ["#d62728", "#d62728"], "category": "spine", "colour": "#d62728", "phase": "4"}}, {"type": "Feature", "geometry": {"type": "Point", "coordinates": [-6.316357, 53.340119]}, "properties": {"routes": ["G1"], "colours": ["#d62728"], "category": "spine", "colour": "#d62728", "phase": "4"}}, {"type": "Feature", "geometry": {"type": "Point", "coordinates": [-6.358716, 53.342624]}, "properties": {"routes": ["G1"], "colours": ["#d62728"], "category": "spine", "colour": "#d62728", "phase": "4"}}, {"type": "Feature", "geometry": {"type": "Point", "coordinates": [-6.37886256841243, 53.3372994358073]}, "properties": {"routes": ["G1"], "colours": ["#d62728"], "category": "spine", "colour": "#d62728", "phase": "4"}}, {"type": "Feature", "geometry": {"type": "Point", "coordinates": [-6.370925, 53.316654]}, "properties": {"routes": ["G1"], "colours": ["#d62728"], "category": "spine", "colour": "#d62728", "phase": "4"}}, {"type": "Feature", "geometry": {"type": "Point", "coordinates": [-6.319739, 53.341209]}, "properties": {"routes": ["G2"], "colours": ["#d62728"], "category": "spine", "colour": "#d62728", "phase": "4"}}, {"type": "Feature", "geometry": {"type": "Point", "coordinates": [-6.36777417735812, 53.3433589409048]}, "properties": {"routes": ["G2"], "colours": ["#d62728"], "category": "spine", "colour": "#d62728", "phase": "4"}}, {"type": "Feature", "geometry": {"type": "Point", "coordinates": [-6.400305, 53.335728]}, "properties": {"routes": ["G2"], "colours": ["#d62728"], "category": "spine", "colour": "#d62728", "phase": "4"}}, {"type": "Feature", "geometry": {"type": "Point", "coordinates": [-6.392694, 53.354429]}, "properties": {"routes": ["G2"], "colours": ["#d62728"], "category": "spine", "colour": "#d62728", "phase": "4"}}, {"type": "Feature", "geometry": {"type": "Point", "coordinates": [-6.20993674463178, 53.369264080697]}, "properties": {"routes": ["H1", "H3"], "colours": ["#d62728", "#d62728"], "category": "spine", "colour": "#d62728", "phase": "1"}}, {"type": "Feature", "geometry": {"type": "Point", "coordinates": [-6.17516159450503, 53.3780491481758]}, "properties": {"routes": ["H1"], "colours": ["#d62728"], "category": "spine", "colour": "#d62728", "phase": "1"}}, {"type": "Feature", "geometry": {"type": "Point", "coordinates": [-6.162445, 53.396558]}, "properties": {"routes": ["H1"], "colours": ["#d62728"], "category": "spine", "colour": "#d62728", "phase": "1"}}, {"type": "Feature", "geometry": {"type": "Point", "coordinates": [-6.130361, 53.401543]}, "properties": {"routes": ["H1"], "colours": ["#d62728"], "category": "spine", "colour": "#d62728", "phase": "1"}}, {"type": "Feature", "geometry": {"type": "Point", "coordinates": [-6.17351172677606, 53.3804237567076]}, "properties": {"routes": ["H2"], "colours": ["#d62728"], "category": "spine", "colour": "#d62728", "phase": "1"}}, {"type": "Feature", "geometry": {"type": "Point", "coordinates": [-6.13348894390055, 53.3871119818348]}, "properties": {"routes": ["H2"], "colours": ["#d62728"], "category": "spine", "colour": "#d62728", "phase": "1"}}, {"type": "Feature", "geometry": {"type": "Point", "coordinates": [-6.136891, 53.410076]}, "properties": {"routes": ["H2"], "colours": ["#d62728"], "category": "spine", "colour": "#d62728", "phase": "1"}}, {"type": "Feature", "geometry": {"type": "Point", "coordinates": [-6.131603, 53.435313]}, "properties": {"routes": ["H2"], "colours": ["#d62728"], "category": "spine", "colour": "#d62728", "phase": "1"}}, {"type": "Feature", "geometry": {"type": "Point", "coordinates": [-6.152572, 53.450865]}, "properties": {"routes": ["H2"], "colours": ["#d62728"], "category": "spine", "colour": "#d62728", "phase": "1"}}, {"type": "Feature", "geometry": {"type": "Point", "coordinates": [-6.16815263497725, 53.3799012003047]}, "properties": {"routes": ["H3"], "colours": ["#d62728"], "category": "spine", "colour": "#d62728", "phase": "1"}}, {"type": "Feature", "geometry": {"type": "Point", "coordinates": [-6.128352, 53.38802]}, "properties": {"routes": ["H3"], "colours": ["#d62728"], "category": "spine", "colour": "#d62728", "phase": "1"}}, {"type": "Feature", "geometry": {"type": "Point", "coordinates": [-6.07947904127221, 53.3888976950894]}, "properties": {"routes": ["H3"], "colours": ["#d62728"], "category": "spine", "colour": "#d62728", "phase": "1"}}, {"type": "Feature", "geometry": {"type": "Point", "coordinates": [-6.05865, 53.37249]}, "properties": {"routes": ["H3"], "colours": ["#d62728"], "category": "spine", "colour": "#d62728", "phase": "1"}}, {"type": "Feature", "geometry": {"type": "Point", "coordinates": [-6.101267, 53.079835]}, "properties": {"routes": ["L1"], "colours": ["#2ca02c"], "category": "local", "colour": "#2ca02c", "phase": "6a"}}, {"type": "Feature", "geometry": {"type": "Point", "coordinates": [-6.103741, 53.129492]}, "properties": {"routes": ["L1"], "colours": ["#2ca02c"], "category": "local", "colour": "#2ca02c", "phase": "6a"}}, {"type": "Feature", "geometry": {"type": "Point", "coordinates": [-6.06133610533189, 53.143928172344]}, "properties": {"routes": ["L1"], "colours": ["#2ca02c"], "category": "local", "colour": "#2ca02c", "phase": "6a"}}, {"type": "Feature", "geometry": {"type": "Point", "coordinates": [-6.095548, 53.174502]}, "properties": {"routes": ["L1"], "colours": ["#2ca02c"], "category": "local", "colour": "#2ca02c", "phase": "6a"}}, {"type": "Feature", "geometry": {"type": "Point", "coordinates": [-6.10122, 53.20473]}, "properties": {"routes": ["L1", "L2"], "colours": ["#2ca02c", "#2ca02c"], "category": "local", "colour": "#2ca02c", "phase": "6a"}}, {"type": "Feature", "geometry": {"type": "Point", "coordinates": [-6.10091, 53.20417]}, "properties": {"routes": ["L12"], "colours": ["#2ca02c"], "category": "local", "colour": "#2ca02c", "phase": "6a"}}, {"type": "Feature", "geometry": {"type": "Point", "coordinates": [-6.161264, 53.250634]}, "properties": {"routes": ["L14"], "colours": ["#2ca02c"], "category": "local", "colour": "#2ca02c", "phase": "6a"}}, {"type": "Feature", "geometry": {"type": "Point", "coordinates": [-6.12360158015999, 53.2234316453965]}, "properties": {"routes": ["L14"], "colours": ["#2ca02c"], "category": "local", "colour": "#2ca02c", "phase": "6a"}}, {"type": "Feature", "geometry": {"type": "Point", "coordinates": [-6.10925373679264, 53.2047244538976]}, "properties": {"routes": ["L14"], "colours": ["#2ca02c"], "category": "local", "colour": "#2ca02c", "phase": "6a"}}, {"type": "Feature", "geometry": {"type": "Point", "coordinates": [-6.12354765407523, 53.1828656851883]}, "properties": {"routes": ["L14"], "colours": ["#2ca02c"], "category": "local", "colour": "#2ca02c", "phase": "6a"}}, {"type": "Feature", "geometry": {"type": "Point", "coordinates": [-6.1013, 53.20488]}, "properties": {"routes": ["L15"], "colours": ["#2ca02c"], "category": "local", "colour": "#2ca02c", "phase": "6a"}}, {"type": "Feature", "geometry": {"type": "Point", "coordinates": [-6.20081336966608, 53.1918778643104]}, "properties": {"routes": ["L15"], "colours": ["#2ca02c"], "category": "local", "colour": "#2ca02c", "phase": "6a"}}, {"type": "Feature", "geometry": {"type": "Point", "coordinates": [-6.063464, 53.070678]}, "properties": {"routes": ["L2"], "colours": ["#2ca02c"], "category": "local", "colour": "#2ca02c", "phase": "6a"}}, {"type": "Feature", "geometry": {"type": "Point", "coordinates": [-6.053311, 53.105847]}, "properties": {"routes": ["L2", "X1"], "colours": ["#2ca02c", "#ff7f0e"], "category": "local", "colour": "#2ca02c", "phase": "6a"}}, {"type": "Feature", "geometry": {"type": "Point", "coordinates": [-6.06382420907514, 53.1384675958995]}, "properties": {"routes": ["L2"], "colours": ["#2ca02c"], "category": "local", "colour": "#2ca02c", "phase": "6a"}}, {"type": "Feature", "geometry": {"type": "Point", "coordinates": [-6.08760289056287, 53.1667975983875]}, "properties": {"routes": ["L2"], "colours": ["#2ca02c"], "category": "local", "colour": "#2ca02c", "phase": "6a"}}, {"type": "Feature", "geometry": {"type": "Point", "coordinates": [-6.215291, 53.284289]}, "properties": {"routes": ["L25"], "colours": ["#2ca02c"], "category": "local", "colour": "#2ca02c", "phase": "5b"}}, {"type": "Feature", "geometry": {"type": "Point", "coordinates": [-6.16085, 53.271983]}, "properties": {"routes": ["L26"], "colours": ["#2ca02c"], "category": "local", "colour": "#2ca02c", "phase": "6a"}}, {"type": "Feature", "geometry": {"type": "Point", "coordinates": [-6.15686722573667, 53.2868425904827]}, "properties": {"routes": ["L27"], "colours": ["#2ca02c"], "category": "local", "colour": "#2ca02c", "phase": "6a"}}, {"type": "Feature", "geometry": {"type": "Point", "coordinates": [-6.15378390073851, 53.2623375545952]}, "properties": {"routes": ["L27"], "colours": ["#2ca02c"], "category": "local", "colour": "#2ca02c", "phase": "6a"}}, {"type": "Feature", "geometry": {"type": "Point", "coordinates": [-6.197834, 53.257888]}, "properties": {"routes": ["L27"], "colours": ["#2ca02c"], "category": "local", "colour": "#2ca02c", "phase": "6a"}}, {"type": "Feature", "geometry": {"type": "Point", "coordinates": [-6.07331005418816, 53.1242396248687]}, "properties": {"routes": ["L3"], "colours": ["#2ca02c"], "category": "local", "colour": "#2ca02c", "phase": "6a"}}, {"type": "Feature", "geometry": {"type": "Point", "coordinates": [-6.088672, 53.137262]}, "properties": {"routes": ["L3"], "colours": ["#2ca02c"], "category": "local", "colour": "#2ca02c", "phase": "6a"}}, {"type": "Feature", "geometry": {"type": "Point", "coordinates": [-6.392415, 53.354272]}, "properties": {"routes": ["L51"], "colours": ["#2ca02c"], "category": "local", "colour": "#2ca02c", "phase": "2"}}, {"type": "Feature", "geometry": {"type": "Point", "coordinates": [-6.451105, 53.347696]}, "properties": {"routes": ["L51"], "colours": ["#2ca02c"], "category": "local", "colour": "#2ca02c", "phase": "2"}}, {"type": "Feature", "geometry": {"type": "Point", "coordinates": [-6.451666, 53.360826]}, "properties": {"routes": ["L52"], "colours": ["#2ca02c"], "category": "local", "colour": "#2ca02c", "phase": "2"}}, {"type": "Feature", "geometry": {"type": "Point", "coordinates": [-6.46999, 53.33641]}, "properties": {"routes": ["L53"], "colours": ["#2ca02c"], "category": "local", "colour": "#2ca02c", "phase": "2"}}, {"type": "Feature", "geometry": {"type": "Point", "coordinates": [-6.391947, 53.353924]}, "properties": {"routes": ["L53"], "colours": ["#2ca02c"], "category": "local", "colour": "#2ca02c", "phase": "2"}}, {"type": "Feature", "geometry": {"type": "Point", "coordinates": [-6.370111, 53.317137]}, "properties": {"routes": ["L54"], "colours": ["#2ca02c"], "category": "local", "colour": "#2ca02c", "phase": "2"}}, {"type": "Feature", "geometry": {"type": "Point", "coordinates": [-6.396541, 53.32758]}, "properties": {"routes": ["L54"], "colours": ["#2ca02c"], "category": "local", "colour": "#2ca02c", "phase": "2"}}, {"type": "Feature", "geometry": {"type": "Point", "coordinates": [-6.425524, 53.346246]}, "properties": {"routes": ["L54"], "colours": ["#2ca02c"], "category": "local", "colour": "#2ca02c", "phase": "2"}}, {"type": "Feature", "geometry": {"type": "Point", "coordinates": [-6.492319, 53.372428]}, "properties": {"routes": ["L54", "X31"], "colours": ["#2ca02c", "#ff7f0e"], "category": "local", "colour": "#2ca02c", "phase": "2"}}, {"type": "Feature", "geometry": {"type": "Point", "coordinates": [-6.379099, 53.357975]}, "properties": {"routes": ["L55"], "colours": ["#2ca02c"], "category": "local", "colour": "#2ca02c", "phase": "5b"}}, {"type": "Feature", "geometry": {"type": "Point", "coordinates": [-6.355909, 53.351968]}, "properties": {"routes": ["L55"], "colours": ["#2ca02c"], "category": "local", "colour": "#2ca02c", "phase": "5b"}}, {"type": "Feature", "geometry": {"type": "Point", "coordinates": [-6.522248, 53.323586]}, "properties": {"routes": ["L58", "L59"], "colours": ["#2ca02c", "#2ca02c"], "category": "local", "colour": "#2ca02c", "phase": "2"}}, {"type": "Feature", "geometry": {"type": "Point", "coordinates": [-6.546558, 53.352079]}, "properties": {"routes": ["L59"], "colours": ["#2ca02c"], "category": "local", "colour": "#2ca02c", "phase": "2"}}, {"type": "Feature", "geometry": {"type": "Point", "coordinates": [-6.299488, 53.372326]}, "properties": {"routes": ["L89"], "colours": ["#2ca02c"], "category": "local", "colour": "#2ca02c", "phase": "7"}}, {"type": "Feature", "geometry": {"type": "Point", "coordinates": [-6.30275, 53.39611]}, "properties": {"routes": ["L89"], "colours": ["#2ca02c"], "category": "local", "colour": "#2ca02c", "phase": "7"}}, {"type": "Feature", "geometry": {"type": "Point", "coordinates": [-6.288679, 53.453315]}, "properties": {"routes": ["L89"], "colours": ["#2ca02c"], "category": "local", "colour": "#2ca02c", "phase": "7"}}, {"type": "Feature", "geometry": {"type": "Point", "coordinates": [-6.271342, 53.379157]}, "properties": {"routes": ["N2"], "colours": ["#1f77b4"], "category": "orbital", "colour": "#1f77b4", "phase": "6"}}, {"type": "Feature", "geometry": {"type": "Point", "coordinates": [-6.30729237527244, 53.3600698255996]}, "properties": {"routes": ["N2"], "colours": ["#1f77b4"], "category": "orbital", "colour": "#1f77b4", "phase": "6"}}, {"type": "Feature", "geometry": {"type": "Point", "coordinates": [-6.29556, 53.346636]}, "properties": {"routes": ["N2"], "colours": ["#1f77b4"], "category": "orbital", "colour": "#1f77b4", "phase": "6"}}, {"type": "Feature", "geometry": {"type": "Point", "coordinates": [-6.229931, 53.348081]}, "properties": {"routes": ["N4"], "colours": ["#1f77b4"], "category": "orbital", "colour": "#1f77b4", "phase": "3"}}, {"type": "Feature", "geometry": {"type": "Point", "coordinates": [-6.20761234516729, 53.3705774149451]}, "properties": {"routes": ["N4"], "colours": ["#1f77b4"], "category": "orbital", "colour": "#1f77b4", "phase": "3"}}, {"type": "Feature", "geometry": {"type": "Point", "coordinates": [-6.235596, 53.380018]}, "properties": {"routes": ["N4"], "colours": ["#1f77b4"], "category": "orbital", "colour": "#1f77b4", "phase": "3"}}, {"type": "Feature", "geometry": {"type": "Point", "coordinates": [-6.274181, 53.390092]}, "properties": {"routes": ["N4"], "colours": ["#1f77b4"], "category": "orbital", "colour": "#1f77b4", "phase": "3"}}, {"type": "Feature", "geometry": {"type": "Point", "coordinates": [-6.313048, 53.389317]}, "properties": {"routes": ["N4"], "colours": ["#1f77b4"], "category": "orbital", "colour": "#1f77b4", "phase": "3"}}, {"type": "Feature", "geometry": {"type": "Point", "coordinates": [-6.36323810481859, 53.4013768759042]}, "properties": {"routes": ["N4"], "colours": ["#1f77b4"], "category": "orbital", "colour": "#1f77b4", "phase": "3"}}, {"type": "Feature", "geometry": {"type": "Point", "coordinates": [-6.300128, 53.389826]}, "properties": {"routes": ["N6"], "colours": ["#1f77b4"], "category": "orbital", "colour": "#1f77b4", "phase": "3"}}, {"type": "Feature", "geometry": {"type": "Point", "coordinates": [-6.288866, 53.398824]}, "properties": {"routes": ["N6"], "colours": ["#1f77b4"], "category": "orbital", "colour": "#1f77b4", "phase": "3"}}, {"type": "Feature", "geometry": {"type": "Point", "coordinates": [-6.250711, 53.398891]}, "properties": {"routes": ["N6"], "colours": ["#1f77b4"], "category": "orbital", "colour": "#1f77b4", "phase": "3"}}, {"type": "Feature", "geometry": {"type": "Point", "coordinates": [-6.224299, 53.389963]}, "properties": {"routes": ["N6"], "colours": ["#1f77b4"], "category": "orbital", "colour": "#1f77b4", "phase": "3"}}, {"type": "Feature", "geometry": {"type": "Point", "coordinates": [-6.191071, 53.390299]}, "properties": {"routes": ["N6"], "colours": ["#1f77b4"], "category": "orbital", "colour": "#1f77b4", "phase": "3"}}, {"type": "Feature", "geometry": {"type": "Point", "coordinates": [-6.152627, 53.39025]}, "properties": {"routes": ["N6"], "colours": ["#1f77b4"], "category": "orbital", "colour": "#1f77b4", "phase": "3"}}, {"type": "Feature", "geometry": {"type": "Point", "coordinates": [-6.285585, 53.346503]}, "properties": {"routes": ["P29"], "colours": ["#ff7f0e"], "category": "peak", "colour": "#ff7f0e", "phase": "2"}}, {"type": "Feature", "geometry": {"type": "Point", "coordinates": [-6.298878, 53.335575]}, "properties": {"routes": ["S2"], "colours": ["#1f77b4"], "category": "orbital", "colour": "#1f77b4", "phase": "5b"}}, {"type": "Feature", "geometry": {"type": "Point", "coordinates": [-6.283385, 53.317889]}, "properties": {"routes": ["S2"], "colours": ["#1f77b4"], "category": "orbital", "colour": "#1f77b4", "phase": "5b"}}, {"type": "Feature", "geometry": {"type": "Point", "coordinates": [-6.252496, 53.325583]}, "properties": {"routes": ["S2"], "colours": ["#1f77b4"], "category": "orbital", "colour": "#1f77b4", "phase": "5b"}}, {"type": "Feature", "geometry": {"type": "Point", "coordinates": [-6.22936956914703, 53.3286399201175]}, "properties": {"routes": ["S2"], "colours": ["#1f77b4"], "category": "orbital", "colour": "#1f77b4", "phase": "5b"}}, {"type": "Feature", "geometry": {"type": "Point", "coordinates": [-6.363744, 53.343106]}, "properties": {"routes": ["S4"], "colours": ["#1f77b4"], "category": "orbital", "colour": "#1f77b4", "phase": "5b"}}, {"type": "Feature", "geometry": {"type": "Point", "coordinates": [-6.341449, 53.325101]}, "properties": {"routes": ["S4"], "colours": ["#1f77b4"], "category": "orbital", "colour": "#1f77b4", "phase": "5b"}}, {"type": "Feature", "geometry": {"type": "Point", "coordinates": [-6.285647, 53.30976]}, "properties": {"routes": ["S4"], "colours": ["#1f77b4"], "category": "orbital", "colour": "#1f77b4", "phase": "5b"}}, {"type": "Feature", "geometry": {"type": "Point", "coordinates": [-6.2498, 53.30928]}, "properties": {"routes": ["S4"], "colours": ["#1f77b4"], "category": "orbital", "colour": "#1f77b4", "phase": "5b"}}, {"type": "Feature", "geometry": {"type": "Point", "coordinates": [-6.216862, 53.305255]}, "properties": {"routes": ["S4"], "colours": ["#1f77b4"], "category": "orbital", "colour": "#1f77b4", "phase": "5b"}}, {"type": "Feature", "geometry": {"type": "Point", "coordinates": [-6.373062, 53.286106]}, "properties": {"routes": ["S6"], "colours": ["#1f77b4"], "category": "orbital", "colour": "#1f77b4", "phase": "5b"}}, {"type": "Feature", "geometry": {"type": "Point", "coordinates": [-6.356181, 53.276536]}, "properties": {"routes": ["S6"], "colours": ["#1f77b4"], "category": "orbital", "colour": "#1f77b4", "phase": "5b"}}, {"type": "Feature", "geometry": {"type": "Point", "coordinates": [-6.310041, 53.293247]}, "properties": {"routes": ["S6"], "colours": ["#1f77b4"], "category": "orbital", "colour": "#1f77b4", "phase": "5b"}}, {"type": "Feature", "geometry": {"type": "Point", "coordinates": [-6.27763, 53.294203]}, "properties": {"routes": ["S6"], "colours": ["#1f77b4"], "category": "orbital", "colour": "#1f77b4", "phase": "5b"}}, {"type": "Feature", "geometry": {"type": "Point", "coordinates": [-6.236512, 53.291607]}, "properties": {"routes": ["S6"], "colours": ["#1f77b4"], "category": "orbital", "colour": "#1f77b4", "phase": "5b"}}, {"type": "Feature", "geometry": {"type": "Point", "coordinates": [-6.419399, 53.294477]}, "properties": {"routes": ["S8"], "colours": ["#1f77b4"], "category": "orbital", "colour": "#1f77b4", "phase": "5b"}}, {"type": "Feature", "geometry": {"type": "Point", "coordinates": [-6.406273, 53.274304]}, "properties": {"routes": ["S8"], "colours": ["#1f77b4"], "category": "orbital", "colour": "#1f77b4", "phase": "5b"}}, {"type": "Feature", "geometry": {"type": "Point", "coordinates": [-6.361846, 53.286815]}, "properties": {"routes": ["S8"], "colours": ["#1f77b4"], "category": "orbital", "colour": "#1f77b4", "phase": "5b"}}, {"type": "Feature", "geometry": {"type": "Point", "coordinates": [-6.336595, 53.276219]}, "properties": {"routes": ["S8"], "colours": ["#1f77b4"], "category": "orbital", "colour": "#1f77b4", "phase": "5b"}}, {"type": "Feature", "geometry": {"type": "Point", "coordinates": [-6.28846191367872, 53.2817934073387]}, "properties": {"routes": ["S8"], "colours": ["#1f77b4"], "category": "orbital", "colour": "#1f77b4", "phase": "5b"}}, {"type": "Feature", "geometry": {"type": "Point", "coordinates": [-6.220262, 53.277031]}, "properties": {"routes": ["S8"], "colours": ["#1f77b4"], "category": "orbital", "colour": "#1f77b4", "phase": "5b"}}, {"type": "Feature", "geometry": {"type": "Point", "coordinates": [-6.188331, 53.276314]}, "properties": {"routes": ["S8"], "colours": ["#1f77b4"], "category": "orbital", "colour": "#1f77b4", "phase": "5b"}}, {"type": "Feature", "geometry": {"type": "Point", "coordinates": [-6.169887, 53.2956]}, "properties": {"routes": ["S8"], "colours": ["#1f77b4"], "category": "orbital", "colour": "#1f77b4", "phase": "5b"}}, {"type": "Feature", "geometry": {"type": "Point", "coordinates": [-6.392795, 53.354538]}, "properties": {"routes": ["W2"], "colours": ["#1f77b4"], "category": "orbital", "colour": "#1f77b4", "phase": "5b"}}, {"type": "Feature", "geometry": {"type": "Point", "coordinates": [-6.393883, 53.323221]}, "properties": {"routes": ["W2"], "colours": ["#1f77b4"], "category": "orbital", "colour": "#1f77b4", "phase": "5b"}}, {"type": "Feature", "geometry": {"type": "Point", "coordinates": [-6.439406, 53.325029]}, "properties": {"routes": ["W4"], "colours": ["#1f77b4"], "category": "orbital", "colour": "#1f77b4", "phase": "5a"}}, {"type": "Feature", "geometry": {"type": "Point", "coordinates": [-6.596034, 53.394266]}, "properties": {"routes": ["W6"], "colours": ["#1f77b4"], "category": "orbital", "colour": "#1f77b4", "phase": "5a"}}, {"type": "Feature", "geometry": {"type": "Point", "coordinates": [-6.55627255614055, 53.3619935728869]}, "properties": {"routes": ["W6"], "colours": ["#1f77b4"], "category": "orbital", "colour": "#1f77b4", "phase": "5a"}}, {"type": "Feature", "geometry": {"type": "Point", "coordinates": [-6.534462, 53.335996]}, "properties": {"routes": ["W6"], "colours": ["#1f77b4"], "category": "orbital", "colour": "#1f77b4", "phase": "5a"}}, {"type": "Feature", "geometry": {"type": "Point", "coordinates": [-6.49938085211241, 53.2997520681718]}, "properties": {"routes": ["W6"], "colours": ["#1f77b4"], "category": "orbital", "colour": "#1f77b4", "phase": "5a"}}, {"type": "Feature", "geometry": {"type": "Point", "coordinates": [-6.450248, 53.281876]}, "properties": {"routes": ["W6"], "colours": ["#1f77b4"], "category": "orbital", "colour": "#1f77b4", "phase": "5a"}}, {"type": "Feature", "geometry": {"type": "Point", "coordinates": [-6.407037, 53.286429]}, "properties": {"routes": ["W6"], "colours": ["#1f77b4"], "category": "orbital", "colour": "#1f77b4", "phase": "5a"}}, {"type": "Feature", "geometry": {"type": "Point", "coordinates": [-6.175015, 53.274197]}, "properties": {"routes": ["X1", "X2"], "colours": ["#ff7f0e", "#ff7f0e"], "category": "peak", "colour": "#ff7f0e", "phase": "6a"}}, {"type": "Feature", "geometry": {"type": "Point", "coordinates": [-6.081418, 53.152208]}, "properties": {"routes": ["X1", "X2"], "colours": ["#ff7f0e", "#ff7f0e"], "category": "peak", "colour": "#ff7f0e", "phase": "6a"}}, {"type": "Feature", "geometry": {"type": "Point", "coordinates": [-6.06380258092699, 53.0711237335525]}, "properties": {"routes": ["X2"], "colours": ["#ff7f0e"], "category": "peak", "colour": "#ff7f0e", "phase": "6a"}}, {"type": "Feature", "geometry": {"type": "Point", "coordinates": [-6.482822, 53.361588]}, "properties": {"routes": ["X25"], "colours": ["#ff7f0e"], "category": "peak", "colour": "#ff7f0e", "phase": "2"}}, {"type": "Feature", "geometry": {"type": "Point", "coordinates": [-6.589359, 53.372402]}, "properties": {"routes": ["X25"], "colours": ["#ff7f0e"], "category": "peak", "colour": "#ff7f0e", "phase": "2"}}, {"type": "Feature", "geometry": {"type": "Point", "coordinates": [-6.589338, 53.372993]}, "properties": {"routes": ["X26"], "colours": ["#ff7f0e"], "category": "peak", "colour": "#ff7f0e", "phase": "2"}}, {"type": "Feature", "geometry": {"type": "Point", "coordinates": [-6.50587149134823, 53.3695071320693]}, "properties": {"routes": ["X26"], "colours": ["#ff7f0e"], "category": "peak", "colour": "#ff7f0e", "phase": "2"}}, {"type": "Feature", "geometry": {"type": "Point", "coordinates": [-6.410857, 53.358869]}, "properties": {"routes": ["X26"], "colours": ["#ff7f0e"], "category": "peak", "colour": "#ff7f0e", "phase": "2"}}, {"type": "Feature", "geometry": {"type": "Point", "coordinates": [-6.268496, 53.346058]}, "properties": {"routes": ["X26"], "colours": ["#ff7f0e"], "category": "peak", "colour": "#ff7f0e", "phase": "2"}}, {"type": "Feature", "geometry": {"type": "Point", "coordinates": [-6.24369, 53.32695]}, "properties": {"routes": ["X27", "X31"], "colours": ["#ff7f0e", "#ff7f0e"], "category": "peak", "colour": "#ff7f0e", "phase": "2"}}, {"type": "Feature", "geometry": {"type": "Point", "coordinates": [-6.274169, 53.345044]}, "properties": {"routes": ["X27", "X31"], "colours": ["#ff7f0e", "#ff7f0e"], "category": "peak", "colour": "#ff7f0e", "phase": "2"}}, {"type": "Feature", "geometry": {"type": "Point", "coordinates": [-6.491185, 53.347947]}, "properties": {"routes": ["X27"], "colours": ["#ff7f0e"], "category": "peak", "colour": "#ff7f0e", "phase": "2"}}, {"type": "Feature", "geometry": {"type": "Point", "coordinates": [-6.54025127147072, 53.3379541587605]}, "properties": {"routes": ["X27"], "colours": ["#ff7f0e"], "category": "peak", "colour": "#ff7f0e", "phase": "2"}}, {"type": "Feature", "geometry": {"type": "Point", "coordinates": [-6.55169862959239, 53.3590800541382]}, "properties": {"routes": ["X27", "X28"], "colours": ["#ff7f0e", "#ff7f0e"], "category": "peak", "colour": "#ff7f0e", "phase": "2"}}, {"type": "Feature", "geometry": {"type": "Point", "coordinates": [-6.2662061554843, 53.3454764728264]}, "properties": {"routes": ["X28"], "colours": ["#ff7f0e"], "category": "peak", "colour": "#ff7f0e", "phase": "2"}}, {"type": "Feature", "geometry": {"type": "Point", "coordinates": [-6.475151, 53.35614]}, "properties": {"routes": ["X28"], "colours": ["#ff7f0e"], "category": "peak", "colour": "#ff7f0e", "phase": "2"}}, {"type": "Feature", "geometry": {"type": "Point", "coordinates": [-6.52826023469714, 53.3399279639064]}, "properties": {"routes": ["X28"], "colours": ["#ff7f0e"], "category": "peak", "colour": "#ff7f0e", "phase": "2"}}, {"type": "Feature", "geometry": {"type": "Point", "coordinates": [-6.254078, 53.333148]}, "properties": {"routes": ["X30"], "colours": ["#ff7f0e"], "category": "peak", "colour": "#ff7f0e", "phase": "2"}}, {"type": "Feature", "geometry": {"type": "Point", "coordinates": [-6.436699, 53.360056]}, "properties": {"routes": ["X30"], "colours": ["#ff7f0e"], "category": "peak", "colour": "#ff7f0e", "phase": "2"}}, {"type": "Feature", "geometry": {"type": "Point", "coordinates": [-6.399933, 53.35609]}, "properties": {"routes": ["X31"], "colours": ["#ff7f0e"], "category": "peak", "colour": "#ff7f0e", "phase": "2"}}, {"type": "Feature", "geometry": {"type": "Point", "coordinates": [-6.454166, 53.35569]}, "properties": {"routes": ["X31"], "colours": ["#ff7f0e"], "category": "peak", "colour": "#ff7f0e", "phase": "2"}}, {"type": "Feature", "geometry": {"type": "Point", "coordinates": [-6.46763403856297, 53.3575628311399]}, "properties": {"routes": ["X32"], "colours": ["#ff7f0e"], "category": "peak", "colour": "#ff7f0e", "phase": "2"}}, {"type": "Feature", "geometry": {"type": "Point", "coordinates": [-6.507997, 53.354264]}, "properties": {"routes": ["X32"], "colours": ["#ff7f0e"], "category": "peak", "colour": "#ff7f0e", "phase": "2"}}, {"type": "Feature", "geometry": {"type": "Point", "coordinates": [-6.311846278267942, 53.28409858879246]}, "properties": {"routes": ["A1"], "colours": ["#d62728"], "category": "spine", "colour": "#d62728", "phase": "future"}}, {"type": "Feature", "geometry": {"type": "Point", "coordinates": [-6.279530156520784, 53.31091088775316]}, "properties": {"routes": ["A1"], "colours": ["#d62728"], "category": "spine", "colour": "#d62728", "phase": "future"}}, {"type": "Feature", "geometry": {"type": "Point", "coordinates": [-6.25510210143287, 53.34118403024961]}, "properties": {"routes": ["A1"], "colours": ["#d62728"], "category": "spine", "colour": "#d62728", "phase": "future"}}, {"type": "Feature", "geometry": {"type": "Point", "coordinates": [-6.250076356451644, 53.376094747164174]}, "properties": {"routes": ["A1"], "colours": ["#d62728"], "category": "spine", "colour": "#d62728", "phase": "future"}}, {"type": "Feature", "geometry": {"type": "Point", "coordinates": [-6.224009047172951, 53.39217156445491]}, "properties": {"routes": ["A1"], "colours": ["#d62728"], "category": "spine", "colour": "#d62728", "phase": "future"}}, {"type": "Feature", "geometry": {"type": "Point", "coordinates": [-6.306330737780797, 53.296920182709826]}, "properties": {"routes": ["A3"], "colours": ["#d62728"], "category": "spine", "colour": "#d62728", "phase": "future"}}, {"type": "Feature", "geometry": {"type": "Point", "coordinates": [-6.329085509253538, 53.27187502859969]}, "properties": {"routes": ["A3"], "colours": ["#d62728"], "category": "spine", "colour": "#d62728", "phase": "future"}}, {"type": "Feature", "geometry": {"type": "Point", "coordinates": [-6.263206229758263, 53.35799329295704]}, "properties": {"routes": ["A3"], "colours": ["#d62728"], "category": "spine", "colour": "#d62728", "phase": "future"}}, {"type": "Feature", "geometry": {"type": "Point", "coordinates": [-6.260337772324572, 53.38823698125536]}, "properties": {"routes": ["A3"], "colours": ["#d62728"], "category": "spine", "colour": "#d62728", "phase": "future"}}, {"type": "Feature", "geometry": {"type": "Point", "coordinates": [-6.267752827367425, 53.32106552760847]}, "properties": {"routes": ["A3"], "colours": ["#d62728"], "category": "spine", "colour": "#d62728", "phase": "future"}}, {"type": "Feature", "geometry": {"type": "Point", "coordinates": [-6.266029106291663, 53.28791710486358]}, "properties": {"routes": ["A4"], "colours": ["#d62728"], "category": "spine", "colour": "#d62728", "phase": "future"}}, {"type": "Feature", "geometry": {"type": "Point", "coordinates": [-6.247941735308773, 53.37794016655613]}, "properties": {"routes": ["A4"], "colours": ["#d62728"], "category": "spine", "colour": "#d62728", "phase": "future"}}, {"type": "Feature", "geometry": {"type": "Point", "coordinates": [-6.255642855904373, 53.33848903560929]}, "properties": {"routes": ["A4"], "colours": ["#d62728"], "category": "spine", "colour": "#d62728", "phase": "future"}}, {"type": "Feature", "geometry": {"type": "Point", "coordinates": [-6.237358575385412, 53.46589269894729]}, "properties": {"routes": ["A4"], "colours": ["#d62728"], "category": "spine", "colour": "#d62728", "phase": "future"}}, {"type": "Feature", "geometry": {"type": "Point", "coordinates": [-6.2365278671602935, 53.41865841010568]}, "properties": {"routes": ["A4"], "colours": ["#d62728"], "category": "spine", "colour": "#d62728", "phase": "future"}}, {"type": "Feature", "geometry": {"type": "Point", "coordinates": [-6.1453532060799, 53.28873195815277]}, "properties": {"routes": ["L11"], "colours": ["#2ca02c"], "category": "local", "colour": "#2ca02c", "phase": "future"}}, {"type": "Feature", "geometry": {"type": "Point", "coordinates": [-6.139810303934414, 53.2689341792837]}, "properties": {"routes": ["L11"], "colours": ["#2ca02c"], "category": "local", "colour": "#2ca02c", "phase": "future"}}, {"type": "Feature", "geometry": {"type": "Point", "coordinates": [-6.121684450886643, 53.24336148081564]}, "properties": {"routes": ["L11"], "colours": ["#2ca02c"], "category": "local", "colour": "#2ca02c", "phase": "future"}}, {"type": "Feature", "geometry": {"type": "Point", "coordinates": [-6.109772000706146, 53.20556221714929]}, "properties": {"routes": ["L11"], "colours": ["#2ca02c"], "category": "local", "colour": "#2ca02c", "phase": "future"}}, {"type": "Feature", "geometry": {"type": "Point", "coordinates": [-6.129124737791926, 53.18593766828528]}, "properties": {"routes": ["L11"], "colours": ["#2ca02c"], "category": "local", "colour": "#2ca02c", "phase": "future"}}, {"type": "Feature", "geometry": {"type": "Point", "coordinates": [-6.140252303083196, 53.296189344723544]}, "properties": {"routes": ["L22"], "colours": ["#2ca02c"], "category": "local", "colour": "#2ca02c", "phase": "future"}}, {"type": "Feature", "geometry": {"type": "Point", "coordinates": [-6.132018844612417, 53.285826397412436]}, "properties": {"routes": ["L22"], "colours": ["#2ca02c"], "category": "local", "colour": "#2ca02c", "phase": "future"}}, {"type": "Feature", "geometry": {"type": "Point", "coordinates": [-6.134866076858428, 53.266005056128016]}, "properties": {"routes": ["L22"], "colours": ["#2ca02c"], "category": "local", "colour": "#2ca02c", "phase": "future"}}, {"type": "Feature", "geometry": {"type": "Point", "coordinates": [-6.131424111829604, 53.2529107589177]}, "properties": {"routes": ["L22"], "colours": ["#2ca02c"], "category": "local", "colour": "#2ca02c", "phase": "future"}}, {"type": "Feature", "geometry": {"type": "Point", "coordinates": [-6.1459498819963505, 53.24092003769571]}, "properties": {"routes": ["L22"], "colours": ["#2ca02c"], "category": "local", "colour": "#2ca02c", "phase": "future"}}, {"type": "Feature", "geometry": {"type": "Point", "coordinates": [-6.422429227672397, 53.38936944263172]}, "properties": {"routes": ["X61"], "colours": ["#ff7f0e"], "category": "peak", "colour": "#ff7f0e", "phase": "future"}}, {"type": "Feature", "geometry": {"type": "Point", "coordinates": [-6.415612439909389, 53.397785961548756]}, "properties": {"routes": ["X61"], "colours": ["#ff7f0e"], "category": "peak", "colour": "#ff7f0e", "phase": "future"}}, {"type": "Feature", "geometry": {"type": "Point", "coordinates": [-6.408924516172321, 53.389233702056956]}, "properties": {"routes": ["X61"], "colours": ["#ff7f0e"], "category": "peak", "colour": "#ff7f0e", "phase": "future"}}, {"type": "Feature", "geometry": {"type": "Point", "coordinates": [-6.401953798021097, 53.39960397635541]}, "properties": {"routes": ["X61"], "colours": ["#ff7f0e"], "category": "peak", "colour": "#ff7f0e", "phase": "future"}}, {"type": "Feature", "geometry": {"type": "Point", "coordinates": [-6.38582745525635, 53.394361289362735]}, "properties": {"routes": ["X61"], "colours": ["#ff7f0e"], "category": "peak", "colour": "#ff7f0e", "phase": "future"}}, {"type": "Feature", "geometry": {"type": "Point", "coordinates": [-6.404975371752701, 53.37662311736366]}, "properties": {"routes": ["P65"], "colours": ["#ff7f0e"], "category": "peak", "colour": "#ff7f0e", "phase": "future"}}, {"type": "Feature", "geometry": {"type": "Point", "coordinates": [-6.400376172944881, 53.38283210443401]}, "properties": {"routes": ["P65"], "colours": ["#ff7f0e"], "category": "peak", "colour": "#ff7f0e", "phase": "future"}}, {"type": "Feature", "geometry": {"type": "Point", "coordinates": [-6.389985383617749, 53.384191829435345]}, "properties": {"routes": ["P65"], "colours": ["#ff7f0e"], "category": "peak", "colour": "#ff7f0e", "phase": "future"}}, {"type": "Feature", "geometry": {"type": "Point", "coordinates": [-6.38070320101006, 53.38901531481408]}, "properties": {"routes": ["P65"], "colours": ["#ff7f0e"], "category": "peak", "colour": "#ff7f0e", "phase": "future"}}, {"type": "Feature", "geometry": {"type": "Point", "coordinates": [-6.3712105893786015, 53.38486821848276]}, "properties": {"routes": ["P65"], "colours": ["#ff7f0e"], "category": "peak", "colour": "#ff7f0e", "phase": "future"}}, {"type": "Feature", "geometry": {"type": "Point", "coordinates": [-6.282279331213128, 53.29244606313421]}, "properties": {"routes": ["A2"], "colours": ["#d62728"], "category": "spine", "colour": "#d62728", "phase": "future"}}, {"type": "Feature", "geometry": {"type": "Point", "coordinates": [-6.244819053415754, 53.28239116729312]}, "properties": {"routes": ["A2"], "colours": ["#d62728"], "category": "spine", "colour": "#d62728", "phase": "future"}}, {"type": "Feature", "geometry": {"type": "Point", "coordinates": [-6.261114470047558, 53.35178187180089]}, "properties": {"routes": ["A2"], "colours": ["#d62728"], "category": "spine", "colour": "#d62728", "phase": "future"}}, {"type": "Feature", "geometry": {"type": "Point", "coordinates": [-6.2688118774925945, 53.319546674595266]}, "properties": {"routes": ["A2"], "colours": ["#d62728"], "category": "spine", "colour": "#d62728", "phase": "future"}}, {"type": "Feature", "geometry": {"type": "Point", "coordinates": [-6.238997786014729, 53.41676297988733]}, "properties": {"routes": ["A2"], "colours": ["#d62728"], "category": "spine", "colour": "#d62728", "phase": "future"}}, {"type": "Feature", "geometry": {"type": "Point", "coordinates": [-6.402883589253681, 53.40797301893455]}, "properties": {"routes": ["P63"], "colours": ["#ff7f0e"], "category": "peak", "colour": "#ff7f0e", "phase": "future"}}, {"type": "Feature", "geometry": {"type": "Point", "coordinates": [-6.421227293700786, 53.41126535588944]}, "properties": {"routes": ["P63"], "colours": ["#ff7f0e"], "category": "peak", "colour": "#ff7f0e", "phase": "future"}}, {"type": "Feature", "geometry": {"type": "Point", "coordinates": [-6.393758132433368, 53.40540771919646]}, "properties": {"routes": ["P63"], "colours": ["#ff7f0e"], "category": "peak", "colour": "#ff7f0e", "phase": "future"}}, {"type": "Feature", "geometry": {"type": "Point", "coordinates": [-6.375379582293896, 53.39506777665662]}, "properties": {"routes": ["P63"], "colours": ["#ff7f0e"], "category": "peak", "colour": "#ff7f0e", "phase": "future"}}, {"type": "Feature", "geometry": {"type": "Point", "coordinates": [-6.383098901904228, 53.398514814467994]}, "properties": {"routes": ["P63"], "colours": ["#ff7f0e"], "category": "peak", "colour": "#ff7f0e", "phase": "future"}}, {"type": "Feature", "geometry": {"type": "Point", "coordinates": [-6.253849124218259, 53.332189638002525]}, "properties": {"routes": ["O"], "colours": ["#9467bd"], "category": "radial", "colour": "#9467bd", "phase": "future"}}, {"type": "Feature", "geometry": {"type": "Point", "coordinates": [-6.253478386834467, 53.34940795487377]}, "properties": {"routes": ["O"], "colours": ["#9467bd"], "category": "radial", "colour": "#9467bd", "phase": "future"}}, {"type": "Feature", "geometry": {"type": "Point", "coordinates": [-6.276129553049423, 53.36044764945977]}, "properties": {"routes": ["O"], "colours": ["#9467bd"], "category": "radial", "colour": "#9467bd", "phase": "future"}}, {"type": "Feature", "geometry": {"type": "Point", "coordinates": [-6.293260908113385, 53.34259437694447]}, "properties": {"routes": ["O"], "colours": ["#9467bd"], "category": "radial", "colour": "#9467bd", "phase": "future"}}, {"type": "Feature", "geometry": {"type": "Point", "coordinates": [-6.2747146716561755, 53.332224215886605]}, "properties": {"routes": ["O"], "colours": ["#9467bd"], "category": "radial", "colour": "#9467bd", "phase": "future"}}, {"type": "Feature", "geometry": {"type": "Point", "coordinates": [-6.226945861059597, 53.364048998484364]}, "properties": {"routes": ["10"], "colours": ["#9467bd"], "category": "radial", "colour": "#9467bd", "phase": "future"}}, {"type": "Feature", "geometry": {"type": "Point", "coordinates": [-6.201260670505058, 53.35994958161163]}, "properties": {"routes": ["10"], "colours": ["#9467bd"], "category": "radial", "colour": "#9467bd", "phase": "future"}}, {"type": "Feature", "geometry": {"type": "Point", "coordinates": [-6.176609285878689, 53.364177751246615]}, "properties": {"routes": ["10"], "colours": ["#9467bd"], "category": "radial", "colour": "#9467bd", "phase": "future"}}, {"type": "Feature", "geometry": {"type": "Point", "coordinates": [-6.190742406168906, 53.36607818103367]}, "properties": {"routes": ["10"], "colours": ["#9467bd"], "category": "radial", "colour": "#9467bd", "phase": "future"}}, {"type": "Feature", "geometry": {"type": "Point", "coordinates": [-6.255273801191002, 53.35058779994302]}, "properties": {"routes": ["10"], "colours": ["#9467bd"], "category": "radial", "colour": "#9467bd", "phase": "future"}}, {"type": "Feature", "geometry": {"type": "Point", "coordinates": [-6.259657190255124, 53.473815931128335]}, "properties": {"routes": ["197"], "colours": ["#9467bd"], "category": "radial", "colour": "#9467bd", "phase": "future"}}, {"type": "Feature", "geometry": {"type": "Point", "coordinates": [-6.299729628736622, 53.4874354709945]}, "properties": {"routes": ["197"], "colours": ["#9467bd"], "category": "radial", "colour": "#9467bd", "phase": "future"}}, {"type": "Feature", "geometry": {"type": "Point", "coordinates": [-6.343489032498056, 53.488555573651375]}, "properties": {"routes": ["197"], "colours": ["#9467bd"], "category": "radial", "colour": "#9467bd", "phase": "future"}}, {"type": "Feature", "geometry": {"type": "Point", "coordinates": [-6.385518146281574, 53.49759148966645]}, "properties": {"routes": ["197"], "colours": ["#9467bd"], "category": "radial", "colour": "#9467bd", "phase": "future"}}, {"type": "Feature", "geometry": {"type": "Point", "coordinates": [-6.218693611396209, 53.45535939963907]}, "properties": {"routes": ["197"], "colours": ["#9467bd"], "category": "radial", "colour": "#9467bd", "phase": "future"}}, {"type": "Feature", "geometry": {"type": "Point", "coordinates": [-6.22787186848738, 53.38561478089222]}, "properties": {"routes": ["8"], "colours": ["#9467bd"], "category": "radial", "colour": "#9467bd", "phase": "future"}}, {"type": "Feature", "geometry": {"type": "Point", "coordinates": [-6.214728222316982, 53.36131563988053]}, "properties": {"routes": ["8"], "colours": ["#9467bd"], "category": "radial", "colour": "#9467bd", "phase": "future"}}, {"type": "Feature", "geometry": {"type": "Point", "coordinates": [-6.1972316632567415, 53.36960628002941]}, "properties": {"routes": ["8"], "colours": ["#9467bd"], "category": "radial", "colour": "#9467bd", "phase": "future"}}, {"type": "Feature", "geometry": {"type": "Point", "coordinates": [-6.22491699266332, 53.377335011377404]}, "properties": {"routes": ["8"], "colours": ["#9467bd"], "category": "radial", "colour": "#9467bd", "phase": "future"}}, {"type": "Feature", "geometry": {"type": "Point", "coordinates": [-6.253390099835263, 53.35089752916756]}, "properties": {"routes": ["8"], "colours": ["#9467bd"], "category": "radial", "colour": "#9467bd", "phase": "future"}}, {"type": "Feature", "geometry": {"type": "Point", "coordinates": [-6.377350446951694, 53.38973300198687]}, "properties": {"routes": ["N8"], "colours": ["#1f77b4"], "category": "orbital", "colour": "#1f77b4", "phase": "future"}}, {"type": "Feature", "geometry": {"type": "Point", "coordinates": [-6.314739623153171, 53.40322732893942]}, "properties": {"routes": ["N8"], "colours": ["#1f77b4"], "category": "orbital", "colour": "#1f77b4", "phase": "future"}}, {"type": "Feature", "geometry": {"type": "Point", "coordinates": [-6.255375678350595, 53.41875216130801]}, "properties": {"routes": ["N8"], "colours": ["#1f77b4"], "category": "orbital", "colour": "#1f77b4", "phase": "future"}}, {"type": "Feature", "geometry": {"type": "Point", "coordinates": [-6.218242969722118, 53.4278918763827]}, "properties": {"routes": ["N8"], "colours": ["#1f77b4"], "category": "orbital", "colour": "#1f77b4", "phase": "future"}}, {"type": "Feature", "geometry": {"type": "Point", "coordinates": [-6.18160553516616, 53.40480892822314]}, "properties": {"routes": ["N8"], "colours": ["#1f77b4"], "category": "orbital", "colour": "#1f77b4", "phase": "future"}}, {"type": "Feature", "geometry": {"type": "Point", "coordinates": [-6.214475345484761, 53.444019705972075]}, "properties": {"routes": ["X77"], "colours": ["#ff7f0e"], "category": "peak", "colour": "#ff7f0e", "phase": "future"}}, {"type": "Feature", "geometry": {"type": "Point", "coordinates": [-6.195337500592132, 53.452627658560345]}, "properties": {"routes": ["X77"], "colours": ["#ff7f0e"], "category": "peak", "colour": "#ff7f0e", "phase": "future"}}, {"type": "Feature", "geometry": {"type": "Point", "coordinates": [-6.172412835052578, 53.45227584428438]}, "properties": {"routes": ["X77"], "colours": ["#ff7f0e"], "category": "peak", "colour": "#ff7f0e", "phase": "future"}}, {"type": "Feature", "geometry": {"type": "Point", "coordinates": [-6.152022568718944, 53.44383776485909]}, "properties": {"routes": ["X77"], "colours": ["#ff7f0e"], "category": "peak", "colour": "#ff7f0e", "phase": "future"}}, {"type": "Feature", "geometry": {"type": "Point", "coordinates": [-6.136810142268372, 53.4348570733611]}, "properties": {"routes": ["X77"], "colours": ["#ff7f0e"], "category": "peak", "colour": "#ff7f0e", "phase": "future"}}, {"type": "Feature", "geometry": {"type": "Point", "coordinates": [-6.181704324429114, 53.45459046964416]}, "properties": {"routes": ["X78"], "colours": ["#ff7f0e"], "category": "peak", "colour": "#ff7f0e", "phase": "future"}}, {"type": "Feature", "geometry": {"type": "Point", "coordinates": [-6.144546865669515, 53.45086128109198]}, "properties": {"routes": ["X78"], "colours": ["#ff7f0e"], "category": "peak", "colour": "#ff7f0e", "phase": "future"}}, {"type": "Feature", "geometry": {"type": "Point", "coordinates": [-6.12829855455715, 53.42869772297173]}, "properties": {"routes": ["X78"], "colours": ["#ff7f0e"], "category": "peak", "colour": "#ff7f0e", "phase": "future"}}, {"type": "Feature", "geometry": {"type": "Point", "coordinates": [-6.1308324598243695, 53.401994614830635]}, "properties": {"routes": ["X78"], "colours": ["#ff7f0e"], "category": "peak", "colour": "#ff7f0e", "phase": "future"}}, {"type": "Feature", "geometry": {"type": "Point", "coordinates": [-6.147240909850542, 53.38322786931005]}, "properties": {"routes": ["X78"], "colours": ["#ff7f0e"], "category": "peak", "colour": "#ff7f0e", "phase": "future"}}, {"type": "Feature", "geometry": {"type": "Point", "coordinates": [-6.224716365757603, 53.4683253514991]}, "properties": {"routes": ["X79"], "colours": ["#ff7f0e"], "category": "peak", "colour": "#ff7f0e", "phase": "future"}}, {"type": "Feature", "geometry": {"type": "Point", "coordinates": [-6.2291627058541295, 53.45191252962401]}, "properties": {"routes": ["X79"], "colours": ["#ff7f0e"], "category": "peak", "colour": "#ff7f0e", "phase": "future"}}, {"type": "Feature", "geometry": {"type": "Point", "coordinates": [-6.242749676570083, 53.44988725125741]}, "properties": {"routes": ["X79"], "colours": ["#ff7f0e"], "category": "peak", "colour": "#ff7f0e", "phase": "future"}}, {"type": "Feature", "geometry": {"type": "Point", "coordinates": [-6.223729925574257, 53.44605836631624]}, "properties": {"routes": ["X79"], "colours": ["#ff7f0e"], "category": "peak", "colour": "#ff7f0e", "phase": "future"}}, {"type": "Feature", "geometry": {"type": "Point", "coordinates": [-6.205305398925491, 53.44186925383184]}, "properties": {"routes": ["X79"], "colours": ["#ff7f0e"], "category": "peak", "colour": "#ff7f0e", "phase": "future"}}, {"type": "Feature", "geometry": {"type": "Point", "coordinates": [-6.244367010782236, 53.459791543354505]}, "properties": {"routes": ["X84"], "colours": ["#ff7f0e"], "category": "peak", "colour": "#ff7f0e", "phase": "future"}}, {"type": "Feature", "geometry": {"type": "Point", "coordinates": [-6.265750223046702, 53.45829763227645]}, "properties": {"routes": ["X84"], "colours": ["#ff7f0e"], "category": "peak", "colour": "#ff7f0e", "phase": "future"}}, {"type": "Feature", "geometry": {"type": "Point", "coordinates": [-6.225234808860238, 53.46036149464205]}, "properties": {"routes": ["X84"], "colours": ["#ff7f0e"], "category": "peak", "colour": "#ff7f0e", "phase": "future"}}, {"type": "Feature", "geometry": {"type": "Point", "coordinates": [-6.220393525484896, 53.45155118563912]}, "properties": {"routes": ["X84"], "colours": ["#ff7f0e"], "category": "peak", "colour": "#ff7f0e", "phase": "future"}}, {"type": "Feature", "geometry": {"type": "Point", "coordinates": [-6.212556605494656, 53.44369918990309]}, "properties": {"routes": ["X84"], "colours": ["#ff7f0e"], "category": "peak", "colour": "#ff7f0e", "phase": "future"}}, {"type": "Feature", "geometry": {"type": "Point", "coordinates": [-6.2278818751704375, 53.36731540043262]}, "properties": {"routes": ["78"], "colours": ["#9467bd"], "category": "radial", "colour": "#9467bd", "phase": "future"}}, {"type": "Feature", "geometry": {"type": "Point", "coordinates": [-6.205475534380035, 53.38294386607336]}, "properties": {"routes": ["78"], "colours": ["#9467bd"], "category": "radial", "colour": "#9467bd", "phase": "future"}}, {"type": "Feature", "geometry": {"type": "Point", "coordinates": [-6.184443350335403, 53.38331256693744]}, "properties": {"routes": ["78"], "colours": ["#9467bd"], "category": "radial", "colour": "#9467bd", "phase": "future"}}, {"type": "Feature", "geometry": {"type": "Point", "coordinates": [-6.180440340254505, 53.39098682442495]}, "properties": {"routes": ["78"], "colours": ["#9467bd"], "category": "radial", "colour": "#9467bd", "phase": "future"}}, {"type": "Feature", "geometry": {"type": "Point", "coordinates": [-6.254582818255606, 53.350710302056434]}, "properties": {"routes": ["78"], "colours": ["#9467bd"], "category": "radial", "colour": "#9467bd", "phase": "future"}}, {"type": "Feature", "geometry": {"type": "Point", "coordinates": [-6.395117435170609, 53.32796045417482]}, "properties": {"routes": ["D1"], "colours": ["#d62728"], "category": "spine", "colour": "#d62728", "phase": "future"}}, {"type": "Feature", "geometry": {"type": "Point", "coordinates": [-6.3568423865716435, 53.32559897498768]}, "properties": {"routes": ["D1"], "colours": ["#d62728"], "category": "spine", "colour": "#d62728", "phase": "future"}}, {"type": "Feature", "geometry": {"type": "Point", "coordinates": [-6.281653005024435, 53.33821453985584]}, "properties": {"routes": ["D1"], "colours": ["#d62728"], "category": "spine", "colour": "#d62728", "phase": "future"}}, {"type": "Feature", "geometry": {"type": "Point", "coordinates": [-6.267655886673443, 53.346097625942676]}, "properties": {"routes": ["D1"], "colours": ["#d62728"], "category": "spine", "colour": "#d62728", "phase": "future"}}, {"type": "Feature", "geometry": {"type": "Point", "coordinates": [-6.151157001659802, 53.402343849659594]}, "properties": {"routes": ["D1"], "colours": ["#d62728"], "category": "spine", "colour": "#d62728", "phase": "future"}}, {"type": "Feature", "geometry": {"type": "Point", "coordinates": [-6.403389658216466, 53.279418867251685]}, "properties": {"routes": ["D2"], "colours": ["#d62728"], "category": "spine", "colour": "#d62728", "phase": "future"}}, {"type": "Feature", "geometry": {"type": "Point", "coordinates": [-6.346376225805024, 53.308353399227016]}, "properties": {"routes": ["D2"], "colours": ["#d62728"], "category": "spine", "colour": "#d62728", "phase": "future"}}, {"type": "Feature", "geometry": {"type": "Point", "coordinates": [-6.289579450803723, 53.33527774190905]}, "properties": {"routes": ["D2"], "colours": ["#d62728"], "category": "spine", "colour": "#d62728", "phase": "future"}}, {"type": "Feature", "geometry": {"type": "Point", "coordinates": [-6.257102996803096, 53.348007881183754]}, "properties": {"routes": ["D2"], "colours": ["#d62728"], "category": "spine", "colour": "#d62728", "phase": "future"}}, {"type": "Feature", "geometry": {"type": "Point", "coordinates": [-6.2082553093933015, 53.39759830265808]}, "properties": {"routes": ["D2"], "colours": ["#d62728"], "category": "spine", "colour": "#d62728", "phase": "future"}}, {"type": "Feature", "geometry": {"type": "Point", "coordinates": [-6.453684974750328, 53.3223290670948]}, "properties": {"routes": ["D3"], "colours": ["#d62728"], "category": "spine", "colour": "#d62728", "phase": "future"}}, {"type": "Feature", "geometry": {"type": "Point", "coordinates": [-6.422646711940955, 53.32149160989011]}, "properties": {"routes": ["D3"], "colours": ["#d62728"], "category": "spine", "colour": "#d62728", "phase": "future"}}, {"type": "Feature", "geometry": {"type": "Point", "coordinates": [-6.31210590593794, 53.32697096436942]}, "properties": {"routes": ["D3"], "colours": ["#d62728"], "category": "spine", "colour": "#d62728", "phase": "future"}}, {"type": "Feature", "geometry": {"type": "Point", "coordinates": [-6.2625977651439975, 53.346137445690786]}, "properties": {"routes": ["D3"], "colours": ["#d62728"], "category": "spine", "colour": "#d62728", "phase": "future"}}, {"type": "Feature", "geometry": {"type": "Point", "coordinates": [-6.150774973849155, 53.40290613278726]}, "properties": {"routes": ["D3"], "colours": ["#d62728"], "category": "spine", "colour": "#d62728", "phase": "future"}}, {"type": "Feature", "geometry": {"type": "Point", "coordinates": [-6.384142551410289, 53.283551405181704]}, "properties": {"routes": ["D4"], "colours": ["#d62728"], "category": "spine", "colour": "#d62728", "phase": "future"}}, {"type": "Feature", "geometry": {"type": "Point", "coordinates": [-6.348738956079543, 53.300506723520336]}, "properties": {"routes": ["D4"], "colours": ["#d62728"], "category": "spine", "colour": "#d62728", "phase": "future"}}, {"type": "Feature", "geometry": {"type": "Point", "coordinates": [-6.280980274482779, 53.33830027072052]}, "properties": {"routes": ["D4"], "colours": ["#d62728"], "category": "spine", "colour": "#d62728", "phase": "future"}}, {"type": "Feature", "geometry": {"type": "Point", "coordinates": [-6.2626513804625, 53.34675689404968]}, "properties": {"routes": ["D4"], "colours": ["#d62728"], "category": "spine", "colour": "#d62728", "phase": "future"}}, {"type": "Feature", "geometry": {"type": "Point", "coordinates": [-6.2164188917070105, 53.376741621242694]}, "properties": {"routes": ["D4"], "colours": ["#d62728"], "category": "spine", "colour": "#d62728", "phase": "future"}}, {"type": "Feature", "geometry": {"type": "Point", "coordinates": [-6.258842730861977, 53.336607896546774]}, "properties": {"routes": ["23"], "colours": ["#9467bd"], "category": "radial", "colour": "#9467bd", "phase": "future"}}, {"type": "Feature", "geometry": {"type": "Point", "coordinates": [-6.262358846802571, 53.337526564948185]}, "properties": {"routes": ["23"], "colours": ["#9467bd"], "category": "radial", "colour": "#9467bd", "phase": "future"}}, {"type": "Feature", "geometry": {"type": "Point", "coordinates": [-6.253763323920308, 53.33801091206044]}, "properties": {"routes": ["23"], "colours": ["#9467bd"], "category": "radial", "colour": "#9467bd", "phase": "future"}}, {"type": "Feature", "geometry": {"type": "Point", "coordinates": [-6.254862918298237, 53.33847253642928]}, "properties": {"routes": ["23"], "colours": ["#9467bd"], "category": "radial", "colour": "#9467bd", "phase": "future"}}, {"type": "Feature", "geometry": {"type": "Point", "coordinates": [-6.251981129309072, 53.33983012180466]}, "properties": {"routes": ["23"], "colours": ["#9467bd"], "category": "radial", "colour": "#9467bd", "phase": "future"}}, {"type": "Feature", "geometry": {"type": "Point", "coordinates": [-6.1402070411280425, 53.2961878800162]}, "properties": {"routes": ["L21"], "colours": ["#2ca02c"], "category": "local", "colour": "#2ca02c", "phase": "future"}}, {"type": "Feature", "geometry": {"type": "Point", "coordinates": [-6.1254755022674265, 53.2876533364796]}, "properties": {"routes": ["L21"], "colours": ["#2ca02c"], "category": "local", "colour": "#2ca02c", "phase": "future"}}, {"type": "Feature", "geometry": {"type": "Point", "coordinates": [-6.1069917404865715, 53.28175419294923]}, "properties": {"routes": ["L21"], "colours": ["#2ca02c"], "category": "local", "colour": "#2ca02c", "phase": "future"}}, {"type": "Feature", "geometry": {"type": "Point", "coordinates": [-6.123458975350966, 53.27429714003838]}, "properties": {"routes": ["L21"], "colours": ["#2ca02c"], "category": "local", "colour": "#2ca02c", "phase": "future"}}, {"type": "Feature", "geometry": {"type": "Point", "coordinates": [-6.118293889660456, 53.27040153871954]}, "properties": {"routes": ["L21"], "colours": ["#2ca02c"], "category": "local", "colour": "#2ca02c", "phase": "future"}}, {"type": "Feature", "geometry": {"type": "Point", "coordinates": [-6.226733986451259, 53.22061523099319]}, "properties": {"routes": ["L33"], "colours": ["#2ca02c"], "category": "local", "colour": "#2ca02c", "phase": "future"}}, {"type": "Feature", "geometry": {"type": "Point", "coordinates": [-6.222239155925287, 53.241830533841636]}, "properties": {"routes": ["L33"], "colours": ["#2ca02c"], "category": "local", "colour": "#2ca02c", "phase": "future"}}, {"type": "Feature", "geometry": {"type": "Point", "coordinates": [-6.232120440756472, 53.259957258157826]}, "properties": {"routes": ["L33"], "colours": ["#2ca02c"], "category": "local", "colour": "#2ca02c", "phase": "future"}}, {"type": "Feature", "geometry": {"type": "Point", "coordinates": [-6.238000337593191, 53.285309276312994]}, "properties": {"routes": ["L33"], "colours": ["#2ca02c"], "category": "local", "colour": "#2ca02c", "phase": "future"}}, {"type": "Feature", "geometry": {"type": "Point", "coordinates": [-6.240840347726192, 53.28516957353882]}, "properties": {"routes": ["L33"], "colours": ["#2ca02c"], "category": "local", "colour": "#2ca02c", "phase": "future"}}, {"type": "Feature", "geometry": {"type": "Point", "coordinates": [-6.202297667918184, 53.29392320899862]}, "properties": {"routes": ["L13"], "colours": ["#2ca02c"], "category": "local", "colour": "#2ca02c", "phase": "future"}}, {"type": "Feature", "geometry": {"type": "Point", "coordinates": [-6.212665066028705, 53.318857528005246]}, "properties": {"routes": ["L13"], "colours": ["#2ca02c"], "category": "local", "colour": "#2ca02c", "phase": "future"}}, {"type": "Feature", "geometry": {"type": "Point", "coordinates": [-6.23080196533762, 53.341527159850735]}, "properties": {"routes": ["L13"], "colours": ["#2ca02c"], "category": "local", "colour": "#2ca02c", "phase": "future"}}, {"type": "Feature", "geometry": {"type": "Point", "coordinates": [-6.205429478258979, 53.27191580958412]}, "properties": {"routes": ["L13"], "colours": ["#2ca02c"], "category": "local", "colour": "#2ca02c", "phase": "future"}}, {"type": "Feature", "geometry": {"type": "Point", "coordinates": [-6.201369776226971, 53.246357410670726]}, "properties": {"routes": ["L13"], "colours": ["#2ca02c"], "category": "local", "colour": "#2ca02c", "phase": "future"}}, {"type": "Feature", "geometry": {"type": "Point", "coordinates": [-6.209983980772209, 53.3047192728057]}, "properties": {"routes": ["P11"], "colours": ["#ff7f0e"], "category": "peak", "colour": "#ff7f0e", "phase": "future"}}, {"type": "Feature", "geometry": {"type": "Point", "coordinates": [-6.185953741943146, 53.28970997539092]}, "properties": {"routes": ["P11"], "colours": ["#ff7f0e"], "category": "peak", "colour": "#ff7f0e", "phase": "future"}}, {"type": "Feature", "geometry": {"type": "Point", "coordinates": [-6.158043774501494, 53.28061512831994]}, "properties": {"routes": ["P11"], "colours": ["#ff7f0e"], "category": "peak", "colour": "#ff7f0e", "phase": "future"}}, {"type": "Feature", "geometry": {"type": "Point", "coordinates": [-6.13619549790958, 53.26395428339221]}, "properties": {"routes": ["P11"], "colours": ["#ff7f0e"], "category": "peak", "colour": "#ff7f0e", "phase": "future"}}, {"type": "Feature", "geometry": {"type": "Point", "coordinates": [-6.123253030070761, 53.248228986073435]}, "properties": {"routes": ["P11"], "colours": ["#ff7f0e"], "category": "peak", "colour": "#ff7f0e", "phase": "future"}}, {"type": "Feature", "geometry": {"type": "Point", "coordinates": [-6.2111010514573035, 53.305476027517386]}, "properties": {"routes": ["P12"], "colours": ["#ff7f0e"], "category": "peak", "colour": "#ff7f0e", "phase": "future"}}, {"type": "Feature", "geometry": {"type": "Point", "coordinates": [-6.189840946642353, 53.2907024071338]}, "properties": {"routes": ["P12"], "colours": ["#ff7f0e"], "category": "peak", "colour": "#ff7f0e", "phase": "future"}}, {"type": "Feature", "geometry": {"type": "Point", "coordinates": [-6.161826199846425, 53.285785189399114]}, "properties": {"routes": ["P12"], "colours": ["#ff7f0e"], "category": "peak", "colour": "#ff7f0e", "phase": "future"}}, {"type": "Feature", "geometry": {"type": "Point", "coordinates": [-6.136571303124371, 53.28040051990109]}, "properties": {"routes": ["P12"], "colours": ["#ff7f0e"], "category": "peak", "colour": "#ff7f0e", "phase": "future"}}, {"type": "Feature", "geometry": {"type": "Point", "coordinates": [-6.11340806027662, 53.285726571262046]}, "properties": {"routes": ["P12"], "colours": ["#ff7f0e"], "category": "peak", "colour": "#ff7f0e", "phase": "future"}}, {"type": "Feature", "geometry": {"type": "Point", "coordinates": [-6.19564598675787, 53.289367779005566]}, "properties": {"routes": ["P13"], "colours": ["#ff7f0e"], "category": "peak", "colour": "#ff7f0e", "phase": "future"}}, {"type": "Feature", "geometry": {"type": "Point", "coordinates": [-6.211868856242512, 53.30601200278247]}, "properties": {"routes": ["P13"], "colours": ["#ff7f0e"], "category": "peak", "colour": "#ff7f0e", "phase": "future"}}, {"type": "Feature", "geometry": {"type": "Point", "coordinates": [-6.210708746484945, 53.261066192361476]}, "properties": {"routes": ["P13"], "colours": ["#ff7f0e"], "category": "peak", "colour": "#ff7f0e", "phase": "future"}}, {"type": "Feature", "geometry": {"type": "Point", "coordinates": [-6.209163760910003, 53.27136207463214]}, "properties": {"routes": ["P13"], "colours": ["#ff7f0e"], "category": "peak", "colour": "#ff7f0e", "phase": "future"}}, {"type": "Feature", "geometry": {"type": "Point", "coordinates": [-6.209086916054441, 53.28320159142031]}, "properties": {"routes": ["P13"], "colours": ["#ff7f0e"], "category": "peak", "colour": "#ff7f0e", "phase": "future"}}, {"type": "Feature", "geometry": {"type": "Point", "coordinates": [-6.273344317552715, 53.31219016622915]}, "properties": {"routes": ["80"], "colours": ["#9467bd"], "category": "radial", "colour": "#9467bd", "phase": "future"}}, {"type": "Feature", "geometry": {"type": "Point", "coordinates": [-6.266482840156206, 53.30365112072101]}, "properties": {"routes": ["80"], "colours": ["#9467bd"], "category": "radial", "colour": "#9467bd", "phase": "future"}}, {"type": "Feature", "geometry": {"type": "Point", "coordinates": [-6.257400883384098, 53.29123549480667]}, "properties": {"routes": ["80"], "colours": ["#9467bd"], "category": "radial", "colour": "#9467bd", "phase": "future"}}, {"type": "Feature", "geometry": {"type": "Point", "coordinates": [-6.263314211838854, 53.28290139898746]}, "properties": {"routes": ["80"], "colours": ["#9467bd"], "category": "radial", "colour": "#9467bd", "phase": "future"}}, {"type": "Feature", "geometry": {"type": "Point", "coordinates": [-6.254848019712333, 53.271967944442586]}, "properties": {"routes": ["80"], "colours": ["#9467bd"], "category": "radial", "colour": "#9467bd", "phase": "future"}}, {"type": "Feature", "geometry": {"type": "Point", "coordinates": [-6.298675862673006, 53.274533605166205]}, "properties": {"routes": ["L35"], "colours": ["#2ca02c"], "category": "local", "colour": "#2ca02c", "phase": "future"}}, {"type": "Feature", "geometry": {"type": "Point", "coordinates": [-6.286312222337114, 53.27804612346646]}, "properties": {"routes": ["L35"], "colours": ["#2ca02c"], "category": "local", "colour": "#2ca02c", "phase": "future"}}, {"type": "Feature", "geometry": {"type": "Point", "coordinates": [-6.2624233846059525, 53.278510058084336]}, "properties": {"routes": ["L35"], "colours": ["#2ca02c"], "category": "local", "colour": "#2ca02c", "phase": "future"}}, {"type": "Feature", "geometry": {"type": "Point", "coordinates": [-6.259707453555455, 53.29378034899213]}, "properties": {"routes": ["L35"], "colours": ["#2ca02c"], "category": "local", "colour": "#2ca02c", "phase": "future"}}, {"type": "Feature", "geometry": {"type": "Point", "coordinates": [-6.240123553853152, 53.28502762202458]}, "properties": {"routes": ["L35"], "colours": ["#2ca02c"], "category": "local", "colour": "#2ca02c", "phase": "future"}}, {"type": "Feature", "geometry": {"type": "Point", "coordinates": [-6.278582621901616, 53.2815439155079]}, "properties": {"routes": ["P16"], "colours": ["#ff7f0e"], "category": "peak", "colour": "#ff7f0e", "phase": "future"}}, {"type": "Feature", "geometry": {"type": "Point", "coordinates": [-6.255021148914496, 53.27611595876866]}, "properties": {"routes": ["P16"], "colours": ["#ff7f0e"], "category": "peak", "colour": "#ff7f0e", "phase": "future"}}, {"type": "Feature", "geometry": {"type": "Point", "coordinates": [-6.233204856430829, 53.28166968346319]}, "properties": {"routes": ["P16"], "colours": ["#ff7f0e"], "category": "peak", "colour": "#ff7f0e", "phase": "future"}}, {"type": "Feature", "geometry": {"type": "Point", "coordinates": [-6.197741982800715, 53.29105020844857]}, "properties": {"routes": ["P16"], "colours": ["#ff7f0e"], "category": "peak", "colour": "#ff7f0e", "phase": "future"}}, {"type": "Feature", "geometry": {"type": "Point", "coordinates": [-6.21971495425656, 53.310520998667855]}, "properties": {"routes": ["P16"], "colours": ["#ff7f0e"], "category": "peak", "colour": "#ff7f0e", "phase": "future"}}, {"type": "Feature", "geometry": {"type": "Point", "coordinates": [-6.285392998246326, 53.27808340373638]}, "properties": {"routes": ["P18"], "colours": ["#ff7f0e"], "category": "peak", "colour": "#ff7f0e", "phase": "future"}}, {"type": "Feature", "geometry": {"type": "Point", "coordinates": [-6.288236107996879, 53.281683531614426]}, "properties": {"routes": ["P18"], "colours": ["#ff7f0e"], "category": "peak", "colour": "#ff7f0e", "phase": "future"}}, {"type": "Feature", "geometry": {"type": "Point", "coordinates": [-6.296809191737572, 53.28202572756483]}, "properties": {"routes": ["P18"], "colours": ["#ff7f0e"], "category": "peak", "colour": "#ff7f0e", "phase": "future"}}, {"type": "Feature", "geometry": {"type": "Point", "coordinates": [-6.291499146330328, 53.287550780200824]}, "properties": {"routes": ["P18"], "colours": ["#ff7f0e"], "category": "peak", "colour": "#ff7f0e", "phase": "future"}}, {"type": "Feature", "geometry": {"type": "Point", "coordinates": [-6.28713865875199, 53.294801427471285]}, "properties": {"routes": ["P18"], "colours": ["#ff7f0e"], "category": "peak", "colour": "#ff7f0e", "phase": "future"}}, {"type": "Feature", "geometry": {"type": "Point", "coordinates": [-6.371457549838278, 53.276991229677186]}, "properties": {"routes": ["X47"], "colours": ["#ff7f0e"], "category": "peak", "colour": "#ff7f0e", "phase": "future"}}, {"type": "Feature", "geometry": {"type": "Point", "coordinates": [-6.354265673464423, 53.28085798156169]}, "properties": {"routes": ["X47"], "colours": ["#ff7f0e"], "category": "peak", "colour": "#ff7f0e", "phase": "future"}}, {"type": "Feature", "geometry": {"type": "Point", "coordinates": [-6.342017453347238, 53.289562416051886]}, "properties": {"routes": ["X47"], "colours": ["#ff7f0e"], "category": "peak", "colour": "#ff7f0e", "phase": "future"}}, {"type": "Feature", "geometry": {"type": "Point", "coordinates": [-6.351629663116862, 53.3022252469539]}, "properties": {"routes": ["X47"], "colours": ["#ff7f0e"], "category": "peak", "colour": "#ff7f0e", "phase": "future"}}, {"type": "Feature", "geometry": {"type": "Point", "coordinates": [-6.3345808657137255, 53.315682867901195]}, "properties": {"routes": ["X47"], "colours": ["#ff7f0e"], "category": "peak", "colour": "#ff7f0e", "phase": "future"}}, {"type": "Feature", "geometry": {"type": "Point", "coordinates": [-6.4427692706228505, 53.39636424833042]}, "properties": {"routes": ["X62"], "colours": ["#ff7f0e"], "category": "peak", "colour": "#ff7f0e", "phase": "future"}}, {"type": "Feature", "geometry": {"type": "Point", "coordinates": [-6.43156083895108, 53.39263043902377]}, "properties": {"routes": ["X62"], "colours": ["#ff7f0e"], "category": "peak", "colour": "#ff7f0e", "phase": "future"}}, {"type": "Feature", "geometry": {"type": "Point", "coordinates": [-6.433821728712606, 53.405012765669724]}, "properties": {"routes": ["X62"], "colours": ["#ff7f0e"], "category": "peak", "colour": "#ff7f0e", "phase": "future"}}, {"type": "Feature", "geometry": {"type": "Point", "coordinates": [-6.417198411080742, 53.406670808075305]}, "properties": {"routes": ["X62"], "colours": ["#ff7f0e"], "category": "peak", "colour": "#ff7f0e", "phase": "future"}}, {"type": "Feature", "geometry": {"type": "Point", "coordinates": [-6.399721606025501, 53.40173642680081]}, "properties": {"routes": ["X62"], "colours": ["#ff7f0e"], "category": "peak", "colour": "#ff7f0e", "phase": "future"}}, {"type": "Feature", "geometry": {"type": "Point", "coordinates": [-6.241646650828229, 53.35828341672838]}, "properties": {"routes": ["97"], "colours": ["#9467bd"], "category": "radial", "colour": "#9467bd", "phase": "future"}}, {"type": "Feature", "geometry": {"type": "Point", "coordinates": [-6.233526147337828, 53.35181986892194]}, "properties": {"routes": ["97"], "colours": ["#9467bd"], "category": "radial", "colour": "#9467bd", "phase": "future"}}, {"type": "Feature", "geometry": {"type": "Point", "coordinates": [-6.219550926192403, 53.35432079209544]}, "properties": {"routes": ["97"], "colours": ["#9467bd"], "category": "radial", "colour": "#9467bd", "phase": "future"}}, {"type": "Feature", "geometry": {"type": "Point", "coordinates": [-6.201449902946645, 53.35142280490875]}, "properties": {"routes": ["97"], "colours": ["#9467bd"], "category": "radial", "colour": "#9467bd", "phase": "future"}}, {"type": "Feature", "geometry": {"type": "Point", "coordinates": [-6.257395527060107, 53.35026952156551]}, "properties": {"routes": ["97"], "colours": ["#9467bd"], "category": "radial", "colour": "#9467bd", "phase": "future"}}, {"type": "Feature", "geometry": {"type": "Point", "coordinates": [-6.247368762034529, 53.378600018474394]}, "properties": {"routes": ["22"], "colours": ["#9467bd"], "category": "radial", "colour": "#9467bd", "phase": "future"}}, {"type": "Feature", "geometry": {"type": "Point", "coordinates": [-6.236140861486032, 53.418892822362125]}, "properties": {"routes": ["22"], "colours": ["#9467bd"], "category": "radial", "colour": "#9467bd", "phase": "future"}}, {"type": "Feature", "geometry": {"type": "Point", "coordinates": [-6.252253874552346, 53.341944040787105]}, "properties": {"routes": ["22"], "colours": ["#9467bd"], "category": "radial", "colour": "#9467bd", "phase": "future"}}, {"type": "Feature", "geometry": {"type": "Point", "coordinates": [-6.219327273218189, 53.467536103199116]}, "properties": {"routes": ["22"], "colours": ["#9467bd"], "category": "radial", "colour": "#9467bd", "phase": "future"}}, {"type": "Feature", "geometry": {"type": "Point", "coordinates": [-6.243887082162739, 53.45007808588317]}, "properties": {"routes": ["22"], "colours": ["#9467bd"], "category": "radial", "colour": "#9467bd", "phase": "future"}}, {"type": "Feature", "geometry": {"type": "Point", "coordinates": [-6.2549894700322595, 53.35155095832747]}, "properties": {"routes": ["98"], "colours": ["#9467bd"], "category": "radial", "colour": "#9467bd", "phase": "future"}}, {"type": "Feature", "geometry": {"type": "Point", "coordinates": [-6.226954436900189, 53.32787082669497]}, "properties": {"routes": ["98"], "colours": ["#9467bd"], "category": "radial", "colour": "#9467bd", "phase": "future"}}, {"type": "Feature", "geometry": {"type": "Point", "coordinates": [-6.1785937761948375, 53.30005438149252]}, "properties": {"routes": ["98"], "colours": ["#9467bd"], "category": "radial", "colour": "#9467bd", "phase": "future"}}, {"type": "Feature", "geometry": {"type": "Point", "coordinates": [-6.1417770339329225, 53.294728451475955]}, "properties": {"routes": ["98"], "colours": ["#9467bd"], "category": "radial", "colour": "#9467bd", "phase": "future"}}, {"type": "Feature", "geometry": {"type": "Point", "coordinates": [-6.137312117308296, 53.262446344172204]}, "properties": {"routes": ["98"], "colours": ["#9467bd"], "category": "radial", "colour": "#9467bd", "phase": "future"}}, {"type": "Feature", "geometry": {"type": "Point", "coordinates": [-6.422246318301024, 53.38933732126373]}, "properties": {"routes": ["B1"], "colours": ["#d62728"], "category": "spine", "colour": "#d62728", "phase": "future"}}, {"type": "Feature", "geometry": {"type": "Point", "coordinates": [-6.360473650097782, 53.38324026995673]}, "properties": {"routes": ["B1"], "colours": ["#d62728"], "category": "spine", "colour": "#d62728", "phase": "future"}}, {"type": "Feature", "geometry": {"type": "Point", "coordinates": [-6.29405358260974, 53.35994478978464]}, "properties": {"routes": ["B1"], "colours": ["#d62728"], "category": "spine", "colour": "#d62728", "phase": "future"}}, {"type": "Feature", "geometry": {"type": "Point", "coordinates": [-6.282513264489659, 53.34687560303155]}, "properties": {"routes": ["B1"], "colours": ["#d62728"], "category": "spine", "colour": "#d62728", "phase": "future"}}, {"type": "Feature", "geometry": {"type": "Point", "coordinates": [-6.220191778487727, 53.32372291682087]}, "properties": {"routes": ["B1"], "colours": ["#d62728"], "category": "spine", "colour": "#d62728", "phase": "future"}}, {"type": "Feature", "geometry": {"type": "Point", "coordinates": [-6.429472815507043, 53.39738391415515]}, "properties": {"routes": ["B2"], "colours": ["#d62728"], "category": "spine", "colour": "#d62728", "phase": "future"}}, {"type": "Feature", "geometry": {"type": "Point", "coordinates": [-6.382901898553652, 53.392231691509004]}, "properties": {"routes": ["B2"], "colours": ["#d62728"], "category": "spine", "colour": "#d62728", "phase": "future"}}, {"type": "Feature", "geometry": {"type": "Point", "coordinates": [-6.31122990828499, 53.365897426650555]}, "properties": {"routes": ["B2"], "colours": ["#d62728"], "category": "spine", "colour": "#d62728", "phase": "future"}}, {"type": "Feature", "geometry": {"type": "Point", "coordinates": [-6.272289853002947, 53.34498833966165]}, "properties": {"routes": ["B2"], "colours": ["#d62728"], "category": "spine", "colour": "#d62728", "phase": "future"}}, {"type": "Feature", "geometry": {"type": "Point", "coordinates": [-6.223304960791377, 53.3255587725294]}, "properties": {"routes": ["B2"], "colours": ["#d62728"], "category": "spine", "colour": "#d62728", "phase": "future"}}, {"type": "Feature", "geometry": {"type": "Point", "coordinates": [-6.39219750751985, 53.40455817782163]}, "properties": {"routes": ["B3"], "colours": ["#d62728"], "category": "spine", "colour": "#d62728", "phase": "future"}}, {"type": "Feature", "geometry": {"type": "Point", "coordinates": [-6.338416389617788, 53.37433919239218]}, "properties": {"routes": ["B3"], "colours": ["#d62728"], "category": "spine", "colour": "#d62728", "phase": "future"}}, {"type": "Feature", "geometry": {"type": "Point", "coordinates": [-6.258617362103947, 53.34770691211079]}, "properties": {"routes": ["B3"], "colours": ["#d62728"], "category": "spine", "colour": "#d62728", "phase": "future"}}, {"type": "Feature", "geometry": {"type": "Point", "coordinates": [-6.24641466119286, 53.335055633962845]}, "properties": {"routes": ["B3"], "colours": ["#d62728"], "category": "spine", "colour": "#d62728", "phase": "future"}}, {"type": "Feature", "geometry": {"type": "Point", "coordinates": [-6.167271019522651, 53.29570053968132]}, "properties": {"routes": ["B3"], "colours": ["#d62728"], "category": "spine", "colour": "#d62728", "phase": "future"}}, {"type": "Feature", "geometry": {"type": "Point", "coordinates": [-6.358696386777264, 53.38146135047356]}, "properties": {"routes": ["B4"], "colours": ["#d62728"], "category": "spine", "colour": "#d62728", "phase": "future"}}, {"type": "Feature", "geometry": {"type": "Point", "coordinates": [-6.3812365580858765, 53.3913061166625]}, "properties": {"routes": ["B4"], "colours": ["#d62728"], "category": "spine", "colour": "#d62728", "phase": "future"}}, {"type": "Feature", "geometry": {"type": "Point", "coordinates": [-6.256903975951142, 53.34738636392108]}, "properties": {"routes": ["B4"], "colours": ["#d62728"], "category": "spine", "colour": "#d62728", "phase": "future"}}, {"type": "Feature", "geometry": {"type": "Point", "coordinates": [-6.20794100090284, 53.31725842866982]}, "properties": {"routes": ["B4"], "colours": ["#d62728"], "category": "spine", "colour": "#d62728", "phase": "future"}}, {"type": "Feature", "geometry": {"type": "Point", "coordinates": [-6.153689248489679, 53.27731491522039]}, "properties": {"routes": ["B4"], "colours": ["#d62728"], "category": "spine", "colour": "#d62728", "phase": "future"}}, {"type": "Feature", "geometry": {"type": "Point", "coordinates": [-6.379711531851402, 53.37770254019041]}, "properties": {"routes": ["34"], "colours": ["#9467bd"], "category": "radial", "colour": "#9467bd", "phase": "future"}}, {"type": "Feature", "geometry": {"type": "Point", "coordinates": [-6.367547396822552, 53.379334790214834]}, "properties": {"routes": ["34"], "colours": ["#9467bd"], "category": "radial", "colour": "#9467bd", "phase": "future"}}, {"type": "Feature", "geometry": {"type": "Point", "coordinates": [-6.318204532318049, 53.36780956622197]}, "properties": {"routes": ["34"], "colours": ["#9467bd"], "category": "radial", "colour": "#9467bd", "phase": "future"}}, {"type": "Feature", "geometry": {"type": "Point", "coordinates": [-6.248693251663733, 53.345023754160586]}, "properties": {"routes": ["34"], "colours": ["#9467bd"], "category": "radial", "colour": "#9467bd", "phase": "future"}}, {"type": "Feature", "geometry": {"type": "Point", "coordinates": [-6.245366112877673, 53.33149930625909]}, "properties": {"routes": ["34"], "colours": ["#9467bd"], "category": "radial", "colour": "#9467bd", "phase": "future"}}, {"type": "Feature", "geometry": {"type": "Point", "coordinates": [-6.366807058952506, 53.38466949746337]}, "properties": {"routes": ["35"], "colours": ["#9467bd"], "category": "radial", "colour": "#9467bd", "phase": "future"}}, {"type": "Feature", "geometry": {"type": "Point", "coordinates": [-6.36662620445097, 53.37812625014983]}, "properties": {"routes": ["35"], "colours": ["#9467bd"], "category": "radial", "colour": "#9467bd", "phase": "future"}}, {"type": "Feature", "geometry": {"type": "Point", "coordinates": [-6.318415974404431, 53.367855884562275]}, "properties": {"routes": ["35"], "colours": ["#9467bd"], "category": "radial", "colour": "#9467bd", "phase": "future"}}, {"type": "Feature", "geometry": {"type": "Point", "coordinates": [-6.2512766402058455, 53.34573657107894]}, "properties": {"routes": ["35"], "colours": ["#9467bd"], "category": "radial", "colour": "#9467bd", "phase": "future"}}, {"type": "Feature", "geometry": {"type": "Point", "coordinates": [-6.244264210844084, 53.331336345690204]}, "properties": {"routes": ["35"], "colours": ["#9467bd"], "category": "radial", "colour": "#9467bd", "phase": "future"}}, {"type": "Feature", "geometry": {"type": "Point", "coordinates": [-6.317330573063667, 53.375759767371655]}, "properties": {"routes": ["36"], "colours": ["#9467bd"], "category": "radial", "colour": "#9467bd", "phase": "future"}}, {"type": "Feature", "geometry": {"type": "Point", "coordinates": [-6.290150434970485, 53.36611803771823]}, "properties": {"routes": ["36"], "colours": ["#9467bd"], "category": "radial", "colour": "#9467bd", "phase": "future"}}, {"type": "Feature", "geometry": {"type": "Point", "coordinates": [-6.252730610528359, 53.34478512343938]}, "properties": {"routes": ["36"], "colours": ["#9467bd"], "category": "radial", "colour": "#9467bd", "phase": "future"}}, {"type": "Feature", "geometry": {"type": "Point", "coordinates": [-6.270931362719667, 53.3606701686502]}, "properties": {"routes": ["36"], "colours": ["#9467bd"], "category": "radial", "colour": "#9467bd", "phase": "future"}}, {"type": "Feature", "geometry": {"type": "Point", "coordinates": [-6.232400758026347, 53.33369542895384]}, "properties": {"routes": ["36"], "colours": ["#9467bd"], "category": "radial", "colour": "#9467bd", "phase": "future"}}, {"type": "Feature", "geometry": {"type": "Point", "coordinates": [-6.3803255854424625, 53.38894139113149]}, "properties": {"routes": ["37"], "colours": ["#9467bd"], "category": "radial", "colour": "#9467bd", "phase": "future"}}, {"type": "Feature", "geometry": {"type": "Point", "coordinates": [-6.34626064014131, 53.370079012031354]}, "properties": {"routes": ["37"], "colours": ["#9467bd"], "category": "radial", "colour": "#9467bd", "phase": "future"}}, {"type": "Feature", "geometry": {"type": "Point", "coordinates": [-6.303823928499931, 53.35873854525612]}, "properties": {"routes": ["37"], "colours": ["#9467bd"], "category": "radial", "colour": "#9467bd", "phase": "future"}}, {"type": "Feature", "geometry": {"type": "Point", "coordinates": [-6.258919740048146, 53.34698026328496]}, "properties": {"routes": ["37"], "colours": ["#9467bd"], "category": "radial", "colour": "#9467bd", "phase": "future"}}, {"type": "Feature", "geometry": {"type": "Point", "coordinates": [-6.251533376281732, 53.34142970745822]}, "properties": {"routes": ["37"], "colours": ["#9467bd"], "category": "radial", "colour": "#9467bd", "phase": "future"}}, {"type": "Feature", "geometry": {"type": "Point", "coordinates": [-6.309680017308445, 53.36538311989182]}, "properties": {"routes": ["48"], "colours": ["#9467bd"], "category": "radial", "colour": "#9467bd", "phase": "future"}}, {"type": "Feature", "geometry": {"type": "Point", "coordinates": [-6.284575338161547, 53.361104590467356]}, "properties": {"routes": ["48"], "colours": ["#9467bd"], "category": "radial", "colour": "#9467bd", "phase": "future"}}, {"type": "Feature", "geometry": {"type": "Point", "coordinates": [-6.293599836812097, 53.36984296365508]}, "properties": {"routes": ["48"], "colours": ["#9467bd"], "category": "radial", "colour": "#9467bd", "phase": "future"}}, {"type": "Feature", "geometry": {"type": "Point", "coordinates": [-6.266661359092594, 53.35412249810521]}, "properties": {"routes": ["48"], "colours": ["#9467bd"], "category": "radial", "colour": "#9467bd", "phase": "future"}}, {"type": "Feature", "geometry": {"type": "Point", "coordinates": [-6.281299821153338, 53.36098647659716]}, "properties": {"routes": ["48"], "colours": ["#9467bd"], "category": "radial", "colour": "#9467bd", "phase": "future"}}, {"type": "Feature", "geometry": {"type": "Point", "coordinates": [-6.467336778948827, 53.28155470902524]}, "properties": {"routes": ["X58"], "colours": ["#ff7f0e"], "category": "peak", "colour": "#ff7f0e", "phase": "future"}}, {"type": "Feature", "geometry": {"type": "Point", "coordinates": [-6.440563720038383, 53.28434362303126]}, "properties": {"routes": ["X58"], "colours": ["#ff7f0e"], "category": "peak", "colour": "#ff7f0e", "phase": "future"}}, {"type": "Feature", "geometry": {"type": "Point", "coordinates": [-6.418994002096262, 53.296339847149625]}, "properties": {"routes": ["X58"], "colours": ["#ff7f0e"], "category": "peak", "colour": "#ff7f0e", "phase": "future"}}, {"type": "Feature", "geometry": {"type": "Point", "coordinates": [-6.415306337205127, 53.30366125205803]}, "properties": {"routes": ["X58"], "colours": ["#ff7f0e"], "category": "peak", "colour": "#ff7f0e", "phase": "future"}}, {"type": "Feature", "geometry": {"type": "Point", "coordinates": [-6.386269753995449, 53.31402036988096]}, "properties": {"routes": ["X58"], "colours": ["#ff7f0e"], "category": "peak", "colour": "#ff7f0e", "phase": "future"}}, {"type": "Feature", "geometry": {"type": "Point", "coordinates": [-6.413234072773, 53.320273609800104]}, "properties": {"routes": ["X55"], "colours": ["#ff7f0e"], "category": "peak", "colour": "#ff7f0e", "phase": "future"}}, {"type": "Feature", "geometry": {"type": "Point", "coordinates": [-6.410020472383359, 53.32316642630146]}, "properties": {"routes": ["X55"], "colours": ["#ff7f0e"], "category": "peak", "colour": "#ff7f0e", "phase": "future"}}, {"type": "Feature", "geometry": {"type": "Point", "coordinates": [-6.423973719500967, 53.329066502366125]}, "properties": {"routes": ["X55"], "colours": ["#ff7f0e"], "category": "peak", "colour": "#ff7f0e", "phase": "future"}}, {"type": "Feature", "geometry": {"type": "Point", "coordinates": [-6.399744119404686, 53.31722208656491]}, "properties": {"routes": ["X55"], "colours": ["#ff7f0e"], "category": "peak", "colour": "#ff7f0e", "phase": "future"}}, {"type": "Feature", "geometry": {"type": "Point", "coordinates": [-6.380915987984902, 53.315383132930236]}, "properties": {"routes": ["X55"], "colours": ["#ff7f0e"], "category": "peak", "colour": "#ff7f0e", "phase": "future"}}, {"type": "Feature", "geometry": {"type": "Point", "coordinates": [-6.3239745292448895, 53.32984601025521]}, "properties": {"routes": ["72"], "colours": ["#9467bd"], "category": "radial", "colour": "#9467bd", "phase": "future"}}, {"type": "Feature", "geometry": {"type": "Point", "coordinates": [-6.295663016496653, 53.335515795937056]}, "properties": {"routes": ["72"], "colours": ["#9467bd"], "category": "radial", "colour": "#9467bd", "phase": "future"}}, {"type": "Feature", "geometry": {"type": "Point", "coordinates": [-6.265465996115089, 53.3412084635851]}, "properties": {"routes": ["72"], "colours": ["#9467bd"], "category": "radial", "colour": "#9467bd", "phase": "future"}}, {"type": "Feature", "geometry": {"type": "Point", "coordinates": [-6.257137818357442, 53.34735069776485]}, "properties": {"routes": ["72"], "colours": ["#9467bd"], "category": "radial", "colour": "#9467bd", "phase": "future"}}, {"type": "Feature", "geometry": {"type": "Point", "coordinates": [-6.22704510483855, 53.348283190815344]}, "properties": {"routes": ["72"], "colours": ["#9467bd"], "category": "radial", "colour": "#9467bd", "phase": "future"}}, {"type": "Feature", "geometry": {"type": "Point", "coordinates": [-6.498418665589067, 53.305281085488076]}, "properties": {"routes": ["57"], "colours": ["#9467bd"], "category": "radial", "colour": "#9467bd", "phase": "future"}}, {"type": "Feature", "geometry": {"type": "Point", "coordinates": [-6.419447112345282, 53.320843111864036]}, "properties": {"routes": ["57"], "colours": ["#9467bd"], "category": "radial", "colour": "#9467bd", "phase": "future"}}, {"type": "Feature", "geometry": {"type": "Point", "coordinates": [-6.367755145961221, 53.318619612194425]}, "properties": {"routes": ["57"], "colours": ["#9467bd"], "category": "radial", "colour": "#9467bd", "phase": "future"}}, {"type": "Feature", "geometry": {"type": "Point", "coordinates": [-6.371124332755501, 53.31651400948376]}, "properties": {"routes": ["57"], "colours": ["#9467bd"], "category": "radial", "colour": "#9467bd", "phase": "future"}}, {"type": "Feature", "geometry": {"type": "Point", "coordinates": [-6.26474136442795, 53.34576067049806]}, "properties": {"routes": ["57"], "colours": ["#9467bd"], "category": "radial", "colour": "#9467bd", "phase": "future"}}, {"type": "Feature", "geometry": {"type": "Point", "coordinates": [-6.445218464259151, 53.28019545680338]}, "properties": {"routes": ["58"], "colours": ["#9467bd"], "category": "radial", "colour": "#9467bd", "phase": "future"}}, {"type": "Feature", "geometry": {"type": "Point", "coordinates": [-6.40807393143858, 53.31301295066401]}, "properties": {"routes": ["58"], "colours": ["#9467bd"], "category": "radial", "colour": "#9467bd", "phase": "future"}}, {"type": "Feature", "geometry": {"type": "Point", "coordinates": [-6.358976379118449, 53.32144191552817]}, "properties": {"routes": ["58"], "colours": ["#9467bd"], "category": "radial", "colour": "#9467bd", "phase": "future"}}, {"type": "Feature", "geometry": {"type": "Point", "coordinates": [-6.307925486665085, 53.342892905243076]}, "properties": {"routes": ["58"], "colours": ["#9467bd"], "category": "radial", "colour": "#9467bd", "phase": "future"}}, {"type": "Feature", "geometry": {"type": "Point", "coordinates": [-6.266566809301268, 53.34548908899944]}, "properties": {"routes": ["58"], "colours": ["#9467bd"], "category": "radial", "colour": "#9467bd", "phase": "future"}}, {"type": "Feature", "geometry": {"type": "Point", "coordinates": [-6.32238224768102, 53.3047770154168]}, "properties": {"routes": ["81"], "colours": ["#9467bd"], "category": "radial", "colour": "#9467bd", "phase": "future"}}, {"type": "Feature", "geometry": {"type": "Point", "coordinates": [-6.294126066247744, 53.31116030487937]}, "properties": {"routes": ["81"], "colours": ["#9467bd"], "category": "radial", "colour": "#9467bd", "phase": "future"}}, {"type": "Feature", "geometry": {"type": "Point", "coordinates": [-6.2682544046314215, 53.32035540301194]}, "properties": {"routes": ["81"], "colours": ["#9467bd"], "category": "radial", "colour": "#9467bd", "phase": "future"}}, {"type": "Feature", "geometry": {"type": "Point", "coordinates": [-6.257718784564773, 53.335386934362354]}, "properties": {"routes": ["81"], "colours": ["#9467bd"], "category": "radial", "colour": "#9467bd", "phase": "future"}}, {"type": "Feature", "geometry": {"type": "Point", "coordinates": [-6.247493873426949, 53.34375740293106]}, "properties": {"routes": ["81"], "colours": ["#9467bd"], "category": "radial", "colour": "#9467bd", "phase": "future"}}, {"type": "Feature", "geometry": {"type": "Point", "coordinates": [-6.362634536196777, 53.276713896998615]}, "properties": {"routes": ["85"], "colours": ["#9467bd"], "category": "radial", "colour": "#9467bd", "phase": "future"}}, {"type": "Feature", "geometry": {"type": "Point", "coordinates": [-6.314065797067153, 53.273090698813725]}, "properties": {"routes": ["85"], "colours": ["#9467bd"], "category": "radial", "colour": "#9467bd", "phase": "future"}}, {"type": "Feature", "geometry": {"type": "Point", "coordinates": [-6.297289265087109, 53.29360959892457]}, "properties": {"routes": ["85"], "colours": ["#9467bd"], "category": "radial", "colour": "#9467bd", "phase": "future"}}, {"type": "Feature", "geometry": {"type": "Point", "coordinates": [-6.283896653781122, 53.30875438506472]}, "properties": {"routes": ["85"], "colours": ["#9467bd"], "category": "radial", "colour": "#9467bd", "phase": "future"}}, {"type": "Feature", "geometry": {"type": "Point", "coordinates": [-6.255007058988132, 53.345215629240236]}, "properties": {"routes": ["85"], "colours": ["#9467bd"], "category": "radial", "colour": "#9467bd", "phase": "future"}}, {"type": "Feature", "geometry": {"type": "Point", "coordinates": [-6.259346490980597, 53.32956550545835]}, "properties": {"routes": ["86"], "colours": ["#9467bd"], "category": "radial", "colour": "#9467bd", "phase": "future"}}, {"type": "Feature", "geometry": {"type": "Point", "coordinates": [-6.254860010669429, 53.348969427393136]}, "properties": {"routes": ["86"], "colours": ["#9467bd"], "category": "radial", "colour": "#9467bd", "phase": "future"}}, {"type": "Feature", "geometry": {"type": "Point", "coordinates": [-6.22169039293568, 53.27655936979905]}, "properties": {"routes": ["86"], "colours": ["#9467bd"], "category": "radial", "colour": "#9467bd", "phase": "future"}}, {"type": "Feature", "geometry": {"type": "Point", "coordinates": [-6.22370256354062, 53.289079686230956]}, "properties": {"routes": ["86"], "colours": ["#9467bd"], "category": "radial", "colour": "#9467bd", "phase": "future"}}, {"type": "Feature", "geometry": {"type": "Point", "coordinates": [-6.239003812222499, 53.26824515870523]}, "properties": {"routes": ["86"], "colours": ["#9467bd"], "category": "radial", "colour": "#9467bd", "phase": "future"}}, {"type": "Feature", "geometry": {"type": "Point", "coordinates": [-6.2589524359546855, 53.32897788897411]}, "properties": {"routes": ["87"], "colours": ["#9467bd"], "category": "radial", "colour": "#9467bd", "phase": "future"}}, {"type": "Feature", "geometry": {"type": "Point", "coordinates": [-6.245987344147564, 53.300628201160144]}, "properties": {"routes": ["87"], "colours": ["#9467bd"], "category": "radial", "colour": "#9467bd", "phase": "future"}}, {"type": "Feature", "geometry": {"type": "Point", "coordinates": [-6.25454512144187, 53.33768278145934]}, "properties": {"routes": ["87"], "colours": ["#9467bd"], "category": "radial", "colour": "#9467bd", "phase": "future"}}, {"type": "Feature", "geometry": {"type": "Point", "coordinates": [-6.251378361685154, 53.34048523724214]}, "properties": {"routes": ["87"], "colours": ["#9467bd"], "category": "radial", "colour": "#9467bd", "phase": "future"}}, {"type": "Feature", "geometry": {"type": "Point", "coordinates": [-6.227442490963928, 53.26271394239581]}, "properties": {"routes": ["87"], "colours": ["#9467bd"], "category": "radial", "colour": "#9467bd", "phase": "future"}}, {"type": "Feature", "geometry": {"type": "Point", "coordinates": [-6.250985942210109, 53.32376362743559]}, "properties": {"routes": ["88"], "colours": ["#9467bd"], "category": "radial", "colour": "#9467bd", "phase": "future"}}, {"type": "Feature", "geometry": {"type": "Point", "coordinates": [-6.245201973007801, 53.29074168514156]}, "properties": {"routes": ["88"], "colours": ["#9467bd"], "category": "radial", "colour": "#9467bd", "phase": "future"}}, {"type": "Feature", "geometry": {"type": "Point", "coordinates": [-6.249306565886515, 53.34406159029112]}, "properties": {"routes": ["88"], "colours": ["#9467bd"], "category": "radial", "colour": "#9467bd", "phase": "future"}}, {"type": "Feature", "geometry": {"type": "Point", "coordinates": [-6.221041973310512, 53.25701480148879]}, "properties": {"routes": ["88"], "colours": ["#9467bd"], "category": "radial", "colour": "#9467bd", "phase": "future"}}, {"type": "Feature", "geometry": {"type": "Point", "coordinates": [-6.175954658503637, 53.2119419308499]}, "properties": {"routes": ["88"], "colours": ["#9467bd"], "category": "radial", "colour": "#9467bd", "phase": "future"}}, {"type": "Feature", "geometry": {"type": "Point", "coordinates": [-6.410627206404871, 53.39094747255154]}, "properties": {"routes": ["L61"], "colours": ["#2ca02c"], "category": "local", "colour": "#2ca02c", "phase": "future"}}, {"type": "Feature", "geometry": {"type": "Point", "coordinates": [-6.379807447365583, 53.38842680250066]}, "properties": {"routes": ["L61"], "colours": ["#2ca02c"], "category": "local", "colour": "#2ca02c", "phase": "future"}}, {"type": "Feature", "geometry": {"type": "Point", "coordinates": [-6.385351787519695, 53.39954799142665]}, "properties": {"routes": ["L61"], "colours": ["#2ca02c"], "category": "local", "colour": "#2ca02c", "phase": "future"}}, {"type": "Feature", "geometry": {"type": "Point", "coordinates": [-6.360160692493987, 53.4122374296556]}, "properties": {"routes": ["L61"], "colours": ["#2ca02c"], "category": "local", "colour": "#2ca02c", "phase": "future"}}, {"type": "Feature", "geometry": {"type": "Point", "coordinates": [-6.369045459294776, 53.386985813566774]}, "properties": {"routes": ["L61"], "colours": ["#2ca02c"], "category": "local", "colour": "#2ca02c", "phase": "future"}}, {"type": "Feature", "geometry": {"type": "Point", "coordinates": [-6.392123201017388, 53.39408262545112]}, "properties": {"routes": ["L62"], "colours": ["#2ca02c"], "category": "local", "colour": "#2ca02c", "phase": "future"}}, {"type": "Feature", "geometry": {"type": "Point", "coordinates": [-6.386106667178555, 53.41751277065545]}, "properties": {"routes": ["L62"], "colours": ["#2ca02c"], "category": "local", "colour": "#2ca02c", "phase": "future"}}, {"type": "Feature", "geometry": {"type": "Point", "coordinates": [-6.3654514033681755, 53.42497397842641]}, "properties": {"routes": ["L62"], "colours": ["#2ca02c"], "category": "local", "colour": "#2ca02c", "phase": "future"}}, {"type": "Feature", "geometry": {"type": "Point", "coordinates": [-6.336325110154559, 53.401697085545784]}, "properties": {"routes": ["L62"], "colours": ["#2ca02c"], "category": "local", "colour": "#2ca02c", "phase": "future"}}, {"type": "Feature", "geometry": {"type": "Point", "coordinates": [-6.315846347701028, 53.38083529491535]}, "properties": {"routes": ["L62"], "colours": ["#2ca02c"], "category": "local", "colour": "#2ca02c", "phase": "future"}}, {"type": "Feature", "geometry": {"type": "Point", "coordinates": [-6.477612711340937, 53.420588204686396]}, "properties": {"routes": ["L64"], "colours": ["#2ca02c"], "category": "local", "colour": "#2ca02c", "phase": "future"}}, {"type": "Feature", "geometry": {"type": "Point", "coordinates": [-6.456142883725389, 53.41547808891809]}, "properties": {"routes": ["L64"], "colours": ["#2ca02c"], "category": "local", "colour": "#2ca02c", "phase": "future"}}, {"type": "Feature", "geometry": {"type": "Point", "coordinates": [-6.435190314458115, 53.40987645545234]}, "properties": {"routes": ["L64"], "colours": ["#2ca02c"], "category": "local", "colour": "#2ca02c", "phase": "future"}}, {"type": "Feature", "geometry": {"type": "Point", "coordinates": [-6.418689519182224, 53.40390702090646]}, "properties": {"routes": ["L64"], "colours": ["#2ca02c"], "category": "local", "colour": "#2ca02c", "phase": "future"}}, {"type": "Feature", "geometry": {"type": "Point", "coordinates": [-6.399640539814787, 53.39672984262588]}, "properties": {"routes": ["L64"], "colours": ["#2ca02c"], "category": "local", "colour": "#2ca02c", "phase": "future"}}, {"type": "Feature", "geometry": {"type": "Point", "coordinates": [-6.478360655912777, 53.42119316828993]}, "properties": {"routes": ["P64"], "colours": ["#ff7f0e"], "category": "peak", "colour": "#ff7f0e", "phase": "future"}}, {"type": "Feature", "geometry": {"type": "Point", "coordinates": [-6.458994187521325, 53.41592313842983]}, "properties": {"routes": ["P64"], "colours": ["#ff7f0e"], "category": "peak", "colour": "#ff7f0e", "phase": "future"}}, {"type": "Feature", "geometry": {"type": "Point", "coordinates": [-6.439951817956768, 53.41043904332338]}, "properties": {"routes": ["P64"], "colours": ["#ff7f0e"], "category": "peak", "colour": "#ff7f0e", "phase": "future"}}, {"type": "Feature", "geometry": {"type": "Point", "coordinates": [-6.420298075868431, 53.40729732680103]}, "properties": {"routes": ["P64"], "colours": ["#ff7f0e"], "category": "peak", "colour": "#ff7f0e", "phase": "future"}}, {"type": "Feature", "geometry": {"type": "Point", "coordinates": [-6.400652431811422, 53.40223184717605]}, "properties": {"routes": ["P64"], "colours": ["#ff7f0e"], "category": "peak", "colour": "#ff7f0e", "phase": "future"}}, {"type": "Feature", "geometry": {"type": "Point", "coordinates": [-6.247561334067782, 53.38359852338362]}, "properties": {"routes": ["L80"], "colours": ["#2ca02c"], "category": "local", "colour": "#2ca02c", "phase": "future"}}, {"type": "Feature", "geometry": {"type": "Point", "coordinates": [-6.2246434463487965, 53.39001035600149]}, "properties": {"routes": ["L80"], "colours": ["#2ca02c"], "category": "local", "colour": "#2ca02c", "phase": "future"}}, {"type": "Feature", "geometry": {"type": "Point", "coordinates": [-6.210529111663568, 53.39670681060978]}, "properties": {"routes": ["L80"], "colours": ["#2ca02c"], "category": "local", "colour": "#2ca02c", "phase": "future"}}, {"type": "Feature", "geometry": {"type": "Point", "coordinates": [-6.226057474631445, 53.39167600335627]}, "properties": {"routes": ["L80"], "colours": ["#2ca02c"], "category": "local", "colour": "#2ca02c", "phase": "future"}}, {"type": "Feature", "geometry": {"type": "Point", "coordinates": [-6.17451483299029, 53.40343353272964]}, "properties": {"routes": ["L80"], "colours": ["#2ca02c"], "category": "local", "colour": "#2ca02c", "phase": "future"}}, {"type": "Feature", "geometry": {"type": "Point", "coordinates": [-6.241587306810288, 53.449651624450375]}, "properties": {"routes": ["L81"], "colours": ["#2ca02c"], "category": "local", "colour": "#2ca02c", "phase": "future"}}, {"type": "Feature", "geometry": {"type": "Point", "coordinates": [-6.2368887697062565, 53.42531791770982]}, "properties": {"routes": ["L81"], "colours": ["#2ca02c"], "category": "local", "colour": "#2ca02c", "phase": "future"}}, {"type": "Feature", "geometry": {"type": "Point", "coordinates": [-6.20389217124987, 53.45183954240471]}, "properties": {"routes": ["L81"], "colours": ["#2ca02c"], "category": "local", "colour": "#2ca02c", "phase": "future"}}, {"type": "Feature", "geometry": {"type": "Point", "coordinates": [-6.145725477890015, 53.434172220123145]}, "properties": {"routes": ["L81"], "colours": ["#2ca02c"], "category": "local", "colour": "#2ca02c", "phase": "future"}}, {"type": "Feature", "geometry": {"type": "Point", "coordinates": [-6.121732843942501, 53.39396073795569]}, "properties": {"routes": ["L81"], "colours": ["#2ca02c"], "category": "local", "colour": "#2ca02c", "phase": "future"}}, {"type": "Feature", "geometry": {"type": "Point", "coordinates": [-6.2297691233401995, 53.42822960367671]}, "properties": {"routes": ["L85"], "colours": ["#2ca02c"], "category": "local", "colour": "#2ca02c", "phase": "future"}}, {"type": "Feature", "geometry": {"type": "Point", "coordinates": [-6.192992452158512, 53.50188638514853]}, "properties": {"routes": ["L85"], "colours": ["#2ca02c"], "category": "local", "colour": "#2ca02c", "phase": "future"}}, {"type": "Feature", "geometry": {"type": "Point", "coordinates": [-6.123268387618172, 53.517835415003326]}, "properties": {"routes": ["L85"], "colours": ["#2ca02c"], "category": "local", "colour": "#2ca02c", "phase": "future"}}, {"type": "Feature", "geometry": {"type": "Point", "coordinates": [-6.102887186571373, 53.56416580067326]}, "properties": {"routes": ["L85"], "colours": ["#2ca02c"], "category": "local", "colour": "#2ca02c", "phase": "future"}}, {"type": "Feature", "geometry": {"type": "Point", "coordinates": [-6.153083413714775, 53.58845122321496]}, "properties": {"routes": ["L85"], "colours": ["#2ca02c"], "category": "local", "colour": "#2ca02c", "phase": "future"}}, {"type": "Feature", "geometry": {"type": "Point", "coordinates": [-6.202830675198982, 53.46673209984313]}, "properties": {"routes": ["X85"], "colours": ["#ff7f0e"], "category": "peak", "colour": "#ff7f0e", "phase": "future"}}, {"type": "Feature", "geometry": {"type": "Point", "coordinates": [-6.179682617641941, 53.51000237815616]}, "properties": {"routes": ["X85"], "colours": ["#ff7f0e"], "category": "peak", "colour": "#ff7f0e", "phase": "future"}}, {"type": "Feature", "geometry": {"type": "Point", "coordinates": [-6.132421122494659, 53.51884856780872]}, "properties": {"routes": ["X85"], "colours": ["#ff7f0e"], "category": "peak", "colour": "#ff7f0e", "phase": "future"}}, {"type": "Feature", "geometry": {"type": "Point", "coordinates": [-6.090097082741883, 53.53522410160707]}, "properties": {"routes": ["X85"], "colours": ["#ff7f0e"], "category": "peak", "colour": "#ff7f0e", "phase": "future"}}, {"type": "Feature", "geometry": {"type": "Point", "coordinates": [-6.109080992950513, 53.58036154675162]}, "properties": {"routes": ["X85"], "colours": ["#ff7f0e"], "category": "peak", "colour": "#ff7f0e", "phase": "future"}}, {"type": "Feature", "geometry": {"type": "Point", "coordinates": [-6.23970203609881, 53.42598181599689]}, "properties": {"routes": ["L83"], "colours": ["#2ca02c"], "category": "local", "colour": "#2ca02c", "phase": "future"}}, {"type": "Feature", "geometry": {"type": "Point", "coordinates": [-6.2214467655762435, 53.45650650687548]}, "properties": {"routes": ["L83"], "colours": ["#2ca02c"], "category": "local", "colour": "#2ca02c", "phase": "future"}}, {"type": "Feature", "geometry": {"type": "Point", "coordinates": [-6.190868661547972, 53.48106675136595]}, "properties": {"routes": ["L83"], "colours": ["#2ca02c"], "category": "local", "colour": "#2ca02c", "phase": "future"}}, {"type": "Feature", "geometry": {"type": "Point", "coordinates": [-6.149577023618169, 53.48545634455706]}, "properties": {"routes": ["L83"], "colours": ["#2ca02c"], "category": "local", "colour": "#2ca02c", "phase": "future"}}, {"type": "Feature", "geometry": {"type": "Point", "coordinates": [-6.109440856462201, 53.49379228222349]}, "properties": {"routes": ["L83"], "colours": ["#2ca02c"], "category": "local", "colour": "#2ca02c", "phase": "future"}}, {"type": "Feature", "geometry": {"type": "Point", "coordinates": [-6.20292749691066, 53.454687450857996]}, "properties": {"routes": ["X83"], "colours": ["#ff7f0e"], "category": "peak", "colour": "#ff7f0e", "phase": "future"}}, {"type": "Feature", "geometry": {"type": "Point", "coordinates": [-6.1986165999034855, 53.47806690826552]}, "properties": {"routes": ["X83"], "colours": ["#ff7f0e"], "category": "peak", "colour": "#ff7f0e", "phase": "future"}}, {"type": "Feature", "geometry": {"type": "Point", "coordinates": [-6.168451488150436, 53.48004695035303]}, "properties": {"routes": ["X83"], "colours": ["#ff7f0e"], "category": "peak", "colour": "#ff7f0e", "phase": "future"}}, {"type": "Feature", "geometry": {"type": "Point", "coordinates": [-6.141013200950337, 53.49033049192702]}, "properties": {"routes": ["X83"], "colours": ["#ff7f0e"], "category": "peak", "colour": "#ff7f0e", "phase": "future"}}, {"type": "Feature", "geometry": {"type": "Point", "coordinates": [-6.110478772761181, 53.49340999681036]}, "properties": {"routes": ["X83"], "colours": ["#ff7f0e"], "category": "peak", "colour": "#ff7f0e", "phase": "future"}}, {"type": "Feature", "geometry": {"type": "Point", "coordinates": [-6.250593799418544, 53.45956880743943]}, "properties": {"routes": ["L82"], "colours": ["#2ca02c"], "category": "local", "colour": "#2ca02c", "phase": "future"}}, {"type": "Feature", "geometry": {"type": "Point", "coordinates": [-6.230821435256185, 53.46200039873855]}, "properties": {"routes": ["L82"], "colours": ["#2ca02c"], "category": "local", "colour": "#2ca02c", "phase": "future"}}, {"type": "Feature", "geometry": {"type": "Point", "coordinates": [-6.220209943638921, 53.43215249454763]}, "properties": {"routes": ["L82"], "colours": ["#2ca02c"], "category": "local", "colour": "#2ca02c", "phase": "future"}}, {"type": "Feature", "geometry": {"type": "Point", "coordinates": [-6.215220133378937, 53.40757420297441]}, "properties": {"routes": ["L82"], "colours": ["#2ca02c"], "category": "local", "colour": "#2ca02c", "phase": "future"}}, {"type": "Feature", "geometry": {"type": "Point", "coordinates": [-6.224811560388645, 53.390198864134106]}, "properties": {"routes": ["L82"], "colours": ["#2ca02c"], "category": "local", "colour": "#2ca02c", "phase": "future"}}, {"type": "Feature", "geometry": {"type": "Point", "coordinates": [-6.2529676870380255, 53.349465442734335]}, "properties": {"routes": ["L91"], "colours": ["#2ca02c"], "category": "local", "colour": "#2ca02c", "phase": "future"}}, {"type": "Feature", "geometry": {"type": "Point", "coordinates": [-6.234074411603281, 53.34714609655675]}, "properties": {"routes": ["L91"], "colours": ["#2ca02c"], "category": "local", "colour": "#2ca02c", "phase": "future"}}, {"type": "Feature", "geometry": {"type": "Point", "coordinates": [-6.230297063487976, 53.349909055830324]}, "properties": {"routes": ["L91"], "colours": ["#2ca02c"], "category": "local", "colour": "#2ca02c", "phase": "future"}}, {"type": "Feature", "geometry": {"type": "Point", "coordinates": [-6.242673739310139, 53.3517387411464]}, "properties": {"routes": ["L91"], "colours": ["#2ca02c"], "category": "local", "colour": "#2ca02c", "phase": "future"}}, {"type": "Feature", "geometry": {"type": "Point", "coordinates": [-6.253422934495425, 53.355505597237496]}, "properties": {"routes": ["L91"], "colours": ["#2ca02c"], "category": "local", "colour": "#2ca02c", "phase": "future"}}, {"type": "Feature", "geometry": {"type": "Point", "coordinates": [-6.2945675092861055, 53.326168915527155]}, "properties": {"routes": ["71"], "colours": ["#9467bd"], "category": "radial", "colour": "#9467bd", "phase": "future"}}, {"type": "Feature", "geometry": {"type": "Point", "coordinates": [-6.344526991329734, 53.31632249296838]}, "properties": {"routes": ["71"], "colours": ["#9467bd"], "category": "radial", "colour": "#9467bd", "phase": "future"}}, {"type": "Feature", "geometry": {"type": "Point", "coordinates": [-6.387142868205996, 53.297778718616904]}, "properties": {"routes": ["71"], "colours": ["#9467bd"], "category": "radial", "colour": "#9467bd", "phase": "future"}}, {"type": "Feature", "geometry": {"type": "Point", "coordinates": [-6.26696572543342, 53.3441357825218]}, "properties": {"routes": ["71"], "colours": ["#9467bd"], "category": "radial", "colour": "#9467bd", "phase": "future"}}, {"type": "Feature", "geometry": {"type": "Point", "coordinates": [-6.237602455544533, 53.34738645777297]}, "properties": {"routes": ["71"], "colours": ["#9467bd"], "category": "radial", "colour": "#9467bd", "phase": "future"}}, {"type": "Feature", "geometry": {"type": "Point", "coordinates": [-6.248196969475063, 53.35329952776289]}, "properties": {"routes": ["21"], "colours": ["#9467bd"], "category": "radial", "colour": "#9467bd", "phase": "future"}}, {"type": "Feature", "geometry": {"type": "Point", "coordinates": [-6.227694894401969, 53.36750569848157]}, "properties": {"routes": ["21"], "colours": ["#9467bd"], "category": "radial", "colour": "#9467bd", "phase": "future"}}, {"type": "Feature", "geometry": {"type": "Point", "coordinates": [-6.204748315961275, 53.453511497458045]}, "properties": {"routes": ["21"], "colours": ["#9467bd"], "category": "radial", "colour": "#9467bd", "phase": "future"}}, {"type": "Feature", "geometry": {"type": "Point", "coordinates": [-6.189359690722604, 53.394360437376996]}, "properties": {"routes": ["21"], "colours": ["#9467bd"], "category": "radial", "colour": "#9467bd", "phase": "future"}}, {"type": "Feature", "geometry": {"type": "Point", "coordinates": [-6.17775997813175, 53.4298346782302]}, "properties": {"routes": ["21"], "colours": ["#9467bd"], "category": "radial", "colour": "#9467bd", "phase": "future"}}, {"type": "Feature", "geometry": {"type": "Point", "coordinates": [-6.248368130848048, 53.353151142352964]}, "properties": {"routes": ["20"], "colours": ["#9467bd"], "category": "radial", "colour": "#9467bd", "phase": "future"}}, {"type": "Feature", "geometry": {"type": "Point", "coordinates": [-6.228122935995926, 53.36698029994309]}, "properties": {"routes": ["20"], "colours": ["#9467bd"], "category": "radial", "colour": "#9467bd", "phase": "future"}}, {"type": "Feature", "geometry": {"type": "Point", "coordinates": [-6.1762892565119705, 53.42312305969895]}, "properties": {"routes": ["20"], "colours": ["#9467bd"], "category": "radial", "colour": "#9467bd", "phase": "future"}}, {"type": "Feature", "geometry": {"type": "Point", "coordinates": [-6.1818824700120185, 53.45440172590356]}, "properties": {"routes": ["20"], "colours": ["#9467bd"], "category": "radial", "colour": "#9467bd", "phase": "future"}}, {"type": "Feature", "geometry": {"type": "Point", "coordinates": [-6.14000926204463, 53.44953472482289]}, "properties": {"routes": ["20"], "colours": ["#9467bd"], "category": "radial", "colour": "#9467bd", "phase": "future"}}, {"type": "Feature", "geometry": {"type": "Point", "coordinates": [-6.584834425091748, 53.12791357079607]}, "properties": {"routes": ["L44"], "colours": ["#2ca02c"], "category": "local", "colour": "#2ca02c", "phase": "future"}}, {"type": "Feature", "geometry": {"type": "Point", "coordinates": [-6.53881070551268, 53.16675972200179]}, "properties": {"routes": ["L44"], "colours": ["#2ca02c"], "category": "local", "colour": "#2ca02c", "phase": "future"}}, {"type": "Feature", "geometry": {"type": "Point", "coordinates": [-6.490622494917597, 53.20804152326454]}, "properties": {"routes": ["L44"], "colours": ["#2ca02c"], "category": "local", "colour": "#2ca02c", "phase": "future"}}, {"type": "Feature", "geometry": {"type": "Point", "coordinates": [-6.452722017780464, 53.251848408475965]}, "properties": {"routes": ["L44"], "colours": ["#2ca02c"], "category": "local", "colour": "#2ca02c", "phase": "future"}}, {"type": "Feature", "geometry": {"type": "Point", "coordinates": [-6.399263471310341, 53.27673138611556]}, "properties": {"routes": ["L44"], "colours": ["#2ca02c"], "category": "local", "colour": "#2ca02c", "phase": "future"}}, {"type": "Feature", "geometry": {"type": "Point", "coordinates": [-6.419279596208325, 53.41656356965333]}, "properties": {"routes": ["L63"], "colours": ["#2ca02c"], "category": "local", "colour": "#2ca02c", "phase": "future"}}, {"type": "Feature", "geometry": {"type": "Point", "coordinates": [-6.417669899670262, 53.41063677970024]}, "properties": {"routes": ["L63"], "colours": ["#2ca02c"], "category": "local", "colour": "#2ca02c", "phase": "future"}}, {"type": "Feature", "geometry": {"type": "Point", "coordinates": [-6.403200151194242, 53.40802186020474]}, "properties": {"routes": ["L63"], "colours": ["#2ca02c"], "category": "local", "colour": "#2ca02c", "phase": "future"}}, {"type": "Feature", "geometry": {"type": "Point", "coordinates": [-6.396014806649407, 53.401904596201604]}, "properties": {"routes": ["L63"], "colours": ["#2ca02c"], "category": "local", "colour": "#2ca02c", "phase": "future"}}, {"type": "Feature", "geometry": {"type": "Point", "coordinates": [-6.397808724342879, 53.39384898091613]}, "properties": {"routes": ["L63"], "colours": ["#2ca02c"], "category": "local", "colour": "#2ca02c", "phase": "future"}}, {"type": "Feature", "geometry": {"type": "Point", "coordinates": [-6.587519591909358, 53.12869499117449]}, "properties": {"routes": ["P44"], "colours": ["#ff7f0e"], "category": "peak", "colour": "#ff7f0e", "phase": "future"}}, {"type": "Feature", "geometry": {"type": "Point", "coordinates": [-6.545948754437207, 53.162331452068834]}, "properties": {"routes": ["P44"], "colours": ["#ff7f0e"], "category": "peak", "colour": "#ff7f0e", "phase": "future"}}, {"type": "Feature", "geometry": {"type": "Point", "coordinates": [-6.502610435847707, 53.200819348171656]}, "properties": {"routes": ["P44"], "colours": ["#ff7f0e"], "category": "peak", "colour": "#ff7f0e", "phase": "future"}}, {"type": "Feature", "geometry": {"type": "Point", "coordinates": [-6.455518255741225, 53.234263079150296]}, "properties": {"routes": ["P44"], "colours": ["#ff7f0e"], "category": "peak", "colour": "#ff7f0e", "phase": "future"}}, {"type": "Feature", "geometry": {"type": "Point", "coordinates": [-6.423396162844209, 53.27462381127181]}, "properties": {"routes": ["P44"], "colours": ["#ff7f0e"], "category": "peak", "colour": "#ff7f0e", "phase": "future"}}, {"type": "Feature", "geometry": {"type": "Point", "coordinates": [-6.522400040173594, 53.09576317963194]}, "properties": {"routes": ["P43"], "colours": ["#ff7f0e"], "category": "peak", "colour": "#ff7f0e", "phase": "future"}}, {"type": "Feature", "geometry": {"type": "Point", "coordinates": [-6.529333570124507, 53.14751088390234]}, "properties": {"routes": ["P43"], "colours": ["#ff7f0e"], "category": "peak", "colour": "#ff7f0e", "phase": "future"}}, {"type": "Feature", "geometry": {"type": "Point", "coordinates": [-6.524477055926583, 53.18013253663145]}, "properties": {"routes": ["P43"], "colours": ["#ff7f0e"], "category": "peak", "colour": "#ff7f0e", "phase": "future"}}, {"type": "Feature", "geometry": {"type": "Point", "coordinates": [-6.468709150564057, 53.22196364529301]}, "properties": {"routes": ["P43"], "colours": ["#ff7f0e"], "category": "peak", "colour": "#ff7f0e", "phase": "future"}}, {"type": "Feature", "geometry": {"type": "Point", "coordinates": [-6.4293518453984655, 53.27354364396688]}, "properties": {"routes": ["P43"], "colours": ["#ff7f0e"], "category": "peak", "colour": "#ff7f0e", "phase": "future"}}]}