{
"type": "FeatureCollection",
"name": "manual-future-routes",
"crs": { "type": "name", "properties": { "name": "urn:ogc:def:crs:OGC:1.3:CRS84" } },
"features": [
{ "type": "Feature", "properties": { "id": null, "route no": null }, "geometry": { "type": "MultiLineString", "coordinates": [ ] } },
{ "type": "Feature", "properties": { "id": null, "route no": "A1" }, "geometry": { "type": "MultiLineString", "coordinates": [ [ [ -6.331119629085288, 53.276640025472773 ], [ -6.3266154, 53.2770953 ], [ -6.3257397, 53.2772002 ], [ -6.324404515931125, 53.277397404917799 ], [ -6.323561887208185, 53.277632093159745 ], [ -6.321795228750084, 53.278254133470327 ], [ -6.320499, 53.278756 ], [ -6.3194015, 53.2790364 ], [ -6.3179665, 53.2793586 ], [ -6.3172167, 53.2795547 ], [ -6.3170605, 53.2797349 ], [ -6.3170452, 53.2799237 ], [ -6.3171751, 53.2801163 ], [ -6.3175653, 53.2804142 ], [ -6.3179977, 53.2812687 ], [ -6.3183225, 53.2821511 ], [ -6.3183205, 53.2822193 ], [ -6.3182281, 53.2823734 ], [ -6.3178378, 53.2822696 ], [ -6.3172541, 53.2822037 ], [ -6.3156565, 53.2821929 ], [ -6.3153142, 53.2822786 ], [ -6.3142402, 53.2828701 ], [ -6.3129188, 53.2837322 ], [ -6.312639, 53.2838405 ], [ -6.311925, 53.2840692 ], [ -6.3116041, 53.284189 ], [ -6.3112886, 53.284332 ], [ -6.3111038, 53.2844364 ], [ -6.3110158, 53.2845045 ], [ -6.3109638, 53.2846078 ], [ -6.3109005, 53.2849421 ], [ -6.310835, 53.2857046 ], [ -6.3108372, 53.286023 ], [ -6.3110105, 53.2879209 ], [ -6.311036, 53.2895056 ], [ -6.3110777, 53.2901665 ], [ -6.3111828, 53.2907541 ], [ -6.311347, 53.2915205 ], [ -6.3113792, 53.2916065 ], [ -6.3114974, 53.2918024 ], [ -6.3116847, 53.2919669 ], [ -6.3114662, 53.2920866 ], [ -6.3104191, 53.2927936 ], [ -6.3098207, 53.2932345 ], [ -6.3088733, 53.2938204 ], [ -6.3088991, 53.2942332 ], [ -6.3092352, 53.2957771 ], [ -6.309259520154216, 53.29625929105935 ], [ -6.3081114, 53.296467 ], [ -6.3063024, 53.2969275 ], [ -6.3060965, 53.2970243 ], [ -6.304295, 53.2982224 ], [ -6.3040367, 53.2983575 ], [ -6.3035809, 53.2984478 ], [ -6.3024888, 53.2986119 ], [ -6.3017505, 53.2988575 ], [ -6.3008616, 53.2992476 ], [ -6.3005873, 53.29939670000001 ], [ -6.2999817, 53.2997921 ], [ -6.2972165, 53.3018049 ], [ -6.2964972, 53.302311 ], [ -6.2940942, 53.3037534 ], [ -6.2907352, 53.3058012 ], [ -6.2879668, 53.3075365 ], [ -6.284684, 53.3095497 ], [ -6.28351, 53.309857199999982 ] ], [ [ -6.2745882, 53.3119159 ], [ -6.2766268, 53.3116039 ], [ -6.2789983, 53.3110517 ], [ -6.28351, 53.3098572 ] ], [ [ -6.2745882, 53.3119159 ], [ -6.2743119, 53.312026 ], [ -6.2740978, 53.3121398 ], [ -6.2736658, 53.3126486 ], [ -6.268301, 53.3202727 ], [ -6.2675625, 53.3213408 ], [ -6.2673706, 53.3214304 ], [ -6.2661097, 53.3217439 ], [ -6.2659756, 53.3217999 ], [ -6.2657928, 53.3220214 ], [ -6.2657242, 53.3221629 ], [ -6.2656268, 53.3227871 ], [ -6.2655386, 53.323134 ], [ -6.264275, 53.3300179 ], [ -6.2642964, 53.3302312 ], [ -6.2646044, 53.3314356 ], [ -6.2646709, 53.3318223 ], [ -6.2648597, 53.3325969 ], [ -6.2650526, 53.3334719 ], [ -6.2651742, 53.333871 ], [ -6.2652722, 53.3340684 ], [ -6.2652779, 53.3341412 ], [ -6.265207, 53.3356182 ], [ -6.2653438, 53.3361296 ], [ -6.2654553, 53.336446 ], [ -6.265790892332652, 53.337618173737468 ], [ -6.2657909, 53.3376182 ], [ -6.262582706344006, 53.337585053544849 ], [ -6.2581718, 53.3364326 ], [ -6.2575382, 53.3363332 ], [ -6.2573294, 53.3363769 ], [ -6.2570994, 53.3365163 ], [ -6.2558594, 53.3380021 ], [ -6.2556194, 53.3384565 ], [ -6.2557155, 53.3385898 ], [ -6.2565138, 53.3389184 ], [ -6.2565095, 53.3389788 ], [ -6.2558726, 53.3397949 ], [ -6.2545337, 53.3422088 ], [ -6.256737628058624, 53.34269238269102 ], [ -6.2577766, 53.3429447 ], [ -6.2589602, 53.3431679 ], [ -6.2591255, 53.3432149 ], [ -6.2592316, 53.3432764 ], [ -6.2592775, 53.3433293 ], [ -6.2593017, 53.3433989 ], [ -6.2593006, 53.3434401 ], [ -6.2592031, 53.3437579 ], [ -6.2591916, 53.3438907 ], [ -6.2592016, 53.3439854 ], [ -6.2592511, 53.34409 ], [ -6.2594337, 53.3443515 ], [ -6.2594636, 53.3444202 ], [ -6.2594674, 53.3444768 ], [ -6.2594406, 53.3445679 ], [ -6.2593771, 53.344684 ], [ -6.259377099999963, 53.344684 ], [ -6.259227, 53.3448434 ], [ -6.2590981, 53.3449653 ], [ -6.2589964, 53.3450327 ], [ -6.258428, 53.3453338 ], [ -6.2579095, 53.345517 ], [ -6.257516, 53.3456107 ], [ -6.2573757, 53.3456588 ], [ -6.2573108, 53.3457101 ], [ -6.2572721, 53.3457912 ], [ -6.2572963, 53.3458532 ], [ -6.2575118, 53.34603 ], [ -6.2575738, 53.3460551 ], [ -6.258907943161416, 53.346983220797789 ], [ -6.2589749, 53.3470298 ], [ -6.259268284901054, 53.347556311534184 ], [ -6.2596437, 53.3483811 ], [ -6.2612239, 53.3520349 ], [ -6.261342574852171, 53.352556248557569 ], [ -6.2613511, 53.352593699999986 ], [ -6.2614439, 53.3527666 ], [ -6.261817321941491, 53.353077463550918 ], [ -6.263157412248907, 53.354207364623171 ], [ -6.2648216, 53.3556728 ], [ -6.2652507, 53.3560249 ], [ -6.264688, 53.3566296 ], [ -6.2639183, 53.3574078 ], [ -6.261969022179389, 53.359010575075253 ], [ -6.261966957044089, 53.359012273081071 ], [ -6.261269361755394, 53.359755504494522 ], [ -6.2597319, 53.3613935 ], [ -6.2579126, 53.3634197 ], [ -6.2564833, 53.3650791 ], [ -6.2561765, 53.3654741 ], [ -6.255553, 53.3664896 ], [ -6.2554948, 53.3667838 ], [ -6.2554677, 53.3675521 ], [ -6.2554355, 53.3676927 ], [ -6.2549984, 53.3687549 ], [ -6.2543859, 53.3697078 ], [ -6.2537492, 53.3707574 ], [ -6.253513899179729, 53.371159955097049 ], [ -6.2531797, 53.3717317 ], [ -6.252464, 53.3727089 ], [ -6.2520189, 53.37342610000001 ], [ -6.2515326, 53.3743201 ], [ -6.2512475, 53.3747395 ], [ -6.2503529, 53.3758166 ], [ -6.250008, 53.3761635 ], [ -6.2486407, 53.3772018 ], [ -6.2481673, 53.37768040000001 ], [ -6.2470369, 53.3789822 ], [ -6.2455546, 53.3807423 ], [ -6.2450075, 53.3815544 ], [ -6.2444585, 53.3824441 ], [ -6.2436305, 53.3821492 ], [ -6.2431116, 53.3819932 ], [ -6.2418138, 53.3816514 ], [ -6.2392206, 53.3810493 ], [ -6.2385302, 53.3817748 ], [ -6.2373679, 53.3833036 ], [ -6.236952, 53.3839311 ], [ -6.2365136, 53.3843923 ], [ -6.2359719, 53.3846871 ], [ -6.2353774, 53.3848914 ], [ -6.2333583, 53.3853548 ], [ -6.2338805, 53.3861613 ], [ -6.2344632, 53.3868332 ], [ -6.2348208, 53.3871394 ], [ -6.2353518, 53.3874855 ], [ -6.2356093, 53.3876164 ], [ -6.2360493, 53.3877807 ], [ -6.2357888, 53.3881693 ], [ -6.2356995, 53.3883502 ], [ -6.2356718, 53.3884442 ], [ -6.235668, 53.388528599999987 ], [ -6.2357571, 53.3889863 ], [ -6.2357329, 53.3891689 ], [ -6.2355903, 53.3898656 ], [ -6.2354926, 53.3903015 ], [ -6.2354289, 53.3904553 ], [ -6.2319666, 53.3955429 ], [ -6.2307057, 53.3953173 ], [ -6.2303615, 53.3953106 ], [ -6.2295056, 53.395393 ], [ -6.2289723, 53.3954801 ], [ -6.2281654, 53.3955275 ], [ -6.2277049, 53.3955039 ], [ -6.2269576, 53.3953707 ], [ -6.2254521, 53.3950326 ], [ -6.2258112, 53.3945089 ], [ -6.224781, 53.3941075 ], [ -6.2237626, 53.393776299999985 ], [ -6.2227151, 53.3934785 ], [ -6.2216213, 53.3932092 ], [ -6.222353, 53.3921174 ], [ -6.2224667, 53.392055 ], [ -6.222881, 53.3920644 ], [ -6.2239054, 53.3921384 ], [ -6.2239944, 53.3921628 ], [ -6.2242155, 53.3922951 ], [ -6.2243397, 53.3923936 ], [ -6.2244951, 53.392435699999986 ], [ -6.2255798, 53.3924847 ], [ -6.2257047, 53.392469599999984 ], [ -6.2258993, 53.3923496 ], [ -6.2260639, 53.3917918 ], [ -6.2260628, 53.3915259 ], [ -6.2259086, 53.391427 ], [ -6.2254097, 53.3914089 ], [ -6.2252584, 53.3913466 ], [ -6.2251945, 53.39069640000001 ], [ -6.2251716, 53.3905791 ], [ -6.2249834, 53.3903159 ], [ -6.2246526, 53.3900906 ], [ -6.2245006, 53.390156 ], [ -6.2242667, 53.390171 ], [ -6.2240835, 53.3901603 ], [ -6.223994626713432, 53.390138653369782 ], [ -6.2239263, 53.3900913 ], [ -6.2239381, 53.3900375 ], [ -6.2240261, 53.3899785 ], [ -6.2241324, 53.3899661 ], [ -6.224514, 53.3899848 ], [ -6.2246258, 53.390000299999983 ], [ -6.2246988, 53.3900419 ], [ -6.2246526, 53.3900906 ] ], [ [ -6.2652507, 53.3560249 ], [ -6.2656725, 53.3555193 ], [ -6.2665247, 53.3546003 ], [ -6.2669211, 53.3542147 ], [ -6.2660309, 53.3538987 ], [ -6.2654339, 53.3535061 ], [ -6.2632021, 53.3519989 ], [ -6.263054315064799, 53.351936839768896 ], [ -6.2629686, 53.3519186 ], [ -6.2629686, 53.3519186 ], [ -6.2628223, 53.3519464 ], [ -6.2626018, 53.3520632 ], [ -6.2623843, 53.3521451 ], [ -6.2617636, 53.3524486 ], [ -6.261666, 53.3524482 ], [ -6.2615857, 53.352426 ], [ -6.2615297, 53.3523922 ], [ -6.261428479259769, 53.352253499972015 ], [ -6.2612239, 53.3520349 ] ], [ [ -6.2593771, 53.344684 ], [ -6.259377099999963, 53.344684 ], [ -6.2591901, 53.3449181 ], [ -6.2591202, 53.3452513 ], [ -6.2591479, 53.3453568 ], [ -6.2591394, 53.3467902 ], [ -6.2590596, 53.3469452 ], [ -6.2590596, 53.346945199999979 ], [ -6.2589749, 53.3470298 ] ], [ [ -6.2565138, 53.3389184 ], [ -6.2586191, 53.339453099999986 ], [ -6.258732, 53.3395023 ], [ -6.2587608, 53.339569 ], [ -6.2585561, 53.3401893 ], [ -6.2578111, 53.342765 ], [ -6.2578457, 53.3428585 ], [ -6.2580113, 53.3429809 ] ] ] } },
{ "type": "Feature", "properties": { "id": null, "route no": "A3" }, "geometry": { "type": "MultiLineString", "coordinates": [ [ [ -6.28351, 53.309857199999982 ], [ -6.284684, 53.3095497 ], [ -6.2879668, 53.3075365 ], [ -6.2907352, 53.3058012 ], [ -6.2940942, 53.3037534 ], [ -6.2964972, 53.302311 ], [ -6.2972165, 53.3018049 ], [ -6.2999817, 53.2997921 ], [ -6.3005873, 53.29939670000001 ], [ -6.3008616, 53.2992476 ], [ -6.3017505, 53.2988575 ], [ -6.3024888, 53.2986119 ], [ -6.3035809, 53.2984478 ], [ -6.3040367, 53.2983575 ], [ -6.304295, 53.2982224 ], [ -6.3058219, 53.2972032 ], [ -6.3060965, 53.2970243 ], [ -6.3063024, 53.2969275 ], [ -6.3074677, 53.2966266 ], [ -6.3081114, 53.296467 ], [ -6.309259520154216, 53.29625929105935 ], [ -6.31059213467859, 53.296097990391623 ], [ -6.311694422724211, 53.29592840058536 ], [ -6.313386345645302, 53.295507077708848 ], [ -6.3146148, 53.2951106 ], [ -6.315084914724837, 53.294912669425095 ], [ -6.31618444646487, 53.294491076267292 ], [ -6.317366961732455, 53.294155116240596 ], [ -6.3188764, 53.2937749 ], [ -6.3192987, 53.2936623 ], [ -6.3193237, 53.2935502 ], [ -6.3192367, 53.2932638 ], [ -6.3190529, 53.2930165 ], [ -6.3184373, 53.2926228 ], [ -6.3179456, 53.2923535 ], [ -6.317527556664303, 53.292176108186787 ], [ -6.3169354, 53.2919574 ], [ -6.3161219, 53.2917226 ], [ -6.3156124, 53.2915606 ], [ -6.3152045, 53.291377599999983 ], [ -6.3148845, 53.2911883 ], [ -6.3144562, 53.290845699999984 ], [ -6.3143927, 53.2907644 ], [ -6.3159415, 53.2901069 ], [ -6.316851745322924, 53.289738470951669 ], [ -6.3175727, 53.2894752 ], [ -6.317936872405367, 53.289393233728077 ], [ -6.3183577, 53.2893225 ], [ -6.3190009, 53.2892651 ], [ -6.3194259, 53.2892589 ], [ -6.3197225, 53.2892608 ], [ -6.3203609, 53.2892945 ], [ -6.320998635445235, 53.289330818402718 ], [ -6.3212697, 53.2893407 ], [ -6.3215405, 53.289338 ], [ -6.3220525, 53.2893099 ], [ -6.3222784, 53.2892857 ], [ -6.322749239663666, 53.289208353375969 ], [ -6.3232967, 53.2890684 ], [ -6.3235797, 53.2889786 ], [ -6.3240123, 53.2888052 ], [ -6.3249674, 53.2883712 ], [ -6.325254, 53.288252 ], [ -6.3257367, 53.2880857 ], [ -6.32623, 53.2879429 ], [ -6.3268655, 53.2877735 ], [ -6.3274803, 53.2876107 ], [ -6.329049466710299, 53.287182323174015 ], [ -6.3312177, 53.2865659 ], [ -6.3306527, 53.2857122 ], [ -6.33044658305485, 53.285348542832182 ], [ -6.3302213, 53.2847753 ], [ -6.330099966619913, 53.284105214270532 ], [ -6.330155342530196, 53.282997902226825 ], [ -6.3302655, 53.2825423 ], [ -6.3304772, 53.2820255 ], [ -6.3310265, 53.2809681 ], [ -6.3313415, 53.2802196 ], [ -6.3314386, 53.2797758 ], [ -6.3313705, 53.2789708 ], [ -6.3311719, 53.2777641 ], [ -6.331119629085289, 53.276640025472773 ], [ -6.3311196, 53.2766394 ], [ -6.3311217, 53.2761912 ], [ -6.331186, 53.2758305 ], [ -6.3311992, 53.2755977 ], [ -6.3310546, 53.2751201 ], [ -6.3310082, 53.2748757 ], [ -6.330957, 53.2740988 ], [ -6.3308349, 53.2738171 ], [ -6.3297446, 53.2725655 ], [ -6.3292591, 53.2720255 ], [ -6.3281944, 53.2711026 ], [ -6.3278218, 53.270809 ] ], [ [ -6.2745882, 53.3119159 ], [ -6.2751347, 53.3118232 ], [ -6.2766268, 53.3116039 ], [ -6.2789983, 53.3110517 ], [ -6.28351, 53.3098572 ] ], [ [ -6.2462404, 53.3897866 ], [ -6.2460038, 53.3891544 ], [ -6.2458757, 53.3887651 ], [ -6.2456417, 53.3884326 ], [ -6.245362, 53.3882285 ], [ -6.2448693, 53.3879616 ], [ -6.2443233, 53.387691399999987 ], [ -6.2440756, 53.3876229 ], [ -6.2436057, 53.3876029 ], [ -6.2421523, 53.387491 ], [ -6.2420883, 53.3873762 ], [ -6.2421802, 53.3870524 ], [ -6.2425167, 53.3864566 ], [ -6.2431225, 53.3853338 ], [ -6.2433639, 53.3845588 ], [ -6.2444585, 53.3824441 ], [ -6.2450075, 53.3815544 ], [ -6.2455546, 53.3807423 ], [ -6.2470369, 53.3789822 ], [ -6.2481673, 53.37768040000001 ], [ -6.2486407, 53.3772018 ], [ -6.2493871, 53.3766416 ], [ -6.250008, 53.3761635 ], [ -6.2503529, 53.3758166 ], [ -6.2508076, 53.3752684 ], [ -6.2512475, 53.3747395 ], [ -6.2515326, 53.3743201 ], [ -6.2520189, 53.37342610000001 ], [ -6.252464, 53.3727089 ], [ -6.2531797, 53.3717317 ], [ -6.253513899179729, 53.371159955097049 ], [ -6.2537492, 53.3707574 ], [ -6.2543859, 53.3697078 ], [ -6.2549984, 53.3687549 ], [ -6.2554355, 53.3676927 ], [ -6.2554677, 53.3675521 ], [ -6.2554948, 53.3667838 ], [ -6.255553, 53.3664896 ], [ -6.2561765, 53.3654741 ], [ -6.2564833, 53.3650791 ], [ -6.2579126, 53.3634197 ], [ -6.2584369, 53.3628466 ], [ -6.2597319, 53.3613935 ], [ -6.261269361755394, 53.359755504494522 ], [ -6.261966957044089, 53.359012273081071 ], [ -6.261969022179389, 53.359010575075253 ], [ -6.2639183, 53.3574078 ], [ -6.264688, 53.3566296 ], [ -6.2652507, 53.3560249 ], [ -6.2656725, 53.3555193 ], [ -6.2665247, 53.3546003 ], [ -6.2669211, 53.3542147 ], [ -6.2660309, 53.3538987 ], [ -6.2654339, 53.3535061 ], [ -6.2632021, 53.3519989 ], [ -6.263054315064799, 53.351936839768896 ], [ -6.2629686, 53.3519186 ], [ -6.2629686, 53.3519186 ], [ -6.2628223, 53.3519464 ], [ -6.2626018, 53.3520632 ], [ -6.2623843, 53.3521451 ], [ -6.2618697, 53.352402 ], [ -6.261772346724568, 53.352444758367831 ], [ -6.261764146573035, 53.352448359940588 ], [ -6.2617636, 53.3524486 ], [ -6.261666, 53.3524482 ], [ -6.2615857, 53.352426 ], [ -6.2615297, 53.3523922 ], [ -6.261428479259769, 53.352253499972015 ], [ -6.2612239, 53.3520349 ], [ -6.260609327537366, 53.350608680447849 ], [ -6.259942, 53.3490655 ], [ -6.2596437, 53.3483811 ], [ -6.259268284901054, 53.347556311534184 ], [ -6.2589749, 53.3470298 ], [ -6.258907943161416, 53.346983220797789 ], [ -6.2586755, 53.3468188 ], [ -6.2575738, 53.3460551 ], [ -6.2575118, 53.34603 ], [ -6.2572963, 53.3458532 ], [ -6.2572721, 53.3457912 ], [ -6.2573108, 53.3457101 ], [ -6.2573757, 53.3456588 ], [ -6.257516, 53.3456107 ], [ -6.25775, 53.3455594 ], [ -6.2579095, 53.345517 ], [ -6.2581692, 53.3454311 ], [ -6.258428, 53.3453338 ], [ -6.2589964, 53.3450327 ], [ -6.2590981, 53.3449653 ], [ -6.259227, 53.3448434 ], [ -6.259377099999963, 53.344684 ], [ -6.2591901, 53.3449181 ], [ -6.2591202, 53.3452513 ], [ -6.2591479, 53.3453568 ], [ -6.2591418, 53.3456587 ], [ -6.2591394, 53.3467902 ], [ -6.2590596, 53.3469452 ], [ -6.2590596, 53.346945199999979 ], [ -6.2589749, 53.3470298 ] ], [ [ -6.2652507, 53.3560249 ], [ -6.2648216, 53.3556728 ], [ -6.263157412248907, 53.354207364623171 ], [ -6.261817321941491, 53.353077463550918 ], [ -6.2614439, 53.3527666 ], [ -6.2613511, 53.352593699999986 ], [ -6.261342574852171, 53.352556248557569 ], [ -6.2612239, 53.3520349 ] ], [ [ -6.2623888, 53.391191 ], [ -6.2623888, 53.391191 ], [ -6.2623736, 53.3918693 ], [ -6.2605495, 53.3918728 ], [ -6.2590478, 53.3917745 ], [ -6.2577757, 53.391628 ], [ -6.2559592, 53.3912293 ], [ -6.255196, 53.3911134 ], [ -6.2542446, 53.3910691 ], [ -6.2542389, 53.3906339 ], [ -6.25433, 53.3905017 ], [ -6.2546176, 53.3903777 ], [ -6.2555048, 53.390439 ], [ -6.2592315, 53.3909522 ], [ -6.2602965, 53.3910725 ], [ -6.2623888, 53.391191 ], [ -6.2623493, 53.3906047 ], [ -6.2624438, 53.3902634 ], [ -6.2625448, 53.3898987 ], [ -6.262564, 53.389474 ], [ -6.2626087, 53.3891316 ], [ -6.2627862, 53.3887444 ], [ -6.2615382, 53.3884886 ], [ -6.2604154, 53.3882573 ], [ -6.259845, 53.388108 ], [ -6.2584417, 53.3876508 ], [ -6.2550475, 53.38638 ], [ -6.2554507, 53.3859083 ], [ -6.2556458, 53.385848 ], [ -6.2558027, 53.3858487 ], [ -6.2559628, 53.385892 ], [ -6.2560344, 53.3859231 ], [ -6.2582095, 53.3867228 ], [ -6.2583243, 53.386767 ], [ -6.2584255, 53.3868086 ], [ -6.2585405, 53.3868422 ], [ -6.258912, 53.3868679 ], [ -6.2589716, 53.3868687 ], [ -6.2590582, 53.3868467 ], [ -6.2598281, 53.3868894 ], [ -6.260165, 53.386806 ], [ -6.2602764, 53.386734 ], [ -6.2604621, 53.3865678 ], [ -6.2607382, 53.3863783 ], [ -6.2608947, 53.3862967 ] ], [ [ -6.2593771, 53.344684 ], [ -6.259377099999963, 53.344684 ], [ -6.2593771, 53.344684 ], [ -6.2594406, 53.3445679 ], [ -6.2594674, 53.3444768 ], [ -6.2594636, 53.3444202 ], [ -6.2594337, 53.3443515 ], [ -6.2593608, 53.3442425 ], [ -6.2592511, 53.34409 ], [ -6.2592016, 53.3439854 ], [ -6.2591916, 53.3438907 ], [ -6.2592031, 53.3437579 ], [ -6.259242, 53.3436066 ], [ -6.2592706, 53.3435298 ], [ -6.2593006, 53.3434401 ], [ -6.2593017, 53.3433989 ], [ -6.2592775, 53.3433293 ], [ -6.2592316, 53.3432764 ], [ -6.2591255, 53.3432149 ], [ -6.2589602, 53.3431679 ], [ -6.258767868791809, 53.343130377548789 ], [ -6.258539222354727, 53.343085770211673 ], [ -6.258200285370767, 53.343019645866462 ], [ -6.2580113, 53.3429809 ], [ -6.2577766, 53.3429447 ], [ -6.2575646, 53.3428983 ], [ -6.257036857952435, 53.342765417658583 ], [ -6.256737628058624, 53.34269238269102 ], [ -6.25606084616978, 53.342543357804431 ], [ -6.2545337, 53.3422088 ], [ -6.2553019, 53.340836 ], [ -6.2558726, 53.3397949 ], [ -6.2561554, 53.3394182 ], [ -6.2565095, 53.3389788 ], [ -6.2565138, 53.3389184 ], [ -6.2557155, 53.3385898 ], [ -6.2556194, 53.3384565 ], [ -6.2558594, 53.3380021 ], [ -6.2570994, 53.3365163 ], [ -6.2573294, 53.3363769 ], [ -6.2575382, 53.3363332 ], [ -6.2581718, 53.3364326 ], [ -6.2594042, 53.3367512 ], [ -6.262582706344006, 53.337585053544849 ], [ -6.265790892332652, 53.337618173737468 ], [ -6.2657909, 53.3376182 ], [ -6.2654553, 53.336446 ], [ -6.2653438, 53.3361296 ], [ -6.265207, 53.3356182 ], [ -6.2652546, 53.3347258 ], [ -6.2652779, 53.3341412 ], [ -6.2652722, 53.3340684 ], [ -6.2651742, 53.333871 ], [ -6.2650526, 53.3334719 ], [ -6.2648597, 53.3325969 ], [ -6.2646709, 53.3318223 ], [ -6.2646044, 53.3314356 ], [ -6.2645251, 53.3311096 ], [ -6.2642964, 53.3302312 ], [ -6.264277, 53.3300779 ], [ -6.264275, 53.3300179 ], [ -6.2642883, 53.3299501 ], [ -6.2653786, 53.3240348 ], [ -6.2655386, 53.323134 ], [ -6.2656268, 53.3227871 ], [ -6.2656764, 53.3224815 ], [ -6.2657242, 53.3221629 ], [ -6.2657928, 53.3220214 ], [ -6.2659221, 53.3218616 ], [ -6.2659756, 53.3217999 ], [ -6.2661097, 53.3217439 ], [ -6.2673706, 53.3214304 ], [ -6.2675625, 53.3213408 ], [ -6.268301, 53.3202727 ], [ -6.2702297, 53.317532 ], [ -6.2736658, 53.3126486 ], [ -6.2740978, 53.3121398 ], [ -6.2743119, 53.312026 ], [ -6.2745882, 53.3119159 ] ], [ [ -6.2565138, 53.3389184 ], [ -6.2586191, 53.339453099999986 ], [ -6.258732, 53.3395023 ], [ -6.2587608, 53.339569 ], [ -6.2585561, 53.3401893 ], [ -6.2583302, 53.3409815 ], [ -6.2580877, 53.341801799999985 ], [ -6.2578484, 53.342623 ], [ -6.2578111, 53.342765 ], [ -6.2578457, 53.3428585 ], [ -6.2579455, 53.3429412 ], [ -6.2580113, 53.3429809 ] ], [ [ -6.2542446, 53.3910691 ], [ -6.2530631, 53.391091 ], [ -6.250677, 53.3911005 ], [ -6.2499242, 53.3908857 ], [ -6.2494856, 53.3907267 ], [ -6.249306, 53.3905489 ], [ -6.2491437, 53.3896104 ], [ -6.2462404, 53.3897866 ] ] ] } },
{ "type": "Feature", "properties": { "id": null, "route no": "A4" }, "geometry": { "type": "MultiLineString", "coordinates": [ [ [ -6.2837651, 53.3071898 ], [ -6.2833121, 53.3054356 ], [ -6.2832897, 53.3051888 ], [ -6.2833135, 53.3048803 ], [ -6.2833625, 53.3044852 ], [ -6.2834157, 53.3043416 ], [ -6.2838057, 53.3035687 ], [ -6.2838564, 53.3033803 ], [ -6.2838977, 53.3030958 ], [ -6.2839421, 53.3008916 ], [ -6.2838914, 53.3005392 ], [ -6.2837943, 53.3001086 ], [ -6.2837852, 53.2997661 ], [ -6.2838711, 53.299403799999986 ], [ -6.2843806, 53.2987044 ], [ -6.2846988, 53.2980689 ], [ -6.2848375, 53.2977013 ], [ -6.2848545, 53.2976231 ], [ -6.2848867, 53.2972029 ], [ -6.2847192, 53.2968534 ], [ -6.2846094, 53.2966805 ], [ -6.2841901, 53.2963818 ], [ -6.282762389331174, 53.295457607790077 ], [ -6.2821548, 53.2951239 ], [ -6.2814117, 53.2948958 ], [ -6.2807435, 53.294749 ], [ -6.2795238, 53.2945367 ], [ -6.2763671, 53.293901399999989 ], [ -6.2759927, 53.2938123 ], [ -6.2751455, 53.2935566 ], [ -6.2731818, 53.2928479 ], [ -6.2718057, 53.2924302 ], [ -6.2697168, 53.2919494 ], [ -6.2689118, 53.2918086 ], [ -6.268861771392084, 53.291327552367036 ], [ -6.268833, 53.2910509 ], [ -6.2688241, 53.2908385 ], [ -6.2688541, 53.2904872 ], [ -6.268875972698934, 53.289990325980597 ], [ -6.268887939395338, 53.28971848051458 ], [ -6.2689, 53.2894445 ], [ -6.2688849, 53.2893177 ], [ -6.2687842, 53.289118 ], [ -6.268604, 53.2889363 ], [ -6.2682491, 53.2887372 ], [ -6.2678419, 53.2886246 ], [ -6.2669571, 53.2885402 ], [ -6.2667254, 53.288478199999986 ], [ -6.2664707, 53.2883682 ], [ -6.2661864, 53.2881662 ], [ -6.2660352, 53.287954099999986 ], [ -6.2659986, 53.2877319 ], [ -6.2660222, 53.2875572 ], [ -6.2659832, 53.287336 ], [ -6.2658623, 53.2872737 ], [ -6.2654163, 53.2871711 ], [ -6.2637143, 53.2870444 ], [ -6.2633779, 53.287046599999989 ], [ -6.2614569, 53.2872776 ], [ -6.2601503, 53.287390199999983 ], [ -6.2542506, 53.2876738 ], [ -6.2514239, 53.287849 ], [ -6.2480424, 53.2882595 ], [ -6.2474195, 53.2883866 ], [ -6.2470489, 53.2884414 ], [ -6.2466111, 53.288418299999982 ], [ -6.246364, 53.2884694 ], [ -6.245987, 53.2886685 ], [ -6.2456035, 53.2887871 ], [ -6.2448038, 53.289003 ], [ -6.244318, 53.2890464 ], [ -6.243628, 53.289052599999984 ], [ -6.2433297, 53.2891335 ], [ -6.2429386, 53.2892015 ], [ -6.241863, 53.289364099999986 ], [ -6.2400015, 53.2896028 ], [ -6.23927, 53.289574099999989 ], [ -6.2393085, 53.2896751 ], [ -6.2394049, 53.2898353 ], [ -6.2400739, 53.2908363 ], [ -6.2403588, 53.2911732 ], [ -6.2404287, 53.2912811 ], [ -6.2404207, 53.2913823 ], [ -6.2407188, 53.2914229 ], [ -6.2410642, 53.2914935 ], [ -6.2417832, 53.2917203 ], [ -6.2449934, 53.2928394 ], [ -6.245286, 53.2928194 ], [ -6.2456255, 53.2927265 ], [ -6.24578, 53.2926257 ], [ -6.2457667, 53.29255 ], [ -6.2457766, 53.2923311 ] ], [ [ -6.2745882, 53.3119159 ], [ -6.2745505, 53.311793 ], [ -6.2741396, 53.3112792 ], [ -6.2738867, 53.3109921 ], [ -6.2737766, 53.310726699999989 ], [ -6.2735742, 53.309989299999984 ], [ -6.273723, 53.3096869 ], [ -6.2737294, 53.309412 ], [ -6.2736733, 53.309087 ], [ -6.2734991, 53.3083504 ], [ -6.2733954, 53.307973 ], [ -6.2733871, 53.3079105 ], [ -6.2734265, 53.3078606 ], [ -6.2734992, 53.3078197 ], [ -6.2744436, 53.3077178 ], [ -6.2760811, 53.307581399999982 ], [ -6.2771407, 53.3075311 ], [ -6.278828, 53.3074975 ], [ -6.2796961, 53.3074533 ], [ -6.2810808, 53.3073599 ], [ -6.2823064, 53.3072598 ], [ -6.2837651, 53.3071898 ] ], [ [ -6.2462404, 53.3897866 ], [ -6.2460038, 53.3891544 ], [ -6.2458757, 53.3887651 ], [ -6.2456417, 53.3884326 ], [ -6.245362, 53.3882285 ], [ -6.2448693, 53.3879616 ], [ -6.2443233, 53.387691399999987 ], [ -6.2440756, 53.3876229 ], [ -6.2436057, 53.3876029 ], [ -6.2421523, 53.387491 ], [ -6.2420883, 53.3873762 ], [ -6.2421802, 53.3870524 ], [ -6.2431225, 53.3853338 ], [ -6.2433639, 53.3845588 ], [ -6.2444585, 53.3824441 ], [ -6.2450075, 53.3815544 ], [ -6.2455546, 53.3807423 ], [ -6.2470369, 53.3789822 ], [ -6.2481673, 53.37768040000001 ], [ -6.2486407, 53.3772018 ], [ -6.250008, 53.3761635 ], [ -6.2503529, 53.3758166 ], [ -6.2512475, 53.3747395 ], [ -6.2515326, 53.3743201 ], [ -6.2520189, 53.37342610000001 ], [ -6.252464, 53.3727089 ], [ -6.2531797, 53.3717317 ], [ -6.253513899179729, 53.371159955097049 ], [ -6.2537492, 53.3707574 ], [ -6.2543859, 53.3697078 ], [ -6.2549984, 53.3687549 ], [ -6.2554355, 53.3676927 ], [ -6.2554677, 53.3675521 ], [ -6.2554948, 53.3667838 ], [ -6.255553, 53.3664896 ], [ -6.2561765, 53.3654741 ], [ -6.2564833, 53.3650791 ], [ -6.2579126, 53.3634197 ], [ -6.2597319, 53.3613935 ], [ -6.261269361755394, 53.359755504494522 ], [ -6.261966957044089, 53.359012273081071 ], [ -6.261969022179389, 53.359010575075253 ], [ -6.2639183, 53.3574078 ], [ -6.264688, 53.3566296 ], [ -6.2652507, 53.3560249 ], [ -6.2656725, 53.3555193 ], [ -6.2665247, 53.3546003 ], [ -6.2669211, 53.3542147 ], [ -6.2660309, 53.3538987 ], [ -6.2654339, 53.3535061 ], [ -6.2632021, 53.3519989 ], [ -6.263054315064799, 53.351936839768896 ], [ -6.2629686, 53.3519186 ], [ -6.2629686, 53.3519186 ], [ -6.2628223, 53.3519464 ], [ -6.2626018, 53.3520632 ], [ -6.2623843, 53.3521451 ], [ -6.2617636, 53.3524486 ], [ -6.261666, 53.3524482 ], [ -6.2615857, 53.352426 ], [ -6.2615297, 53.3523922 ], [ -6.261428479259769, 53.352253499972015 ], [ -6.2612239, 53.3520349 ], [ -6.2596437, 53.3483811 ], [ -6.259268284901054, 53.347556311534184 ], [ -6.2589749, 53.3470298 ], [ -6.258907943161416, 53.346983220797789 ], [ -6.2575738, 53.3460551 ], [ -6.2575118, 53.34603 ], [ -6.2572963, 53.3458532 ], [ -6.2572721, 53.3457912 ], [ -6.2573108, 53.3457101 ], [ -6.2573757, 53.3456588 ], [ -6.257516, 53.3456107 ], [ -6.2579095, 53.345517 ], [ -6.258428, 53.3453338 ], [ -6.2589964, 53.3450327 ], [ -6.2590981, 53.3449653 ], [ -6.259377099999963, 53.344684 ], [ -6.2591901, 53.3449181 ], [ -6.2591202, 53.3452513 ], [ -6.2591479, 53.3453568 ], [ -6.2591394, 53.3467902 ], [ -6.2590596, 53.3469452 ], [ -6.2590596, 53.346945199999979 ], [ -6.2589749, 53.3470298 ] ], [ [ -6.2652507, 53.3560249 ], [ -6.2648216, 53.3556728 ], [ -6.263157412248907, 53.354207364623171 ], [ -6.261817321941491, 53.353077463550918 ], [ -6.2614439, 53.3527666 ], [ -6.2613511, 53.352593699999986 ], [ -6.261342574852171, 53.352556248557569 ], [ -6.2612239, 53.3520349 ] ], [ [ -6.2593771, 53.344684 ], [ -6.2594406, 53.3445679 ], [ -6.2594674, 53.3444768 ], [ -6.2594636, 53.3444202 ], [ -6.2594337, 53.3443515 ], [ -6.2592511, 53.34409 ], [ -6.2592016, 53.3439854 ], [ -6.2591916, 53.3438907 ], [ -6.2592031, 53.3437579 ], [ -6.2593006, 53.3434401 ], [ -6.2593017, 53.3433989 ], [ -6.2592775, 53.3433293 ], [ -6.2592316, 53.3432764 ], [ -6.2591255, 53.3432149 ], [ -6.2589602, 53.3431679 ], [ -6.2575646, 53.3428983 ], [ -6.256737628058624, 53.34269238269102 ], [ -6.2545337, 53.3422088 ], [ -6.2558726, 53.3397949 ], [ -6.2565095, 53.3389788 ], [ -6.2565138, 53.3389184 ], [ -6.2557155, 53.3385898 ], [ -6.2556194, 53.3384565 ], [ -6.2558594, 53.3380021 ], [ -6.2570994, 53.3365163 ], [ -6.2573294, 53.3363769 ], [ -6.2575382, 53.3363332 ], [ -6.2581718, 53.3364326 ], [ -6.262582706344006, 53.337585053544849 ], [ -6.265790892332652, 53.337618173737468 ], [ -6.2657909, 53.3376182 ], [ -6.2654553, 53.336446 ], [ -6.2653438, 53.3361296 ], [ -6.265207, 53.3356182 ], [ -6.2652779, 53.3341412 ], [ -6.2652722, 53.3340684 ], [ -6.2651742, 53.333871 ], [ -6.2650526, 53.3334719 ], [ -6.2648597, 53.3325969 ], [ -6.2646709, 53.3318223 ], [ -6.2646044, 53.3314356 ], [ -6.2642964, 53.3302312 ], [ -6.264275, 53.3300179 ], [ -6.2655386, 53.323134 ], [ -6.2656268, 53.3227871 ], [ -6.2657242, 53.3221629 ], [ -6.2657928, 53.3220214 ], [ -6.2659756, 53.3217999 ], [ -6.2661097, 53.3217439 ], [ -6.2673706, 53.3214304 ], [ -6.2675625, 53.3213408 ], [ -6.268301, 53.3202727 ], [ -6.2736658, 53.3126486 ], [ -6.2740978, 53.3121398 ], [ -6.2743119, 53.312026 ], [ -6.2745882, 53.3119159 ] ], [ [ -6.2565138, 53.3389184 ], [ -6.2586191, 53.339453099999986 ], [ -6.258732, 53.3395023 ], [ -6.2587608, 53.339569 ], [ -6.2585561, 53.3401893 ], [ -6.2578111, 53.342765 ], [ -6.2578457, 53.3428585 ], [ -6.2580113, 53.3429809 ] ], [ [ -6.25121, 53.4595357 ], [ -6.2507548, 53.4595538 ], [ -6.2498624, 53.4596452 ], [ -6.2492676, 53.45976 ], [ -6.2482056, 53.4599924 ], [ -6.2477612, 53.4600539 ], [ -6.2470462, 53.4600844 ], [ -6.2465782, 53.4600672 ], [ -6.2453545, 53.4599189 ], [ -6.2424257, 53.459517 ], [ -6.242166, 53.4594927 ], [ -6.2397388, 53.4625052 ], [ -6.2395843, 53.4627852 ], [ -6.2394524, 53.4631211 ], [ -6.2393859, 53.4636154 ], [ -6.2393834, 53.4638022 ], [ -6.2397087, 53.4655482 ], [ -6.2397254, 53.4658534 ], [ -6.2396562, 53.4661523 ], [ -6.2394813, 53.4664301 ], [ -6.2391475, 53.4667281 ], [ -6.2385495, 53.4670473 ], [ -6.2374345, 53.4659542 ], [ -6.237255, 53.4658088 ], [ -6.2369101, 53.4655905 ], [ -6.2364919, 53.4654039 ], [ -6.2358571, 53.4651662 ], [ -6.2355535, 53.465038 ], [ -6.2350333, 53.4647589 ], [ -6.2325784, 53.4627957 ], [ -6.2320765, 53.4624827 ], [ -6.2318046, 53.462349 ], [ -6.2306399, 53.4619293 ], [ -6.2245505, 53.4601618 ], [ -6.2243426, 53.4600807 ], [ -6.2231761, 53.459506 ], [ -6.2227804, 53.4593878 ], [ -6.2222995, 53.4592967 ], [ -6.2198284, 53.4592753 ], [ -6.2201456, 53.4588577 ], [ -6.2204068, 53.4584156 ], [ -6.2211319, 53.4570839 ], [ -6.2215079, 53.4563944 ], [ -6.221510338101231, 53.456390453272384 ], [ -6.221835, 53.4558649 ], [ -6.2220735, 53.45558 ], [ -6.2231139, 53.4545595 ], [ -6.2235272, 53.4540665 ], [ -6.2242684, 53.4529868 ], [ -6.2254836, 53.4512781 ], [ -6.225626, 53.4508957 ], [ -6.2255598, 53.4505172 ], [ -6.2255426, 53.4500255 ], [ -6.2261516, 53.4495463 ], [ -6.2267342, 53.4491581 ], [ -6.2273307, 53.448575 ], [ -6.2277626, 53.447959 ], [ -6.2280378, 53.4473481 ], [ -6.2281914, 53.4467871 ], [ -6.228186, 53.4462044 ], [ -6.2282947, 53.4450362 ], [ -6.2283143, 53.444313 ], [ -6.2280755, 53.4432525 ], [ -6.2279036, 53.4427343 ], [ -6.2278139, 53.4419288 ], [ -6.2276839, 53.440043 ], [ -6.2275336, 53.4370686 ], [ -6.2275851, 53.4361912 ], [ -6.2276859, 53.4357512 ], [ -6.2279162, 53.4352556 ], [ -6.2284419, 53.43442 ], [ -6.2287421, 53.4338742 ], [ -6.2289254, 53.4336781 ], [ -6.229433, 53.4330216 ], [ -6.229662, 53.4326303 ], [ -6.2299099, 53.4319523 ], [ -6.2300144, 53.4313384 ], [ -6.2300509, 53.4309579 ], [ -6.2298087, 53.4291313 ], [ -6.2297052, 53.4287944 ], [ -6.229571827205112, 53.428206750306508 ], [ -6.2295478, 53.42742590000001 ], [ -6.2294291, 53.4270484 ], [ -6.2292842, 53.4261781 ], [ -6.2292682, 53.4257658 ], [ -6.2293313, 53.4251648 ], [ -6.2298837, 53.4236545 ], [ -6.2301688, 53.4232021 ], [ -6.230624, 53.4226619 ], [ -6.2316513, 53.4217389 ], [ -6.232971, 53.4207423 ], [ -6.2358604, 53.4190627 ], [ -6.23712490136096, 53.418296781986342 ], [ -6.2378464, 53.4177652 ], [ -6.2383636, 53.4174476 ], [ -6.2387221, 53.4171345 ], [ -6.2390604, 53.4166786 ], [ -6.2392138, 53.4163212 ], [ -6.2393256, 53.4159647 ], [ -6.2393585, 53.4155831 ], [ -6.2392479, 53.4151208 ], [ -6.2389791, 53.414293 ], [ -6.238958734882179, 53.413669101703107 ], [ -6.2390353, 53.4123446 ], [ -6.2389528, 53.411607 ], [ -6.238721935162369, 53.410348325331498 ], [ -6.2385906, 53.4098006 ], [ -6.2378517, 53.408531 ], [ -6.2377189, 53.4081089 ], [ -6.237692, 53.4077748 ], [ -6.2377006, 53.407387 ], [ -6.2377809, 53.4071325 ], [ -6.2404501, 53.4038321 ], [ -6.2408726, 53.4031141 ], [ -6.2412393, 53.4026053 ], [ -6.2417696, 53.4020726 ], [ -6.2432177, 53.4010786 ], [ -6.24374, 53.4005328 ], [ -6.2440168, 53.3998997 ], [ -6.2440455, 53.3996326 ], [ -6.2439627, 53.3989639 ], [ -6.2440273, 53.3987582 ], [ -6.2442764, 53.3982965 ], [ -6.245064, 53.3973188 ], [ -6.2452462, 53.3967729 ], [ -6.2452807, 53.396236 ], [ -6.2455178, 53.3950106 ], [ -6.2460218, 53.3928344 ], [ -6.2462439, 53.3916608 ], [ -6.2463908, 53.3909638 ], [ -6.2464542, 53.3904062 ], [ -6.2464176, 53.3902097 ], [ -6.2462404, 53.3897866 ] ] ] } },
{ "type": "Feature", "properties": { "id": null, "route no": "L11" }, "geometry": { "type": "MultiLineString", "coordinates": [ [ [ -6.1411455, 53.2774832 ], [ -6.1395685, 53.2782717 ], [ -6.1376132, 53.2791867 ], [ -6.1368385, 53.2796488 ], [ -6.1356643, 53.28008 ], [ -6.1379253, 53.280879 ], [ -6.1390981, 53.2814369 ], [ -6.1400652, 53.2818531 ], [ -6.1404263, 53.2819618 ], [ -6.1419845, 53.2823403 ], [ -6.1440502, 53.282873 ], [ -6.1462356, 53.2835003 ], [ -6.1463107, 53.2838217 ], [ -6.1463152, 53.2839585 ], [ -6.1461124, 53.2849 ], [ -6.1458574, 53.2856956 ], [ -6.1457044, 53.2859932 ], [ -6.1454249, 53.2863673 ], [ -6.1453502, 53.2865821 ], [ -6.1453516, 53.2867696 ], [ -6.1455293, 53.2879764 ], [ -6.1455656, 53.2884466 ], [ -6.145505, 53.28855990000001 ], [ -6.1453788, 53.2886982 ], [ -6.1446374, 53.2896761 ], [ -6.1427968, 53.2921744 ], [ -6.1427391, 53.2923993 ], [ -6.1426713, 53.2949207 ], [ -6.1426395, 53.295744899999988 ], [ -6.142601, 53.2958552 ], [ -6.1424823, 53.295948 ], [ -6.1422514, 53.2960386 ], [ -6.1417017, 53.2961987 ], [ -6.1411378, 53.296218 ], [ -6.139934509599969, 53.296179060712447 ], [ -6.1360295, 53.2952587 ], [ -6.1350104, 53.2948388 ], [ -6.1338685, 53.2944457 ], [ -6.134504, 53.2937815 ], [ -6.1351263, 53.2931837 ], [ -6.1360238, 53.292276099999988 ], [ -6.1362853, 53.2923602 ], [ -6.1372516, 53.2928217 ], [ -6.1417544, 53.2947197 ], [ -6.1420451, 53.2948321 ], [ -6.1423292, 53.2948882 ], [ -6.1426713, 53.2949207 ] ], [ [ -6.1410581, 53.2774344 ], [ -6.1390059, 53.2762989 ], [ -6.1378483, 53.2756419 ], [ -6.1375076, 53.2753967 ], [ -6.137315, 53.2750952 ], [ -6.1373153, 53.2748584 ], [ -6.1374841, 53.2746104 ], [ -6.1382196, 53.2742013 ], [ -6.1419413, 53.2723789 ], [ -6.1417634, 53.2722512 ], [ -6.1415816, 53.272058899999983 ], [ -6.1413202, 53.2719024 ], [ -6.1398706, 53.2714689 ], [ -6.1384596, 53.2710221 ], [ -6.1387767, 53.2707704 ], [ -6.1389212, 53.2706854 ], [ -6.1410909, 53.2697091 ], [ -6.1396431, 53.268833 ], [ -6.1372616, 53.2674863 ], [ -6.1356083, 53.2666587 ], [ -6.1353096, 53.266586799999985 ] ], [ [ -6.1360238, 53.292276099999988 ], [ -6.1360238, 53.292276099999988 ] ], [ [ -6.1353096, 53.266586799999978 ], [ -6.1349526, 53.2662533 ], [ -6.134783, 53.2657667 ], [ -6.1344261, 53.2654669 ], [ -6.1336448, 53.2649555 ], [ -6.1339252, 53.2648308 ], [ -6.1357321, 53.2643502 ], [ -6.1359384, 53.2642368 ], [ -6.1360729, 53.2641156 ], [ -6.1373106, 53.262448199999987 ], [ -6.1381788, 53.2613863 ], [ -6.1382827, 53.2612214 ], [ -6.1383727, 53.2609936 ], [ -6.138535, 53.260504799999985 ], [ -6.138563, 53.2603385 ], [ -6.1385468, 53.260085 ], [ -6.1384911, 53.259862 ], [ -6.1382159, 53.2591927 ], [ -6.1377555, 53.2586073 ], [ -6.1374215, 53.2582677 ], [ -6.1344455, 53.255748 ], [ -6.1338618, 53.2553587 ], [ -6.1332325, 53.2550953 ], [ -6.1321688, 53.2547445 ], [ -6.1314016, 53.2544999 ], [ -6.1304655, 53.2542675 ], [ -6.1284349, 53.2571551 ], [ -6.1280883, 53.2572189 ], [ -6.1276716, 53.2571113 ], [ -6.1274961, 53.2569936 ], [ -6.1270319, 53.2564792 ], [ -6.1253846, 53.2543321 ], [ -6.1243912, 53.2529309 ], [ -6.1240549, 53.2524813 ], [ -6.1234613, 53.251494799999989 ], [ -6.1232226, 53.2510678 ], [ -6.1231626, 53.2508601 ], [ -6.1231796, 53.2505616 ], [ -6.1232983, 53.2496158 ], [ -6.1233588, 53.2489548 ], [ -6.1232098, 53.2479492 ], [ -6.1230703, 53.2471651 ], [ -6.122761, 53.2465661 ], [ -6.1221952, 53.2457454 ], [ -6.1216214, 53.2447419 ], [ -6.1214146, 53.244605199999988 ], [ -6.1213297, 53.2443964 ], [ -6.1216999, 53.2437773 ], [ -6.1217195, 53.2435569 ], [ -6.1216507, 53.2431733 ], [ -6.1216932, 53.2426827 ], [ -6.1216342, 53.2419802 ], [ -6.1216988, 53.241792 ], [ -6.1223619, 53.2408351 ], [ -6.1224738, 53.2405482 ], [ -6.1224369, 53.2402125 ], [ -6.1224883, 53.2400968 ], [ -6.122742, 53.2398837 ], [ -6.12285, 53.23971610000001 ], [ -6.1229278, 53.2394054 ], [ -6.1230556, 53.2371402 ], [ -6.1229063, 53.2358272 ], [ -6.1228154, 53.235504 ], [ -6.1228103, 53.23532070000001 ], [ -6.1228952, 53.23513410000001 ], [ -6.1230944, 53.234875099999989 ], [ -6.1232328, 53.2346084 ], [ -6.1232648, 53.2344152 ], [ -6.1235224, 53.2334685 ], [ -6.1236535, 53.2333068 ], [ -6.1238255, 53.2327806 ], [ -6.1238879, 53.2322364 ], [ -6.1239417, 53.2313252 ], [ -6.1240857, 53.2302819 ], [ -6.1242266, 53.2288262 ], [ -6.1243323, 53.2281855 ], [ -6.1245795, 53.2275819 ], [ -6.1247403, 53.2268345 ], [ -6.1250109, 53.2262599 ], [ -6.1250988, 53.2259107 ], [ -6.1251192, 53.2254537 ], [ -6.1250052, 53.2249814 ], [ -6.1246719, 53.224318 ], [ -6.1244206, 53.2239881 ], [ -6.123385, 53.2231533 ], [ -6.122236855068619, 53.222277566419748 ], [ -6.121686, 53.2217927 ], [ -6.1210959, 53.2211521 ], [ -6.1207171, 53.2206056 ], [ -6.1204316, 53.2197884 ], [ -6.120149, 53.2192251 ], [ -6.1197906, 53.2185578 ], [ -6.1195721, 53.2162793 ], [ -6.1194617, 53.2145865 ], [ -6.1193078, 53.2141028 ], [ -6.1182922, 53.2122199 ], [ -6.117789, 53.2113214 ], [ -6.1175574, 53.2110149 ], [ -6.1172738, 53.2107717 ], [ -6.1160421, 53.2098534 ], [ -6.1155925, 53.2095791 ], [ -6.1152823, 53.2093304 ], [ -6.1151147, 53.2090986 ], [ -6.1147391, 53.2084818 ], [ -6.1143278, 53.207953 ], [ -6.1134142, 53.207135 ], [ -6.1130324, 53.2069068 ], [ -6.1117099, 53.2065719 ], [ -6.1104808, 53.2060336 ], [ -6.1100113, 53.2057883 ], [ -6.109803, 53.2056091 ], [ -6.1095325, 53.2052 ], [ -6.1093767, 53.204852 ], [ -6.1093319, 53.2044169 ], [ -6.1093415, 53.2039793 ], [ -6.1094835, 53.2035154 ], [ -6.1100027, 53.2024739 ], [ -6.1103049, 53.2019862 ], [ -6.1110194, 53.2010928 ], [ -6.1109567, 53.2007042 ], [ -6.1103765, 53.1998996 ], [ -6.1092669, 53.1980925 ], [ -6.1089441, 53.1974583 ], [ -6.108279, 53.1966364 ], [ -6.1075564, 53.1960052 ], [ -6.1070944, 53.1953153 ], [ -6.1069487, 53.1947706 ], [ -6.1068401, 53.1940588 ], [ -6.1065318, 53.1936731 ], [ -6.1059147, 53.1930764 ], [ -6.1055296, 53.1926386 ], [ -6.1050188, 53.1921233 ], [ -6.1069334, 53.1918661 ], [ -6.109619, 53.191444 ], [ -6.1090563, 53.1894281 ], [ -6.1095175, 53.1890589 ], [ -6.1095215, 53.1888119 ], [ -6.1094537, 53.1884348 ], [ -6.1100523, 53.188408 ], [ -6.1165893, 53.1879667 ], [ -6.1175266, 53.1879675 ], [ -6.118092, 53.1880368 ], [ -6.1188431, 53.1881861 ], [ -6.1256875, 53.1896104 ], [ -6.1272295, 53.1881743 ], [ -6.1279464, 53.1874157 ], [ -6.129849, 53.1850292 ], [ -6.1300477, 53.1846609 ], [ -6.1303196, 53.1840663 ], [ -6.1307181, 53.1835029 ], [ -6.1309582, 53.1832274 ], [ -6.131587811161039, 53.182668080706492 ], [ -6.132333916057189, 53.182317637677649 ], [ -6.132989278465969, 53.182057824618269 ], [ -6.134647849485113, 53.181227016481941 ], [ -6.135676264341967, 53.180779883987576 ], [ -6.137299546616022, 53.178814560561364 ], [ -6.13775325905287, 53.17799879649187 ], [ -6.138297713977088, 53.176862743646602 ], [ -6.138751426413935, 53.175738746862372 ], [ -6.138882498895692, 53.175317240475827 ], [ -6.138922828890077, 53.174646447579406 ], [ -6.138892581394289, 53.174193203198392 ], [ -6.138801838906919, 53.173681031285376 ], [ -6.135625851848983, 53.169027389816527 ], [ -6.135353624386874, 53.168694967540894 ] ] ] } },
{ "type": "Feature", "properties": { "id": null, "route no": "L22" }, "geometry": { "type": "MultiLineString", "coordinates": [ [ [ -6.1360238, 53.292276099999988 ], [ -6.1362853, 53.2923602 ], [ -6.1372516, 53.2928217 ], [ -6.1417544, 53.2947197 ], [ -6.1420451, 53.2948321 ], [ -6.1423292, 53.2948882 ], [ -6.1426713, 53.2949207 ], [ -6.1426395, 53.295744899999988 ], [ -6.142601, 53.2958552 ], [ -6.1424823, 53.295948 ], [ -6.1422514, 53.2960386 ], [ -6.1417017, 53.2961987 ], [ -6.1411378, 53.296218 ], [ -6.139934509599969, 53.296179060712447 ], [ -6.1360295, 53.2952587 ], [ -6.1350104, 53.2948388 ], [ -6.1338685, 53.2944457 ], [ -6.134504, 53.2937815 ], [ -6.1351263, 53.2931837 ], [ -6.1360238, 53.292276099999988 ], [ -6.1346089, 53.2916537 ], [ -6.1313677, 53.2902698 ], [ -6.1295981, 53.289458 ], [ -6.1315793, 53.2865104 ], [ -6.1332468, 53.2839155 ], [ -6.1352314, 53.2808867 ], [ -6.1355482, 53.280322899999987 ], [ -6.1356643, 53.28008 ], [ -6.1357412, 53.279642 ], [ -6.1356503, 53.2791917 ], [ -6.1349183, 53.2764753 ], [ -6.1346744, 53.2754735 ], [ -6.1345286, 53.274675 ], [ -6.134454, 53.2734655 ], [ -6.1344702, 53.2724222 ], [ -6.1347534, 53.2675622 ], [ -6.1348137, 53.2669917 ], [ -6.1349526, 53.2662533 ], [ -6.134783, 53.2657667 ], [ -6.1344261, 53.2654669 ], [ -6.1336448, 53.2649555 ], [ -6.1339252, 53.2648308 ], [ -6.1357321, 53.2643502 ], [ -6.1359384, 53.2642368 ], [ -6.1360729, 53.2641156 ], [ -6.1373106, 53.262448199999987 ], [ -6.1381788, 53.2613863 ], [ -6.1382827, 53.2612214 ], [ -6.1383727, 53.2609936 ], [ -6.138535, 53.260504799999985 ], [ -6.138563, 53.2603385 ], [ -6.1385468, 53.260085 ], [ -6.1384911, 53.259862 ], [ -6.1382159, 53.2591927 ], [ -6.1377555, 53.2586073 ], [ -6.1374215, 53.2582677 ], [ -6.1344455, 53.255748 ], [ -6.1338618, 53.2553587 ], [ -6.1332325, 53.2550953 ], [ -6.1314016, 53.2544999 ], [ -6.1304655, 53.2542675 ], [ -6.1315596, 53.252719 ], [ -6.1326322, 53.2514197 ], [ -6.1338139, 53.2501955 ], [ -6.1347192, 53.249286499999982 ], [ -6.1354539, 53.2485749 ], [ -6.1357669, 53.248322 ], [ -6.136741, 53.2476261 ], [ -6.137236504852387, 53.247308767349551 ], [ -6.1385344, 53.246590499999989 ], [ -6.1396417, 53.2460047 ], [ -6.142328, 53.2446257 ], [ -6.1431183, 53.2443119 ], [ -6.1445322, 53.2438533 ], [ -6.1469106, 53.2428973 ], [ -6.1469924, 53.242674199999989 ], [ -6.1469546, 53.2424374 ], [ -6.146446772647399, 53.241672595975416 ], [ -6.1460677, 53.2410026 ], [ -6.145952, 53.240920199999977 ], [ -6.1457941, 53.2409081 ], [ -6.1434535, 53.241265899999988 ], [ -6.1429867, 53.2413662 ], [ -6.1420021, 53.2415283 ], [ -6.1415834, 53.2416307 ], [ -6.1411733, 53.241757 ], [ -6.1397892, 53.242241599999986 ], [ -6.1395878, 53.2422985 ], [ -6.1395758, 53.2423509 ], [ -6.1409436, 53.2437445 ], [ -6.141583, 53.2443556 ], [ -6.1419276, 53.2445961 ], [ -6.1420095, 53.2447841 ] ], [ [ -6.1349526, 53.2662533 ], [ -6.1353096, 53.266586799999978 ] ] ] } },
{ "type": "Feature", "properties": { "id": null, "route no": "X61" }, "geometry": { "type": "MultiLineString", "coordinates": [ [ [ -6.431687868754157, 53.390967977230034 ], [ -6.4312436, 53.3909319 ], [ -6.43077, 53.3908741 ], [ -6.4297434, 53.3907258 ], [ -6.4285144, 53.3905206 ], [ -6.425735, 53.3899556 ], [ -6.423027969870653, 53.389474589887627 ], [ -6.4208397, 53.3890903 ], [ -6.4181363, 53.388569 ], [ -6.4141346, 53.3878015 ], [ -6.409995678215606, 53.387038595876227 ], [ -6.409995639744013, 53.387038588159484 ] ], [ [ -6.411005, 53.4016042 ], [ -6.4117745, 53.4013771 ], [ -6.4124771, 53.4010801 ], [ -6.4127954, 53.4008981 ], [ -6.4132457, 53.4005776 ], [ -6.4137513, 53.4000925 ], [ -6.4141388, 53.3996231 ], [ -6.4145362, 53.3991306 ], [ -6.4155265, 53.3978886 ], [ -6.4156459, 53.397746 ], [ -6.4158236, 53.397591 ], [ -6.4163418, 53.3970381 ], [ -6.4173209, 53.3958793 ], [ -6.4183165, 53.3945623 ], [ -6.4184612, 53.3941695 ], [ -6.4185291, 53.3939151 ], [ -6.4185919, 53.3936217 ], [ -6.4186864, 53.3930294 ], [ -6.4186793, 53.392635 ], [ -6.4186477, 53.3924988 ], [ -6.4185155, 53.3922481 ], [ -6.418431, 53.3921528 ], [ -6.4178371, 53.3916733 ], [ -6.4176303, 53.3915635 ], [ -6.4172131, 53.3913793 ], [ -6.4169478, 53.3912957 ], [ -6.4164045, 53.3911922 ], [ -6.4150582, 53.3910636 ], [ -6.4143539, 53.3909952 ], [ -6.4131855, 53.3908621 ], [ -6.4124429, 53.3907956 ], [ -6.4120777, 53.3907968 ], [ -6.4116956, 53.3908035 ], [ -6.4100556, 53.3910245 ], [ -6.409821, 53.3910592 ], [ -6.4087076, 53.3912173 ], [ -6.4086758, 53.3910792 ], [ -6.4086243, 53.3906317 ], [ -6.4086304, 53.3904126 ], [ -6.4086635, 53.3901701 ], [ -6.4088235, 53.3896477 ], [ -6.40891174630013, 53.389295286172036 ], [ -6.408959, 53.3890674 ], [ -6.4090173, 53.3888483 ], [ -6.409209, 53.3883418 ], [ -6.4097151, 53.3875074 ], [ -6.4098723, 53.3872602 ], [ -6.409995678215606, 53.387038595876227 ] ], [ [ -6.391669459708994, 53.397621712362529 ], [ -6.391669459708998, 53.397621712362529 ], [ -6.392042315107382, 53.397430629261081 ], [ -6.3922535, 53.3973224 ], [ -6.3924914, 53.3971404 ], [ -6.3928795, 53.3968361 ], [ -6.3941822, 53.3961162 ], [ -6.3953756, 53.3954969 ], [ -6.3960616, 53.3951177 ], [ -6.3969201, 53.39454 ], [ -6.397958, 53.393732899999989 ], [ -6.398060877827684, 53.39363524741718 ], [ -6.398585, 53.3938632 ], [ -6.3987583, 53.3939542 ], [ -6.3992101, 53.394223599999989 ], [ -6.3996026, 53.3945836 ], [ -6.399931, 53.3951085 ], [ -6.4000284, 53.3954826 ], [ -6.3999864, 53.3959869 ], [ -6.3997982, 53.3964128 ], [ -6.3994778, 53.3970571 ], [ -6.3992967, 53.3974801 ], [ -6.399266, 53.3977229 ], [ -6.3992782, 53.397989699999989 ], [ -6.3993468, 53.3981918 ], [ -6.3994404, 53.3983683 ], [ -6.399585, 53.3985602 ], [ -6.3997566, 53.3987278 ], [ -6.3999464, 53.3988992 ], [ -6.4002418, 53.3990704 ], [ -6.4006253, 53.3992333 ], [ -6.4011337, 53.3993925 ], [ -6.4035202, 53.4000079 ], [ -6.4052492, 53.4004671 ], [ -6.40708, 53.40132160000001 ], [ -6.40742, 53.4014395 ], [ -6.4082297, 53.4016553 ], [ -6.4090334, 53.4017666 ], [ -6.4099846, 53.4017802 ], [ -6.411005, 53.4016042 ] ], [ [ -6.3914788, 53.397721 ], [ -6.3912546, 53.397934699999986 ], [ -6.3912495, 53.3981272 ], [ -6.3913151, 53.398219 ], [ -6.391416, 53.3983107 ], [ -6.3915497, 53.3983799 ], [ -6.3916926, 53.3984109 ], [ -6.3918309, 53.3984186 ], [ -6.3919786, 53.398403 ], [ -6.3921012, 53.3983717 ], [ -6.392222, 53.398304699999983 ], [ -6.3922964, 53.398222 ], [ -6.3923317, 53.3981513 ], [ -6.3923191, 53.398052 ], [ -6.3922737, 53.3979693 ], [ -6.3921652, 53.397883599999986 ], [ -6.3918348, 53.3977091 ], [ -6.391669459708998, 53.397621712362529 ], [ -6.3911461, 53.3973451 ], [ -6.3909065, 53.3971947 ], [ -6.3892675, 53.396196099999983 ], [ -6.3839211, 53.393344499999984 ], [ -6.377578792290059, 53.38985449363696 ] ] ] } },
{ "type": "Feature", "properties": { "id": null, "route no": "P65" }, "geometry": { "type": "MultiLineString", "coordinates": [ [ [ -6.4079051, 53.3726922 ], [ -6.4077249, 53.3729987 ], [ -6.4076067, 53.3734196 ], [ -6.40758039992928, 53.374020698286756 ], [ -6.4075329, 53.3744767 ], [ -6.4074588, 53.374708299999988 ], [ -6.4072772, 53.3750272 ], [ -6.4069934, 53.3753791 ], [ -6.4066261, 53.375651 ], [ -6.4060623, 53.3759942 ], [ -6.4058983, 53.3760871 ], [ -6.404546318828432, 53.376872302300846 ], [ -6.4039638, 53.3772198 ], [ -6.403341, 53.3777171 ], [ -6.4030228, 53.3780486 ], [ -6.4026858, 53.378534499999986 ], [ -6.402543555817472, 53.378831439650206 ], [ -6.40248576826552, 53.378955382511066 ], [ -6.4023376, 53.3794416 ], [ -6.4023094, 53.379901 ], [ -6.402386, 53.3804873 ], [ -6.4024468, 53.3806905 ], [ -6.40266, 53.3811398 ], [ -6.4028118, 53.3813619 ], [ -6.4031685, 53.381802 ], [ -6.4032998, 53.3820117 ], [ -6.4033888, 53.3822541 ], [ -6.4034307, 53.3825389 ], [ -6.403417694960448, 53.382677276323761 ], [ -6.4029206, 53.382669599999986 ], [ -6.4022902, 53.3827148 ], [ -6.4014469, 53.382804899999989 ], [ -6.4007516, 53.3828532 ], [ -6.4002444, 53.3828247 ], [ -6.3992686, 53.3827129 ], [ -6.3986921, 53.3826551 ], [ -6.3980736, 53.3826568 ], [ -6.3970594, 53.3827314 ], [ -6.3962693, 53.3828037 ], [ -6.395055, 53.3829576 ], [ -6.3947698, 53.3829992 ], [ -6.3943896, 53.3830589 ], [ -6.3938761, 53.3831187 ], [ -6.3935259, 53.3831696 ], [ -6.392822, 53.3833523 ], [ -6.3914173, 53.3837643 ], [ -6.3896462, 53.3842931 ], [ -6.3891917, 53.3844341 ], [ -6.3884369, 53.3847453 ], [ -6.387385, 53.3852016 ], [ -6.3864932, 53.385586 ], [ -6.3847516, 53.3864147 ], [ -6.3832311, 53.3875919 ], [ -6.3825401, 53.3881281 ], [ -6.38181, 53.388686 ], [ -6.381674, 53.3887762 ], [ -6.3814782, 53.3888552 ], [ -6.3809496, 53.3889744 ], [ -6.3807423, 53.3890156 ], [ -6.3804681, 53.3890136 ], [ -6.3802135, 53.3888846 ], [ -6.3795253, 53.3881087 ], [ -6.3792504, 53.3878507 ], [ -6.3788683, 53.387582 ], [ -6.3782781, 53.3872992 ], [ -6.3777084, 53.3870144 ], [ -6.3767281, 53.3865168 ], [ -6.3759898, 53.3862353 ], [ -6.375568, 53.3860953 ], [ -6.3749831, 53.3859075 ], [ -6.3745298, 53.3858257 ], [ -6.3739466, 53.3857392 ], [ -6.3731637, 53.3856169 ], [ -6.3723903, 53.3853085 ] ], [ [ -6.3723903, 53.385308499999979 ], [ -6.3715479, 53.3849959 ], [ -6.3706267, 53.3846472 ], [ -6.3703864, 53.384603599999984 ], [ -6.3699549, 53.3846244 ], [ -6.3695911, 53.3847033 ], [ -6.3692479, 53.3848797 ], [ -6.3691733, 53.3849808 ], [ -6.369001023902166, 53.385099817743985 ], [ -6.3687436, 53.3851923 ], [ -6.3684315, 53.385221 ], [ -6.3680131, 53.3851699 ], [ -6.3677903, 53.3851162 ], [ -6.3662821, 53.384431 ] ] ] } },
{ "type": "Feature", "properties": { "id": null, "route no": "A2" }, "geometry": { "type": "MultiLineString", "coordinates": [ [ [ -6.2745882, 53.3119159 ], [ -6.2766268, 53.3116039 ], [ -6.2789983, 53.3110517 ], [ -6.28351, 53.3098572 ] ], [ [ -6.28351, 53.3098572 ], [ -6.2836515, 53.3095907 ], [ -6.2838566, 53.3090129 ], [ -6.2839588, 53.3085519 ], [ -6.2839865, 53.3081745 ], [ -6.2839635, 53.3078419 ], [ -6.2839097, 53.3075986 ], [ -6.2837651, 53.3071898 ], [ -6.2833884, 53.3057407 ], [ -6.2833121, 53.3054356 ], [ -6.2832897, 53.3051888 ], [ -6.2833625, 53.3044852 ], [ -6.2834157, 53.3043416 ], [ -6.2838057, 53.3035687 ], [ -6.2838564, 53.3033803 ], [ -6.2838977, 53.3030958 ], [ -6.2839421, 53.3008916 ], [ -6.2838914, 53.3005392 ], [ -6.2837943, 53.3001086 ], [ -6.2837852, 53.2997661 ], [ -6.2838711, 53.299403799999986 ], [ -6.2843806, 53.2987044 ], [ -6.2846988, 53.2980689 ], [ -6.2848375, 53.2977013 ], [ -6.2848545, 53.2976231 ], [ -6.2848867, 53.2972029 ], [ -6.2847192, 53.2968534 ], [ -6.2846094, 53.2966805 ], [ -6.2841901, 53.2963818 ], [ -6.282762389331174, 53.295457607790077 ], [ -6.2821548, 53.2951239 ], [ -6.2814117, 53.2948958 ], [ -6.2807435, 53.294749 ], [ -6.2808959, 53.2945181 ], [ -6.2810195, 53.2943946 ], [ -6.281906673118, 53.293865720354461 ], [ -6.2820959, 53.2936273 ], [ -6.2822468, 53.2930056 ], [ -6.2822858, 53.2923348 ], [ -6.2823763, 53.2918084 ], [ -6.2824157, 53.2913678 ], [ -6.2826135, 53.2902784 ], [ -6.2826764, 53.2898514 ], [ -6.2827039, 53.2894269 ], [ -6.2828077, 53.2889492 ], [ -6.2830225, 53.2878061 ], [ -6.2830309, 53.2875912 ], [ -6.2829439, 53.2873733 ], [ -6.2824381, 53.286666 ], [ -6.2819517, 53.2859056 ], [ -6.281674850016039, 53.285362513480692 ], [ -6.2812918, 53.2847713 ], [ -6.2809553, 53.2845783 ], [ -6.2801629, 53.2842842 ], [ -6.2798042, 53.284115 ], [ -6.2794932, 53.2839241 ], [ -6.2792461, 53.283629 ], [ -6.279148, 53.2833519 ], [ -6.2791086, 53.2829429 ], [ -6.27902, 53.2824692 ], [ -6.2787248, 53.2818374 ], [ -6.2785384, 53.2815416 ], [ -6.277773, 53.2814343 ], [ -6.2766358, 53.2811836 ], [ -6.2700564, 53.279182 ], [ -6.268592, 53.2786794 ], [ -6.2676255, 53.2782705 ], [ -6.2666596, 53.2777941 ], [ -6.2657419, 53.2772656 ], [ -6.2648165, 53.276631 ], [ -6.2638408, 53.2771189 ], [ -6.2633573, 53.2774279 ], [ -6.2629619, 53.277764 ], [ -6.2626173, 53.2781641 ], [ -6.262386792491148, 53.278575340874298 ], [ -6.2622677, 53.2789002 ], [ -6.2618519, 53.2806457 ], [ -6.2617006, 53.280723 ], [ -6.261189229723657, 53.280732262911357 ], [ -6.2602818, 53.2807487 ], [ -6.259825127026964, 53.280746096204282 ], [ -6.259355184827439, 53.28074341675174 ], [ -6.258900397391789, 53.280740823706395 ], [ -6.258335, 53.2807376 ], [ -6.2576602, 53.2807132 ], [ -6.25706, 53.2806345 ], [ -6.2565171, 53.2804814 ], [ -6.2562387, 53.2803313 ], [ -6.2557356, 53.2799451 ], [ -6.2553253, 53.2794621 ], [ -6.2552032, 53.2792142 ], [ -6.2550711, 53.2787766 ], [ -6.255065804516926, 53.278494544302575 ], [ -6.255060358825973, 53.27820448607411 ], [ -6.255054911225312, 53.27791432415767 ], [ -6.255049800041557, 53.277642079416772 ], [ -6.25504452637848, 53.277361178475296 ], [ -6.255039256534823, 53.277080479130625 ], [ -6.255033818482711, 53.276790818194236 ], [ -6.255028380430599, 53.276501155294838 ], [ -6.2550209, 53.2761027 ], [ -6.2550701, 53.2758856 ], [ -6.255214173063381, 53.275626845302057 ], [ -6.2554054, 53.2752834 ], [ -6.2554207, 53.275064599999986 ], [ -6.255423079786116, 53.274760593165922 ], [ -6.2554274, 53.2742087 ], [ -6.254996, 53.274203499999985 ], [ -6.2547062, 53.2742302 ], [ -6.254315, 53.274309 ], [ -6.2539992, 53.274417 ], [ -6.253635030537607, 53.274580137532695 ], [ -6.253227430306739, 53.274762730072588 ], [ -6.25265, 53.2750214 ], [ -6.252271195676969, 53.275202353148345 ], [ -6.251905001931176, 53.27537728155157 ], [ -6.25150924452915, 53.275566331518846 ], [ -6.251104235273011, 53.27575980015299 ], [ -6.25073995531341, 53.275933812085363 ], [ -6.250351641671584, 53.276119303823904 ], [ -6.249985500771928, 53.276294203230975 ], [ -6.249599048070151, 53.276478804471189 ], [ -6.2491632, 53.276687 ], [ -6.248806207299966, 53.276854295810729 ], [ -6.248390813519378, 53.27704895902103 ], [ -6.24801221209739, 53.277226379702071 ], [ -6.247647061221155, 53.277397496473526 ], [ -6.247244353692661, 53.277586212225117 ], [ -6.246853066018578, 53.277769575636206 ], [ -6.246491212231374, 53.277939145175921 ], [ -6.246034, 53.2781534 ], [ -6.2456137, 53.2783119 ], [ -6.2451641, 53.2784509 ], [ -6.245028159863472, 53.278818805965898 ], [ -6.244925661590938, 53.27909620337217 ], [ -6.2447568, 53.2795532 ], [ -6.244616025666233, 53.280160708755041 ], [ -6.244540467956102, 53.280435871593475 ], [ -6.244457256738089, 53.280738904599836 ], [ -6.2442894, 53.2811826 ], [ -6.244187, 53.281585 ], [ -6.2443445, 53.2818095 ], [ -6.244542, 53.2819501 ], [ -6.2446682, 53.2821205 ], [ -6.2449078, 53.2825504 ], [ -6.245248, 53.28329 ], [ -6.2454574, 53.2838231 ], [ -6.2455723, 53.2841717 ], [ -6.2458093, 53.2847247 ], [ -6.2460466, 53.2853365 ], [ -6.2460656, 53.2854559 ], [ -6.2460923, 53.28598920000001 ], [ -6.2461295, 53.2863105 ], [ -6.2461853, 53.286477 ], [ -6.2464221, 53.2868103 ], [ -6.2464756, 53.28695 ], [ -6.2464931, 53.2872706 ], [ -6.2464898, 53.2876702 ], [ -6.246364, 53.2884694 ] ], [ [ -6.2462404, 53.3897866 ], [ -6.2460038, 53.3891544 ], [ -6.2458757, 53.3887651 ], [ -6.2456417, 53.3884326 ], [ -6.245362, 53.3882285 ], [ -6.2448693, 53.3879616 ], [ -6.2443233, 53.387691399999987 ], [ -6.2440756, 53.3876229 ], [ -6.2436057, 53.3876029 ], [ -6.2421523, 53.387491 ], [ -6.2420883, 53.3873762 ], [ -6.2421802, 53.3870524 ], [ -6.2431225, 53.3853338 ], [ -6.2433639, 53.3845588 ], [ -6.2444585, 53.3824441 ], [ -6.2450075, 53.3815544 ], [ -6.2455546, 53.3807423 ], [ -6.2470369, 53.3789822 ], [ -6.2481673, 53.37768040000001 ], [ -6.2486407, 53.3772018 ], [ -6.250008, 53.3761635 ], [ -6.2503529, 53.3758166 ], [ -6.2512475, 53.3747395 ], [ -6.2515326, 53.3743201 ], [ -6.2520189, 53.37342610000001 ], [ -6.252464, 53.3727089 ], [ -6.2531797, 53.3717317 ], [ -6.253513899179729, 53.371159955097049 ], [ -6.2537492, 53.3707574 ], [ -6.2543859, 53.3697078 ], [ -6.2549984, 53.3687549 ], [ -6.2554355, 53.3676927 ], [ -6.2554677, 53.3675521 ], [ -6.2554948, 53.3667838 ], [ -6.255553, 53.3664896 ], [ -6.2561765, 53.3654741 ], [ -6.2564833, 53.3650791 ], [ -6.2579126, 53.3634197 ], [ -6.2597319, 53.3613935 ], [ -6.261269361755394, 53.359755504494522 ], [ -6.261966957044089, 53.359012273081071 ], [ -6.261969022179389, 53.359010575075253 ], [ -6.2639183, 53.3574078 ], [ -6.264688, 53.3566296 ], [ -6.2652507, 53.3560249 ], [ -6.2656725, 53.3555193 ], [ -6.2665247, 53.3546003 ], [ -6.2669211, 53.3542147 ], [ -6.2660309, 53.3538987 ], [ -6.2654339, 53.3535061 ], [ -6.2632021, 53.3519989 ], [ -6.263054315064799, 53.351936839768896 ], [ -6.2629686, 53.3519186 ], [ -6.2629686, 53.3519186 ], [ -6.2628223, 53.3519464 ], [ -6.2626018, 53.3520632 ], [ -6.2623843, 53.3521451 ], [ -6.2617636, 53.3524486 ], [ -6.261666, 53.3524482 ], [ -6.2615857, 53.352426 ], [ -6.2615297, 53.3523922 ], [ -6.261428479259769, 53.352253499972015 ], [ -6.2612239, 53.3520349 ], [ -6.2596437, 53.3483811 ], [ -6.259268284901054, 53.347556311534184 ], [ -6.2589749, 53.3470298 ], [ -6.258907943161416, 53.346983220797789 ], [ -6.2575738, 53.3460551 ], [ -6.2575118, 53.34603 ], [ -6.2572963, 53.3458532 ], [ -6.2572721, 53.3457912 ], [ -6.2573108, 53.3457101 ], [ -6.2573757, 53.3456588 ], [ -6.257516, 53.3456107 ], [ -6.2579095, 53.345517 ], [ -6.258428, 53.3453338 ], [ -6.2589964, 53.3450327 ], [ -6.2590981, 53.3449653 ], [ -6.259377099999963, 53.344684 ], [ -6.2591901, 53.3449181 ], [ -6.2591202, 53.3452513 ], [ -6.2591479, 53.3453568 ], [ -6.2591394, 53.3467902 ], [ -6.2590596, 53.3469452 ], [ -6.2590596, 53.346945199999979 ], [ -6.2589749, 53.3470298 ] ], [ [ -6.2652507, 53.3560249 ], [ -6.2648216, 53.3556728 ], [ -6.263157412248907, 53.354207364623171 ], [ -6.261817321941491, 53.353077463550918 ], [ -6.2614439, 53.3527666 ], [ -6.2613511, 53.352593699999986 ], [ -6.261342574852171, 53.352556248557569 ], [ -6.2612239, 53.3520349 ] ], [ [ -6.2593771, 53.344684 ], [ -6.2594406, 53.3445679 ], [ -6.2594674, 53.3444768 ], [ -6.2594636, 53.3444202 ], [ -6.2594337, 53.3443515 ], [ -6.2592511, 53.34409 ], [ -6.2592016, 53.3439854 ], [ -6.2591916, 53.3438907 ], [ -6.2592031, 53.3437579 ], [ -6.2593006, 53.3434401 ], [ -6.2593017, 53.3433989 ], [ -6.2592775, 53.3433293 ], [ -6.2592316, 53.3432764 ], [ -6.2591255, 53.3432149 ], [ -6.2589602, 53.3431679 ], [ -6.2575646, 53.3428983 ], [ -6.256737628058624, 53.34269238269102 ], [ -6.2545337, 53.3422088 ], [ -6.2558726, 53.3397949 ], [ -6.2565095, 53.3389788 ], [ -6.2565138, 53.3389184 ], [ -6.2557155, 53.3385898 ], [ -6.2556194, 53.3384565 ], [ -6.2558594, 53.3380021 ], [ -6.2570994, 53.3365163 ], [ -6.2573294, 53.3363769 ], [ -6.2575382, 53.3363332 ], [ -6.2581718, 53.3364326 ], [ -6.262582706344006, 53.337585053544849 ], [ -6.265790892332652, 53.337618173737468 ], [ -6.2657909, 53.3376182 ], [ -6.2654553, 53.336446 ], [ -6.2653438, 53.3361296 ], [ -6.265207, 53.3356182 ], [ -6.2652779, 53.3341412 ], [ -6.2652722, 53.3340684 ], [ -6.2651742, 53.333871 ], [ -6.2650526, 53.3334719 ], [ -6.2648597, 53.3325969 ], [ -6.2646709, 53.3318223 ], [ -6.2646044, 53.3314356 ], [ -6.2642964, 53.3302312 ], [ -6.264275, 53.3300179 ], [ -6.2655386, 53.323134 ], [ -6.2656268, 53.3227871 ], [ -6.2657242, 53.3221629 ], [ -6.2657928, 53.3220214 ], [ -6.2659756, 53.3217999 ], [ -6.2661097, 53.3217439 ], [ -6.2673706, 53.3214304 ], [ -6.2675625, 53.3213408 ], [ -6.268301, 53.3202727 ], [ -6.2736658, 53.3126486 ], [ -6.2740978, 53.3121398 ], [ -6.2743119, 53.312026 ], [ -6.2745882, 53.3119159 ] ], [ [ -6.2565138, 53.3389184 ], [ -6.2586191, 53.339453099999986 ], [ -6.258732, 53.3395023 ], [ -6.2587608, 53.339569 ], [ -6.2585561, 53.3401893 ], [ -6.2578111, 53.342765 ], [ -6.2578457, 53.3428585 ], [ -6.2580113, 53.3429809 ] ], [ [ -6.2301688, 53.4232021 ], [ -6.2311458, 53.4235552 ], [ -6.2327445, 53.4240837 ], [ -6.2340588, 53.4244805 ], [ -6.2343547, 53.4245033 ], [ -6.2354409, 53.4248392 ], [ -6.2356825, 53.4249661 ], [ -6.2357782, 53.4249881 ], [ -6.2361318, 53.4251497 ], [ -6.2368367, 53.425309 ], [ -6.2380582, 53.4255182 ], [ -6.239295562291337, 53.425859572396888 ], [ -6.2412322, 53.426442 ], [ -6.2416926, 53.4266895 ], [ -6.2417687, 53.4268802 ], [ -6.2417017, 53.4270716 ], [ -6.2413813, 53.4273004 ], [ -6.2413259, 53.427385 ], [ -6.2412945, 53.4274993 ], [ -6.2413787, 53.4276318 ], [ -6.2427784, 53.4285014 ], [ -6.2428302, 53.4285828 ], [ -6.242782, 53.4286379 ], [ -6.2427174, 53.4286624 ], [ -6.2422361, 53.428659599999989 ], [ -6.2421522, 53.4286791 ], [ -6.2420288, 53.4287425 ], [ -6.2419929, 53.428793199999987 ], [ -6.2420162, 53.4288418 ], [ -6.241962, 53.4291926 ], [ -6.2418258, 53.4293122 ], [ -6.2416269, 53.4293635 ], [ -6.2409348, 53.4293738 ], [ -6.2385535, 53.429083199999987 ], [ -6.2353115, 53.4286023 ], [ -6.234464, 53.4285223 ], [ -6.2338422, 53.428485 ], [ -6.232527, 53.4284523 ], [ -6.2315856, 53.428394 ], [ -6.2306908, 53.4283147 ], [ -6.2305478, 53.428319799999983 ], [ -6.229573693583225, 53.428206966494365 ], [ -6.229571827205112, 53.428206750306508 ], [ -6.2295478, 53.42742590000001 ], [ -6.2294291, 53.4270484 ], [ -6.2292842, 53.4261781 ], [ -6.2292682, 53.4257658 ], [ -6.2293313, 53.4251648 ], [ -6.2298837, 53.4236545 ], [ -6.2301688, 53.4232021 ], [ -6.230624, 53.4226619 ], [ -6.2316513, 53.4217389 ], [ -6.232971, 53.4207423 ], [ -6.2358604, 53.4190627 ], [ -6.23712490136096, 53.418296781986342 ], [ -6.2378464, 53.4177652 ], [ -6.2383636, 53.4174476 ], [ -6.2387221, 53.4171345 ], [ -6.2390604, 53.4166786 ], [ -6.2392138, 53.4163212 ], [ -6.2393256, 53.4159647 ], [ -6.2393585, 53.4155831 ], [ -6.2392479, 53.4151208 ], [ -6.2389791, 53.414293 ], [ -6.238958734882179, 53.413669101703107 ], [ -6.2390353, 53.4123446 ], [ -6.2389528, 53.411607 ], [ -6.238721935162369, 53.410348325331498 ], [ -6.2385906, 53.4098006 ], [ -6.2378517, 53.408531 ], [ -6.2377189, 53.4081089 ], [ -6.237692, 53.4077748 ], [ -6.2377006, 53.407387 ], [ -6.2377809, 53.4071325 ], [ -6.2404501, 53.4038321 ], [ -6.2408726, 53.4031141 ], [ -6.2412393, 53.4026053 ], [ -6.2417696, 53.4020726 ], [ -6.2432177, 53.4010786 ], [ -6.24374, 53.4005328 ], [ -6.2440168, 53.3998997 ], [ -6.2440455, 53.3996326 ], [ -6.2439627, 53.3989639 ], [ -6.2440273, 53.3987582 ], [ -6.2442764, 53.3982965 ], [ -6.245064, 53.3973188 ], [ -6.2452462, 53.3967729 ], [ -6.2452807, 53.396236 ], [ -6.2455178, 53.3950106 ], [ -6.2460218, 53.3928344 ], [ -6.2462439, 53.3916608 ], [ -6.2463908, 53.3909638 ], [ -6.2464542, 53.3904062 ], [ -6.2464176, 53.3902097 ], [ -6.2462404, 53.3897866 ] ] ] } },
{ "type": "Feature", "properties": { "id": null, "route no": "P63" }, "geometry": { "type": "MultiLineString", "coordinates": [ [ [ -6.3939195, 53.405502499999983 ], [ -6.3942184, 53.4056418 ], [ -6.3949729, 53.4059671 ], [ -6.3954912, 53.4061641 ], [ -6.3957866, 53.4062698 ], [ -6.3963246, 53.4064506 ], [ -6.3972334, 53.4067362 ], [ -6.3978528, 53.4069047 ], [ -6.3985947, 53.407083 ], [ -6.3991915, 53.4072268 ], [ -6.3995641, 53.4073279 ], [ -6.4006712, 53.4076047 ], [ -6.4022256, 53.4078715 ], [ -6.4041292, 53.4081652 ], [ -6.4062795, 53.4085004 ], [ -6.4068437, 53.40857530000001 ], [ -6.4094611, 53.4089816 ], [ -6.4098815, 53.409103 ], [ -6.4124104, 53.4098146 ], [ -6.4138393, 53.4100795 ], [ -6.4150986, 53.4102643 ], [ -6.419313, 53.4108748 ], [ -6.4204494, 53.4110924 ], [ -6.4220708, 53.4114529 ], [ -6.4232695, 53.411720699999989 ], [ -6.424838, 53.4120768 ], [ -6.4249308, 53.4122302 ], [ -6.424842, 53.4123213 ], [ -6.4240523, 53.412829899999984 ], [ -6.4236576, 53.4131063 ], [ -6.423311, 53.413406 ], [ -6.4225783, 53.4142237 ], [ -6.4217184, 53.4151054 ], [ -6.421514, 53.4152891 ], [ -6.4209592, 53.4157875 ], [ -6.4207885, 53.415947 ], [ -6.4206442, 53.4160507 ], [ -6.4204366, 53.4161579 ], [ -6.41997, 53.4163406 ], [ -6.4196694, 53.416424 ], [ -6.4194194, 53.4165166 ], [ -6.4189893, 53.4166611 ], [ -6.4186492, 53.4168449 ], [ -6.4183766, 53.4170603 ], [ -6.4182612, 53.4171816 ], [ -6.418109, 53.4174393 ], [ -6.4180678, 53.4175999 ], [ -6.4180179, 53.4182581 ], [ -6.417996, 53.4189806 ], [ -6.4179426, 53.4203855 ], [ -6.418876, 53.4203999 ], [ -6.4198429, 53.4204135 ], [ -6.4204064, 53.4204215 ], [ -6.420838, 53.4204823 ] ], [ [ -6.3939195, 53.4055025 ], [ -6.3935097, 53.4052618 ], [ -6.3917643, 53.4043204 ], [ -6.3912095, 53.4040317 ], [ -6.3899845, 53.4033771 ], [ -6.3895449, 53.4031358 ], [ -6.3893247, 53.4029863 ], [ -6.3891067, 53.4028048 ], [ -6.3889291, 53.4026304 ], [ -6.3886552, 53.4022097 ], [ -6.3885963, 53.402086899999986 ], [ -6.3884853, 53.4019656 ], [ -6.3880171, 53.4016987 ], [ -6.3871658, 53.4012625 ], [ -6.3869167, 53.4011517 ], [ -6.3856141, 53.400663 ], [ -6.3853741, 53.4005264 ], [ -6.3848843, 53.4002124 ], [ -6.3843825, 53.3997564 ], [ -6.384387751887746, 53.399755270780432 ] ], [ [ -6.381618225413849, 53.391482837767541 ], [ -6.381618159315416, 53.39148279633757 ], [ -6.3794293, 53.3922656 ], [ -6.3788402, 53.3926499 ], [ -6.3784472, 53.3929115 ], [ -6.378008490283235, 53.393143661393488 ], [ -6.376526888804933, 53.394050516633826 ], [ -6.375192318291313, 53.394989724588932 ], [ -6.3759888, 53.3953217 ], [ -6.3757224, 53.3955672 ], [ -6.3754111, 53.3957631 ], [ -6.3752859, 53.3958201 ], [ -6.3740849, 53.3962657 ], [ -6.373043, 53.3969676 ], [ -6.371785, 53.3978516 ], [ -6.3716305, 53.3980371 ], [ -6.3715797, 53.398266199999988 ], [ -6.3715783, 53.398366 ], [ -6.3716431, 53.3985735 ], [ -6.3717909, 53.3987861 ], [ -6.3719076, 53.3988863 ], [ -6.372142, 53.3990201 ], [ -6.372528989470156, 53.399156333349055 ], [ -6.3729986, 53.399310099999987 ], [ -6.3746877, 53.3997934 ], [ -6.3752221, 53.3999495 ], [ -6.3756282, 53.4000884 ], [ -6.3760155, 53.400288 ], [ -6.3773079, 53.399467 ], [ -6.3781038, 53.3995895 ], [ -6.379475, 53.3992258 ], [ -6.3802876, 53.3989974 ], [ -6.3814694, 53.3986213 ], [ -6.3818289, 53.3985163 ], [ -6.3822634, 53.3984456 ], [ -6.3826086, 53.3984381 ], [ -6.3828333, 53.3984608 ], [ -6.3830836, 53.3985105 ], [ -6.3833535, 53.3985866 ], [ -6.3835615, 53.3986752 ], [ -6.3837845, 53.3988548 ], [ -6.3838915, 53.3989788 ], [ -6.3840835, 53.39928 ], [ -6.384222310423585, 53.399509037559433 ], [ -6.3843825, 53.3997564 ] ], [ [ -6.381618159315416, 53.39148279633757 ], [ -6.3815084, 53.391414 ], [ -6.377578792290059, 53.38985449363696 ] ], [ [ -6.3794293, 53.3922656 ], [ -6.3790497, 53.3919764 ], [ -6.3787404, 53.391592 ], [ -6.3784695, 53.390962 ], [ -6.3776532, 53.390125699999984 ], [ -6.377578792290058, 53.38985449363696 ] ], [ [ -6.375192318291313, 53.394989724588932 ], [ -6.3751923182881, 53.394989724591191 ], [ -6.3751901, 53.3949888 ], [ -6.375192318291313, 53.394989724588932 ] ] ] } },
{ "type": "Feature", "properties": { "id": null, "route no": "O" }, "geometry": { "type": "MultiLineString", "coordinates": [ [ [ -6.2586477, 53.3327342 ], [ -6.2588741, 53.3327447 ], [ -6.2597037, 53.3327827 ], [ -6.260075, 53.3327948 ], [ -6.2614075, 53.3327644 ], [ -6.2634933, 53.3327098 ], [ -6.2644261, 53.3326219 ], [ -6.2648597, 53.3325969 ], [ -6.2648597, 53.3325969 ], [ -6.2650526, 53.3334719 ], [ -6.2650411, 53.3335512 ], [ -6.2649973, 53.3335993 ], [ -6.264926812499999, 53.333624075 ], [ -6.2648492, 53.3336624 ], [ -6.2642214, 53.3336742 ], [ -6.2631819, 53.3338127 ], [ -6.2630599625, 53.33385745 ], [ -6.2629868, 53.3338843 ], [ -6.2630084, 53.3340931 ], [ -6.2586193, 53.3338607 ], [ -6.2586804, 53.3335108 ], [ -6.258742988345227, 53.333023104992975 ], [ -6.2587583, 53.3328367 ], [ -6.2586477, 53.3327342 ], [ -6.2575998, 53.3326885 ], [ -6.2546113, 53.3321804 ], [ -6.2543064, 53.3321485 ], [ -6.2541154, 53.3321454 ], [ -6.2537699, 53.3322028 ], [ -6.2536294, 53.3322013 ], [ -6.2534036, 53.3322475 ], [ -6.2531545, 53.3322409 ], [ -6.2527561, 53.332295399999985 ], [ -6.2500984, 53.3330766 ], [ -6.249958, 53.3331501 ], [ -6.2498914, 53.3332362 ], [ -6.2496848, 53.3332223 ], [ -6.2495369, 53.3332457 ], [ -6.245796, 53.3343497 ], [ -6.2454914, 53.334464 ], [ -6.2392094, 53.338590099999983 ], [ -6.2391062, 53.3387082 ], [ -6.2397006, 53.3388866 ], [ -6.2400975, 53.3390293 ], [ -6.2417564, 53.3397067 ], [ -6.2416505, 53.34016 ], [ -6.2415067, 53.3409813 ], [ -6.241146551416362, 53.342748206318369 ], [ -6.2407922, 53.3444866 ], [ -6.2405557, 53.3455945 ], [ -6.2404465, 53.3460414 ], [ -6.240467, 53.3461347 ], [ -6.2405389, 53.3461888 ], [ -6.2406718, 53.3462298 ], [ -6.2412379, 53.3462888 ], [ -6.241313, 53.3463463 ], [ -6.241344, 53.3464101 ], [ -6.2411872, 53.3476215 ] ], [ [ -6.2498914, 53.3332362 ], [ -6.2519169, 53.3339913 ], [ -6.2532089, 53.3326804 ], [ -6.2537699, 53.3322028 ] ], [ [ -6.2513645, 53.3495185 ], [ -6.251475, 53.349289 ], [ -6.2515086, 53.3491631 ], [ -6.2515101, 53.3488274 ], [ -6.2514889, 53.3487639 ], [ -6.2514753, 53.3486348 ], [ -6.2513575, 53.3483801 ], [ -6.2513126, 53.3483354 ], [ -6.2512373, 53.3482866 ], [ -6.251544789676332, 53.348302794823454 ], [ -6.2517847, 53.3483088 ], [ -6.2547718, 53.3482935 ], [ -6.254944700141579, 53.348279741602383 ], [ -6.254944668967894, 53.348279702476823 ], [ -6.2549447, 53.348279700000113 ], [ -6.2549447, 53.3482797 ], [ -6.254946, 53.3486617 ], [ -6.254945999998964, 53.348661700003731 ], [ -6.254637, 53.3490672 ], [ -6.2545394, 53.349138 ], [ -6.254395, 53.349195 ], [ -6.2535621, 53.3493945 ], [ -6.253385937434611, 53.349422813886655 ], [ -6.2532535, 53.3494441 ], [ -6.2529822, 53.349466 ], [ -6.2526202, 53.3494521 ], [ -6.2523156, 53.3494028 ], [ -6.2520576, 53.3493852 ], [ -6.2518069, 53.3493947 ], [ -6.2515118, 53.349457 ], [ -6.2513645, 53.3495185 ], [ -6.2510792, 53.3497427 ], [ -6.2508236, 53.3501081 ], [ -6.2497881, 53.3517832 ], [ -6.2496651, 53.3519532 ], [ -6.2492873, 53.352375 ], [ -6.2482417, 53.3532579 ], [ -6.2466905, 53.354701499999983 ], [ -6.2502591, 53.3573823 ], [ -6.2504513, 53.3574868 ], [ -6.2508369, 53.3576103 ], [ -6.2576554, 53.359016199999985 ], [ -6.2586973, 53.3592049 ], [ -6.2610701, 53.3597188 ], [ -6.261269361755394, 53.359755504494522 ], [ -6.2620082, 53.3598916 ], [ -6.2629869, 53.360037099999985 ], [ -6.2640457, 53.36013040000001 ], [ -6.2673243, 53.3603995 ], [ -6.2724919, 53.3607808 ], [ -6.2728236, 53.3607946 ], [ -6.2737893, 53.3607948 ], [ -6.2751154, 53.3607759 ], [ -6.2754866, 53.3606282 ], [ -6.2840759, 53.3582162 ], [ -6.2849891, 53.3579965 ], [ -6.2879313, 53.357389 ], [ -6.28914, 53.3571592 ], [ -6.2899682, 53.3570298 ], [ -6.2905375, 53.3569245 ], [ -6.2907885, 53.3568484 ], [ -6.291003, 53.3567329 ], [ -6.2922715, 53.3558704 ], [ -6.2936824, 53.3549696 ], [ -6.2980982, 53.3521999 ], [ -6.2968522, 53.3508628 ], [ -6.2950086, 53.348937 ], [ -6.2948743, 53.3486891 ], [ -6.2950049, 53.3481289 ], [ -6.2932329, 53.3480305 ], [ -6.2928272, 53.3479916 ], [ -6.2918851, 53.347781 ], [ -6.2918553, 53.3471568 ], [ -6.2918961, 53.3470584 ], [ -6.2922417, 53.3469685 ], [ -6.2920534, 53.3466328 ], [ -6.2920306, 53.3463671 ], [ -6.2918553, 53.3462413 ], [ -6.2916602, 53.346184399999984 ], [ -6.29142, 53.3448137 ], [ -6.2912374, 53.3436733 ], [ -6.291196, 53.343488 ], [ -6.2910692, 53.3433565 ], [ -6.290998222263241, 53.343194315861616 ], [ -6.2911548, 53.3430623 ], [ -6.2927536, 53.3427278 ], [ -6.2935977, 53.3425058 ], [ -6.2938476, 53.3423557 ], [ -6.2936426, 53.3419987 ], [ -6.2933856, 53.3416329 ], [ -6.2932563, 53.34152 ], [ -6.2930797, 53.3412507 ], [ -6.2930945, 53.3411222 ], [ -6.2933254, 53.340814 ], [ -6.2934561, 53.3407457 ], [ -6.2939115, 53.3406323 ], [ -6.2944215, 53.3405294 ], [ -6.2945684, 53.340513799999982 ], [ -6.2954283, 53.3402949 ], [ -6.2963028, 53.340123 ], [ -6.2972533, 53.3398926 ], [ -6.2975325, 53.3398494 ], [ -6.2977211, 53.3398539 ], [ -6.298141, 53.3402248 ], [ -6.2984283, 53.340691 ], [ -6.2984824, 53.340756 ], [ -6.2985448, 53.3407906 ], [ -6.2986271, 53.340807199999986 ], [ -6.2987705, 53.3408046 ], [ -6.2998462, 53.3406833 ], [ -6.2999376, 53.3406608 ], [ -6.3000021, 53.3406209 ], [ -6.3000541, 53.3405325 ], [ -6.3000196, 53.3403815 ], [ -6.2999408, 53.3401777 ], [ -6.2999321, 53.3399055 ], [ -6.3000287, 53.3395836 ], [ -6.3000932, 53.3394237 ], [ -6.3002613, 53.3391289 ], [ -6.2999352, 53.3388911 ], [ -6.2998082, 53.338754 ], [ -6.2997445, 53.3386564 ], [ -6.2995602, 53.3384607 ], [ -6.2991671, 53.3372583 ], [ -6.2990135, 53.3367108 ], [ -6.2989909, 53.3364886 ], [ -6.2988171, 53.3363473 ], [ -6.2981652, 53.336103799999989 ], [ -6.294084, 53.335138799999989 ], [ -6.293529, 53.3349909 ], [ -6.2934022, 53.334929 ], [ -6.2928604, 53.3345625 ], [ -6.2917756, 53.3337758 ], [ -6.2910184, 53.3332641 ], [ -6.2904496, 53.3329834 ], [ -6.2891796, 53.3324177 ], [ -6.2888274, 53.3323773 ], [ -6.2875278, 53.3323784 ], [ -6.2872396, 53.3323543 ], [ -6.2836477, 53.3315146 ], [ -6.2815935, 53.3311409 ], [ -6.2811288, 53.3310709 ], [ -6.2809981, 53.331064 ], [ -6.2807355, 53.3310857 ], [ -6.278747, 53.3315954 ], [ -6.2757368, 53.3322166 ], [ -6.2755812, 53.332234 ], [ -6.2752072, 53.3322379 ], [ -6.2727381, 53.3321693 ], [ -6.2723687, 53.332189 ], [ -6.2715474, 53.3323128 ], [ -6.266928, 53.3325285 ], [ -6.2648597, 53.3325969 ] ], [ [ -6.2411872, 53.3476215 ], [ -6.2478886, 53.3480617 ], [ -6.2512373, 53.3482866 ] ] ] } },
{ "type": "Feature", "properties": { "id": null, "route no": "10" }, "geometry": { "type": "MultiLineString", "coordinates": [ [ [ -6.2298176, 53.3643593 ], [ -6.2298176, 53.3643593 ], [ -6.2305584, 53.3643355 ], [ -6.2309918, 53.3642942 ], [ -6.2318186, 53.364153 ], [ -6.2326121, 53.36396 ], [ -6.233877486670856, 53.363606539732707 ], [ -6.2359122, 53.3629931 ], [ -6.2364135, 53.362774100000017 ], [ -6.2370715, 53.362276799999989 ], [ -6.2376588, 53.3617555 ], [ -6.2390322, 53.3606157 ] ], [ [ -6.2298176, 53.3643593 ], [ -6.2289754, 53.3642701 ], [ -6.2278412, 53.3641497 ], [ -6.226961, 53.3640516 ], [ -6.22358, 53.3634706 ], [ -6.2219269, 53.3631443 ], [ -6.2213377, 53.3630938 ], [ -6.2208255, 53.363067 ], [ -6.220409, 53.3630215 ], [ -6.2200468, 53.3629863 ], [ -6.2195563, 53.362894 ], [ -6.2187893, 53.3627352 ], [ -6.2178437, 53.3624842 ], [ -6.2175116, 53.3623903 ], [ -6.2165065, 53.362048 ], [ -6.2160663, 53.3618866 ], [ -6.2155572, 53.3616656 ], [ -6.2147414, 53.3613202 ], [ -6.2140467, 53.3610798 ], [ -6.2135235, 53.3609185 ], [ -6.2127809, 53.3607071 ], [ -6.2121587, 53.360559 ], [ -6.2117061, 53.3604804 ], [ -6.2107902, 53.3604113 ], [ -6.2096782, 53.3603372 ], [ -6.2076489, 53.3602141 ], [ -6.2072335, 53.3602159 ], [ -6.2039648, 53.3603261 ], [ -6.2031092, 53.3602562 ], [ -6.2021342, 53.3601011 ], [ -6.2012602, 53.3599495 ], [ -6.1994146, 53.3596637 ], [ -6.198543, 53.3595721 ], [ -6.1979832, 53.3595009 ], [ -6.1974584, 53.3594067 ], [ -6.1968101, 53.359243 ], [ -6.1961912, 53.3590227 ], [ -6.1950434, 53.3585037 ], [ -6.194726, 53.3583982 ], [ -6.1940638, 53.3582481 ], [ -6.1935278, 53.358181 ], [ -6.1933088, 53.3581734 ], [ -6.1926917, 53.3581831 ], [ -6.1915789, 53.358339 ], [ -6.1899089, 53.3586224 ], [ -6.1877942, 53.3593164 ], [ -6.18699334547853, 53.359510610493388 ], [ -6.1862673, 53.3596568 ], [ -6.1848694, 53.359941 ], [ -6.1823914, 53.3608321 ], [ -6.1803274, 53.3616754 ], [ -6.1801255, 53.3617696 ], [ -6.1789785, 53.3624633 ], [ -6.1784901, 53.362813 ], [ -6.1783088, 53.3629424 ], [ -6.1771765, 53.3637436 ], [ -6.1762907, 53.3644216 ], [ -6.1758367, 53.3647747 ], [ -6.1738716, 53.3662166 ], [ -6.1731428, 53.3667327 ], [ -6.172634558763514, 53.367082453343215 ], [ -6.1733336, 53.3674003 ], [ -6.1740044, 53.367693 ], [ -6.1750681, 53.3680484 ], [ -6.1759652, 53.3683295 ], [ -6.1771175, 53.3686831 ], [ -6.1777362, 53.368870699999988 ], [ -6.1782864, 53.3689684 ], [ -6.1787198, 53.3690937 ], [ -6.1794647, 53.3693687 ], [ -6.1800734, 53.3695807 ], [ -6.1806385, 53.3697191 ], [ -6.1811895, 53.369801 ], [ -6.1813591, 53.3698101 ], [ -6.1815449, 53.3697319 ], [ -6.1817171, 53.3694346 ], [ -6.1824667, 53.367832499999984 ], [ -6.1829867, 53.3667439 ], [ -6.1832753, 53.3661931 ], [ -6.183579, 53.3660471 ], [ -6.18385, 53.3659892 ], [ -6.184115, 53.3659955 ], [ -6.1845022, 53.3660257 ], [ -6.1877384, 53.36638 ], [ -6.1905348, 53.3666744 ], [ -6.1910148, 53.3652959 ], [ -6.191533, 53.3638073 ], [ -6.1931961, 53.3639405 ], [ -6.1953436, 53.3640477 ], [ -6.1951044, 53.3659058 ], [ -6.19594, 53.365958 ], [ -6.1970611, 53.3660593 ], [ -6.1987034, 53.3662329 ], [ -6.199447, 53.366286 ], [ -6.2014029, 53.3664439 ], [ -6.201751, 53.3664884 ], [ -6.2041794, 53.3668873 ], [ -6.2045245, 53.3660618 ], [ -6.2050715, 53.3647535 ], [ -6.2052013, 53.3642965 ], [ -6.2052806, 53.3638228 ], [ -6.2053302, 53.3635859 ], [ -6.2054072, 53.363441499999986 ] ], [ [ -6.2500633, 53.3513668 ], [ -6.2503298, 53.3514111 ], [ -6.2504867, 53.351415 ], [ -6.2506263, 53.3513849 ], [ -6.2507582, 53.3513344 ], [ -6.2511944, 53.35126180000001 ], [ -6.2522145, 53.3511009 ], [ -6.2523007, 53.3510508 ], [ -6.2524118, 53.3510339 ], [ -6.2530002, 53.3509413 ], [ -6.2531516, 53.350939 ], [ -6.253572, 53.3508659 ], [ -6.2537052, 53.3508663 ], [ -6.2544091, 53.3507411 ], [ -6.2553821, 53.35056860000001 ], [ -6.2575357, 53.3502487 ], [ -6.2581183, 53.3501521 ], [ -6.2582119, 53.3501328 ], [ -6.2577977, 53.3491586 ], [ -6.2576428, 53.3488041 ], [ -6.2576196, 53.348751 ], [ -6.2570952, 53.3488295 ], [ -6.2568531, 53.3488627 ], [ -6.2560057, 53.349004199999989 ], [ -6.2550595, 53.3491738 ], [ -6.254935838910751, 53.349198997795085 ], [ -6.254732294495079, 53.349196080322123 ], [ -6.2546639, 53.3491951 ], [ -6.2544556, 53.3491884 ], [ -6.254395, 53.349195 ], [ -6.2535621, 53.3493945 ], [ -6.253385937434611, 53.349422813886655 ], [ -6.2532535, 53.3494441 ], [ -6.2529822, 53.349466 ], [ -6.2526202, 53.3494521 ], [ -6.2523156, 53.3494028 ], [ -6.2520576, 53.3493852 ], [ -6.2518069, 53.3493947 ], [ -6.2515118, 53.349457 ], [ -6.2513645, 53.3495185 ], [ -6.2510792, 53.3497427 ], [ -6.2508236, 53.3501081 ], [ -6.2500633, 53.3513668 ] ] ] } },
{ "type": "Feature", "properties": { "id": null, "route no": "8" }, "geometry": { "type": "MultiLineString", "coordinates": [ [ [ -6.2298176, 53.3643593 ], [ -6.2305584, 53.3643355 ], [ -6.2309918, 53.3642942 ], [ -6.2318186, 53.364153 ], [ -6.2326121, 53.36396 ], [ -6.233877486670856, 53.363606539732707 ], [ -6.2359122, 53.3629931 ], [ -6.2364135, 53.362774100000017 ], [ -6.2370715, 53.362276799999989 ], [ -6.2376588, 53.3617555 ], [ -6.2390322, 53.3606157 ] ], [ [ -6.2326604, 53.385486 ], [ -6.2318158, 53.3855892 ], [ -6.2312312, 53.385640699999989 ], [ -6.2304031, 53.385663 ], [ -6.2301442, 53.385665 ], [ -6.2290237, 53.3856809 ], [ -6.2280699, 53.3856307 ], [ -6.2273459, 53.3855725 ], [ -6.2269679, 53.3855318 ], [ -6.2261375, 53.385429 ], [ -6.2256545, 53.3853538 ], [ -6.2246613, 53.3851626 ], [ -6.223951, 53.3850101 ], [ -6.2232217, 53.384878 ], [ -6.2223878, 53.3847379 ], [ -6.2218863, 53.3846637 ], [ -6.2208819, 53.3845372 ], [ -6.219889, 53.3844406 ], [ -6.2188692, 53.3843775 ], [ -6.2177431, 53.3843152 ], [ -6.2166981, 53.3842509 ], [ -6.2164261, 53.3843008 ], [ -6.216338, 53.3844422 ], [ -6.2162812, 53.3847117 ], [ -6.2161268, 53.3854113 ], [ -6.2160834, 53.385611 ], [ -6.215943, 53.3859037 ], [ -6.2151203, 53.3869384 ] ], [ [ -6.2298176, 53.3643593 ], [ -6.2298176, 53.3643593 ], [ -6.2289754, 53.3642701 ], [ -6.2278412, 53.3641497 ], [ -6.226961, 53.3640516 ], [ -6.22358, 53.3634706 ], [ -6.2219269, 53.3631443 ], [ -6.2213377, 53.3630938 ], [ -6.2208255, 53.363067 ], [ -6.220409, 53.3630215 ], [ -6.2200468, 53.3629863 ], [ -6.2195563, 53.362894 ], [ -6.2187893, 53.3627352 ], [ -6.2178437, 53.3624842 ], [ -6.2175116, 53.3623903 ], [ -6.2165065, 53.362048 ], [ -6.2160663, 53.3618866 ], [ -6.2155572, 53.3616656 ], [ -6.2147414, 53.3613202 ], [ -6.2140467, 53.3610798 ], [ -6.2135235, 53.3609185 ], [ -6.2127809, 53.3607071 ], [ -6.2121587, 53.360559 ], [ -6.2117061, 53.3604804 ], [ -6.2107902, 53.3604113 ], [ -6.2096782, 53.3603372 ], [ -6.209558, 53.3605593 ], [ -6.208481, 53.3623794 ], [ -6.2082345, 53.3627593 ], [ -6.2079421, 53.3632165 ], [ -6.2078842, 53.3632723 ], [ -6.2078162, 53.3633129 ], [ -6.2077015, 53.3633416 ], [ -6.2069999, 53.363334 ], [ -6.2056525, 53.363327 ], [ -6.2054072, 53.363441499999986 ], [ -6.2053302, 53.3635859 ], [ -6.2052806, 53.3638228 ], [ -6.2052013, 53.3642965 ], [ -6.2050715, 53.3647535 ], [ -6.2045245, 53.3660618 ], [ -6.2041794, 53.3668873 ], [ -6.201751, 53.3664884 ], [ -6.2014029, 53.3664439 ], [ -6.199447, 53.366286 ], [ -6.1987034, 53.3662329 ], [ -6.1970611, 53.3660593 ], [ -6.19594, 53.365958 ], [ -6.1951044, 53.3659058 ], [ -6.1949535, 53.3668785 ], [ -6.1947756, 53.367846 ], [ -6.1946539, 53.3684782 ], [ -6.1945167, 53.36919 ], [ -6.1957708, 53.369386 ], [ -6.1982531, 53.3697603 ], [ -6.2028964, 53.370332 ], [ -6.2026937, 53.3709994 ], [ -6.2027096, 53.3710919 ], [ -6.2028316, 53.3712175 ], [ -6.2030499, 53.371253299999985 ], [ -6.2036058, 53.3712239 ], [ -6.2048777, 53.3710943 ], [ -6.2059683, 53.3709993 ], [ -6.2063705, 53.3709904 ], [ -6.2070362, 53.3712639 ], [ -6.2073707, 53.3714693 ], [ -6.2079852, 53.3720935 ], [ -6.2094946, 53.3729078 ], [ -6.2107067, 53.3734094 ], [ -6.2117568, 53.3737125 ], [ -6.2163807, 53.3746678 ], [ -6.2173183, 53.3748814 ], [ -6.2185071, 53.3753589 ], [ -6.218782, 53.3754956 ], [ -6.2197794, 53.3759294 ], [ -6.2225391, 53.376698 ], [ -6.2261223, 53.3776579 ], [ -6.2278161, 53.3779976 ], [ -6.2301038, 53.3784444 ], [ -6.2314948, 53.3787243 ], [ -6.2323663, 53.3789251 ], [ -6.2359479, 53.3801851 ], [ -6.2362624, 53.3803024 ], [ -6.2368672, 53.3804991 ], [ -6.2374654, 53.3806447 ], [ -6.2392206, 53.381049299999979 ] ], [ [ -6.2151203, 53.386938399999984 ], [ -6.2148701, 53.3875194 ], [ -6.2148341, 53.3877428 ], [ -6.2148033, 53.3883107 ], [ -6.2150474, 53.389291 ], [ -6.2151552, 53.38999840000001 ], [ -6.2151653, 53.3905105 ], [ -6.2151093, 53.390908599999989 ], [ -6.2149488, 53.3918466 ], [ -6.2171835, 53.392217499999987 ], [ -6.2193842, 53.3926679 ], [ -6.2204797, 53.392928099999985 ], [ -6.2216213, 53.3932092 ] ], [ [ -6.2500633, 53.3513668 ], [ -6.2503298, 53.3514111 ], [ -6.2504867, 53.351415 ], [ -6.2506263, 53.3513849 ], [ -6.2507582, 53.3513344 ], [ -6.2511944, 53.35126180000001 ], [ -6.2522145, 53.3511009 ], [ -6.2523007, 53.3510508 ], [ -6.2524118, 53.3510339 ], [ -6.2530002, 53.3509413 ], [ -6.2531516, 53.350939 ], [ -6.253572, 53.3508659 ], [ -6.2537052, 53.3508663 ], [ -6.2544091, 53.3507411 ], [ -6.2553821, 53.35056860000001 ], [ -6.2575357, 53.3502487 ], [ -6.2581183, 53.3501521 ], [ -6.2582119, 53.3501328 ], [ -6.2577977, 53.3491586 ], [ -6.2576428, 53.3488041 ], [ -6.2576196, 53.348751 ], [ -6.2570952, 53.3488295 ], [ -6.2568531, 53.3488627 ], [ -6.2560057, 53.349004199999989 ], [ -6.2550595, 53.3491738 ], [ -6.254935838910751, 53.349198997795085 ], [ -6.254732294495079, 53.349196080322123 ], [ -6.2546639, 53.3491951 ], [ -6.2544556, 53.3491884 ], [ -6.254395, 53.349195 ], [ -6.2535621, 53.3493945 ], [ -6.253385937434611, 53.349422813886655 ], [ -6.2532535, 53.3494441 ], [ -6.2529822, 53.349466 ], [ -6.2526202, 53.3494521 ], [ -6.2523156, 53.3494028 ], [ -6.2520576, 53.3493852 ], [ -6.2518069, 53.3493947 ], [ -6.2515118, 53.349457 ], [ -6.2513645, 53.3495185 ], [ -6.2510792, 53.3497427 ], [ -6.2508236, 53.3501081 ], [ -6.2500633, 53.3513668 ] ] ] } },
{ "type": "Feature", "properties": { "id": null, "route no": "N8" }, "geometry": { "type": "MultiLineString", "coordinates": [ [ [ -6.391669459708994, 53.397621712362529 ], [ -6.391669459708998, 53.397621712362529 ], [ -6.392042315107382, 53.397430629261081 ], [ -6.3922535, 53.3973224 ], [ -6.3924914, 53.3971404 ], [ -6.3928795, 53.3968361 ], [ -6.3941822, 53.3961162 ], [ -6.3953756, 53.3954969 ], [ -6.3960616, 53.3951177 ], [ -6.3969201, 53.39454 ], [ -6.397958, 53.393732899999989 ], [ -6.398060877827684, 53.39363524741718 ], [ -6.3975539, 53.3934344 ], [ -6.3969552, 53.3932393 ], [ -6.3964152, 53.393148599999989 ], [ -6.3951179, 53.3931093 ], [ -6.3943554, 53.3931007 ], [ -6.3938371, 53.3931421 ], [ -6.393466716582371, 53.393327915564072 ], [ -6.3931514, 53.3935168 ], [ -6.3916059, 53.3943673 ], [ -6.3914288, 53.3944076 ] ], [ [ -6.3914788, 53.397721 ], [ -6.3914788, 53.397721 ], [ -6.3912546, 53.397934699999986 ], [ -6.3912495, 53.3981272 ], [ -6.3913151, 53.398219 ], [ -6.391416, 53.3983107 ], [ -6.3915497, 53.3983799 ], [ -6.3916926, 53.3984109 ], [ -6.3918309, 53.3984186 ], [ -6.3919786, 53.398403 ], [ -6.3921012, 53.3983717 ], [ -6.392222, 53.398304699999983 ], [ -6.3922964, 53.398222 ], [ -6.3923317, 53.3981513 ], [ -6.3923191, 53.398052 ], [ -6.3922737, 53.3979693 ], [ -6.3921652, 53.397883599999986 ], [ -6.3918348, 53.3977091 ], [ -6.391669459708998, 53.397621712362529 ], [ -6.3911461, 53.3973451 ], [ -6.3909065, 53.3971947 ], [ -6.3892675, 53.396196099999983 ], [ -6.3839211, 53.393344499999984 ], [ -6.377578792290059, 53.38985449363696 ] ], [ [ -6.377578792290058, 53.38985449363696 ], [ -6.3732734, 53.3875638 ], [ -6.3701325, 53.38613260000001 ], [ -6.3683, 53.3855178 ], [ -6.3669114, 53.385283 ], [ -6.3654329, 53.3851438 ], [ -6.3641108, 53.3849162 ], [ -6.3631419, 53.3846011 ] ], [ [ -6.3631419, 53.3846011 ], [ -6.3621216, 53.3846193 ], [ -6.3612266, 53.3849739 ], [ -6.3581366, 53.3868291 ], [ -6.3537148, 53.3888025 ], [ -6.348160811442527, 53.390902841240454 ], [ -6.3374586, 53.3948605 ], [ -6.331297038435292, 53.39710759449693 ], [ -6.3188924, 53.4017053 ], [ -6.31220849457878, 53.404155009641208 ], [ -6.3079793, 53.40552 ], [ -6.3028602, 53.4067055 ], [ -6.2989958, 53.407346699999984 ], [ -6.2967534, 53.4076153 ], [ -6.286253356666512, 53.40823662257683 ], [ -6.2777446, 53.4086591 ], [ -6.2723244, 53.4089868 ], [ -6.2691907, 53.4093076 ], [ -6.2668711, 53.4097808 ], [ -6.2659525, 53.4103827 ], [ -6.2653753, 53.4118779 ], [ -6.2654203, 53.4141675 ], [ -6.265389, 53.4153191 ], [ -6.2658352, 53.4165255 ], [ -6.2658405, 53.4168968 ], [ -6.2652491, 53.4172389 ], [ -6.2630325, 53.4183048 ], [ -6.2626111, 53.4184596 ], [ -6.261455, 53.4187649 ], [ -6.2606564, 53.4188925 ], [ -6.2592583, 53.41897620000001 ], [ -6.2577773, 53.418961799999984 ], [ -6.2560451, 53.418833499999984 ], [ -6.2488973, 53.417965 ], [ -6.2480812, 53.4178757 ], [ -6.246691867110051, 53.417823404605379 ], [ -6.243055679174485, 53.41772455317831 ], [ -6.241234792758865, 53.41767505146445 ], [ -6.2394084, 53.4176254 ], [ -6.2392678, 53.417611 ], [ -6.2389205, 53.4175879 ], [ -6.2378464, 53.417765199999984 ], [ -6.23712490136096, 53.418296781986342 ], [ -6.232971, 53.420742299999986 ], [ -6.230624, 53.4226619 ], [ -6.2301688, 53.4232021 ], [ -6.2311458, 53.4235552 ], [ -6.2327445, 53.4240837 ], [ -6.2340588, 53.4244805 ], [ -6.2343547, 53.4245033 ], [ -6.2349587, 53.4246854 ], [ -6.2354409, 53.4248392 ], [ -6.2356825, 53.4249661 ], [ -6.2357782, 53.4249881 ], [ -6.2361318, 53.4251497 ], [ -6.2368367, 53.425309 ], [ -6.2380582, 53.4255182 ], [ -6.239295562291337, 53.425859572396888 ], [ -6.2412322, 53.426442 ], [ -6.2416926, 53.4266895 ], [ -6.2417687, 53.4268802 ], [ -6.2417017, 53.4270716 ], [ -6.2414382, 53.4272558 ], [ -6.2413813, 53.4273004 ], [ -6.2413259, 53.427385 ], [ -6.2412945, 53.4274993 ], [ -6.2413787, 53.427631799999979 ], [ -6.2427784, 53.4285014 ], [ -6.2428302, 53.4285828 ], [ -6.242782, 53.4286379 ], [ -6.2427174, 53.4286624 ], [ -6.2422361, 53.428659599999982 ], [ -6.2421522, 53.4286791 ], [ -6.2420288, 53.4287425 ], [ -6.2419929, 53.428793199999987 ], [ -6.2420162, 53.4288418 ], [ -6.241962, 53.4291926 ], [ -6.2418258, 53.4293122 ], [ -6.2416269, 53.4293635 ], [ -6.2409348, 53.4293738 ], [ -6.2385535, 53.429083199999987 ], [ -6.2353115, 53.4286023 ], [ -6.234464, 53.4285223 ], [ -6.2338422, 53.428485 ], [ -6.232527, 53.4284523 ], [ -6.2315856, 53.428394 ], [ -6.2306908, 53.4283147 ], [ -6.2305478, 53.428319799999983 ], [ -6.229573693583225, 53.428206966494372 ] ], [ [ -6.229573693583225, 53.428206966494365 ], [ -6.2276464, 53.4281381 ], [ -6.2250513, 53.4280004 ], [ -6.2244119, 53.4279865 ], [ -6.2192095, 53.4277858 ], [ -6.2186603, 53.427784 ], [ -6.2184164, 53.4278721 ], [ -6.218013, 53.4279181 ], [ -6.2175839, 53.4279181 ], [ -6.216941073855129, 53.42777743160827 ], [ -6.2165429, 53.4276903 ], [ -6.2161036, 53.42744660000001 ], [ -6.2159479, 53.4271454 ], [ -6.2160037, 53.4268693 ], [ -6.2162329, 53.4266268 ], [ -6.2164912, 53.4264912 ], [ -6.2174397, 53.4259361 ], [ -6.2177095, 53.42566630000001 ], [ -6.2184424, 53.4245862 ], [ -6.2196601, 53.4226682 ], [ -6.2227956, 53.4168574 ], [ -6.2237628, 53.4151245 ], [ -6.2249839, 53.4116071 ], [ -6.2254407, 53.4109428 ], [ -6.2253951, 53.4106498 ], [ -6.2252808, 53.410504699999983 ], [ -6.2250073, 53.4103174 ], [ -6.22457634508608, 53.410125640594011 ], [ -6.2239816, 53.410015899999983 ], [ -6.222598, 53.4099846 ], [ -6.2208508, 53.4102645 ], [ -6.219724, 53.4104756 ], [ -6.2187952, 53.4105536 ], [ -6.2182348, 53.4106296 ], [ -6.2167724, 53.4105554 ], [ -6.2152659, 53.4102043 ], [ -6.214549039172037, 53.410047669817779 ], [ -6.2106013, 53.4091851 ], [ -6.2066797, 53.4083245 ], [ -6.2010564, 53.4070977 ], [ -6.1960529, 53.4059929 ], [ -6.1927639, 53.405299599999985 ], [ -6.1908086, 53.4049774 ], [ -6.188197, 53.4046463 ], [ -6.1845759, 53.4042514 ], [ -6.1836543, 53.404207 ], [ -6.1834377, 53.4050221 ], [ -6.1819854, 53.4048635 ], [ -6.1810791, 53.4047333 ], [ -6.1801039, 53.404590399999989 ], [ -6.1788119, 53.4042415 ], [ -6.178445613476216, 53.404141626937637 ], [ -6.1779471, 53.4040057 ], [ -6.1759943, 53.4034666 ], [ -6.1735441, 53.4034037 ], [ -6.1715251, 53.4033643 ], [ -6.1704464, 53.4033426 ], [ -6.1670034, 53.4028455 ], [ -6.1646924, 53.4026121 ], [ -6.1636735, 53.402619 ], [ -6.1625415, 53.4027059 ], [ -6.1615887, 53.4027867 ], [ -6.1598437, 53.402837 ], [ -6.1582491, 53.402845 ], [ -6.1556496, 53.4028923 ], [ -6.1542948, 53.4027598 ], [ -6.1519214, 53.402508099999984 ], [ -6.1515373, 53.4025221 ], [ -6.1512929, 53.4028958 ], [ -6.1511922, 53.4029475 ], [ -6.1503318, 53.4028641 ], [ -6.150327941415767, 53.402861810335907 ], [ -6.1502349, 53.402806599999984 ], [ -6.150181350764349, 53.40275007063574 ], [ -6.1501774, 53.4027459 ], [ -6.1502573, 53.4025334 ], [ -6.1503155, 53.4023996 ], [ -6.1504938, 53.4022859 ], [ -6.1513281, 53.4023588 ], [ -6.151459, 53.4024358 ], [ -6.1515373, 53.4025221 ] ] ] } },
{ "type": "Feature", "properties": { "id": null, "route no": "X77" }, "geometry": { "type": "MultiLineString", "coordinates": [ [ [ -6.207490532354154, 53.440040504526948 ], [ -6.2069794, 53.4406187 ], [ -6.2065321, 53.4411048 ], [ -6.2053424, 53.44184 ], [ -6.2050993, 53.4420322 ], [ -6.204999, 53.4422315 ], [ -6.2050524, 53.4424905 ], [ -6.2052827, 53.4427004 ], [ -6.2055537, 53.4428177 ], [ -6.206058055919701, 53.442916361588452 ], [ -6.2069632, 53.4430722 ], [ -6.2077119, 53.443205 ], [ -6.2102016, 53.4434733 ], [ -6.2131666, 53.4437577 ], [ -6.21450437699043, 53.44397351567477 ], [ -6.2143103, 53.4442823 ], [ -6.2139897, 53.4447976 ], [ -6.2138437, 53.4450358 ], [ -6.2134899, 53.445133599999984 ], [ -6.213115, 53.4450794 ], [ -6.2118044, 53.4448877 ], [ -6.2115499, 53.4448441 ], [ -6.2098551, 53.444549 ], [ -6.2096691, 53.4451776 ], [ -6.2095698, 53.4454855 ], [ -6.2095277, 53.4455702 ], [ -6.2093188, 53.4461464 ], [ -6.2092386, 53.4463 ], [ -6.2092227, 53.4464103 ], [ -6.2092021, 53.4465155 ], [ -6.2090403, 53.4469922 ], [ -6.2090323, 53.4471268 ], [ -6.2088444, 53.4472511 ], [ -6.2082819, 53.447256 ], [ -6.2075888, 53.4472781 ], [ -6.2067047, 53.4472924 ], [ -6.2063128, 53.4473218 ], [ -6.2060894, 53.4473685 ], [ -6.205731, 53.4474789 ], [ -6.204790639889499, 53.447880185068314 ], [ -6.2047219, 53.4479927 ], [ -6.2042167, 53.4490759 ], [ -6.204086, 53.4493389 ], [ -6.2039171, 53.4498835 ], [ -6.2038194, 53.4503829 ], [ -6.2037797, 53.4510573 ], [ -6.2039532, 53.452264 ], [ -6.2038689, 53.4532972 ], [ -6.203828624307636, 53.453425782640977 ], [ -6.2033571, 53.453386 ], [ -6.202618101969719, 53.453321419252809 ], [ -6.2006494, 53.4531313 ], [ -6.1998812, 53.4530586 ], [ -6.1988154, 53.4529544 ], [ -6.1961231, 53.452702 ], [ -6.1941882, 53.452518899999987 ], [ -6.1935147, 53.4524364 ], [ -6.192935, 53.452331 ], [ -6.1926836, 53.4522818 ], [ -6.1921129, 53.4521507 ], [ -6.1912977, 53.4519096 ], [ -6.1900354, 53.4515601 ], [ -6.1895958, 53.4514384 ], [ -6.1874594, 53.4507708 ], [ -6.1867513, 53.4505304 ], [ -6.185808793981992, 53.450227322693777 ] ], [ [ -6.185808793981992, 53.45022732269377 ], [ -6.184936, 53.4512374 ], [ -6.1838533, 53.4522538 ], [ -6.1823228, 53.4539352 ], [ -6.1805881, 53.4557731 ], [ -6.177205, 53.454908099999983 ], [ -6.1768468, 53.45472 ], [ -6.1767432, 53.4546138 ], [ -6.1766193, 53.4543313 ], [ -6.1765054, 53.4540335 ], [ -6.1760679, 53.4536955 ], [ -6.1759005, 53.4535681 ], [ -6.1756367, 53.4533951 ], [ -6.1754078, 53.4533051 ], [ -6.1727423, 53.4523882 ], [ -6.1697173, 53.4513566 ], [ -6.1666218, 53.4502816 ], [ -6.1638062, 53.4493063 ], [ -6.1637126, 53.4492021 ], [ -6.1608163, 53.4496389 ], [ -6.1570014, 53.4502207 ], [ -6.1536218, 53.4507379 ], [ -6.1528893, 53.4473216 ], [ -6.1527897, 53.4467853 ], [ -6.1527119, 53.4459116 ], [ -6.1527332, 53.4453427 ], [ -6.1527046, 53.4449517 ], [ -6.152538, 53.4445785 ], [ -6.1517707, 53.4434758 ], [ -6.1512428, 53.4424801 ], [ -6.1512184, 53.4422403 ], [ -6.1514085, 53.4412554 ], [ -6.1514421, 53.4406837 ], [ -6.1515523, 53.4399551 ], [ -6.151726, 53.4392063 ], [ -6.1519671, 53.4378638 ], [ -6.1522741, 53.4367666 ], [ -6.1523689, 53.436455 ], [ -6.1529282, 53.4357655 ], [ -6.1531237, 53.435527 ], [ -6.1532095, 53.4352967 ], [ -6.1531563, 53.4349907 ], [ -6.1527864, 53.433919 ], [ -6.1508204, 53.4340273 ], [ -6.1499094, 53.4340564 ], [ -6.1476995, 53.4340745 ], [ -6.146676, 53.4340806 ], [ -6.1457039, 53.4341743 ], [ -6.1452504, 53.4342149 ], [ -6.1442737, 53.4342173 ], [ -6.1430821, 53.4341758 ], [ -6.1427128, 53.4342065 ], [ -6.1406107, 53.4346074 ], [ -6.1396537, 53.4347041 ], [ -6.136844, 53.4348541 ], [ -6.1333516, 53.4351608 ], [ -6.1321227, 53.4352508 ], [ -6.1309928, 53.4353188 ], [ -6.1302371, 53.4353247 ], [ -6.1300606, 53.435213 ], [ -6.1299487, 53.4347659 ], [ -6.1298252, 53.4345445 ], [ -6.1296608, 53.4344438 ], [ -6.1293887, 53.4343826 ], [ -6.1287063, 53.4343224 ], [ -6.1262609, 53.4340922 ], [ -6.125543, 53.4340167 ], [ -6.1243114, 53.4339845 ], [ -6.1240747, 53.4339552 ] ] ] } },
{ "type": "Feature", "properties": { "id": null, "route no": "X78" }, "geometry": { "type": "MultiLineString", "coordinates": [ [ [ -6.172807945820384, 53.445900643129981 ], [ -6.1728079, 53.4459007 ], [ -6.1746455, 53.4465201 ], [ -6.180376, 53.448449 ], [ -6.1858089, 53.4502272 ], [ -6.185808793981992, 53.45022732269377 ], [ -6.184936, 53.4512374 ], [ -6.1838533, 53.4522538 ], [ -6.1823228, 53.4539352 ], [ -6.1805881, 53.4557731 ], [ -6.177205, 53.454908099999983 ], [ -6.1768468, 53.45472 ], [ -6.1767432, 53.4546138 ], [ -6.1766193, 53.4543313 ], [ -6.1765054, 53.4540335 ], [ -6.1760679, 53.4536955 ], [ -6.1759005, 53.4535681 ], [ -6.1756367, 53.4533951 ], [ -6.1754078, 53.4533051 ], [ -6.1727423, 53.4523882 ], [ -6.1697173, 53.4513566 ], [ -6.1666218, 53.4502816 ], [ -6.1638062, 53.4493063 ], [ -6.1637126, 53.4492021 ], [ -6.1608163, 53.4496389 ], [ -6.1570014, 53.4502207 ], [ -6.1536218, 53.4507379 ], [ -6.1525856, 53.4508876 ], [ -6.1517292, 53.4509931 ], [ -6.1509219, 53.450963 ], [ -6.149795, 53.4508928 ], [ -6.1493896, 53.45091 ], [ -6.1485179, 53.4511405 ], [ -6.1482536, 53.4511818 ], [ -6.1474966, 53.4511704 ], [ -6.1459395, 53.4510989 ], [ -6.1453087, 53.4510305 ], [ -6.1448701, 53.4509359 ], [ -6.1440215, 53.45074 ], [ -6.1432522, 53.450614499999986 ], [ -6.1429703, 53.4505357 ], [ -6.1422469, 53.4503064 ], [ -6.1414062, 53.4500907 ], [ -6.1410993, 53.4499858 ], [ -6.1394447, 53.4493011 ], [ -6.1390827, 53.4491621 ], [ -6.1384792, 53.448981399999987 ], [ -6.1375529, 53.448765 ], [ -6.136407, 53.4483512 ] ], [ [ -6.136407, 53.4483512 ], [ -6.1355639, 53.4480121 ], [ -6.1352125, 53.447826 ], [ -6.1349684, 53.4476024 ], [ -6.1348262, 53.4474415 ], [ -6.1343328, 53.4467227 ], [ -6.1341004, 53.446449800000011 ], [ -6.1339358, 53.4463141 ], [ -6.1335657, 53.4461533 ], [ -6.1332017, 53.4460672 ], [ -6.1329648, 53.446038 ], [ -6.1325435, 53.4460346 ], [ -6.1323311, 53.4460335 ], [ -6.1319628, 53.4460194 ], [ -6.1316791, 53.4459886 ], [ -6.1315392, 53.4459634 ], [ -6.131212, 53.4458864 ], [ -6.1308306, 53.4457458 ], [ -6.1303605, 53.4455634 ], [ -6.1301077, 53.445482 ], [ -6.1297926, 53.4454163 ], [ -6.1295139, 53.4453474 ], [ -6.1290615, 53.4451741 ], [ -6.1285627, 53.444907 ], [ -6.1283434, 53.4448142 ], [ -6.1274814, 53.4445365 ], [ -6.1270721, 53.4443808 ], [ -6.1265962, 53.444153 ], [ -6.1254274, 53.4437477 ], [ -6.1250154, 53.4435564 ], [ -6.1247868, 53.4434107 ], [ -6.1245842, 53.4432278 ], [ -6.1243284, 53.4429325 ], [ -6.1236131, 53.4420396 ], [ -6.1231776, 53.441603899999983 ], [ -6.123099, 53.441438 ], [ -6.1231158, 53.441033 ], [ -6.1231067, 53.4407461 ], [ -6.1230299, 53.4404758 ], [ -6.1229728, 53.4398241 ], [ -6.1229559, 53.4394932 ], [ -6.1229007, 53.4390845 ], [ -6.123019, 53.4386039 ], [ -6.1229135, 53.4381556 ], [ -6.1225824, 53.437487 ], [ -6.1222477, 53.4371812 ], [ -6.1221323, 53.4369796 ], [ -6.1221521, 53.4367303 ], [ -6.1223157, 53.436497 ], [ -6.1227478, 53.4360718 ], [ -6.1231897, 53.435166 ], [ -6.1234031, 53.4347979 ], [ -6.1238091, 53.4343111 ], [ -6.1240747, 53.4339552 ], [ -6.1242895, 53.43362960000001 ], [ -6.1246876, 53.432545 ], [ -6.1248375, 53.4322014 ], [ -6.1250773, 53.4318792 ], [ -6.1264616, 53.4304669 ], [ -6.1293643, 53.4276713 ], [ -6.13127, 53.4258798 ], [ -6.1335112, 53.4237188 ], [ -6.1343693, 53.422898 ], [ -6.1358568, 53.4219476 ], [ -6.140149, 53.4193864 ], [ -6.1427112, 53.4178552 ], [ -6.1430318, 53.417623 ], [ -6.1428399, 53.417465299999989 ], [ -6.1426103, 53.4173251 ], [ -6.1422027, 53.4171967 ], [ -6.1414783, 53.4169945 ], [ -6.1411645, 53.4169348 ], [ -6.140707, 53.4167935 ], [ -6.1402475, 53.4165245 ], [ -6.13955, 53.4160109 ], [ -6.1392075, 53.4157064 ], [ -6.1382857, 53.4147323 ], [ -6.1376353, 53.4138053 ], [ -6.1374739, 53.4134733 ], [ -6.1370752, 53.41246610000001 ], [ -6.137047, 53.4121157 ], [ -6.1370637, 53.411900699999983 ], [ -6.137103, 53.4113129 ], [ -6.1370427, 53.4108339 ], [ -6.1368755, 53.4102812 ], [ -6.136646, 53.4096919 ], [ -6.1363023, 53.4090536 ], [ -6.1358148, 53.4081657 ], [ -6.135624, 53.407681 ], [ -6.1355111, 53.4074266 ], [ -6.1352363, 53.4070513 ], [ -6.1341542, 53.4059156 ], [ -6.1320523, 53.4036075 ], [ -6.1316465, 53.403139 ], [ -6.1313737, 53.402815199999985 ], [ -6.1313269, 53.4027526 ], [ -6.1311341, 53.4024334 ], [ -6.1310063, 53.4021707 ], [ -6.1308652, 53.4020201 ], [ -6.1304058, 53.401662499999986 ], [ -6.1296598, 53.400818 ], [ -6.1294146, 53.4005895 ], [ -6.1283883, 53.399816599999987 ], [ -6.1278802, 53.3993525 ], [ -6.1271574, 53.3984381 ], [ -6.1269797, 53.3980886 ], [ -6.1264161, 53.3965702 ], [ -6.1249961, 53.3927314 ], [ -6.1247371, 53.3917312 ], [ -6.1246007, 53.3914077 ], [ -6.1244602, 53.3910762 ], [ -6.124168, 53.3905678 ], [ -6.1239675, 53.3901902 ], [ -6.1239174, 53.3899353 ], [ -6.1239394, 53.3897136 ], [ -6.1240275, 53.3894459 ], [ -6.1241758, 53.3890794 ], [ -6.124308, 53.388764 ], [ -6.1243401, 53.3885563 ], [ -6.1243186, 53.3884662 ], [ -6.1259813, 53.3882732 ], [ -6.1279432, 53.388035 ], [ -6.1292975, 53.3878457 ], [ -6.1311111, 53.3875591 ], [ -6.1335132, 53.3870157 ], [ -6.1374284, 53.3861755 ], [ -6.1394429, 53.3857506 ], [ -6.1416531, 53.3851971 ], [ -6.1430295, 53.3847911 ], [ -6.1471971, 53.3832444 ], [ -6.149436, 53.3823996 ], [ -6.1505792, 53.3818397 ], [ -6.1525002, 53.3809434 ], [ -6.1554444, 53.3796715 ], [ -6.1577068, 53.378667 ], [ -6.1593722, 53.3777712 ], [ -6.1606509, 53.3769428 ], [ -6.1635081, 53.3749063 ], [ -6.1645798, 53.3740817 ] ] ] } },
{ "type": "Feature", "properties": { "id": null, "route no": "X79" }, "geometry": { "type": "MultiLineString", "coordinates": [ [ [ -6.2349337, 53.4701055 ], [ -6.2343208, 53.470097 ], [ -6.2337095, 53.4700393 ], [ -6.2329468, 53.4699277 ], [ -6.2322147, 53.4697684 ], [ -6.2317482, 53.469641 ], [ -6.2313896, 53.469521799999988 ], [ -6.2301467, 53.46903 ], [ -6.2297326, 53.468916 ], [ -6.2285915, 53.4686904 ], [ -6.2280159, 53.4685935 ], [ -6.2275112, 53.4685293 ], [ -6.2249118, 53.4683393 ], [ -6.2240305, 53.4682764 ], [ -6.2221319, 53.4681424 ], [ -6.2209317, 53.4681369 ], [ -6.2195955, 53.468254 ], [ -6.2194688, 53.4680264 ], [ -6.2193312, 53.4675642 ], [ -6.2193022, 53.4673567 ], [ -6.2192963, 53.4670846 ], [ -6.2192631, 53.4664767 ], [ -6.2192165, 53.4660107 ], [ -6.2191018, 53.4649011 ], [ -6.2190944, 53.4648415 ], [ -6.2161476, 53.4650236 ] ], [ [ -6.2215079, 53.4563944 ], [ -6.221510338101231, 53.456390453272384 ], [ -6.221835, 53.4558649 ], [ -6.221835, 53.4558649 ], [ -6.2220735, 53.45558 ], [ -6.2223601, 53.4552654 ], [ -6.2230983, 53.4545763 ], [ -6.2232812, 53.4546393 ], [ -6.223467, 53.4546531 ], [ -6.2237587, 53.4545951 ], [ -6.224923, 53.4542399 ], [ -6.2250932, 53.4541264 ], [ -6.225268, 53.4539523 ], [ -6.2261251, 53.453144 ], [ -6.2263798, 53.4529569 ], [ -6.2267926, 53.4527935 ], [ -6.22799, 53.4524102 ], [ -6.2282632, 53.4522548 ], [ -6.2289407, 53.4518532 ], [ -6.2290691, 53.4518986 ], [ -6.2293762, 53.4519443 ], [ -6.2295752, 53.4519363 ], [ -6.2297809, 53.451889099999988 ], [ -6.23008, 53.4518615 ], [ -6.230433, 53.4518682 ], [ -6.2307171, 53.4519042 ], [ -6.2318077, 53.4520019 ], [ -6.2328951, 53.452042400000011 ], [ -6.2340811, 53.45211840000001 ], [ -6.2347233, 53.452169499999989 ], [ -6.2356804, 53.4524028 ], [ -6.2367049, 53.4527084 ], [ -6.2378146, 53.45299 ], [ -6.2384459, 53.4531631 ], [ -6.2386441, 53.4531972 ], [ -6.2392087, 53.453256199999984 ], [ -6.2401425, 53.4533443 ], [ -6.2412509, 53.4537181 ], [ -6.2418314, 53.4538753 ], [ -6.2424342, 53.4539866 ], [ -6.2428236, 53.4539582 ], [ -6.2432844, 53.4538437 ], [ -6.2434209, 53.4538018 ], [ -6.2438, 53.453618 ], [ -6.2439394, 53.4535303 ], [ -6.2440432, 53.453409399999984 ], [ -6.2441106, 53.4532396 ], [ -6.244183, 53.4530413 ], [ -6.2448521, 53.4511934 ], [ -6.2449781, 53.4509016 ], [ -6.2450872, 53.4506489 ], [ -6.2451345, 53.4505957 ], [ -6.2450614, 53.4504436 ], [ -6.2448358, 53.4503243 ], [ -6.2446862, 53.4502508 ], [ -6.2441971, 53.4501284 ], [ -6.2431946, 53.4499657 ], [ -6.2423762, 53.4498214 ], [ -6.2417512, 53.4496915 ], [ -6.2410159, 53.4495126 ], [ -6.2404562, 53.4493401 ], [ -6.2399363, 53.449089 ], [ -6.2392246, 53.4487054 ], [ -6.2386198, 53.4483572 ], [ -6.2380167, 53.4478868 ], [ -6.237719, 53.447556599999984 ], [ -6.2375222, 53.4472268 ], [ -6.2365745, 53.4464327 ], [ -6.2357666, 53.4458189 ], [ -6.2352157, 53.445396 ], [ -6.2346611, 53.4450327 ], [ -6.2341499, 53.444819 ], [ -6.2336809, 53.4446901 ], [ -6.2329979, 53.4445349 ], [ -6.2323861, 53.4444978 ], [ -6.2321321, 53.444512 ], [ -6.2312904, 53.444575799999988 ], [ -6.2303577, 53.444653099999989 ], [ -6.2297388, 53.4447365 ], [ -6.2292889, 53.4448157 ], [ -6.2287576, 53.4448328 ], [ -6.2283172, 53.4448248 ] ], [ [ -6.228279614526494, 53.444824341934591 ], [ -6.227485, 53.4448502 ], [ -6.2270265, 53.4449215 ], [ -6.2266404, 53.4450932 ], [ -6.2263552, 53.4453021 ], [ -6.2261629, 53.4454192 ], [ -6.2259379, 53.4454904 ], [ -6.2255654, 53.4455764 ], [ -6.2251731, 53.4456873 ], [ -6.2242697, 53.4459401 ], [ -6.223861, 53.4460434 ], [ -6.2237235, 53.446059099999985 ], [ -6.2233173, 53.4460849 ], [ -6.2230408, 53.4461232 ], [ -6.2226325, 53.446217 ], [ -6.2222378, 53.4463718 ], [ -6.2217286, 53.446694299999983 ], [ -6.2208731, 53.4472483 ], [ -6.2206409, 53.447236 ], [ -6.2203726, 53.4472435 ], [ -6.2202227, 53.4471334 ], [ -6.2194614, 53.4464962 ], [ -6.2187514, 53.4458901 ], [ -6.218187, 53.4454544 ], [ -6.2174317, 53.4449979 ], [ -6.2166698, 53.4446389 ], [ -6.216174, 53.4444334 ], [ -6.2159152, 53.4443473 ], [ -6.21450437699043, 53.44397351567477 ], [ -6.2131666, 53.4437577 ], [ -6.2102016, 53.4434733 ], [ -6.2077119, 53.443205 ], [ -6.2069632, 53.4430722 ], [ -6.206058055919701, 53.442916361588452 ], [ -6.2055537, 53.4428177 ], [ -6.2052827, 53.4427004 ], [ -6.2050524, 53.4424905 ], [ -6.204999, 53.4422315 ], [ -6.2050993, 53.4420322 ], [ -6.2053424, 53.44184 ], [ -6.2065321, 53.4411048 ], [ -6.2069794, 53.4406187 ], [ -6.207490532354154, 53.440040504526948 ] ], [ [ -6.2161476, 53.465023599999981 ], [ -6.2161061, 53.4647582 ], [ -6.2160485, 53.4644332 ], [ -6.2160659, 53.4642678 ], [ -6.2161778, 53.4640863 ], [ -6.2162876, 53.4639733 ], [ -6.216677307491412, 53.463771684992068 ], [ -6.2168839, 53.4636823 ], [ -6.2176087, 53.4633895 ], [ -6.2178445, 53.4632658 ], [ -6.2179686, 53.4631753 ], [ -6.2180473, 53.4630345 ], [ -6.2180969, 53.4629182 ], [ -6.218133, 53.4627718 ], [ -6.2182494, 53.4623316 ], [ -6.2183428, 53.461992199999983 ], [ -6.2184148, 53.4617496 ], [ -6.2185488, 53.4613955 ], [ -6.2186938, 53.460992 ], [ -6.218738, 53.4608216 ], [ -6.2188944, 53.4602646 ], [ -6.2190055, 53.4598183 ], [ -6.2190831, 53.4596816 ], [ -6.2191881, 53.4595578 ], [ -6.2193622, 53.4594267 ], [ -6.219491, 53.4593556 ], [ -6.2196399, 53.4593058 ], [ -6.2198284, 53.4592753 ] ] ] } },
{ "type": "Feature", "properties": { "id": null, "route no": "X84" }, "geometry": { "type": "MultiLineString", "coordinates": [ [ [ -6.2385495, 53.4670473 ], [ -6.2385495, 53.4670473 ], [ -6.2391475, 53.4667281 ], [ -6.2394813, 53.4664301 ], [ -6.2396562, 53.4661523 ], [ -6.2397254, 53.4658534 ], [ -6.2397087, 53.4655482 ], [ -6.2396218, 53.4651139 ], [ -6.2394122, 53.463964 ], [ -6.2393843, 53.4637313 ], [ -6.2393859, 53.4636154 ], [ -6.2394041, 53.4633981 ], [ -6.2394524, 53.4631211 ], [ -6.2395843, 53.4627852 ], [ -6.2397388, 53.4625052 ], [ -6.2399568, 53.4622319 ], [ -6.2408565, 53.4611302 ], [ -6.242166, 53.4594927 ], [ -6.2445928, 53.459822199999984 ], [ -6.2453545, 53.4599189 ], [ -6.2460999, 53.4600103 ], [ -6.2465782, 53.4600672 ], [ -6.2470462, 53.4600844 ], [ -6.2477612, 53.4600539 ], [ -6.2482056, 53.4599924 ], [ -6.2486639, 53.4598965 ], [ -6.2492676, 53.45976 ], [ -6.2497711, 53.4596628 ], [ -6.2502538, 53.4596005 ], [ -6.2507548, 53.4595538 ], [ -6.25121, 53.4595357 ], [ -6.252223, 53.459569 ], [ -6.2523865, 53.4594688 ], [ -6.25241, 53.459189 ], [ -6.2523693, 53.458975100000011 ], [ -6.2522534, 53.4586658 ], [ -6.2523633, 53.4585078 ], [ -6.2526124, 53.458441 ], [ -6.2529487, 53.4583873 ], [ -6.2534795, 53.458359 ], [ -6.253961185230096, 53.458332578051539 ], [ -6.2549509, 53.4582846 ], [ -6.2553052, 53.4582908 ], [ -6.2562249, 53.4584401 ], [ -6.2569601, 53.4585133 ], [ -6.2578551, 53.4585982 ], [ -6.2584895, 53.4585997 ], [ -6.2588362, 53.4585514 ], [ -6.2599091, 53.4583736 ], [ -6.2607587, 53.458217 ], [ -6.2617491, 53.4581269 ], [ -6.2625463, 53.4581399 ], [ -6.2634538, 53.4581904 ], [ -6.2653302, 53.458269 ], [ -6.2658363, 53.4583035 ], [ -6.2661541, 53.4583601 ], [ -6.2668469, 53.4585058 ], [ -6.2674312, 53.4585654 ], [ -6.2675009, 53.458583899999986 ], [ -6.2673467, 53.4581244 ], [ -6.2671958, 53.4578063 ], [ -6.2668644, 53.4573347 ], [ -6.2665993, 53.4571326 ], [ -6.2660446, 53.4569041 ], [ -6.2656427, 53.4566677 ], [ -6.2654819, 53.4565019 ], [ -6.265262450945165, 53.455924846208859 ], [ -6.2650983, 53.4554925 ], [ -6.2650096, 53.4552154 ], [ -6.2648819, 53.454823 ], [ -6.264746, 53.4548358 ], [ -6.2644832, 53.4548314 ], [ -6.2640529, 53.4547895 ] ], [ [ -6.2385495, 53.4670473 ], [ -6.2378006, 53.4663362 ], [ -6.2374345, 53.4659542 ], [ -6.237255, 53.4658088 ], [ -6.2369101, 53.4655905 ], [ -6.2364919, 53.4654039 ], [ -6.2358571, 53.465166199999985 ], [ -6.2355535, 53.465038 ], [ -6.2350333, 53.4647589 ], [ -6.2329213, 53.4630636 ], [ -6.2325784, 53.4627957 ], [ -6.2320765, 53.4624827 ], [ -6.2318046, 53.462349 ], [ -6.2312564, 53.4621372 ], [ -6.2297989, 53.4616788 ], [ -6.2280386, 53.461172 ], [ -6.2260646, 53.460604 ], [ -6.224707130416197, 53.460207281317977 ], [ -6.2243426, 53.4600807 ], [ -6.2231761, 53.459506 ], [ -6.2227804, 53.4593878 ], [ -6.2222995, 53.4592967 ], [ -6.2198284, 53.4592753 ], [ -6.2201456, 53.4588577 ], [ -6.220217719741488, 53.45873563255148 ], [ -6.2206383, 53.457983099999986 ], [ -6.2211319, 53.4570839 ], [ -6.2215079, 53.4563944 ], [ -6.221501221126365, 53.456392968620968 ], [ -6.2212592, 53.4563411 ], [ -6.220929, 53.4562515 ], [ -6.2207546, 53.4561876 ], [ -6.2205542, 53.4561008 ], [ -6.2201962, 53.4559231 ], [ -6.2197657, 53.455743799999986 ], [ -6.2195416, 53.4556789 ], [ -6.219426, 53.4556525 ], [ -6.219135, 53.4555806 ], [ -6.2189993, 53.4555335 ], [ -6.2187288, 53.4553862 ], [ -6.2184943, 53.4552076 ], [ -6.2183909, 53.4550415 ], [ -6.2183294, 53.4548875 ], [ -6.2182099, 53.4547241 ], [ -6.2180236, 53.4544863 ], [ -6.2176499, 53.4543603 ], [ -6.2169183, 53.4543228 ], [ -6.2154522, 53.4542784 ], [ -6.2148409, 53.4540235 ], [ -6.2147961, 53.4539152 ], [ -6.21521, 53.4534992 ], [ -6.2159375, 53.4530777 ], [ -6.2167508, 53.452715 ], [ -6.2180784, 53.4522563 ], [ -6.2229049, 53.4507863 ], [ -6.2241944, 53.4503934 ], [ -6.2246881, 53.4502222 ], [ -6.2255426, 53.4500255 ] ], [ [ -6.228279614526494, 53.444824341934591 ], [ -6.227485, 53.4448502 ], [ -6.2270265, 53.4449215 ], [ -6.2266404, 53.4450932 ], [ -6.2263552, 53.4453021 ], [ -6.2261629, 53.4454192 ], [ -6.2259379, 53.4454904 ], [ -6.2255654, 53.4455764 ], [ -6.2251731, 53.4456873 ], [ -6.2242697, 53.4459401 ], [ -6.223861, 53.4460434 ], [ -6.2237235, 53.446059099999985 ], [ -6.2233173, 53.4460849 ], [ -6.2230408, 53.4461232 ], [ -6.2226325, 53.446217 ], [ -6.2222378, 53.4463718 ], [ -6.2217286, 53.446694299999983 ], [ -6.2208731, 53.4472483 ], [ -6.2206409, 53.447236 ], [ -6.2203726, 53.4472435 ], [ -6.2202227, 53.4471334 ], [ -6.2194614, 53.4464962 ], [ -6.2187514, 53.4458901 ], [ -6.218187, 53.4454544 ], [ -6.2174317, 53.4449979 ], [ -6.2166698, 53.4446389 ], [ -6.216174, 53.4444334 ], [ -6.2159152, 53.4443473 ], [ -6.21450437699043, 53.44397351567477 ], [ -6.2131666, 53.4437577 ], [ -6.2102016, 53.4434733 ], [ -6.2077119, 53.443205 ], [ -6.2069632, 53.4430722 ], [ -6.206058055919701, 53.442916361588452 ], [ -6.2055537, 53.4428177 ], [ -6.2052827, 53.4427004 ], [ -6.2050524, 53.4424905 ], [ -6.204999, 53.4422315 ], [ -6.2050993, 53.4420322 ], [ -6.2053424, 53.44184 ], [ -6.2065321, 53.4411048 ], [ -6.2069794, 53.4406187 ], [ -6.207490532354154, 53.440040504526948 ] ] ] } },
{ "type": "Feature", "properties": { "id": null, "route no": "78" }, "geometry": { "type": "MultiLineString", "coordinates": [ [ [ -6.2298176, 53.3643593 ], [ -6.2305584, 53.3643355 ], [ -6.2309918, 53.3642942 ], [ -6.2318186, 53.364153 ], [ -6.2326121, 53.36396 ], [ -6.233877486670856, 53.363606539732707 ], [ -6.2359122, 53.3629931 ], [ -6.2364135, 53.362774100000017 ], [ -6.2370715, 53.362276799999989 ], [ -6.2376588, 53.3617555 ], [ -6.2390322, 53.3606157 ] ], [ [ -6.2298176, 53.3643593 ], [ -6.2294875, 53.364615 ], [ -6.2292855, 53.3648599 ], [ -6.2292127, 53.3651874 ], [ -6.229060902939383, 53.365553481785597 ], [ -6.2288907, 53.3658899 ], [ -6.2283054, 53.3667262 ], [ -6.2278836, 53.3673136 ], [ -6.2277239, 53.3674803 ], [ -6.2273532, 53.3678049 ], [ -6.2263526, 53.368501199999976 ], [ -6.225705059514699, 53.369009982771743 ], [ -6.224755520788282, 53.369921396587337 ], [ -6.222582606054277, 53.372120808076559 ], [ -6.2214925, 53.3731575 ], [ -6.2210669, 53.37343090000001 ], [ -6.2208849, 53.3735563 ], [ -6.2203594, 53.3739673 ], [ -6.2199037, 53.3745121 ], [ -6.218782, 53.3754956 ], [ -6.2180995, 53.3758794 ], [ -6.2177354, 53.376064699999986 ], [ -6.2171093, 53.3763819 ], [ -6.216217, 53.3768452 ], [ -6.2153418, 53.3773956 ], [ -6.2148518, 53.3777296 ], [ -6.2145596, 53.3778982 ], [ -6.2141135, 53.3780799 ], [ -6.2131872, 53.378415399999987 ], [ -6.2127798, 53.3785797 ], [ -6.2122777, 53.378827299999983 ], [ -6.2111193, 53.3794637 ], [ -6.2105571, 53.3797962 ], [ -6.2099629, 53.3801446 ], [ -6.2097378, 53.380295 ], [ -6.2089901, 53.3808551 ], [ -6.2086539, 53.381121 ], [ -6.2082938, 53.3814123 ], [ -6.2078727, 53.3817432 ], [ -6.20748, 53.3820444 ], [ -6.2071648, 53.382267 ], [ -6.2066547, 53.3825525 ], [ -6.2062368, 53.3827194 ], [ -6.2055133, 53.3829361 ], [ -6.20531527273252, 53.382976822071768 ], [ -6.2048698, 53.3827371 ], [ -6.2047703, 53.3827097 ], [ -6.2045278, 53.3827052 ], [ -6.2042567, 53.3826816 ], [ -6.2035075, 53.3824874 ], [ -6.2032882, 53.3824556 ], [ -6.201767, 53.3824118 ], [ -6.1985696, 53.3823341 ], [ -6.1977087, 53.3823105 ], [ -6.1975455, 53.3823276 ], [ -6.1972298, 53.3825518 ], [ -6.1959735, 53.3837305 ], [ -6.1956682, 53.3839186 ], [ -6.1949993, 53.3841645 ], [ -6.1944545, 53.384440699999985 ], [ -6.1942319, 53.3845214 ], [ -6.1938113, 53.3845979 ], [ -6.1935291, 53.38462 ], [ -6.1930711, 53.384554 ], [ -6.192749, 53.3844287 ], [ -6.1925533, 53.3842743 ], [ -6.1924638, 53.3841304 ], [ -6.1923698, 53.3839557 ], [ -6.1921293, 53.3838066 ], [ -6.1919733, 53.3837688 ], [ -6.1918664, 53.3836792 ], [ -6.1918919, 53.3835866 ], [ -6.1919497, 53.3834301 ], [ -6.1919223, 53.3833728 ], [ -6.1912874, 53.3827893 ], [ -6.1904793, 53.3820608 ], [ -6.1904579, 53.3820041 ], [ -6.1905339, 53.3819333 ], [ -6.1917055, 53.3814572 ], [ -6.1914194, 53.381196 ], [ -6.189934, 53.3798082 ], [ -6.1872417, 53.3807184 ], [ -6.1870071, 53.3808375 ], [ -6.1865102, 53.381414 ], [ -6.1859521, 53.3821175 ], [ -6.1854492, 53.3826617 ], [ -6.184992, 53.3829827 ], [ -6.183950454414165, 53.383608912818076 ], [ -6.1835795, 53.3838785 ], [ -6.1843895, 53.3841664 ], [ -6.1841867, 53.3843158 ], [ -6.1836763, 53.3845655 ], [ -6.1832889, 53.3847282 ], [ -6.1826946, 53.3849167 ], [ -6.1821971, 53.385002 ], [ -6.1816326, 53.3850823 ], [ -6.1817597, 53.3852542 ], [ -6.1826828, 53.3860191 ], [ -6.1841052, 53.387211 ], [ -6.1851838, 53.3868239 ], [ -6.1863026, 53.3864529 ], [ -6.1874028, 53.3860312 ], [ -6.1888586, 53.387019 ], [ -6.1899859, 53.3877517 ], [ -6.1903527, 53.3880346 ], [ -6.1893974, 53.3885006 ], [ -6.1893974, 53.3885006 ], [ -6.1889323, 53.3887168 ], [ -6.1887577, 53.3887688 ], [ -6.1864099, 53.3889139 ], [ -6.184075, 53.3890601 ], [ -6.1838913, 53.3891107 ], [ -6.1834486, 53.3893165 ], [ -6.183871, 53.3897488 ], [ -6.1839438, 53.3899452 ], [ -6.1841221, 53.3907278 ], [ -6.182303, 53.3908571 ], [ -6.180479, 53.3909847 ], [ -6.1787029, 53.3910823 ], [ -6.1787336, 53.3924274 ], [ -6.1785612, 53.3938922 ], [ -6.1785279, 53.3943765 ], [ -6.1786104, 53.3946709 ], [ -6.1791648, 53.3953284 ], [ -6.1796228, 53.3960958 ], [ -6.1798966, 53.3963667 ], [ -6.1801792, 53.3964693 ], [ -6.1807527, 53.3965182 ], [ -6.1819622, 53.3965968 ], [ -6.1823589, 53.3966322 ], [ -6.1832632, 53.3967408 ], [ -6.1848227, 53.3969724 ], [ -6.1856207, 53.397102 ] ], [ [ -6.1912874, 53.3827893 ], [ -6.1925573, 53.382250499999984 ], [ -6.1917055, 53.3814572 ] ], [ [ -6.1893974, 53.3885006 ], [ -6.1893974, 53.3885006 ], [ -6.1897296, 53.3887781 ], [ -6.1897966, 53.388886 ], [ -6.1899056, 53.3895342 ], [ -6.1844142, 53.3898999 ], [ -6.1839438, 53.3899452 ], [ -6.1839438, 53.3899452 ] ], [ [ -6.2500633, 53.3513668 ], [ -6.2503298, 53.3514111 ], [ -6.2504867, 53.351415 ], [ -6.2506263, 53.3513849 ], [ -6.2507582, 53.3513344 ], [ -6.2511944, 53.35126180000001 ], [ -6.2522145, 53.3511009 ], [ -6.2523007, 53.3510508 ], [ -6.2524118, 53.3510339 ], [ -6.2530002, 53.3509413 ], [ -6.2531516, 53.350939 ], [ -6.253572, 53.3508659 ], [ -6.2537052, 53.3508663 ], [ -6.2544091, 53.3507411 ], [ -6.2553821, 53.35056860000001 ], [ -6.2575357, 53.3502487 ], [ -6.2581183, 53.3501521 ], [ -6.2582119, 53.3501328 ], [ -6.2577977, 53.3491586 ], [ -6.2576428, 53.3488041 ], [ -6.2576196, 53.348751 ], [ -6.2570952, 53.3488295 ], [ -6.2568531, 53.3488627 ], [ -6.2560057, 53.349004199999989 ], [ -6.2550595, 53.3491738 ], [ -6.254935838910751, 53.349198997795085 ], [ -6.254732294495079, 53.349196080322123 ], [ -6.2546639, 53.3491951 ], [ -6.2544556, 53.3491884 ], [ -6.254395, 53.349195 ], [ -6.2535621, 53.3493945 ], [ -6.253385937434611, 53.349422813886655 ], [ -6.2532535, 53.3494441 ], [ -6.2529822, 53.349466 ], [ -6.2526202, 53.3494521 ], [ -6.2523156, 53.3494028 ], [ -6.2520576, 53.3493852 ], [ -6.2518069, 53.3493947 ], [ -6.2515118, 53.349457 ], [ -6.2513645, 53.3495185 ], [ -6.2510792, 53.3497427 ], [ -6.2508236, 53.3501081 ], [ -6.2500633, 53.3513668 ] ] ] } },
{ "type": "Feature", "properties": { "id": null, "route no": "D1" }, "geometry": { "type": "MultiLineString", "coordinates": [ [ [ -6.439185462639657, 53.324415225122138 ], [ -6.4393414, 53.3247257 ], [ -6.4395207, 53.32516110000001 ], [ -6.439596, 53.32547 ], [ -6.4396287, 53.3257763 ], [ -6.439617, 53.32622 ], [ -6.4395859, 53.3264522 ], [ -6.4391129, 53.3278486 ], [ -6.439040170669035, 53.328300508944082 ], [ -6.4340718, 53.3281257 ], [ -6.4332056, 53.328029 ], [ -6.4326756, 53.3280818 ], [ -6.4325063, 53.3281998 ], [ -6.4323186, 53.3284722 ], [ -6.43184562451911, 53.330256980629848 ], [ -6.4313182, 53.3319827 ], [ -6.4312718, 53.3329914 ], [ -6.430753, 53.3348022 ], [ -6.4299293, 53.337262 ], [ -6.4296319, 53.3383424 ], [ -6.4286158, 53.3401935 ], [ -6.4276411, 53.340085 ], [ -6.4251983, 53.3396652 ] ], [ [ -6.433630314950146, 53.318418814528798 ], [ -6.433630314950147, 53.318418814528798 ] ], [ [ -6.3840884, 53.3282993 ], [ -6.3908894, 53.3284967 ], [ -6.3923066, 53.32844020000001 ], [ -6.3927782, 53.3283899 ], [ -6.3932334, 53.3283254 ], [ -6.3950097, 53.3279821 ], [ -6.3956204, 53.327859399999987 ], [ -6.3963355, 53.3276742 ], [ -6.3975292, 53.327353 ], [ -6.3983712, 53.3270717 ], [ -6.39955, 53.326628099999986 ], [ -6.4036557, 53.3247236 ], [ -6.40407, 53.324589 ], [ -6.4050958, 53.3244012 ], [ -6.4062486, 53.323212 ], [ -6.4065801, 53.323031 ], [ -6.407346, 53.323053 ], [ -6.4081422, 53.3228438 ], [ -6.4092873, 53.3224607 ], [ -6.4107553, 53.3220333 ], [ -6.4114041, 53.3218809 ], [ -6.4128537, 53.3216075 ], [ -6.4138709, 53.3214576 ], [ -6.4189803, 53.3208924 ], [ -6.4220925, 53.3205638 ], [ -6.4272958, 53.3199575 ], [ -6.4283932, 53.3197526 ], [ -6.429585, 53.3194071 ], [ -6.4311575, 53.3188783 ], [ -6.4322746, 53.3185922 ], [ -6.433630314950146, 53.318418814528798 ], [ -6.4338596, 53.318732 ], [ -6.43505, 53.3202569 ], [ -6.4363952, 53.3216493 ], [ -6.438576, 53.3236737 ], [ -6.4389972, 53.3241597 ], [ -6.439185462639658, 53.324415225122138 ] ], [ [ -6.3839215, 53.3282955 ], [ -6.3831137, 53.3282862 ], [ -6.3790367, 53.3281206 ], [ -6.376093, 53.328415 ], [ -6.3756026, 53.3284171 ], [ -6.3735738, 53.3281988 ], [ -6.3731484, 53.3281066 ], [ -6.3699588, 53.3275946 ], [ -6.3680628, 53.3272732 ], [ -6.3666001, 53.3270903 ], [ -6.3599841, 53.3263258 ], [ -6.3591196, 53.3262072 ], [ -6.3578118, 53.325935 ], [ -6.3571515, 53.3257338 ], [ -6.3552857, 53.32492 ], [ -6.3543131, 53.3244107 ], [ -6.352972, 53.3235911 ], [ -6.3459364, 53.326056799999989 ], [ -6.3428551, 53.3269512 ], [ -6.3421036, 53.3259081 ], [ -6.3412758, 53.3246737 ], [ -6.3410794, 53.3242005 ], [ -6.3410178, 53.3237276 ], [ -6.3301937, 53.3239828 ], [ -6.3273307, 53.3241592 ], [ -6.3240652, 53.324575 ], [ -6.322853, 53.3246882 ], [ -6.3210354, 53.3248343 ], [ -6.3185597, 53.324957 ], [ -6.3178524, 53.3250841 ], [ -6.317412, 53.3252143 ], [ -6.3159249, 53.3260104 ], [ -6.3154701, 53.3261916 ], [ -6.3149256, 53.3263449 ], [ -6.3138704, 53.326589 ], [ -6.3026796, 53.3290115 ], [ -6.2986856, 53.329922899999985 ], [ -6.2981895, 53.3301329 ] ], [ [ -6.271803019867336, 53.342966310998072 ], [ -6.2717919, 53.3428581 ], [ -6.2719153, 53.3427511 ], [ -6.2722071, 53.3421002 ], [ -6.2722524, 53.3401359 ], [ -6.2726908, 53.3390636 ], [ -6.27283808553073, 53.338978678017355 ], [ -6.2728378, 53.3389786 ], [ -6.2733736, 53.339125 ], [ -6.2747397, 53.3393866 ], [ -6.2749707, 53.3391386 ], [ -6.2751176, 53.3390491 ], [ -6.2753174, 53.3389762 ], [ -6.2756472, 53.3389196 ], [ -6.2772969, 53.3388555 ], [ -6.2778357, 53.3388105 ], [ -6.2787004, 53.3387942 ], [ -6.2791689, 53.3387412 ], [ -6.2796613, 53.3385945 ], [ -6.2806387, 53.3383438 ], [ -6.281844, 53.3381902 ], [ -6.2827133, 53.3380955 ], [ -6.2838979, 53.337912 ], [ -6.2844901, 53.3377887 ], [ -6.2852549, 53.3376004 ], [ -6.2857483, 53.3374497 ], [ -6.2864773, 53.337195 ], [ -6.2872518, 53.3368534 ], [ -6.2879694, 53.3365192 ], [ -6.2888319, 53.336051 ], [ -6.2890534, 53.3358882 ], [ -6.2892963, 53.3356751 ], [ -6.2894668, 53.3354692 ], [ -6.2895481, 53.3353398 ], [ -6.2899281, 53.3345876 ], [ -6.2900578, 53.334389 ], [ -6.2902238, 53.3342529 ], [ -6.2907191, 53.3339604 ], [ -6.291875958910588, 53.333136661944025 ], [ -6.293448, 53.3320652 ], [ -6.2938475, 53.3318592 ], [ -6.2962448, 53.3309167 ], [ -6.2981895, 53.3301329 ] ], [ [ -6.2720865, 53.3449816 ], [ -6.272079604546092, 53.344829387793737 ], [ -6.271932214026496, 53.344438854532726 ], [ -6.271811663138553, 53.344195244699513 ], [ -6.271803019867337, 53.342966310998072 ] ], [ [ -6.2298176, 53.3643593 ], [ -6.2305584, 53.3643355 ], [ -6.2309918, 53.3642942 ], [ -6.2318186, 53.364153 ], [ -6.2330918, 53.3638421 ], [ -6.2359122, 53.3629931 ], [ -6.2364135, 53.36277410000001 ], [ -6.2370715, 53.362276799999989 ], [ -6.2376588, 53.3617555 ], [ -6.2390322, 53.3606157 ], [ -6.2400422, 53.3596846 ], [ -6.2406299, 53.3591117 ], [ -6.2411673, 53.3586285 ], [ -6.242178, 53.3579009 ], [ -6.2439701, 53.3567252 ], [ -6.2454358, 53.3557265 ], [ -6.2461809, 53.355159 ], [ -6.2466905, 53.354701499999983 ], [ -6.2482417, 53.3532579 ], [ -6.2492873, 53.352375 ], [ -6.2497187, 53.3518856 ], [ -6.2500633, 53.3513668 ], [ -6.2508236, 53.3501081 ], [ -6.2510792, 53.3497427 ], [ -6.2513645, 53.3495185 ], [ -6.251475, 53.349289 ], [ -6.2515086, 53.3491631 ], [ -6.2515101, 53.3488274 ], [ -6.2514889, 53.3487639 ], [ -6.2514753, 53.3486348 ], [ -6.251544789676332, 53.348302794823454 ], [ -6.2517484, 53.3476298 ], [ -6.2518394, 53.3474856 ], [ -6.2518627, 53.3474638 ], [ -6.2519482, 53.3474143 ], [ -6.252021, 53.3473996 ], [ -6.2523711, 53.3474042 ], [ -6.2546525, 53.3474788 ], [ -6.2549998, 53.3474793 ], [ -6.2551697, 53.3474819 ], [ -6.2559632, 53.3474902 ], [ -6.2563669, 53.3474614 ], [ -6.2570619, 53.34736430000001 ], [ -6.2572232, 53.3473354 ], [ -6.2573289, 53.3473126 ], [ -6.2579048, 53.3472074 ], [ -6.258907943161416, 53.346983220797789 ], [ -6.2590596, 53.346945199999979 ], [ -6.2607335, 53.346557399999988 ], [ -6.2618852, 53.3462881 ], [ -6.2625499, 53.3461483 ], [ -6.2629556, 53.3460563 ], [ -6.2634759, 53.3459631 ], [ -6.2650575, 53.3457101 ], [ -6.2674313, 53.3453625 ], [ -6.2676306, 53.3453413 ], [ -6.2676306, 53.3453413 ], [ -6.2676306, 53.3453413 ], [ -6.2676306, 53.3453413 ], [ -6.2676306, 53.3453413 ], [ -6.2676306, 53.3453413 ], [ -6.2676306, 53.3453413 ], [ -6.2676306, 53.3453413 ], [ -6.2676306, 53.3453413 ], [ -6.2676306, 53.3453413 ], [ -6.2676306, 53.3453413 ], [ -6.2676306, 53.3453413 ], [ -6.2699886, 53.3451298 ], [ -6.271889098471259, 53.344990600111963 ], [ -6.2720865, 53.3449816 ], [ -6.2720865, 53.3449816 ], [ -6.2720865, 53.3449816 ], [ -6.2720865, 53.3449816 ], [ -6.2720865, 53.3449816 ], [ -6.2720865, 53.3449816 ], [ -6.2721661, 53.345492 ], [ -6.2722095, 53.3455759 ], [ -6.271657, 53.3456123 ], [ -6.2711315, 53.3456621 ], [ -6.2707329, 53.3457175 ], [ -6.2698187, 53.3458366 ], [ -6.2690483, 53.3459463 ], [ -6.2680916, 53.3460682 ], [ -6.2678881, 53.3460812 ], [ -6.2668561, 53.3461542 ], [ -6.2657034, 53.3462557 ], [ -6.2651481, 53.3463085 ], [ -6.2643329, 53.346394599999989 ], [ -6.2632694, 53.3466111 ], [ -6.2610363, 53.3471379 ], [ -6.260058584901054, 53.347353911534192 ], [ -6.259268284901054, 53.347556311534184 ], [ -6.2583905, 53.3477594 ], [ -6.2576656, 53.3479096 ], [ -6.2571345, 53.3480031 ], [ -6.2557574, 53.3482121 ], [ -6.254944819013811, 53.348279731708558 ], [ -6.254944700141579, 53.348279741602383 ], [ -6.254944750987478, 53.348279695758883 ], [ -6.254944697845595, 53.34827970017195 ], [ -6.254944697845595, 53.34827970017195 ], [ -6.254944668967894, 53.348279702476823 ], [ -6.254946, 53.3486617 ], [ -6.254945999998964, 53.348661700003717 ], [ -6.254637, 53.3490672 ], [ -6.2545394, 53.349138 ], [ -6.254395, 53.349195 ], [ -6.2535621, 53.349394499999981 ], [ -6.253385937434611, 53.349422813886655 ], [ -6.2532535, 53.3494441 ], [ -6.2529822, 53.349466 ], [ -6.2526202, 53.3494521 ], [ -6.2523156, 53.349402799999986 ], [ -6.2520576, 53.3493852 ], [ -6.2518069, 53.3493947 ], [ -6.2515118, 53.349457 ], [ -6.2513645, 53.3495185 ] ], [ [ -6.1948343, 53.391473199999986 ], [ -6.1957937, 53.3907699 ], [ -6.199089, 53.3880822 ], [ -6.1998045, 53.3875166 ], [ -6.2012496, 53.3865348 ], [ -6.2018084, 53.3859866 ], [ -6.202215, 53.3854647 ], [ -6.2026691, 53.3847204 ], [ -6.2030919, 53.3840936 ], [ -6.203433, 53.383714 ], [ -6.2038636, 53.3834347 ], [ -6.2045134, 53.3831322 ], [ -6.2049054, 53.3830129 ], [ -6.20531527273252, 53.382976822071768 ], [ -6.2055133, 53.3829361 ], [ -6.2062368, 53.3827194 ], [ -6.2066547, 53.3825525 ], [ -6.2071648, 53.382267 ], [ -6.20748, 53.3820444 ], [ -6.2089901, 53.3808551 ], [ -6.2097378, 53.380295 ], [ -6.2099629, 53.3801446 ], [ -6.2111193, 53.3794637 ], [ -6.2122777, 53.378827299999983 ], [ -6.2127798, 53.3785797 ], [ -6.2131872, 53.378415399999987 ], [ -6.2141135, 53.3780799 ], [ -6.2145596, 53.3778982 ], [ -6.2148518, 53.3777296 ], [ -6.2153418, 53.3773956 ], [ -6.216217, 53.3768452 ], [ -6.2180995, 53.3758794 ], [ -6.218782, 53.3754956 ], [ -6.2199037, 53.3745121 ], [ -6.2203594, 53.3739673 ], [ -6.2208849, 53.3735563 ], [ -6.2214925, 53.3731575 ], [ -6.222582606054277, 53.372120808076559 ], [ -6.224755520788282, 53.369921396587337 ], [ -6.225705059514699, 53.369009982771743 ], [ -6.2263526, 53.368501199999976 ], [ -6.2273532, 53.3678049 ], [ -6.2277239, 53.3674803 ], [ -6.2278836, 53.3673136 ], [ -6.2288907, 53.3658899 ], [ -6.229060902939383, 53.365553481785597 ], [ -6.2292127, 53.3651874 ], [ -6.2292855, 53.3648599 ], [ -6.2294875, 53.364615 ], [ -6.2298176, 53.3643593 ] ], [ [ -6.1863734, 53.397571 ], [ -6.1869716, 53.3968986 ], [ -6.18835, 53.395201299999982 ], [ -6.189011, 53.3946189 ], [ -6.1902264, 53.393718 ], [ -6.1912035, 53.393231 ], [ -6.193071, 53.3924037 ], [ -6.1948343, 53.3914732 ] ], [ [ -6.1515373, 53.4025221 ], [ -6.1512929, 53.40289580000001 ], [ -6.1511922, 53.4029475 ], [ -6.150327941415767, 53.402861810335907 ], [ -6.1502349, 53.402806599999977 ], [ -6.150181350764349, 53.40275007063574 ], [ -6.1503155, 53.4023996 ], [ -6.1504101, 53.4023207 ], [ -6.1504938, 53.4022859 ], [ -6.1513281, 53.4023588 ], [ -6.151459, 53.402435799999978 ], [ -6.1519214, 53.402508099999984 ], [ -6.1556496, 53.4028923 ], [ -6.1598437, 53.402837 ], [ -6.1615887, 53.4027867 ], [ -6.1636735, 53.402619 ], [ -6.1646924, 53.4026121 ], [ -6.1670034, 53.4028455 ], [ -6.1704464, 53.4033426 ], [ -6.1759943, 53.4034666 ], [ -6.178445613476216, 53.404141626937637 ], [ -6.1794876, 53.4029682 ], [ -6.179877, 53.4025675 ], [ -6.1806995, 53.4019059 ], [ -6.1815208, 53.4013809 ], [ -6.1837698, 53.4000865 ], [ -6.1848766, 53.3992241 ], [ -6.1862447, 53.3977344 ], [ -6.186365811399409, 53.397562831463148 ] ] ] } },
{ "type": "Feature", "properties": { "id": null, "route no": "D2" }, "geometry": { "type": "MultiLineString", "coordinates": [ [ [ -6.428556658513027, 53.293204178528484 ], [ -6.4274394, 53.29248410000001 ], [ -6.4272757, 53.2923011 ], [ -6.4272082, 53.2920919 ], [ -6.4272666, 53.2914114 ], [ -6.4272206, 53.2910628 ], [ -6.4270545, 53.2905905 ], [ -6.4268227, 53.2902279 ], [ -6.4259547, 53.289433 ], [ -6.4254451, 53.2891412 ], [ -6.4248472, 53.2888944 ], [ -6.4244401, 53.288775 ], [ -6.4236707, 53.2886126 ], [ -6.4235063, 53.2885624 ], [ -6.4231469, 53.2884141 ], [ -6.4229581, 53.2882984 ], [ -6.4224047, 53.287691799999983 ], [ -6.4221033, 53.2870969 ], [ -6.4219314, 53.2865476 ], [ -6.4216416, 53.2841685 ], [ -6.4212696, 53.2841784 ], [ -6.4209903, 53.2842102 ], [ -6.420769, 53.2842679 ], [ -6.4202528, 53.2844563 ], [ -6.4191607, 53.284790799999989 ], [ -6.418088, 53.2851705 ], [ -6.4176127, 53.2852973 ], [ -6.4170363, 53.2853494 ], [ -6.4144035, 53.2855084 ], [ -6.4107089, 53.285719899999989 ], [ -6.4091612, 53.285790699999986 ], [ -6.4088232, 53.285777 ], [ -6.4085523, 53.2857491 ], [ -6.4078757, 53.2856068 ], [ -6.4056895, 53.2848089 ], [ -6.4029139, 53.2837668 ], [ -6.4024359, 53.2836307 ], [ -6.4015547, 53.2834371 ], [ -6.4020608, 53.2825115 ], [ -6.4024619, 53.2820373 ], [ -6.4035127, 53.2809027 ], [ -6.4038809, 53.2804786 ], [ -6.4040816, 53.2800139 ], [ -6.4042185, 53.2795436 ], [ -6.4039963, 53.2794425 ], [ -6.403103, 53.2794077 ], [ -6.4025712, 53.2793564 ], [ -6.4004602, 53.2789371 ], [ -6.399267, 53.2786819 ], [ -6.3988225, 53.2785059 ], [ -6.3981622, 53.2782015 ], [ -6.3972208, 53.2777384 ], [ -6.3954773, 53.278348200000011 ], [ -6.3918681, 53.279579499999983 ], [ -6.3902296, 53.2801909 ], [ -6.387645, 53.281911 ], [ -6.3867673, 53.282455 ], [ -6.386235, 53.2827604 ], [ -6.3852278, 53.283213 ], [ -6.384036198387475, 53.283584568471987 ], [ -6.3828598, 53.2838818 ], [ -6.381619762547873, 53.284076648810156 ], [ -6.3798234, 53.2842396 ], [ -6.3798584, 53.2844003 ], [ -6.3798539, 53.2844744 ], [ -6.3797706, 53.2845775 ], [ -6.3788154, 53.284931 ], [ -6.3777289, 53.2854328 ], [ -6.3771835, 53.2855928 ], [ -6.3765831, 53.285687 ], [ -6.375918752107868, 53.285719011326222 ] ], [ [ -6.375918752107868, 53.285719011326208 ], [ -6.3755808, 53.2857661 ], [ -6.375218, 53.2860838 ], [ -6.3750559, 53.2863187 ], [ -6.3750126, 53.2864211 ], [ -6.374969, 53.286633 ], [ -6.3749793, 53.2868244 ], [ -6.3750367, 53.287089 ], [ -6.3755482, 53.2886182 ], [ -6.3756692, 53.2890367 ], [ -6.375524, 53.289194 ], [ -6.3745493, 53.2893057 ], [ -6.3736139, 53.2894565 ], [ -6.3727867, 53.2896524 ], [ -6.3709149, 53.2901795 ], [ -6.3705379, 53.290267399999983 ], [ -6.3702828, 53.2901998 ], [ -6.3693691, 53.2887897 ], [ -6.3691988, 53.2887644 ], [ -6.3678711, 53.289059 ], [ -6.3672216, 53.2891747 ], [ -6.3661017, 53.2894516 ], [ -6.3649745, 53.2895751 ], [ -6.3648351, 53.2895623 ], [ -6.3646882, 53.2895291 ], [ -6.3644676, 53.2894276 ], [ -6.3623333, 53.2878798 ], [ -6.3622655, 53.2878038 ], [ -6.3601945, 53.2880407 ], [ -6.3586981, 53.2881849 ], [ -6.3575424, 53.2881742 ], [ -6.357568, 53.2882775 ], [ -6.357608289015074, 53.288997919708251 ], [ -6.3576473, 53.2891862 ], [ -6.3577047, 53.289349 ], [ -6.3578984, 53.2897791 ], [ -6.3579613, 53.2900444 ], [ -6.35797, 53.2904882 ], [ -6.3578777, 53.2908518 ], [ -6.3577678, 53.2910856 ], [ -6.3575748, 53.2913535 ], [ -6.3567134, 53.2922658 ], [ -6.3562506, 53.2929531 ], [ -6.3559342, 53.2935019 ], [ -6.3553402, 53.294601299999989 ], [ -6.3544453, 53.2961278 ], [ -6.3542607, 53.2965057 ], [ -6.3541621, 53.2967432 ], [ -6.3542503, 53.2976196 ], [ -6.3542143, 53.2979409 ], [ -6.354009, 53.2987465 ], [ -6.3538143, 53.2997811 ], [ -6.3537487, 53.3000239 ], [ -6.3536662, 53.3001706 ], [ -6.3534651, 53.3004261 ], [ -6.3533297, 53.3005424 ], [ -6.3522455, 53.3012943 ], [ -6.3519018, 53.301687200000011 ], [ -6.351718268610956, 53.302005182303461 ], [ -6.3515988, 53.3023019 ], [ -6.3515007, 53.3028067 ], [ -6.3514341, 53.3030212 ], [ -6.3512215, 53.3034321 ], [ -6.3510253, 53.3036762 ], [ -6.3507734, 53.3039412 ], [ -6.3496153, 53.3050048 ], [ -6.3487667, 53.3057161 ], [ -6.3482939, 53.306361 ], [ -6.3479219, 53.306969 ], [ -6.347261, 53.3077304 ], [ -6.3470431, 53.3079399 ], [ -6.3464052, 53.3083329 ], [ -6.3459505, 53.3086546 ], [ -6.3456613, 53.3090093 ], [ -6.3455517, 53.3092249 ], [ -6.3454021, 53.3099189 ], [ -6.3453251, 53.3101234 ], [ -6.3450366, 53.3104238 ], [ -6.34452, 53.310785 ], [ -6.3438562, 53.3110606 ], [ -6.34356, 53.3112153 ], [ -6.3428353, 53.3121783 ], [ -6.3419861, 53.3129702 ], [ -6.3396117, 53.3140541 ], [ -6.3385556, 53.3144304 ], [ -6.3372585, 53.3149585 ], [ -6.3353475, 53.3153646 ], [ -6.3350932, 53.3154411 ], [ -6.3346981, 53.3156084 ], [ -6.3342584, 53.3158877 ], [ -6.334004, 53.3161013 ], [ -6.3336037, 53.3165268 ], [ -6.3330476, 53.317354 ], [ -6.3326503, 53.3179881 ], [ -6.3323354, 53.3188202 ], [ -6.3321103, 53.3192116 ], [ -6.3313885, 53.3203737 ], [ -6.3308432, 53.321312 ], [ -6.3307025, 53.3214732 ], [ -6.3282724, 53.3236857 ], [ -6.3273307, 53.3241592 ], [ -6.3240652, 53.324575 ], [ -6.322853, 53.3246882 ], [ -6.3210354, 53.3248343 ], [ -6.3185597, 53.324957 ], [ -6.3178524, 53.3250841 ], [ -6.317412, 53.3252143 ], [ -6.3159249, 53.3260104 ], [ -6.3154701, 53.3261916 ], [ -6.3149256, 53.3263449 ], [ -6.3138704, 53.326589 ], [ -6.3026796, 53.3290115 ], [ -6.2986856, 53.329922899999985 ], [ -6.2981895, 53.3301329 ] ], [ [ -6.271803019867336, 53.342966310998072 ], [ -6.2717919, 53.3428581 ], [ -6.2719153, 53.3427511 ], [ -6.2722071, 53.3421002 ], [ -6.2722524, 53.3401359 ], [ -6.2726908, 53.3390636 ], [ -6.27283808553073, 53.338978678017355 ], [ -6.2728378, 53.3389786 ], [ -6.2733736, 53.339125 ], [ -6.2747397, 53.3393866 ], [ -6.2749707, 53.3391386 ], [ -6.2751176, 53.3390491 ], [ -6.2753174, 53.3389762 ], [ -6.2756472, 53.3389196 ], [ -6.2772969, 53.3388555 ], [ -6.2778357, 53.3388105 ], [ -6.2787004, 53.3387942 ], [ -6.2791689, 53.3387412 ], [ -6.2796613, 53.3385945 ], [ -6.2806387, 53.3383438 ], [ -6.281844, 53.3381902 ], [ -6.2827133, 53.3380955 ], [ -6.2838979, 53.337912 ], [ -6.2844901, 53.3377887 ], [ -6.2852549, 53.3376004 ], [ -6.2857483, 53.3374497 ], [ -6.2864773, 53.337195 ], [ -6.2872518, 53.3368534 ], [ -6.2879694, 53.3365192 ], [ -6.2888319, 53.336051 ], [ -6.2890534, 53.3358882 ], [ -6.2892963, 53.3356751 ], [ -6.2894668, 53.3354692 ], [ -6.2895481, 53.3353398 ], [ -6.2899281, 53.3345876 ], [ -6.2900578, 53.334389 ], [ -6.2902238, 53.3342529 ], [ -6.2907191, 53.3339604 ], [ -6.291875958910588, 53.333136661944025 ], [ -6.293448, 53.3320652 ], [ -6.2938475, 53.3318592 ], [ -6.2962448, 53.3309167 ], [ -6.2981895, 53.3301329 ] ], [ [ -6.2720865, 53.3449816 ], [ -6.272079604546092, 53.344829387793737 ], [ -6.271932214026496, 53.344438854532726 ], [ -6.271811663138553, 53.344195244699513 ], [ -6.271803019867337, 53.342966310998072 ] ], [ [ -6.2298176, 53.3643593 ], [ -6.2305584, 53.3643355 ], [ -6.2309918, 53.3642942 ], [ -6.2318186, 53.364153 ], [ -6.2330918, 53.3638421 ], [ -6.2359122, 53.3629931 ], [ -6.2364135, 53.36277410000001 ], [ -6.2370715, 53.362276799999989 ], [ -6.2376588, 53.3617555 ], [ -6.2390322, 53.3606157 ], [ -6.2400422, 53.3596846 ], [ -6.2406299, 53.3591117 ], [ -6.2411673, 53.3586285 ], [ -6.242178, 53.3579009 ], [ -6.2439701, 53.3567252 ], [ -6.2454358, 53.3557265 ], [ -6.2461809, 53.355159 ], [ -6.2466905, 53.354701499999983 ], [ -6.2482417, 53.3532579 ], [ -6.2492873, 53.352375 ], [ -6.2497187, 53.3518856 ], [ -6.2500633, 53.3513668 ], [ -6.2508236, 53.3501081 ], [ -6.2510792, 53.3497427 ], [ -6.2513645, 53.3495185 ], [ -6.251475, 53.349289 ], [ -6.2515086, 53.3491631 ], [ -6.2515101, 53.3488274 ], [ -6.2514889, 53.3487639 ], [ -6.2514753, 53.3486348 ], [ -6.251544789676332, 53.348302794823454 ], [ -6.2517484, 53.3476298 ], [ -6.2518394, 53.3474856 ], [ -6.2518627, 53.3474638 ], [ -6.2519482, 53.3474143 ], [ -6.252021, 53.3473996 ], [ -6.2523711, 53.3474042 ], [ -6.2546525, 53.3474788 ], [ -6.2549998, 53.3474793 ], [ -6.2551697, 53.3474819 ], [ -6.2559632, 53.3474902 ], [ -6.2563669, 53.3474614 ], [ -6.2570619, 53.34736430000001 ], [ -6.2572232, 53.3473354 ], [ -6.2573289, 53.3473126 ], [ -6.2579048, 53.3472074 ], [ -6.258907943161416, 53.346983220797789 ], [ -6.2590596, 53.346945199999979 ], [ -6.2607335, 53.346557399999988 ], [ -6.2618852, 53.3462881 ], [ -6.2625499, 53.3461483 ], [ -6.2629556, 53.3460563 ], [ -6.2634759, 53.3459631 ], [ -6.2650575, 53.3457101 ], [ -6.2674313, 53.3453625 ], [ -6.2676306, 53.3453413 ], [ -6.2676306, 53.3453413 ], [ -6.2676306, 53.3453413 ], [ -6.2676306, 53.3453413 ], [ -6.2676306, 53.3453413 ], [ -6.2676306, 53.3453413 ], [ -6.2676306, 53.3453413 ], [ -6.2676306, 53.3453413 ], [ -6.2676306, 53.3453413 ], [ -6.2676306, 53.3453413 ], [ -6.2676306, 53.3453413 ], [ -6.2676306, 53.3453413 ], [ -6.2699886, 53.3451298 ], [ -6.271889098471259, 53.344990600111963 ], [ -6.2720865, 53.3449816 ], [ -6.2720865, 53.3449816 ], [ -6.2720865, 53.3449816 ], [ -6.2720865, 53.3449816 ], [ -6.2720865, 53.3449816 ], [ -6.2720865, 53.3449816 ], [ -6.2721661, 53.345492 ], [ -6.2722095, 53.3455759 ], [ -6.271657, 53.3456123 ], [ -6.2711315, 53.3456621 ], [ -6.2707329, 53.3457175 ], [ -6.2698187, 53.3458366 ], [ -6.2690483, 53.3459463 ], [ -6.2680916, 53.3460682 ], [ -6.2678881, 53.3460812 ], [ -6.2668561, 53.3461542 ], [ -6.2657034, 53.3462557 ], [ -6.2651481, 53.3463085 ], [ -6.2643329, 53.346394599999989 ], [ -6.2632694, 53.3466111 ], [ -6.2610363, 53.3471379 ], [ -6.260058584901054, 53.347353911534192 ], [ -6.259268284901054, 53.347556311534184 ], [ -6.2583905, 53.3477594 ], [ -6.2576656, 53.3479096 ], [ -6.2571345, 53.3480031 ], [ -6.2557574, 53.3482121 ], [ -6.254944819013811, 53.348279731708558 ], [ -6.254944700141579, 53.348279741602383 ], [ -6.254944750987478, 53.348279695758883 ], [ -6.254944697845595, 53.34827970017195 ], [ -6.254944697845595, 53.34827970017195 ], [ -6.254944668967894, 53.348279702476823 ], [ -6.254946, 53.3486617 ], [ -6.254945999998964, 53.348661700003717 ], [ -6.254637, 53.3490672 ], [ -6.2545394, 53.349138 ], [ -6.254395, 53.349195 ], [ -6.2535621, 53.349394499999981 ], [ -6.253385937434611, 53.349422813886655 ], [ -6.2532535, 53.3494441 ], [ -6.2529822, 53.349466 ], [ -6.2526202, 53.3494521 ], [ -6.2523156, 53.349402799999986 ], [ -6.2520576, 53.3493852 ], [ -6.2518069, 53.3493947 ], [ -6.2515118, 53.349457 ], [ -6.2513645, 53.3495185 ] ], [ [ -6.1948343, 53.391473199999986 ], [ -6.1957937, 53.3907699 ], [ -6.199089, 53.3880822 ], [ -6.1998045, 53.3875166 ], [ -6.2012496, 53.3865348 ], [ -6.2018084, 53.3859866 ], [ -6.202215, 53.3854647 ], [ -6.2026691, 53.3847204 ], [ -6.2030919, 53.3840936 ], [ -6.203433, 53.383714 ], [ -6.2038636, 53.3834347 ], [ -6.2045134, 53.3831322 ], [ -6.2049054, 53.3830129 ], [ -6.20531527273252, 53.382976822071768 ], [ -6.2055133, 53.3829361 ], [ -6.2062368, 53.3827194 ], [ -6.2066547, 53.3825525 ], [ -6.2071648, 53.382267 ], [ -6.20748, 53.3820444 ], [ -6.2089901, 53.3808551 ], [ -6.2097378, 53.380295 ], [ -6.2099629, 53.3801446 ], [ -6.2111193, 53.3794637 ], [ -6.2122777, 53.378827299999983 ], [ -6.2127798, 53.3785797 ], [ -6.2131872, 53.378415399999987 ], [ -6.2141135, 53.3780799 ], [ -6.2145596, 53.3778982 ], [ -6.2148518, 53.3777296 ], [ -6.2153418, 53.3773956 ], [ -6.216217, 53.3768452 ], [ -6.2180995, 53.3758794 ], [ -6.218782, 53.3754956 ], [ -6.2199037, 53.3745121 ], [ -6.2203594, 53.3739673 ], [ -6.2208849, 53.3735563 ], [ -6.2214925, 53.3731575 ], [ -6.222582606054277, 53.372120808076559 ], [ -6.224755520788282, 53.369921396587337 ], [ -6.225705059514699, 53.369009982771743 ], [ -6.2263526, 53.368501199999976 ], [ -6.2273532, 53.3678049 ], [ -6.2277239, 53.3674803 ], [ -6.2278836, 53.3673136 ], [ -6.2288907, 53.3658899 ], [ -6.229060902939383, 53.365553481785597 ], [ -6.2292127, 53.3651874 ], [ -6.2292855, 53.3648599 ], [ -6.2294875, 53.364615 ], [ -6.2298176, 53.3643593 ] ], [ [ -6.186365811399408, 53.397562831463148 ], [ -6.186365811399409, 53.397562831463148 ], [ -6.1875563, 53.397757299999988 ], [ -6.188314, 53.3979276 ], [ -6.1896121, 53.398106699999985 ], [ -6.1907508, 53.398189299999977 ], [ -6.1925514, 53.3982637 ], [ -6.1931829, 53.3983258 ], [ -6.1938186, 53.3984155 ], [ -6.1944247, 53.3985455 ], [ -6.1954317, 53.3988003 ], [ -6.1966406, 53.3993041 ], [ -6.1983518, 53.4000445 ], [ -6.200229, 53.4007678 ], [ -6.2025207, 53.4015266 ], [ -6.2031028, 53.4016889 ], [ -6.2039268, 53.4018722 ], [ -6.2053385, 53.4020755 ], [ -6.2053573, 53.4006867 ], [ -6.205381, 53.4003175 ], [ -6.2054249, 53.4000508 ], [ -6.2057381, 53.3992356 ], [ -6.2064597, 53.397495499999984 ], [ -6.2067358, 53.3975175 ], [ -6.2079654, 53.3977751 ], [ -6.2080552, 53.3976748 ], [ -6.210398, 53.3967792 ], [ -6.2106244, 53.3966542 ], [ -6.2108327, 53.3965008 ], [ -6.2114035, 53.395877 ], [ -6.2119208, 53.3952204 ], [ -6.2103057, 53.394756 ], [ -6.2092727, 53.3944271 ], [ -6.2063522, 53.3933758 ], [ -6.204431, 53.3926624 ], [ -6.2019165, 53.3946759 ], [ -6.2016865, 53.3948064 ], [ -6.200501, 53.3954064 ], [ -6.1976931, 53.3932829 ], [ -6.1964896, 53.392458399999988 ], [ -6.1948343, 53.3914732 ] ], [ [ -6.1736056, 53.4022309 ], [ -6.1772089, 53.4023993 ], [ -6.1777636, 53.4024603 ], [ -6.1782394, 53.4025471 ], [ -6.1788319, 53.402709 ], [ -6.1794876, 53.4029682 ], [ -6.179877, 53.4025675 ], [ -6.1806995, 53.4019059 ], [ -6.1815208, 53.4013809 ], [ -6.1837698, 53.4000865 ], [ -6.1848766, 53.3992241 ], [ -6.1862447, 53.3977344 ], [ -6.186365811399409, 53.397562831463148 ] ] ] } },
{ "type": "Feature", "properties": { "id": null, "route no": "D3" }, "geometry": { "type": "MultiLineString", "coordinates": [ [ [ -6.439185462639657, 53.324415225122138 ], [ -6.4393414, 53.3247257 ], [ -6.4395207, 53.32516110000001 ], [ -6.439596, 53.32547 ], [ -6.4396287, 53.3257763 ], [ -6.439617, 53.32622 ], [ -6.4395859, 53.3264522 ], [ -6.4391129, 53.3278486 ], [ -6.439040170669035, 53.328300508944082 ], [ -6.44298562719165, 53.328437135139218 ], [ -6.4476816, 53.3286591 ], [ -6.4481375, 53.3289309 ], [ -6.4484275, 53.3292019 ], [ -6.4484511, 53.3292936 ], [ -6.4485723, 53.3294466 ], [ -6.4486689, 53.3295159 ], [ -6.448957454594977, 53.329636504997815 ], [ -6.4494441, 53.3298046 ], [ -6.4498159, 53.3299032 ], [ -6.450309, 53.3300056 ], [ -6.4509272, 53.3295774 ], [ -6.4510835, 53.3295283 ], [ -6.4512624, 53.329516 ], [ -6.4512678, 53.3295913 ], [ -6.4512145, 53.3297275 ], [ -6.4510789, 53.3298415 ], [ -6.4507115, 53.3300903 ], [ -6.450309, 53.3300056 ] ], [ [ -6.433630314950146, 53.318418814528798 ], [ -6.435278325131617, 53.318284624901764 ], [ -6.4383893, 53.3179951 ], [ -6.4394111, 53.3179536 ], [ -6.4397635, 53.3179592 ], [ -6.4401822, 53.3179719 ], [ -6.4412115, 53.3180815 ], [ -6.4427855, 53.318322 ], [ -6.4445554, 53.3185338 ], [ -6.4466859, 53.3186317 ], [ -6.4473256, 53.3187004 ], [ -6.448653, 53.3189997 ], [ -6.4496144, 53.3193754 ], [ -6.4504487, 53.3197476 ], [ -6.4512075, 53.3199599 ], [ -6.4517726, 53.320043 ], [ -6.4529978, 53.3201131 ], [ -6.4534177, 53.3201429 ], [ -6.4536919, 53.3201784 ], [ -6.4542087, 53.3202787 ], [ -6.45562598230479, 53.32071301586911 ], [ -6.4563807, 53.3209105 ], [ -6.456254, 53.3210198 ], [ -6.455676385079416, 53.321451195651917 ], [ -6.455170700916017, 53.321719690589518 ], [ -6.4545822, 53.3219808 ], [ -6.4540365, 53.3221844 ], [ -6.4499849, 53.3238518 ], [ -6.4490881, 53.3243463 ], [ -6.4488616, 53.3244963 ], [ -6.4483639, 53.324603 ], [ -6.4466199, 53.324548900000011 ], [ -6.4459995, 53.3244873 ], [ -6.4457365, 53.3244577 ], [ -6.4441779, 53.3241893 ], [ -6.443133, 53.3240821 ], [ -6.4424822, 53.3240744 ], [ -6.4419545, 53.3241116 ], [ -6.439185462639659, 53.324415225122138 ] ], [ [ -6.4220925, 53.3205638 ], [ -6.4272958, 53.3199575 ], [ -6.4283932, 53.3197526 ], [ -6.429585, 53.3194071 ], [ -6.4311575, 53.3188783 ], [ -6.4322746, 53.3185922 ], [ -6.433630314950147, 53.318418814528798 ] ], [ [ -6.3946444, 53.3203572 ], [ -6.3950231, 53.3208303 ], [ -6.395186, 53.321166 ], [ -6.395263073255193, 53.322010267631967 ], [ -6.3954006, 53.3227714 ], [ -6.3954643, 53.3230993 ], [ -6.3953893, 53.3232358 ], [ -6.3951458, 53.323285 ], [ -6.3944231, 53.3232935 ], [ -6.3940645, 53.323239 ], [ -6.3937091, 53.3231161 ], [ -6.3935047, 53.3229732 ], [ -6.3933655, 53.3227549 ], [ -6.3930943, 53.3221725 ], [ -6.3928354, 53.3221031 ], [ -6.393007, 53.321984799999989 ], [ -6.3929948, 53.321880299999989 ], [ -6.3930389, 53.321759299999989 ], [ -6.39318, 53.3215321 ], [ -6.3931965, 53.3214055 ], [ -6.3930265, 53.321240499999988 ], [ -6.3930129, 53.321178 ], [ -6.3930361, 53.3211189 ], [ -6.3942755, 53.3205818 ], [ -6.3945061, 53.3205001 ], [ -6.3946444, 53.3203572 ], [ -6.3946147, 53.3201724 ], [ -6.394657, 53.3197843 ], [ -6.3948034, 53.3190259 ], [ -6.3948496, 53.318678 ], [ -6.395013, 53.3182351 ], [ -6.3953833, 53.3177099 ], [ -6.3957852, 53.3166993 ], [ -6.3959013, 53.3164832 ], [ -6.3961506, 53.3161806 ], [ -6.396246118665313, 53.316065674531352 ], [ -6.3969286, 53.3164684 ], [ -6.3969286, 53.3164684 ], [ -6.3980860145873, 53.316903530754743 ], [ -6.3983556, 53.3169681 ], [ -6.3983556, 53.3169681 ], [ -6.4020884, 53.3176509 ], [ -6.4020884, 53.3176509 ], [ -6.4026897, 53.3177992 ], [ -6.4034587, 53.3180605 ], [ -6.4042633, 53.318451499999988 ], [ -6.4042633, 53.318451499999988 ], [ -6.4045717, 53.3186348 ], [ -6.4045717, 53.3186348 ], [ -6.4045717, 53.3186348 ], [ -6.4045717, 53.3186348 ], [ -6.4047745, 53.318775 ], [ -6.4053224, 53.319261 ], [ -6.4057163, 53.3197838 ], [ -6.4059332, 53.3202279 ], [ -6.4062355, 53.321228 ], [ -6.4062626, 53.3215612 ], [ -6.406227978490603, 53.322102064502758 ], [ -6.4061774, 53.3228922 ], [ -6.4065801, 53.323031 ], [ -6.407346, 53.323053 ], [ -6.4081422, 53.3228438 ], [ -6.4092873, 53.3224607 ], [ -6.4098145, 53.3230092 ], [ -6.4100071, 53.3231595 ], [ -6.4108954, 53.323619599999986 ], [ -6.4115035, 53.3239574 ], [ -6.4120932, 53.3244426 ], [ -6.4122707, 53.3246804 ], [ -6.4124205, 53.3249634 ], [ -6.4124858, 53.3251712 ], [ -6.4125104, 53.3256884 ], [ -6.4124208, 53.3260618 ], [ -6.4120795, 53.3266984 ], [ -6.4113245, 53.3280171 ], [ -6.4111012, 53.3283744 ], [ -6.4111329, 53.328459 ], [ -6.4112715, 53.3285021 ], [ -6.4118532, 53.3285516 ], [ -6.4129125, 53.3285825 ], [ -6.4156063, 53.3285176 ], [ -6.4178423, 53.3288729 ], [ -6.4202863, 53.3293029 ], [ -6.42192, 53.3295567 ], [ -6.4225722, 53.3295968 ], [ -6.4232201, 53.3296024 ], [ -6.4236716, 53.3294888 ], [ -6.4238221, 53.3293637 ], [ -6.4260758, 53.3249461 ], [ -6.4261771, 53.3243724 ], [ -6.4260127, 53.3239762 ], [ -6.4256133, 53.3235817 ], [ -6.424439, 53.3230386 ], [ -6.4234594, 53.3225093 ], [ -6.4229796, 53.3220489 ], [ -6.4220925, 53.3205638 ] ], [ [ -6.3839215, 53.3282955 ], [ -6.3839061, 53.3280386 ], [ -6.3837468, 53.3274979 ], [ -6.3837067, 53.3274155 ], [ -6.3850477, 53.3267692 ], [ -6.3864422, 53.3261927 ], [ -6.3887912, 53.3252663 ], [ -6.3898258, 53.3249989 ], [ -6.3907216, 53.3247091 ], [ -6.3911795, 53.3244107 ], [ -6.3917967, 53.3239715 ], [ -6.391947, 53.3237231 ], [ -6.3919764, 53.323579 ], [ -6.3919711, 53.323496 ], [ -6.3918976, 53.3232302 ], [ -6.3918868, 53.3230988 ], [ -6.391955, 53.3228968 ], [ -6.3921661, 53.3226408 ], [ -6.3927116, 53.3221378 ], [ -6.3928354, 53.3221031 ] ], [ [ -6.3839215, 53.3282955 ], [ -6.3831137, 53.3282862 ], [ -6.3790367, 53.3281206 ], [ -6.376093, 53.328415 ], [ -6.3756026, 53.3284171 ], [ -6.3735738, 53.3281988 ], [ -6.3731484, 53.3281066 ], [ -6.3699588, 53.3275946 ], [ -6.3680628, 53.3272732 ], [ -6.3666001, 53.3270903 ], [ -6.3599841, 53.3263258 ], [ -6.3591196, 53.3262072 ], [ -6.3578118, 53.325935 ], [ -6.3571515, 53.3257338 ], [ -6.3552857, 53.32492 ], [ -6.3543131, 53.3244107 ], [ -6.352972, 53.3235911 ], [ -6.3459364, 53.326056799999989 ], [ -6.3428551, 53.3269512 ], [ -6.3421036, 53.3259081 ], [ -6.3412758, 53.3246737 ], [ -6.3410794, 53.3242005 ], [ -6.3410178, 53.3237276 ], [ -6.3301937, 53.3239828 ], [ -6.3273307, 53.3241592 ], [ -6.3240652, 53.324575 ], [ -6.322853, 53.3246882 ], [ -6.3210354, 53.3248343 ], [ -6.3185597, 53.324957 ], [ -6.3178524, 53.3250841 ], [ -6.317412, 53.3252143 ], [ -6.3159249, 53.3260104 ], [ -6.3154701, 53.3261916 ], [ -6.3149256, 53.3263449 ], [ -6.3138704, 53.326589 ], [ -6.3026796, 53.3290115 ], [ -6.2986856, 53.329922899999985 ], [ -6.2981895, 53.3301329 ] ], [ [ -6.271803019867336, 53.342966310998072 ], [ -6.2717919, 53.3428581 ], [ -6.2719153, 53.3427511 ], [ -6.2722071, 53.3421002 ], [ -6.2722524, 53.3401359 ], [ -6.2726908, 53.3390636 ], [ -6.27283808553073, 53.338978678017355 ], [ -6.2728378, 53.3389786 ], [ -6.2733736, 53.339125 ], [ -6.2747397, 53.3393866 ], [ -6.2749707, 53.3391386 ], [ -6.2751176, 53.3390491 ], [ -6.2753174, 53.3389762 ], [ -6.2756472, 53.3389196 ], [ -6.2772969, 53.3388555 ], [ -6.2778357, 53.3388105 ], [ -6.2787004, 53.3387942 ], [ -6.2791689, 53.3387412 ], [ -6.2796613, 53.3385945 ], [ -6.2806387, 53.3383438 ], [ -6.281844, 53.3381902 ], [ -6.2827133, 53.3380955 ], [ -6.2838979, 53.337912 ], [ -6.2844901, 53.3377887 ], [ -6.2852549, 53.3376004 ], [ -6.2857483, 53.3374497 ], [ -6.2864773, 53.337195 ], [ -6.2872518, 53.3368534 ], [ -6.2879694, 53.3365192 ], [ -6.2888319, 53.336051 ], [ -6.2890534, 53.3358882 ], [ -6.2892963, 53.3356751 ], [ -6.2894668, 53.3354692 ], [ -6.2895481, 53.3353398 ], [ -6.2899281, 53.3345876 ], [ -6.2900578, 53.334389 ], [ -6.2902238, 53.3342529 ], [ -6.2907191, 53.3339604 ], [ -6.291875958910588, 53.333136661944025 ], [ -6.293448, 53.3320652 ], [ -6.2938475, 53.3318592 ], [ -6.2962448, 53.3309167 ], [ -6.2981895, 53.3301329 ] ], [ [ -6.2720865, 53.3449816 ], [ -6.272079604546092, 53.344829387793737 ], [ -6.271932214026496, 53.344438854532726 ], [ -6.271811663138553, 53.344195244699513 ], [ -6.271803019867337, 53.342966310998072 ] ], [ [ -6.2298176, 53.3643593 ], [ -6.2305584, 53.3643355 ], [ -6.2309918, 53.3642942 ], [ -6.2318186, 53.364153 ], [ -6.2330918, 53.3638421 ], [ -6.2359122, 53.3629931 ], [ -6.2364135, 53.36277410000001 ], [ -6.2370715, 53.362276799999989 ], [ -6.2376588, 53.3617555 ], [ -6.2390322, 53.3606157 ], [ -6.2400422, 53.3596846 ], [ -6.2406299, 53.3591117 ], [ -6.2411673, 53.3586285 ], [ -6.242178, 53.3579009 ], [ -6.2439701, 53.3567252 ], [ -6.2454358, 53.3557265 ], [ -6.2461809, 53.355159 ], [ -6.2466905, 53.354701499999983 ], [ -6.2482417, 53.3532579 ], [ -6.2492873, 53.352375 ], [ -6.2497187, 53.3518856 ], [ -6.2500633, 53.3513668 ], [ -6.2508236, 53.3501081 ], [ -6.2510792, 53.3497427 ], [ -6.2513645, 53.3495185 ], [ -6.251475, 53.349289 ], [ -6.2515086, 53.3491631 ], [ -6.2515101, 53.3488274 ], [ -6.2514889, 53.3487639 ], [ -6.2514753, 53.3486348 ], [ -6.251544789676332, 53.348302794823454 ], [ -6.2517484, 53.3476298 ], [ -6.2518394, 53.3474856 ], [ -6.2518627, 53.3474638 ], [ -6.2519482, 53.3474143 ], [ -6.252021, 53.3473996 ], [ -6.2523711, 53.3474042 ], [ -6.2546525, 53.3474788 ], [ -6.2549998, 53.3474793 ], [ -6.2551697, 53.3474819 ], [ -6.2559632, 53.3474902 ], [ -6.2563669, 53.3474614 ], [ -6.2570619, 53.34736430000001 ], [ -6.2572232, 53.3473354 ], [ -6.2573289, 53.3473126 ], [ -6.2579048, 53.3472074 ], [ -6.258907943161416, 53.346983220797789 ], [ -6.2590596, 53.346945199999979 ], [ -6.2607335, 53.346557399999988 ], [ -6.2618852, 53.3462881 ], [ -6.2625499, 53.3461483 ], [ -6.2629556, 53.3460563 ], [ -6.2634759, 53.3459631 ], [ -6.2650575, 53.3457101 ], [ -6.2674313, 53.3453625 ], [ -6.2676306, 53.3453413 ], [ -6.2676306, 53.3453413 ], [ -6.2676306, 53.3453413 ], [ -6.2676306, 53.3453413 ], [ -6.2676306, 53.3453413 ], [ -6.2676306, 53.3453413 ], [ -6.2676306, 53.3453413 ], [ -6.2676306, 53.3453413 ], [ -6.2676306, 53.3453413 ], [ -6.2676306, 53.3453413 ], [ -6.2676306, 53.3453413 ], [ -6.2676306, 53.3453413 ], [ -6.2699886, 53.3451298 ], [ -6.271889098471259, 53.344990600111963 ], [ -6.2720865, 53.3449816 ], [ -6.2720865, 53.3449816 ], [ -6.2720865, 53.3449816 ], [ -6.2720865, 53.3449816 ], [ -6.2720865, 53.3449816 ], [ -6.2720865, 53.3449816 ], [ -6.2721661, 53.345492 ], [ -6.2722095, 53.3455759 ], [ -6.271657, 53.3456123 ], [ -6.2711315, 53.3456621 ], [ -6.2707329, 53.3457175 ], [ -6.2698187, 53.3458366 ], [ -6.2690483, 53.3459463 ], [ -6.2680916, 53.3460682 ], [ -6.2678881, 53.3460812 ], [ -6.2668561, 53.3461542 ], [ -6.2657034, 53.3462557 ], [ -6.2651481, 53.3463085 ], [ -6.2643329, 53.346394599999989 ], [ -6.2632694, 53.3466111 ], [ -6.2610363, 53.3471379 ], [ -6.260058584901054, 53.347353911534192 ], [ -6.259268284901054, 53.347556311534184 ], [ -6.2583905, 53.3477594 ], [ -6.2576656, 53.3479096 ], [ -6.2571345, 53.3480031 ], [ -6.2557574, 53.3482121 ], [ -6.254944819013811, 53.348279731708558 ], [ -6.254944700141579, 53.348279741602383 ], [ -6.254944750987478, 53.348279695758883 ], [ -6.254944697845595, 53.34827970017195 ], [ -6.254944697845595, 53.34827970017195 ], [ -6.254944668967894, 53.348279702476823 ], [ -6.254946, 53.3486617 ], [ -6.254945999998964, 53.348661700003717 ], [ -6.254637, 53.3490672 ], [ -6.2545394, 53.349138 ], [ -6.254395, 53.349195 ], [ -6.2535621, 53.349394499999981 ], [ -6.253385937434611, 53.349422813886655 ], [ -6.2532535, 53.3494441 ], [ -6.2529822, 53.349466 ], [ -6.2526202, 53.3494521 ], [ -6.2523156, 53.349402799999986 ], [ -6.2520576, 53.3493852 ], [ -6.2518069, 53.3493947 ], [ -6.2515118, 53.349457 ], [ -6.2513645, 53.3495185 ] ], [ [ -6.1948343, 53.391473199999986 ], [ -6.1957937, 53.3907699 ], [ -6.199089, 53.3880822 ], [ -6.1998045, 53.3875166 ], [ -6.2012496, 53.3865348 ], [ -6.2018084, 53.3859866 ], [ -6.202215, 53.3854647 ], [ -6.2026691, 53.3847204 ], [ -6.2030919, 53.3840936 ], [ -6.203433, 53.383714 ], [ -6.2038636, 53.3834347 ], [ -6.2045134, 53.3831322 ], [ -6.2049054, 53.3830129 ], [ -6.20531527273252, 53.382976822071768 ], [ -6.2055133, 53.3829361 ], [ -6.2062368, 53.3827194 ], [ -6.2066547, 53.3825525 ], [ -6.2071648, 53.382267 ], [ -6.20748, 53.3820444 ], [ -6.2089901, 53.3808551 ], [ -6.2097378, 53.380295 ], [ -6.2099629, 53.3801446 ], [ -6.2111193, 53.3794637 ], [ -6.2122777, 53.378827299999983 ], [ -6.2127798, 53.3785797 ], [ -6.2131872, 53.378415399999987 ], [ -6.2141135, 53.3780799 ], [ -6.2145596, 53.3778982 ], [ -6.2148518, 53.3777296 ], [ -6.2153418, 53.3773956 ], [ -6.216217, 53.3768452 ], [ -6.2180995, 53.3758794 ], [ -6.218782, 53.3754956 ], [ -6.2199037, 53.3745121 ], [ -6.2203594, 53.3739673 ], [ -6.2208849, 53.3735563 ], [ -6.2214925, 53.3731575 ], [ -6.222582606054277, 53.372120808076559 ], [ -6.224755520788282, 53.369921396587337 ], [ -6.225705059514699, 53.369009982771743 ], [ -6.2263526, 53.368501199999976 ], [ -6.2273532, 53.3678049 ], [ -6.2277239, 53.3674803 ], [ -6.2278836, 53.3673136 ], [ -6.2288907, 53.3658899 ], [ -6.229060902939383, 53.365553481785597 ], [ -6.2292127, 53.3651874 ], [ -6.2292855, 53.3648599 ], [ -6.2294875, 53.364615 ], [ -6.2298176, 53.3643593 ] ], [ [ -6.1863734, 53.397571 ], [ -6.1869716, 53.3968986 ], [ -6.18835, 53.395201299999982 ], [ -6.189011, 53.3946189 ], [ -6.1902264, 53.393718 ], [ -6.1912035, 53.393231 ], [ -6.193071, 53.3924037 ], [ -6.1948343, 53.3914732 ] ], [ [ -6.1515373, 53.4025221 ], [ -6.1512929, 53.40289580000001 ], [ -6.1511922, 53.4029475 ], [ -6.150327941415767, 53.402861810335907 ], [ -6.1502349, 53.402806599999977 ], [ -6.150181350764349, 53.40275007063574 ], [ -6.1503155, 53.4023996 ], [ -6.1504101, 53.4023207 ], [ -6.1504938, 53.4022859 ], [ -6.1513281, 53.4023588 ], [ -6.151459, 53.402435799999978 ], [ -6.1519214, 53.402508099999984 ], [ -6.1556496, 53.4028923 ], [ -6.1598437, 53.402837 ], [ -6.1615887, 53.4027867 ], [ -6.1625415, 53.4027059 ], [ -6.1617279, 53.3994575 ], [ -6.1616636, 53.3990664 ], [ -6.1619775, 53.3989628 ], [ -6.1625825, 53.3990632 ], [ -6.1636469, 53.3993608 ], [ -6.165716, 53.3999791 ], [ -6.171429, 53.4019415 ], [ -6.1720311, 53.4020797 ], [ -6.1725886, 53.4021647 ], [ -6.1729927, 53.4021973 ], [ -6.1772089, 53.4023993 ], [ -6.1777636, 53.4024603 ], [ -6.1782394, 53.4025471 ], [ -6.1788319, 53.402709 ], [ -6.1794876, 53.4029682 ], [ -6.179877, 53.4025675 ], [ -6.1806995, 53.4019059 ], [ -6.1815208, 53.4013809 ], [ -6.1837698, 53.4000865 ], [ -6.1848766, 53.3992241 ], [ -6.1862447, 53.3977344 ], [ -6.186365811399409, 53.397562831463148 ] ] ] } },
{ "type": "Feature", "properties": { "id": null, "route no": "D4" }, "geometry": { "type": "MultiLineString", "coordinates": [ [ [ -6.385646816394039, 53.283024709458438 ], [ -6.3853711, 53.282817199999982 ], [ -6.3848891, 53.2824226 ], [ -6.3845666, 53.2821379 ], [ -6.3843128, 53.2817975 ], [ -6.3842314, 53.2816456 ], [ -6.3840687, 53.2810067 ], [ -6.3839822, 53.2798745 ], [ -6.3837987, 53.2794936 ], [ -6.3834498, 53.2786227 ], [ -6.3830899, 53.278306 ], [ -6.3827329, 53.2780855 ], [ -6.3823878, 53.2779322 ], [ -6.382246, 53.2778712 ], [ -6.3815552, 53.2776434 ], [ -6.3809723, 53.2775036 ], [ -6.3800485, 53.2773297 ], [ -6.3789403, 53.2772094 ], [ -6.3789798, 53.2768135 ], [ -6.3789797, 53.2763127 ], [ -6.3790241, 53.2754239 ], [ -6.3790947, 53.2750619 ], [ -6.3792572, 53.2745671 ], [ -6.3796632, 53.2740961 ], [ -6.3801293, 53.2737149 ], [ -6.3809432, 53.2732759 ], [ -6.3819149, 53.272955799999984 ], [ -6.3823672, 53.2728689 ], [ -6.3828948, 53.27281 ], [ -6.3836621, 53.2727767 ], [ -6.3843356, 53.272815199999989 ], [ -6.3872011, 53.2731406 ], [ -6.388023, 53.2732591 ], [ -6.3890727, 53.273475 ], [ -6.3910242, 53.2737174 ], [ -6.3925419, 53.2739743 ], [ -6.393214, 53.2742014 ], [ -6.3936438, 53.2744138 ], [ -6.3939153, 53.2745718 ], [ -6.3942768, 53.2748903 ], [ -6.3945366, 53.2752464 ], [ -6.3946659, 53.275561 ], [ -6.3947011, 53.275717399999984 ], [ -6.3949964, 53.2776752 ], [ -6.3950538, 53.2778425 ], [ -6.395298, 53.2781665 ], [ -6.3954773, 53.278348200000011 ], [ -6.3972208, 53.2777384 ], [ -6.3981622, 53.2782015 ], [ -6.3988225, 53.2785059 ], [ -6.399267, 53.2786819 ], [ -6.4004602, 53.2789371 ], [ -6.4019706, 53.2792333 ] ], [ [ -6.38564681639404, 53.283024709458438 ], [ -6.3852278, 53.283213 ], [ -6.384036198387475, 53.283584568471987 ], [ -6.3828598, 53.2838818 ], [ -6.381619762547873, 53.284076648810156 ], [ -6.3798234, 53.2842396 ], [ -6.3798584, 53.2844003 ], [ -6.3798539, 53.2844744 ], [ -6.3797706, 53.2845775 ], [ -6.3788154, 53.284931 ], [ -6.3777289, 53.2854328 ], [ -6.3771835, 53.2855928 ], [ -6.3765831, 53.285687 ], [ -6.375918752107868, 53.285719011326222 ] ], [ [ -6.375918752107868, 53.285719011326208 ], [ -6.3755808, 53.2857661 ], [ -6.375218, 53.2860838 ], [ -6.3750559, 53.2863187 ], [ -6.3750126, 53.2864211 ], [ -6.374969, 53.286633 ], [ -6.3749793, 53.2868244 ], [ -6.3750367, 53.287089 ], [ -6.3755482, 53.2886182 ], [ -6.3756692, 53.2890367 ], [ -6.375524, 53.289194 ], [ -6.3745493, 53.2893057 ], [ -6.3736139, 53.2894565 ], [ -6.3727867, 53.2896524 ], [ -6.3709149, 53.2901795 ], [ -6.3705379, 53.290267399999983 ], [ -6.3702828, 53.2901998 ], [ -6.3693691, 53.2887897 ], [ -6.3691988, 53.2887644 ], [ -6.3678711, 53.289059 ], [ -6.3672216, 53.2891747 ], [ -6.3661017, 53.2894516 ], [ -6.3649745, 53.2895751 ], [ -6.3648351, 53.2895623 ], [ -6.3646882, 53.2895291 ], [ -6.3644676, 53.2894276 ], [ -6.3641581, 53.2892117 ], [ -6.3626879, 53.2881268 ], [ -6.3623333, 53.2878798 ], [ -6.3622655, 53.2878038 ], [ -6.3622359, 53.287625 ], [ -6.3620968, 53.2870928 ], [ -6.3618628, 53.2865265 ], [ -6.361627, 53.286080699999985 ], [ -6.3612257, 53.285477299999989 ], [ -6.3608886, 53.285038499999978 ], [ -6.3599603, 53.284012 ], [ -6.359597, 53.2833449 ], [ -6.3586293, 53.2803079 ], [ -6.3576009, 53.2804449 ], [ -6.3547372, 53.2807708 ], [ -6.3519546, 53.2812752 ], [ -6.3499405, 53.2815939 ], [ -6.3491862, 53.2818139 ], [ -6.3483797, 53.2822475 ], [ -6.3479233, 53.2825364 ], [ -6.3464366, 53.2833231 ], [ -6.3451124, 53.283957 ], [ -6.3445501, 53.2841667 ], [ -6.3435947, 53.284484199999987 ], [ -6.3431391, 53.284653599999984 ], [ -6.342662, 53.2848655 ], [ -6.3421242, 53.2851404 ], [ -6.341359066758271, 53.28561499780556 ], [ -6.3405088, 53.286249 ], [ -6.3404788, 53.2862862 ], [ -6.3404832, 53.286331 ], [ -6.3408108, 53.2871782 ], [ -6.3409101, 53.2874761 ], [ -6.3411572, 53.2880471 ], [ -6.3396197, 53.2883026 ], [ -6.3392774, 53.288384 ], [ -6.3389669, 53.2885399 ], [ -6.338969313527706, 53.288543029160017 ], [ -6.339176, 53.288811 ], [ -6.3394138, 53.2893106 ], [ -6.3396501, 53.2895543 ], [ -6.3398382, 53.2896321 ], [ -6.3402635, 53.2896904 ], [ -6.3408264, 53.2897027 ], [ -6.3429472, 53.2894665 ], [ -6.3432079, 53.2903235 ], [ -6.3433319, 53.2908012 ], [ -6.3433697, 53.2911345 ], [ -6.3432934, 53.2916603 ], [ -6.3429626, 53.2925643 ], [ -6.3422348, 53.2942194 ], [ -6.3420764, 53.2944535 ], [ -6.3418723, 53.2947189 ], [ -6.3410019, 53.2955112 ], [ -6.3408429, 53.2957187 ], [ -6.3406799, 53.2960386 ], [ -6.3406471, 53.2962051 ], [ -6.3406469, 53.2965033 ], [ -6.3406669, 53.2966032 ], [ -6.3407654, 53.2968733 ], [ -6.3408967, 53.2970635 ], [ -6.3411163, 53.2972766 ], [ -6.3414492, 53.297515 ], [ -6.3432467, 53.2982772 ], [ -6.3479911, 53.3002155 ], [ -6.3487995, 53.3005303 ], [ -6.3494447, 53.3007284 ], [ -6.3501528, 53.3008967 ], [ -6.3522455, 53.3012943 ], [ -6.3519018, 53.301687200000011 ], [ -6.351718268610956, 53.302005182303461 ], [ -6.3515988, 53.3023019 ], [ -6.3515007, 53.3028067 ], [ -6.3514341, 53.3030212 ], [ -6.3512215, 53.3034321 ], [ -6.3510253, 53.3036762 ], [ -6.3507734, 53.3039412 ], [ -6.3496153, 53.3050048 ], [ -6.3487667, 53.3057161 ], [ -6.3482939, 53.306361 ], [ -6.3479219, 53.306969 ], [ -6.347261, 53.3077304 ], [ -6.3470431, 53.3079399 ], [ -6.3464052, 53.3083329 ], [ -6.3459505, 53.3086546 ], [ -6.3456613, 53.3090093 ], [ -6.3455517, 53.3092249 ], [ -6.3454021, 53.3099189 ], [ -6.3453251, 53.3101234 ], [ -6.3450366, 53.3104238 ], [ -6.34452, 53.310785 ], [ -6.3438562, 53.3110606 ], [ -6.34356, 53.3112153 ], [ -6.3428353, 53.3121783 ], [ -6.3419861, 53.3129702 ], [ -6.3396117, 53.3140541 ], [ -6.3385556, 53.3144304 ], [ -6.3372585, 53.3149585 ], [ -6.3353475, 53.3153646 ], [ -6.3350932, 53.3154411 ], [ -6.3346981, 53.3156084 ], [ -6.3342584, 53.3158877 ], [ -6.334004, 53.3161013 ], [ -6.3336037, 53.3165268 ], [ -6.3330476, 53.317354 ], [ -6.3326503, 53.3179881 ], [ -6.3323354, 53.3188202 ], [ -6.3321103, 53.3192116 ], [ -6.3313885, 53.3203737 ], [ -6.3308432, 53.321312 ], [ -6.3307025, 53.3214732 ], [ -6.3282724, 53.3236857 ], [ -6.3273307, 53.3241592 ], [ -6.3240652, 53.324575 ], [ -6.322853, 53.3246882 ], [ -6.3210354, 53.3248343 ], [ -6.3185597, 53.324957 ], [ -6.3178524, 53.3250841 ], [ -6.317412, 53.3252143 ], [ -6.3159249, 53.3260104 ], [ -6.3154701, 53.3261916 ], [ -6.3149256, 53.3263449 ], [ -6.3138704, 53.326589 ], [ -6.3026796, 53.3290115 ], [ -6.2986856, 53.329922899999985 ], [ -6.2981895, 53.3301329 ] ], [ [ -6.271803019867336, 53.342966310998072 ], [ -6.2717919, 53.3428581 ], [ -6.2719153, 53.3427511 ], [ -6.2722071, 53.3421002 ], [ -6.2722524, 53.3401359 ], [ -6.2726908, 53.3390636 ], [ -6.27283808553073, 53.338978678017355 ], [ -6.2728378, 53.3389786 ], [ -6.2733736, 53.339125 ], [ -6.2747397, 53.3393866 ], [ -6.2749707, 53.3391386 ], [ -6.2751176, 53.3390491 ], [ -6.2753174, 53.3389762 ], [ -6.2756472, 53.3389196 ], [ -6.2772969, 53.3388555 ], [ -6.2778357, 53.3388105 ], [ -6.2787004, 53.3387942 ], [ -6.2791689, 53.3387412 ], [ -6.2796613, 53.3385945 ], [ -6.2806387, 53.3383438 ], [ -6.281844, 53.3381902 ], [ -6.2827133, 53.3380955 ], [ -6.2838979, 53.337912 ], [ -6.2844901, 53.3377887 ], [ -6.2852549, 53.3376004 ], [ -6.2857483, 53.3374497 ], [ -6.2864773, 53.337195 ], [ -6.2872518, 53.3368534 ], [ -6.2879694, 53.3365192 ], [ -6.2888319, 53.336051 ], [ -6.2890534, 53.3358882 ], [ -6.2892963, 53.3356751 ], [ -6.2894668, 53.3354692 ], [ -6.2895481, 53.3353398 ], [ -6.2899281, 53.3345876 ], [ -6.2900578, 53.334389 ], [ -6.2902238, 53.3342529 ], [ -6.2907191, 53.3339604 ], [ -6.291875958910588, 53.333136661944025 ], [ -6.293448, 53.3320652 ], [ -6.2938475, 53.3318592 ], [ -6.2962448, 53.3309167 ], [ -6.2981895, 53.3301329 ] ], [ [ -6.2720865, 53.3449816 ], [ -6.272079604546092, 53.344829387793737 ], [ -6.271932214026496, 53.344438854532726 ], [ -6.271811663138553, 53.344195244699513 ], [ -6.271803019867337, 53.342966310998072 ] ], [ [ -6.2298176, 53.3643593 ], [ -6.2305584, 53.3643355 ], [ -6.2309918, 53.3642942 ], [ -6.2318186, 53.364153 ], [ -6.2330918, 53.3638421 ], [ -6.2359122, 53.3629931 ], [ -6.2364135, 53.36277410000001 ], [ -6.2370715, 53.362276799999989 ], [ -6.2376588, 53.3617555 ], [ -6.2390322, 53.3606157 ], [ -6.2400422, 53.3596846 ], [ -6.2406299, 53.3591117 ], [ -6.2411673, 53.3586285 ], [ -6.242178, 53.3579009 ], [ -6.2439701, 53.3567252 ], [ -6.2454358, 53.3557265 ], [ -6.2461809, 53.355159 ], [ -6.2466905, 53.354701499999983 ], [ -6.2482417, 53.3532579 ], [ -6.2492873, 53.352375 ], [ -6.2497187, 53.3518856 ], [ -6.2500633, 53.3513668 ], [ -6.2508236, 53.3501081 ], [ -6.2510792, 53.3497427 ], [ -6.2513645, 53.3495185 ], [ -6.251475, 53.349289 ], [ -6.2515086, 53.3491631 ], [ -6.2515101, 53.3488274 ], [ -6.2514889, 53.3487639 ], [ -6.2514753, 53.3486348 ], [ -6.251544789676332, 53.348302794823454 ], [ -6.2517484, 53.3476298 ], [ -6.2518394, 53.3474856 ], [ -6.2518627, 53.3474638 ], [ -6.2519482, 53.3474143 ], [ -6.252021, 53.3473996 ], [ -6.2523711, 53.3474042 ], [ -6.2546525, 53.3474788 ], [ -6.2549998, 53.3474793 ], [ -6.2551697, 53.3474819 ], [ -6.2559632, 53.3474902 ], [ -6.2563669, 53.3474614 ], [ -6.2570619, 53.34736430000001 ], [ -6.2572232, 53.3473354 ], [ -6.2573289, 53.3473126 ], [ -6.2579048, 53.3472074 ], [ -6.258907943161416, 53.346983220797789 ], [ -6.2590596, 53.346945199999979 ], [ -6.2607335, 53.346557399999988 ], [ -6.2618852, 53.3462881 ], [ -6.2625499, 53.3461483 ], [ -6.2629556, 53.3460563 ], [ -6.2634759, 53.3459631 ], [ -6.2650575, 53.3457101 ], [ -6.2674313, 53.3453625 ], [ -6.2676306, 53.3453413 ], [ -6.2676306, 53.3453413 ], [ -6.2676306, 53.3453413 ], [ -6.2676306, 53.3453413 ], [ -6.2676306, 53.3453413 ], [ -6.2676306, 53.3453413 ], [ -6.2676306, 53.3453413 ], [ -6.2676306, 53.3453413 ], [ -6.2676306, 53.3453413 ], [ -6.2676306, 53.3453413 ], [ -6.2676306, 53.3453413 ], [ -6.2676306, 53.3453413 ], [ -6.2699886, 53.3451298 ], [ -6.271889098471259, 53.344990600111963 ], [ -6.2720865, 53.3449816 ], [ -6.2720865, 53.3449816 ], [ -6.2720865, 53.3449816 ], [ -6.2720865, 53.3449816 ], [ -6.2720865, 53.3449816 ], [ -6.2720865, 53.3449816 ], [ -6.2721661, 53.345492 ], [ -6.2722095, 53.3455759 ], [ -6.271657, 53.3456123 ], [ -6.2711315, 53.3456621 ], [ -6.2707329, 53.3457175 ], [ -6.2698187, 53.3458366 ], [ -6.2690483, 53.3459463 ], [ -6.2680916, 53.3460682 ], [ -6.2678881, 53.3460812 ], [ -6.2668561, 53.3461542 ], [ -6.2657034, 53.3462557 ], [ -6.2651481, 53.3463085 ], [ -6.2643329, 53.346394599999989 ], [ -6.2632694, 53.3466111 ], [ -6.2610363, 53.3471379 ], [ -6.260058584901054, 53.347353911534192 ], [ -6.259268284901054, 53.347556311534184 ], [ -6.2583905, 53.3477594 ], [ -6.2576656, 53.3479096 ], [ -6.2571345, 53.3480031 ], [ -6.2557574, 53.3482121 ], [ -6.254944819013811, 53.348279731708558 ], [ -6.254944700141579, 53.348279741602383 ], [ -6.254944750987478, 53.348279695758883 ], [ -6.254944697845595, 53.34827970017195 ], [ -6.254944697845595, 53.34827970017195 ], [ -6.254944668967894, 53.348279702476823 ], [ -6.254946, 53.3486617 ], [ -6.254945999998964, 53.348661700003717 ], [ -6.254637, 53.3490672 ], [ -6.2545394, 53.349138 ], [ -6.254395, 53.349195 ], [ -6.2535621, 53.349394499999981 ], [ -6.253385937434611, 53.349422813886655 ], [ -6.2532535, 53.3494441 ], [ -6.2529822, 53.349466 ], [ -6.2526202, 53.3494521 ], [ -6.2523156, 53.349402799999986 ], [ -6.2520576, 53.3493852 ], [ -6.2518069, 53.3493947 ], [ -6.2515118, 53.349457 ], [ -6.2513645, 53.3495185 ] ], [ [ -6.2472016, 53.3931295 ], [ -6.2466112, 53.393097599999983 ], [ -6.2464233, 53.3930238 ], [ -6.2461429, 53.3930418 ], [ -6.2459587, 53.3931082 ], [ -6.2455178, 53.3950106 ], [ -6.2454, 53.3956082 ], [ -6.2452807, 53.396236 ], [ -6.2452462, 53.396772899999988 ], [ -6.245064, 53.3973188 ], [ -6.2442764, 53.3982965 ], [ -6.2438872, 53.3984905 ], [ -6.2408701, 53.397967799999989 ], [ -6.2397823, 53.3976975 ], [ -6.2374844, 53.3970764 ], [ -6.2362588, 53.3970488 ], [ -6.234920759377334, 53.39713012774952 ], [ -6.2306024, 53.3974752 ], [ -6.2276289, 53.3977548 ], [ -6.2264305, 53.3978166 ], [ -6.2239303, 53.3978188 ], [ -6.2239721, 53.3976211 ], [ -6.2242671, 53.396892 ], [ -6.2246909, 53.3961182 ], [ -6.2258112, 53.3945089 ], [ -6.224781, 53.3941075 ], [ -6.2237626, 53.393776299999971 ], [ -6.2227151, 53.3934785 ], [ -6.2216213, 53.3932092 ], [ -6.222353, 53.3921174 ], [ -6.2224667, 53.392055 ], [ -6.222948, 53.3920684 ], [ -6.223793, 53.3921236 ], [ -6.2239944, 53.3921628 ], [ -6.2242155, 53.3922951 ], [ -6.2242741, 53.3923462 ], [ -6.2244951, 53.392435699999986 ], [ -6.2255798, 53.3924847 ], [ -6.2257047, 53.39246959999997 ], [ -6.2258993, 53.392349599999982 ], [ -6.226051926875573, 53.391832375026631 ], [ -6.2260628, 53.3915259 ], [ -6.2259086, 53.391427 ], [ -6.2254097, 53.3914089 ], [ -6.2252584, 53.3913466 ], [ -6.2251716, 53.3905791 ], [ -6.2249834, 53.3903159 ], [ -6.2246526, 53.3900906 ], [ -6.2245006, 53.390156 ], [ -6.2242667, 53.390171 ], [ -6.2240835, 53.3901603 ], [ -6.223994626713432, 53.390138653369782 ], [ -6.2239263, 53.3900913 ], [ -6.2239381, 53.3900375 ], [ -6.2240261, 53.3899785 ], [ -6.2241324, 53.3899661 ], [ -6.224514, 53.3899848 ], [ -6.2246258, 53.390000299999983 ], [ -6.2246988, 53.3900419 ], [ -6.2246526, 53.3900906 ] ], [ [ -6.2151203, 53.386938399999984 ], [ -6.2147111, 53.3868614 ], [ -6.2142268, 53.3868468 ], [ -6.2132929, 53.3870007 ], [ -6.2128292, 53.387012799999987 ], [ -6.2122234, 53.3869764 ], [ -6.211705, 53.3868921 ], [ -6.2102662, 53.386562299999987 ], [ -6.2099679, 53.3863987 ], [ -6.2064667, 53.3839003 ], [ -6.2056665, 53.3833091 ], [ -6.20531527273252, 53.382976822071768 ], [ -6.2055133, 53.3829361 ], [ -6.2062368, 53.3827194 ], [ -6.2066547, 53.3825525 ], [ -6.2071648, 53.382267 ], [ -6.20748, 53.3820444 ], [ -6.2089901, 53.3808551 ], [ -6.2097378, 53.380295 ], [ -6.2099629, 53.3801446 ], [ -6.2111193, 53.3794637 ], [ -6.2122777, 53.378827299999983 ], [ -6.2127798, 53.3785797 ], [ -6.2131872, 53.378415399999987 ], [ -6.2141135, 53.3780799 ], [ -6.2145596, 53.3778982 ], [ -6.2148518, 53.3777296 ], [ -6.2153418, 53.3773956 ], [ -6.216217, 53.3768452 ], [ -6.2180995, 53.3758794 ], [ -6.218782, 53.3754956 ], [ -6.2199037, 53.3745121 ], [ -6.2203594, 53.3739673 ], [ -6.2208849, 53.3735563 ], [ -6.2214925, 53.3731575 ], [ -6.222582606054277, 53.372120808076559 ], [ -6.224755520788282, 53.369921396587337 ], [ -6.225705059514699, 53.369009982771743 ], [ -6.2263526, 53.368501199999976 ], [ -6.2273532, 53.3678049 ], [ -6.2277239, 53.3674803 ], [ -6.2278836, 53.3673136 ], [ -6.2288907, 53.3658899 ], [ -6.229060902939383, 53.365553481785597 ], [ -6.2292127, 53.3651874 ], [ -6.2292855, 53.3648599 ], [ -6.2294875, 53.364615 ], [ -6.2298176, 53.3643593 ] ], [ [ -6.2246988, 53.3900419 ], [ -6.2248018, 53.3899083 ], [ -6.2248884, 53.3894414 ], [ -6.2249808, 53.3892894 ], [ -6.225212581097219, 53.389126723651906 ], [ -6.2253463, 53.3890504 ], [ -6.2258861, 53.3888569 ], [ -6.2267233, 53.3885301 ], [ -6.2272009, 53.3882907 ], [ -6.2272814, 53.3882337 ], [ -6.2289671, 53.386046 ], [ -6.2290237, 53.3856809 ], [ -6.2280699, 53.3856307 ], [ -6.2273459, 53.3855725 ], [ -6.2261375, 53.385429 ], [ -6.2256545, 53.3853538 ], [ -6.2246613, 53.3851626 ], [ -6.223951, 53.3850101 ], [ -6.2232217, 53.384878 ], [ -6.2218863, 53.3846637 ], [ -6.2208819, 53.3845372 ], [ -6.219889, 53.3844406 ], [ -6.2166981, 53.3842509 ], [ -6.2164261, 53.3843008 ], [ -6.216338, 53.3844422 ], [ -6.2160834, 53.385611 ], [ -6.215943, 53.3859037 ], [ -6.2151203, 53.3869384 ] ] ] } },
{ "type": "Feature", "properties": { "id": null, "route no": "23" }, "geometry": { "type": "MultiLineString", "coordinates": [ [ [ -6.2570994, 53.336516299999971 ], [ -6.2573294, 53.3363769 ], [ -6.2575382, 53.3363332 ], [ -6.2581718, 53.3364326 ], [ -6.262582706344005, 53.337585053544849 ], [ -6.2657909, 53.3376182 ] ], [ [ -6.2536281, 53.3381471 ], [ -6.2536947, 53.3381017 ], [ -6.2540681, 53.3376077 ], [ -6.254085, 53.3375941 ], [ -6.2541648, 53.3375845 ], [ -6.2552727, 53.3378708 ], [ -6.2558594, 53.3380021 ], [ -6.2558594, 53.3380021 ], [ -6.2558594, 53.3380021 ], [ -6.2558594, 53.3380021 ], [ -6.2558594, 53.3380021 ], [ -6.2554331, 53.3385455 ], [ -6.2552923, 53.3385857 ], [ -6.2536281, 53.3381471 ], [ -6.253528, 53.3382176 ], [ -6.2533336, 53.3384113 ], [ -6.253265, 53.338487 ], [ -6.2528592, 53.3389226 ], [ -6.2520462, 53.3397594 ], [ -6.2507508, 53.3411673 ] ] ] } },
{ "type": "Feature", "properties": { "id": null, "route no": "L21" }, "geometry": { "type": "MultiLineString", "coordinates": [ [ [ -6.1360238, 53.292276099999988 ], [ -6.1362853, 53.2923602 ], [ -6.1372516, 53.2928217 ], [ -6.1417544, 53.2947197 ], [ -6.1420451, 53.2948321 ], [ -6.1423292, 53.2948882 ], [ -6.1426713, 53.2949207 ], [ -6.1426395, 53.295744899999988 ], [ -6.142601, 53.2958552 ], [ -6.1424823, 53.295948 ], [ -6.1422514, 53.2960386 ], [ -6.1417017, 53.2961987 ], [ -6.1411378, 53.296218 ], [ -6.139934509599969, 53.296179060712447 ], [ -6.1360295, 53.2952587 ], [ -6.1350104, 53.2948388 ], [ -6.1338685, 53.2944457 ], [ -6.134504, 53.2937815 ], [ -6.1351263, 53.2931837 ], [ -6.1360238, 53.292276099999988 ], [ -6.1346089, 53.2916537 ], [ -6.1313677, 53.2902698 ], [ -6.1295981, 53.289458 ], [ -6.1268945, 53.28829480000001 ], [ -6.1252854, 53.2875674 ], [ -6.1250709, 53.2875028 ], [ -6.1219606, 53.2868536 ], [ -6.1215863, 53.2867312 ], [ -6.1206177, 53.2862647 ], [ -6.12051, 53.2862236 ], [ -6.120232, 53.2861582 ], [ -6.1195641, 53.2860904 ], [ -6.1181633, 53.2860729 ], [ -6.1168044, 53.2860336 ], [ -6.1155606, 53.2859314 ], [ -6.1119886, 53.2855915 ], [ -6.1111004, 53.2854798 ], [ -6.1093576, 53.2850475 ], [ -6.1088449, 53.2848691 ], [ -6.1087113, 53.2847797 ], [ -6.1083606, 53.2844907 ], [ -6.1080566, 53.2843035 ], [ -6.1073432, 53.283961 ], [ -6.1071526, 53.2838495 ], [ -6.1068931, 53.283506599999988 ], [ -6.1068304, 53.2831883 ], [ -6.1068051, 53.2828801 ], [ -6.1070267, 53.281543299999989 ], [ -6.1072063, 53.2806702 ], [ -6.1070938, 53.2801536 ], [ -6.1069158, 53.2794518 ], [ -6.1069411, 53.2789808 ], [ -6.106972, 53.2787019 ], [ -6.107022, 53.278514199999989 ], [ -6.1070461, 53.2782362 ], [ -6.1070743, 53.278124 ], [ -6.1077848, 53.2781936 ], [ -6.1083851, 53.2782036 ], [ -6.108836, 53.2781568 ], [ -6.1111747, 53.2776802 ], [ -6.1117612, 53.2775147 ], [ -6.1134775, 53.2772339 ], [ -6.1137538, 53.277216599999988 ], [ -6.1164812, 53.2774147 ], [ -6.1170617, 53.2773901 ], [ -6.1173411, 53.2773952 ], [ -6.1175361, 53.2773776 ], [ -6.1178149, 53.2773121 ], [ -6.1186134, 53.2770571 ], [ -6.1205307, 53.2766103 ], [ -6.1209027, 53.2765055 ], [ -6.1210809, 53.2764133 ], [ -6.1221239, 53.2757936 ], [ -6.1225133, 53.2754132 ], [ -6.1241373, 53.273496599999987 ], [ -6.1241967, 53.2734109 ], [ -6.1244531, 53.2731838 ], [ -6.1246824, 53.2730229 ], [ -6.1251298, 53.2728088 ], [ -6.1266472, 53.2722449 ], [ -6.1276795, 53.2718106 ], [ -6.1289462, 53.2712159 ], [ -6.1293101, 53.2710289 ], [ -6.1296604, 53.2708244 ], [ -6.1301511, 53.2703727 ], [ -6.1303333, 53.2701689 ], [ -6.1280615, 53.2693873 ], [ -6.1263753, 53.2689364 ], [ -6.1262565, 53.2690128 ], [ -6.1260086, 53.2691356 ], [ -6.1256471, 53.2692706 ], [ -6.1249653, 53.2694124 ], [ -6.1246523, 53.269504 ], [ -6.1227568, 53.2701757 ], [ -6.122611, 53.270247399999988 ], [ -6.1215096, 53.270984699999985 ], [ -6.1213847, 53.2711097 ], [ -6.1211476, 53.2712194 ], [ -6.1207348, 53.27129 ], [ -6.1206575, 53.27115 ], [ -6.1205529, 53.27104820000001 ], [ -6.1204107, 53.2709512 ], [ -6.1201471, 53.270825299999984 ], [ -6.1196025, 53.2706438 ], [ -6.1190161, 53.2705204 ], [ -6.1162527, 53.2700656 ], [ -6.1144813, 53.2697529 ], [ -6.114611759443734, 53.269329327029766 ], [ -6.1146788, 53.2690611 ], [ -6.1146671, 53.2689942 ], [ -6.1146214, 53.2689365 ], [ -6.1143681, 53.2687325 ], [ -6.1143343, 53.2686302 ], [ -6.1143275, 53.2685755 ], [ -6.1143997, 53.2683106 ], [ -6.1144083, 53.2680663 ], [ -6.1144941, 53.267799 ], [ -6.1149552, 53.2672202 ], [ -6.1150631, 53.2670043 ], [ -6.1152116, 53.2665986 ], [ -6.1153409, 53.266123899999982 ], [ -6.1153675, 53.265887 ], [ -6.1153796, 53.265700599999988 ], [ -6.1153595, 53.265537799999983 ], [ -6.1149884, 53.2649759 ], [ -6.114935, 53.2647997 ] ], [ [ -6.1077848, 53.2781936 ], [ -6.1078097, 53.2784622 ], [ -6.1077852, 53.2785097 ], [ -6.1077329, 53.2785512 ], [ -6.10765, 53.2785793 ], [ -6.1075209, 53.2785854 ], [ -6.107291, 53.278555299999987 ], [ -6.1071666, 53.278559399999985 ], [ -6.1070883, 53.2785761 ], [ -6.1070164, 53.2786335 ], [ -6.106972, 53.2787019 ] ] ] } },
{ "type": "Feature", "properties": { "id": null, "route no": "L33" }, "geometry": { "type": "MultiLineString", "coordinates": [ [ [ -6.2403679, 53.2239012 ], [ -6.2401064, 53.2238131 ], [ -6.2388987, 53.2232189 ], [ -6.237834, 53.222736099999985 ], [ -6.2370601, 53.2224193 ], [ -6.236147, 53.222148699999984 ], [ -6.2314075, 53.220604399999985 ], [ -6.2308106, 53.2204482 ], [ -6.2299572, 53.2202891 ], [ -6.2295243, 53.2202315 ], [ -6.2283165, 53.2201876 ], [ -6.2281432, 53.2202152 ], [ -6.2262395, 53.2207556 ], [ -6.2257962, 53.2209094 ], [ -6.2253885, 53.2210808 ], [ -6.2246278, 53.221316 ], [ -6.2243654, 53.2213788 ], [ -6.2239608, 53.221436 ], [ -6.2215025, 53.2214949 ], [ -6.2196012, 53.2214935 ], [ -6.2198565, 53.2222665 ], [ -6.219878, 53.2224121 ], [ -6.2198369, 53.2226357 ], [ -6.2198397, 53.2228414 ], [ -6.2198669, 53.2229669 ], [ -6.220145, 53.223752 ], [ -6.220403, 53.2246119 ], [ -6.2205529, 53.2259225 ], [ -6.2205487, 53.2261019 ], [ -6.220619, 53.2263603 ], [ -6.2210983, 53.2274128 ], [ -6.2212735, 53.2279141 ], [ -6.2213074, 53.2280733 ], [ -6.221264, 53.2284788 ], [ -6.2210877, 53.2294159 ], [ -6.2210724, 53.2297778 ], [ -6.2209373, 53.2304807 ], [ -6.2209993, 53.2310799 ], [ -6.2210536, 53.231451599999986 ], [ -6.2211324, 53.2317881 ], [ -6.2214353, 53.2323002 ], [ -6.2215706, 53.2324554 ], [ -6.221725, 53.232718 ], [ -6.2217924, 53.2331611 ], [ -6.2217474, 53.2332677 ], [ -6.2213089, 53.233767 ], [ -6.2211695, 53.2339788 ], [ -6.2211708, 53.2341739 ], [ -6.2213201, 53.234773099999984 ], [ -6.2215827, 53.2352525 ], [ -6.2217426, 53.2355901 ], [ -6.2217841, 53.236179 ], [ -6.2218216, 53.2363752 ], [ -6.2220158, 53.2369038 ], [ -6.22203, 53.2375481 ], [ -6.2221963, 53.2381935 ], [ -6.222268, 53.2387403 ], [ -6.222326, 53.2389813 ], [ -6.2225497, 53.239477 ], [ -6.2220728, 53.2409872 ], [ -6.2220689, 53.2411691 ], [ -6.2221651, 53.2415822 ], [ -6.2223018, 53.2420406 ], [ -6.2223367, 53.2424365 ], [ -6.2221952, 53.2427759 ], [ -6.2220205, 53.242923499999989 ], [ -6.221921, 53.2429865 ], [ -6.221528, 53.2431896 ], [ -6.2213844, 53.2433853 ], [ -6.2213564, 53.243602 ], [ -6.2213511, 53.243918599999979 ], [ -6.2214325, 53.2442365 ], [ -6.2215775, 53.2444954 ], [ -6.2216127, 53.2445874 ], [ -6.2216142, 53.2446827 ], [ -6.2215365, 53.2448029 ], [ -6.2213441, 53.2448698 ], [ -6.2210194, 53.2449258 ], [ -6.2202988, 53.2449341 ], [ -6.2200054, 53.2449579 ], [ -6.2200007, 53.2450339 ], [ -6.2199483, 53.2450744 ], [ -6.2189741, 53.2455763 ], [ -6.2188615, 53.2456672 ], [ -6.2187614, 53.2462142 ], [ -6.2188502, 53.2464468 ], [ -6.2190593, 53.2467014 ], [ -6.2194884, 53.2471581 ], [ -6.2207484, 53.2482545 ], [ -6.2219309, 53.2497318 ], [ -6.2231888, 53.2509661 ], [ -6.224333, 53.2519829 ], [ -6.2246504, 53.2521684 ], [ -6.224935, 53.2522642 ], [ -6.2252118, 53.2523342 ], [ -6.2263166, 53.2525275 ], [ -6.2267032, 53.2525816 ], [ -6.2268746, 53.2525821 ], [ -6.2276259, 53.252515 ], [ -6.2280765, 53.2525624 ], [ -6.2284874, 53.252633 ], [ -6.2286431, 53.2526865 ], [ -6.2287867, 53.2527682 ], [ -6.2291, 53.2530076 ], [ -6.2292326, 53.253086 ], [ -6.2296227, 53.2532549 ], [ -6.2298863, 53.253403 ], [ -6.2301542, 53.2535998 ], [ -6.2304183, 53.2539088 ], [ -6.2307863, 53.2542324 ], [ -6.2309496, 53.2544038 ], [ -6.2315281, 53.2551466 ], [ -6.2316469, 53.255329 ], [ -6.2317135, 53.255507 ], [ -6.2317266, 53.2557863 ], [ -6.2318129, 53.2560522 ], [ -6.2322394, 53.2567352 ], [ -6.2322998, 53.2569219 ], [ -6.2323258, 53.2572234 ], [ -6.2323177, 53.2573797 ], [ -6.2322399, 53.2576424 ], [ -6.2322386, 53.2577173 ], [ -6.2322742, 53.2578168 ], [ -6.2323905, 53.2579973 ], [ -6.2324367, 53.2581133 ], [ -6.2324234, 53.2582003 ], [ -6.2322849, 53.2586247 ], [ -6.2321651, 53.2587843 ], [ -6.2319828, 53.2590716 ], [ -6.2318444, 53.2594674 ], [ -6.2318168, 53.2596375 ], [ -6.2318797, 53.2597559 ], [ -6.2321884, 53.2600141 ], [ -6.2326716, 53.2605398 ], [ -6.2329834, 53.2609651 ], [ -6.2331992, 53.2611823 ], [ -6.2334445, 53.2613422 ], [ -6.2338199, 53.2614509 ], [ -6.2343788, 53.261648 ], [ -6.2352373, 53.2618678 ], [ -6.23643, 53.2623669 ], [ -6.2370989, 53.2626901 ], [ -6.2376032, 53.2629577 ], [ -6.238053, 53.2631334 ], [ -6.2393482, 53.2635531 ], [ -6.2398921, 53.2638052 ], [ -6.240055, 53.2639278 ], [ -6.2402118, 53.2641244 ], [ -6.2404018, 53.264322 ], [ -6.2406738, 53.2645079 ], [ -6.2408075, 53.2646379 ], [ -6.2408863, 53.2647778 ], [ -6.240876, 53.2648342 ], [ -6.2408411, 53.2649037 ] ], [ [ -6.2408411, 53.2649037 ], [ -6.2404687, 53.2648396 ], [ -6.2400888, 53.2647999 ], [ -6.2395334, 53.2647891 ], [ -6.2391812, 53.2648123 ], [ -6.2388409, 53.2648533 ], [ -6.2385339, 53.2649105 ], [ -6.2382386, 53.2649873 ], [ -6.2374674, 53.2652609 ], [ -6.2369949, 53.2653986 ], [ -6.2365819, 53.2654712 ], [ -6.2361909, 53.2655023 ], [ -6.2357412, 53.265503199999984 ], [ -6.2350242, 53.2654767 ], [ -6.2309212, 53.265278 ], [ -6.2298491, 53.2652573 ], [ -6.229353, 53.265270399999984 ], [ -6.2291524, 53.2652918 ], [ -6.2291809, 53.2664647 ], [ -6.2291796, 53.2674058 ], [ -6.2292029, 53.2680665 ], [ -6.2292337, 53.2683211 ], [ -6.2292339, 53.2685946 ], [ -6.2291856, 53.2688739 ], [ -6.2291271, 53.2690885 ], [ -6.2288346, 53.2699298 ], [ -6.2286182, 53.270654399999977 ], [ -6.2284968, 53.2713043 ] ], [ [ -6.2382291, 53.285593299999988 ], [ -6.2378971, 53.2851811 ], [ -6.2370179, 53.2844411 ], [ -6.2367778, 53.2842228 ], [ -6.2366027, 53.2841301 ], [ -6.2363941, 53.2840503 ], [ -6.2359454, 53.2839237 ], [ -6.2351136, 53.283749 ], [ -6.2347747, 53.2836333 ], [ -6.2345631, 53.2835227 ], [ -6.234236, 53.2832841 ], [ -6.2340184, 53.283039199999983 ], [ -6.2334852, 53.2820209 ], [ -6.2333755, 53.2818576 ], [ -6.233171, 53.2816324 ], [ -6.232515, 53.2810203 ], [ -6.2323736, 53.2808553 ], [ -6.2322368, 53.2806459 ], [ -6.2321195, 53.2804116 ], [ -6.2317219, 53.2792592 ], [ -6.2315783, 53.2788735 ], [ -6.2313995, 53.2784606 ], [ -6.2313299, 53.2782128 ], [ -6.2312394, 53.2780275 ], [ -6.2311334, 53.2778619 ], [ -6.2309381, 53.277637 ], [ -6.230289, 53.277121 ], [ -6.2298759, 53.27669 ], [ -6.2296415, 53.2763362 ], [ -6.2295535, 53.2761511 ], [ -6.2295136, 53.2760079 ], [ -6.2294567, 53.2756152 ] ], [ [ -6.2294567, 53.2756152 ], [ -6.2293974, 53.2752584 ], [ -6.2291318, 53.2740044 ], [ -6.2290246, 53.2737111 ], [ -6.2288748, 53.2734286 ], [ -6.2286813, 53.2729609 ], [ -6.2285367, 53.272415 ], [ -6.228496749742401, 53.271956828063125 ], [ -6.2284853, 53.2714453 ], [ -6.2284968, 53.271304299999983 ] ], [ [ -6.2291524, 53.2652918 ], [ -6.2291524, 53.2652918 ] ], [ [ -6.2463835, 53.2927184 ], [ -6.2466044, 53.2923574 ], [ -6.2470472, 53.2917885 ], [ -6.2471361, 53.2915764 ], [ -6.2471567, 53.2912657 ], [ -6.2470728, 53.2909731 ], [ -6.2468748, 53.2906828 ], [ -6.2456341, 53.2895626 ], [ -6.2452104, 53.2891324 ], [ -6.2444488, 53.2882098 ], [ -6.2440463, 53.2877648 ], [ -6.2432547, 53.2869309 ], [ -6.2417896, 53.2856185 ], [ -6.2415252, 53.2854235 ], [ -6.2404008, 53.2850066 ], [ -6.2394257, 53.2850792 ], [ -6.2382291, 53.2855933 ], [ -6.2388844, 53.2863437 ], [ -6.2392772, 53.2867328 ], [ -6.2397097, 53.2870167 ], [ -6.2401463, 53.2872716 ], [ -6.240712, 53.2876782 ], [ -6.2414324, 53.2880342 ], [ -6.2418984, 53.2882335 ], [ -6.2424132, 53.2883847 ], [ -6.242748, 53.288567 ], [ -6.242938, 53.2887111 ], [ -6.2432955, 53.2890532 ], [ -6.2435649, 53.2894421 ], [ -6.2437481, 53.2896102 ], [ -6.2439932, 53.2898007 ], [ -6.2444851, 53.2901068 ], [ -6.2448435, 53.2903784 ], [ -6.2453736, 53.2909219 ], [ -6.2455588, 53.2912472 ], [ -6.2456338, 53.2915447 ], [ -6.2457336, 53.2920427 ], [ -6.2459099, 53.292151 ], [ -6.2458181, 53.2922417 ], [ -6.2457766, 53.2923311 ], [ -6.2457667, 53.29255 ], [ -6.24578, 53.2926257 ], [ -6.2458264, 53.2926552 ], [ -6.2458916, 53.2926692 ], [ -6.2463835, 53.2927184 ] ] ] } },
{ "type": "Feature", "properties": { "id": null, "route no": "L13" }, "geometry": { "type": "MultiLineString", "coordinates": [ [ [ -6.2075164, 53.2891045 ], [ -6.2066058, 53.2891867 ], [ -6.206132, 53.2891751 ], [ -6.2057999, 53.2891164 ], [ -6.2053569, 53.2890013 ], [ -6.2050053, 53.2888586 ], [ -6.204279, 53.2885146 ], [ -6.2038118, 53.2883166 ], [ -6.2035376, 53.2882326 ], [ -6.2031573, 53.2881488 ], [ -6.2027465, 53.288102599999988 ], [ -6.2023769, 53.2880935 ], [ -6.2020481, 53.2881135 ], [ -6.2011599, 53.2882521 ], [ -6.1982335, 53.2888927 ], [ -6.1968411, 53.2890511 ], [ -6.1961909, 53.2891751 ], [ -6.1954235, 53.2894465 ], [ -6.1957507, 53.2897376 ], [ -6.1963195, 53.29019 ], [ -6.2018424, 53.2935155 ], [ -6.2024809, 53.2940873 ], [ -6.2028921, 53.2945118 ], [ -6.2034107, 53.2951957 ], [ -6.2035759, 53.2954887 ], [ -6.2038111, 53.2961117 ], [ -6.2038968, 53.2964265 ], [ -6.2040149, 53.2972226 ], [ -6.2041281, 53.297617 ], [ -6.2043182, 53.2981021 ], [ -6.2060123, 53.301235 ], [ -6.2062271, 53.3015695 ], [ -6.2065623, 53.3020182 ], [ -6.2070592, 53.3025408 ], [ -6.207477, 53.3029238 ], [ -6.2078118, 53.3032056 ], [ -6.2084783, 53.3036995 ], [ -6.2112327, 53.3055652 ], [ -6.2125873, 53.3065166 ], [ -6.217676497456408, 53.309360550509822 ], [ -6.2195242, 53.3103613 ], [ -6.220042, 53.3107948 ], [ -6.2204578, 53.3113106 ], [ -6.2215913, 53.3127739 ], [ -6.2217915, 53.3130016 ], [ -6.2221697, 53.3133465 ], [ -6.2224426, 53.313567 ], [ -6.2227648, 53.3137653 ], [ -6.2223648, 53.3139842 ], [ -6.2214103, 53.3144403 ], [ -6.2145688, 53.3181504 ], [ -6.2142649, 53.3182556 ], [ -6.2126103, 53.318601 ], [ -6.2124087, 53.3187192 ], [ -6.2135029, 53.3193096 ], [ -6.215479877269092, 53.320456691482761 ], [ -6.2122055, 53.320690499999984 ], [ -6.2121041, 53.3207252 ], [ -6.2118206, 53.3208928 ], [ -6.2105741, 53.3219632 ], [ -6.2106716, 53.3220132 ], [ -6.211439, 53.32286460000001 ], [ -6.2119789, 53.3234921 ], [ -6.2120139, 53.3235449 ], [ -6.2123136, 53.3243155 ], [ -6.212577, 53.3248482 ], [ -6.2126852, 53.3249869 ], [ -6.2135084, 53.325706799999985 ], [ -6.214421, 53.3264542 ], [ -6.2145587, 53.3266334 ], [ -6.2146523, 53.3269041 ], [ -6.2146656, 53.3270083 ], [ -6.2146308, 53.3283187 ], [ -6.2145972, 53.3283927 ], [ -6.2142158, 53.328668 ], [ -6.2141843, 53.3287791 ], [ -6.2142406, 53.3289121 ], [ -6.2143248, 53.3290105 ], [ -6.2144869, 53.3291354 ], [ -6.215071, 53.329487 ], [ -6.2152681, 53.3296882 ], [ -6.2157192, 53.3305362 ], [ -6.2158038, 53.3307839 ], [ -6.2158212, 53.3308885 ], [ -6.215821, 53.331445799999983 ], [ -6.2157785, 53.3320356 ], [ -6.2157288, 53.3321283 ], [ -6.2154997, 53.3323185 ], [ -6.2154905, 53.3324173 ], [ -6.2157914, 53.3326688 ], [ -6.2164569, 53.3331757 ], [ -6.2176005, 53.3339619 ], [ -6.2195978, 53.3353907 ], [ -6.2199346, 53.3355618 ], [ -6.2204395, 53.3357736 ], [ -6.2205998, 53.3358187 ], [ -6.2213122, 53.335967599999989 ], [ -6.2216176, 53.3360184 ], [ -6.2219103, 53.3360247 ], [ -6.222054, 53.3360835 ], [ -6.222093, 53.3361475 ], [ -6.222307, 53.337234099999989 ], [ -6.2225102, 53.3379353 ], [ -6.2226853, 53.3382619 ], [ -6.2231171, 53.338783899999989 ], [ -6.2231779, 53.3389657 ], [ -6.2233262, 53.3395859 ], [ -6.2234228, 53.3397672 ], [ -6.2236775, 53.340006 ], [ -6.2238136, 53.3400979 ], [ -6.2242155, 53.3403231 ], [ -6.2246231, 53.3405223 ], [ -6.2256822, 53.3411412 ], [ -6.225856, 53.34126 ], [ -6.2262243, 53.341615599999983 ], [ -6.2263955, 53.3417506 ], [ -6.226503, 53.3418004 ], [ -6.2267426, 53.341864099999988 ], [ -6.2269696, 53.3418531 ], [ -6.227571, 53.3417709 ], [ -6.2310122, 53.3415113 ], [ -6.2314177, 53.3415125 ], [ -6.2330748, 53.3417288 ] ], [ [ -6.2143181, 53.2530219 ], [ -6.2143206, 53.253217 ], [ -6.2142603, 53.253615 ], [ -6.2142884, 53.2537418 ], [ -6.2144054, 53.2540219 ], [ -6.2145383, 53.2542198 ], [ -6.2153536, 53.2552308 ], [ -6.2155108, 53.2554714 ], [ -6.2156062, 53.255731 ], [ -6.2156334, 53.2558964 ], [ -6.2156373, 53.2560454 ], [ -6.2156123, 53.2562486 ], [ -6.2155658, 53.2564155 ], [ -6.2154547, 53.2566416 ], [ -6.2153807, 53.256758199999986 ], [ -6.2150551, 53.2570969 ], [ -6.2147643, 53.2573173 ], [ -6.2136514, 53.2579184 ], [ -6.2133019, 53.2581221 ], [ -6.2131081, 53.2582897 ], [ -6.2127944, 53.2587104 ], [ -6.2124685, 53.2589563 ], [ -6.2119431, 53.2592856 ], [ -6.2115945, 53.259546799999988 ], [ -6.2111392, 53.2601565 ], [ -6.2110322, 53.260267 ], [ -6.2107864, 53.2604713 ], [ -6.2106858, 53.2605937 ], [ -6.2106421, 53.2606779 ], [ -6.2106319, 53.2608284 ], [ -6.210721976165845, 53.26110713004477 ], [ -6.2107934, 53.2612834 ], [ -6.211043, 53.2616998 ], [ -6.2111984, 53.261918799999989 ], [ -6.2115414, 53.2622917 ], [ -6.2117522, 53.2625644 ], [ -6.2119505, 53.262845399999989 ], [ -6.2122051, 53.2633125 ], [ -6.2123897, 53.2635513 ], [ -6.212747516124367, 53.263891299702543 ], [ -6.2133217, 53.2643091 ], [ -6.2138155, 53.264758 ], [ -6.2142047, 53.2650652 ], [ -6.2145364, 53.2652983 ], [ -6.2149108, 53.265522 ], [ -6.2153402, 53.2657162 ], [ -6.2183879, 53.266974499999989 ], [ -6.2191779, 53.267322900000011 ], [ -6.2197285, 53.2676138 ], [ -6.2200994, 53.2678984 ], [ -6.2202153, 53.2680302 ], [ -6.2199799, 53.2681437 ], [ -6.2198129, 53.2682933 ], [ -6.219627, 53.2686084 ], [ -6.2194797, 53.2687795 ], [ -6.2192112, 53.2689611 ], [ -6.218912, 53.2691228 ], [ -6.2185012, 53.2693181 ], [ -6.2182103, 53.2694387 ], [ -6.2176891, 53.2696082 ], [ -6.2170987, 53.269755799999984 ], [ -6.2163522, 53.2699023 ], [ -6.2155509, 53.2700312 ], [ -6.2148317, 53.2700828 ], [ -6.2142627, 53.2700819 ], [ -6.213211, 53.2700011 ], [ -6.2125363, 53.2698636 ], [ -6.2122361, 53.2697818 ], [ -6.2116797, 53.2697372 ], [ -6.211512573681669, 53.269984309550289 ], [ -6.2111773, 53.270402099999984 ], [ -6.2105583, 53.2709153 ], [ -6.2101206, 53.2712028 ], [ -6.2093976, 53.271327399999983 ], [ -6.2039513, 53.272135 ], [ -6.2039738, 53.272245 ], [ -6.2042019, 53.2728736 ], [ -6.2043701, 53.27305470000001 ], [ -6.2044675, 53.2732393 ], [ -6.2045002, 53.273502199999989 ], [ -6.2044757, 53.273622 ], [ -6.2043825, 53.2738093 ], [ -6.2042248, 53.2740344 ], [ -6.2069017, 53.2750102 ], [ -6.2087096, 53.2755983 ], [ -6.2082998, 53.276056 ], [ -6.2070858, 53.277356 ], [ -6.2065655, 53.2779625 ], [ -6.2077124, 53.2782641 ], [ -6.2109842, 53.2792608 ], [ -6.2106153, 53.2798786 ], [ -6.209578, 53.2813851 ], [ -6.2093817, 53.281699299999985 ], [ -6.2092041, 53.282088 ], [ -6.2091197, 53.2824376 ], [ -6.2090273, 53.2848327 ], [ -6.2089503, 53.2850261 ], [ -6.2087866, 53.2853266 ], [ -6.2083971, 53.286281700000011 ], [ -6.208017, 53.2872728 ], [ -6.2077502, 53.2878751 ], [ -6.207415, 53.2887314 ], [ -6.2075164, 53.2891045 ] ], [ [ -6.1934589, 53.2356791 ], [ -6.1937774, 53.2358677 ], [ -6.1938947, 53.2359682 ], [ -6.1941587, 53.2363649 ], [ -6.1942758, 53.236484 ], [ -6.1945829, 53.2367378 ], [ -6.1947069, 53.236872 ], [ -6.1949255, 53.2371678 ], [ -6.1952808, 53.2375811 ], [ -6.1956757, 53.2379874 ], [ -6.1958286, 53.2383123 ], [ -6.1963016, 53.2391726 ], [ -6.1963743, 53.2394562 ], [ -6.1963835, 53.2397392 ], [ -6.1964061, 53.2398716 ], [ -6.1964837, 53.240035 ], [ -6.1966686, 53.2402795 ], [ -6.1969062, 53.2406802 ], [ -6.1971491, 53.2409962 ], [ -6.1973204, 53.2411609 ], [ -6.1974886, 53.2412752 ], [ -6.198064, 53.2415684 ], [ -6.1982124, 53.2416757 ], [ -6.1984758, 53.2419758 ], [ -6.1986527, 53.2422559 ], [ -6.1987718, 53.2424741 ], [ -6.1988192, 53.2426396 ], [ -6.1988197, 53.2428935 ], [ -6.1988846, 53.2430848 ], [ -6.1991175, 53.243478 ], [ -6.1992013, 53.2436719 ], [ -6.1992219, 53.2437876 ], [ -6.1992164, 53.2438772 ], [ -6.1990302, 53.2442578 ], [ -6.1990133, 53.244482 ], [ -6.1990878, 53.2446839 ], [ -6.1993366, 53.2450205 ], [ -6.1993964, 53.245155 ], [ -6.1993819, 53.2452115 ], [ -6.1992335, 53.2453942 ], [ -6.1998463, 53.2456426 ], [ -6.2007227, 53.2460645 ], [ -6.2019671, 53.2466278 ], [ -6.2027478, 53.2469067 ], [ -6.2033513, 53.2472549 ], [ -6.2038149, 53.247709 ], [ -6.2048929, 53.248323 ], [ -6.2052875, 53.24866 ], [ -6.2062301, 53.2491324 ], [ -6.2106436, 53.2507723 ], [ -6.2113037, 53.2512395 ], [ -6.2122816, 53.2517753 ], [ -6.213145, 53.2525183 ], [ -6.2135089, 53.2526867 ], [ -6.2139523, 53.2528094 ], [ -6.2143181, 53.2530219 ] ], [ [ -6.2065655, 53.2779625 ], [ -6.2055215, 53.2776482 ], [ -6.2051507, 53.2775132 ], [ -6.2049493, 53.277415499999989 ], [ -6.2044867, 53.2771589 ], [ -6.2041088, 53.2768599 ], [ -6.2037851, 53.2765045 ], [ -6.2035921, 53.2761755 ], [ -6.203515, 53.275922199999989 ], [ -6.2034747, 53.2755315 ], [ -6.2035327, 53.2751144 ], [ -6.2037022, 53.2746899 ], [ -6.2039003, 53.2743995 ], [ -6.2042248, 53.2740344 ] ] ] } },
{ "type": "Feature", "properties": { "id": null, "route no": "P11" }, "geometry": { "type": "MultiLineString", "coordinates": [ [ [ -6.2227648, 53.3137653 ], [ -6.2224426, 53.313567 ], [ -6.2221697, 53.3133465 ], [ -6.2217915, 53.3130016 ], [ -6.2215913, 53.3127739 ], [ -6.2209923, 53.3120082 ], [ -6.2204578, 53.3113106 ], [ -6.220042, 53.3107948 ], [ -6.2195242, 53.3103613 ], [ -6.217676497456408, 53.309360550509822 ], [ -6.2125873, 53.3065166 ], [ -6.2112327, 53.3055652 ], [ -6.2094746, 53.3043742 ], [ -6.2084783, 53.3036995 ], [ -6.2078118, 53.3032056 ], [ -6.207477, 53.3029238 ], [ -6.2073057, 53.3027647 ], [ -6.2070592, 53.3025408 ], [ -6.2065623, 53.3020182 ], [ -6.2063866, 53.3017963 ], [ -6.2062271, 53.3015695 ], [ -6.2060123, 53.301235 ], [ -6.2053814, 53.3000604 ], [ -6.2050023, 53.2993665 ], [ -6.2043182, 53.2981021 ], [ -6.2042108, 53.2978295 ], [ -6.2041281, 53.297617 ], [ -6.2040149, 53.2972226 ], [ -6.2039367, 53.2966986 ], [ -6.2038968, 53.2964265 ], [ -6.2038111, 53.2961117 ], [ -6.2035759, 53.2954887 ], [ -6.2034107, 53.2951957 ], [ -6.2028921, 53.2945118 ], [ -6.2024809, 53.2940873 ], [ -6.2021811, 53.293804 ], [ -6.2018424, 53.2935155 ], [ -6.2012261, 53.2931396 ], [ -6.1986749, 53.2915946 ], [ -6.1966399, 53.2903893 ], [ -6.1963195, 53.29019 ], [ -6.1957507, 53.2897376 ], [ -6.1954235, 53.2894465 ], [ -6.1946567, 53.2896756 ], [ -6.1940082, 53.2898592 ], [ -6.1917548, 53.2903825 ], [ -6.1910807, 53.2905273 ], [ -6.1908928, 53.2905641 ], [ -6.1905737, 53.2906327 ], [ -6.1900336, 53.2907023 ], [ -6.1893143, 53.2907027 ], [ -6.1886907, 53.2906264 ], [ -6.1883178, 53.2905574 ], [ -6.1878132, 53.290417 ], [ -6.1871154, 53.2901671 ], [ -6.1859073, 53.2896917 ], [ -6.1853223, 53.2894774 ], [ -6.184827, 53.289339 ], [ -6.1843204, 53.2892394 ], [ -6.1836176, 53.2891346 ], [ -6.1830683, 53.2890705 ], [ -6.1826795, 53.2890518 ], [ -6.1806017, 53.2890412 ], [ -6.1794822, 53.2890339 ], [ -6.178867, 53.2891137 ], [ -6.1784189, 53.2891853 ], [ -6.1775232, 53.2893199 ], [ -6.1766869, 53.289357299999985 ], [ -6.1758523, 53.2893254 ], [ -6.1754042, 53.2892827 ], [ -6.1748023, 53.2891661 ], [ -6.1744682, 53.2890887 ], [ -6.1739031, 53.2889052 ], [ -6.171585, 53.2879923 ], [ -6.1712823, 53.2878089 ], [ -6.1705245, 53.28728730000001 ], [ -6.1685068, 53.2864432 ], [ -6.1679733, 53.2863225 ], [ -6.1678615, 53.2863131 ], [ -6.1676245, 53.286323 ], [ -6.1673196, 53.2863556 ], [ -6.1666037, 53.2864505 ], [ -6.1662203, 53.2864282 ], [ -6.1648374, 53.2862088 ], [ -6.1635182, 53.285991499999987 ], [ -6.1627811, 53.285879199999989 ], [ -6.1618951, 53.2858004 ], [ -6.161161, 53.2857197 ], [ -6.1605813, 53.2852529 ], [ -6.1604302, 53.2849504 ], [ -6.1600582, 53.284468 ], [ -6.1596986, 53.284013699999988 ], [ -6.1594311, 53.2835817 ], [ -6.158642, 53.2819747 ], [ -6.1583492, 53.2815606 ], [ -6.1581765, 53.2812016 ], [ -6.158077, 53.2808307 ], [ -6.1579969, 53.280311 ], [ -6.1579512, 53.2801031 ], [ -6.1578671, 53.279927 ], [ -6.1576886, 53.279792 ], [ -6.1571214, 53.2794296 ], [ -6.1557989, 53.2786083 ], [ -6.1524884, 53.2765684 ], [ -6.1490404, 53.2744648 ], [ -6.1460506, 53.2726485 ], [ -6.1445033, 53.2717275 ], [ -6.1424685, 53.27051 ], [ -6.1410909, 53.2697091 ], [ -6.1396431, 53.268833 ], [ -6.1372616, 53.2674863 ], [ -6.1356083, 53.2666587 ], [ -6.1353096, 53.266586799999985 ] ], [ [ -6.1349526, 53.2662533 ], [ -6.134783, 53.2657667 ], [ -6.1344261, 53.2654669 ], [ -6.133816, 53.2650659 ], [ -6.1336448, 53.2649555 ], [ -6.1339252, 53.2648308 ], [ -6.1348582, 53.2645784 ], [ -6.1357321, 53.2643502 ], [ -6.1359384, 53.2642368 ], [ -6.1360729, 53.2641156 ], [ -6.1362537, 53.2638777 ], [ -6.1366686, 53.263317 ], [ -6.1373106, 53.262448199999987 ], [ -6.1378708, 53.261763 ], [ -6.1381788, 53.2613863 ], [ -6.1382827, 53.2612214 ], [ -6.1383727, 53.2609936 ], [ -6.138535, 53.260504799999985 ], [ -6.138563, 53.2603385 ], [ -6.1385468, 53.260085 ], [ -6.1384911, 53.259862 ], [ -6.1382823, 53.2593557 ], [ -6.1382159, 53.2591927 ], [ -6.1377555, 53.2586073 ], [ -6.1374215, 53.2582677 ], [ -6.1362625, 53.2572809 ], [ -6.1354731, 53.2566173 ], [ -6.1344455, 53.255748 ], [ -6.1338618, 53.2553587 ], [ -6.1332325, 53.2550953 ], [ -6.1321688, 53.2547445 ], [ -6.1314016, 53.2544999 ], [ -6.1306715, 53.254319 ], [ -6.1304655, 53.2542675 ], [ -6.1315596, 53.252719 ], [ -6.1325737, 53.251488 ], [ -6.1326322, 53.2514197 ], [ -6.1321487, 53.2512481 ], [ -6.1318868, 53.2512072 ], [ -6.1317049, 53.2512352 ], [ -6.1303027, 53.2515801 ], [ -6.1298835, 53.2516766 ], [ -6.1294172, 53.2517619 ], [ -6.1283635, 53.2518852 ], [ -6.128035, 53.2519176 ], [ -6.1264628, 53.2520469 ], [ -6.1250669, 53.2521988 ], [ -6.123955, 53.2523048 ], [ -6.1234613, 53.251494799999989 ], [ -6.1232226, 53.2510678 ], [ -6.1231855, 53.2509655 ], [ -6.1231626, 53.2508601 ], [ -6.1231796, 53.2505616 ], [ -6.1232434, 53.2499888 ], [ -6.1232983, 53.2496158 ], [ -6.1233486, 53.2491069 ], [ -6.1233588, 53.2489548 ], [ -6.1233081, 53.2485854 ], [ -6.1232098, 53.2479492 ], [ -6.1231482, 53.2476107 ], [ -6.1231185, 53.2473952 ], [ -6.1230703, 53.2471651 ], [ -6.122761, 53.2465661 ], [ -6.1221952, 53.2457454 ], [ -6.1216214, 53.2447419 ], [ -6.1214146, 53.244605199999988 ], [ -6.1213297, 53.2443964 ], [ -6.1216999, 53.2437773 ], [ -6.1217195, 53.2435569 ], [ -6.1216507, 53.2431733 ], [ -6.1216932, 53.2426827 ], [ -6.1216342, 53.2419802 ], [ -6.1216988, 53.241792 ], [ -6.1223619, 53.2408351 ], [ -6.1224738, 53.2405482 ], [ -6.1224369, 53.2402125 ], [ -6.1224883, 53.2400968 ], [ -6.122742, 53.2398837 ], [ -6.12285, 53.23971610000001 ], [ -6.1229278, 53.2394054 ], [ -6.1229406, 53.2391336 ], [ -6.1229995, 53.2380662 ], [ -6.1230556, 53.2371402 ], [ -6.1229063, 53.2358272 ], [ -6.1228154, 53.235504 ], [ -6.1228103, 53.23532070000001 ], [ -6.1228952, 53.23513410000001 ], [ -6.1230944, 53.234875099999989 ], [ -6.1232328, 53.2346084 ], [ -6.1232648, 53.2344152 ], [ -6.1224718, 53.2343716 ] ] ] } },
{ "type": "Feature", "properties": { "id": null, "route no": "P12" }, "geometry": { "type": "MultiLineString", "coordinates": [ [ [ -6.2227648, 53.3137653 ], [ -6.2224426, 53.313567 ], [ -6.2221697, 53.3133465 ], [ -6.2217915, 53.3130016 ], [ -6.2215913, 53.3127739 ], [ -6.2204578, 53.3113106 ], [ -6.220042, 53.3107948 ], [ -6.2195242, 53.3103613 ], [ -6.217676497456408, 53.309360550509822 ], [ -6.2125873, 53.3065166 ], [ -6.2112327, 53.3055652 ], [ -6.2084783, 53.3036995 ], [ -6.2078118, 53.3032056 ], [ -6.207477, 53.3029238 ], [ -6.2070592, 53.3025408 ], [ -6.2065623, 53.3020182 ], [ -6.2062271, 53.3015695 ], [ -6.2060123, 53.301235 ], [ -6.2043182, 53.2981021 ], [ -6.2041281, 53.297617 ], [ -6.2040149, 53.2972226 ], [ -6.2038968, 53.2964265 ], [ -6.2038111, 53.2961117 ], [ -6.2035759, 53.2954887 ], [ -6.2034107, 53.2951957 ], [ -6.2028921, 53.2945118 ], [ -6.2024809, 53.2940873 ], [ -6.2021811, 53.293804 ], [ -6.2018424, 53.2935155 ], [ -6.1986749, 53.2915946 ], [ -6.1963195, 53.29019 ], [ -6.1957507, 53.2897376 ], [ -6.1954235, 53.2894465 ], [ -6.1940082, 53.2898592 ], [ -6.1917548, 53.2903825 ], [ -6.1905737, 53.2906327 ], [ -6.1900336, 53.2907023 ], [ -6.1893143, 53.2907027 ], [ -6.1886907, 53.2906264 ], [ -6.1883178, 53.2905574 ], [ -6.1878132, 53.290417 ], [ -6.1871154, 53.2901671 ], [ -6.1859073, 53.2896917 ], [ -6.1853223, 53.2894774 ], [ -6.184827, 53.289339 ], [ -6.1843204, 53.2892394 ], [ -6.1836176, 53.2891346 ], [ -6.1830683, 53.2890705 ], [ -6.1826795, 53.2890518 ], [ -6.1794822, 53.2890339 ], [ -6.178867, 53.2891137 ], [ -6.1775232, 53.2893199 ], [ -6.1766869, 53.289357299999985 ], [ -6.1758523, 53.2893254 ], [ -6.1754042, 53.2892827 ], [ -6.1744682, 53.2890887 ], [ -6.1739031, 53.2889052 ], [ -6.171585, 53.2879923 ], [ -6.1712823, 53.2878089 ], [ -6.1705245, 53.28728730000001 ], [ -6.1685068, 53.2864432 ], [ -6.1679733, 53.2863225 ], [ -6.1678615, 53.2863131 ], [ -6.1673196, 53.2863556 ], [ -6.1666037, 53.2864505 ], [ -6.1662203, 53.2864282 ], [ -6.1627811, 53.285879199999989 ], [ -6.161161, 53.2857197 ], [ -6.1605813, 53.2852529 ], [ -6.1604302, 53.2849504 ], [ -6.1596986, 53.284013699999988 ], [ -6.1594311, 53.2835817 ], [ -6.158642, 53.2819747 ], [ -6.1583492, 53.2815606 ], [ -6.1581765, 53.2812016 ], [ -6.158077, 53.2808307 ], [ -6.1577956, 53.2808651 ], [ -6.157042, 53.2809059 ], [ -6.1568186, 53.2809423 ], [ -6.152622, 53.2817369 ], [ -6.1477909, 53.2827058 ], [ -6.1469517, 53.2830045 ], [ -6.146419796752878, 53.283239328910959 ], [ -6.1462356, 53.2835003 ], [ -6.1440502, 53.282873 ], [ -6.1419845, 53.2823403 ], [ -6.1404263, 53.2819618 ], [ -6.1400652, 53.2818531 ], [ -6.1390981, 53.2814369 ], [ -6.1379253, 53.280879 ], [ -6.1356643, 53.28008 ], [ -6.1355482, 53.280322899999987 ], [ -6.1352314, 53.2808867 ], [ -6.1332468, 53.2839155 ], [ -6.1315793, 53.2865104 ], [ -6.1295981, 53.289458 ], [ -6.1268945, 53.28829480000001 ], [ -6.1252854, 53.2875674 ], [ -6.1250709, 53.2875028 ], [ -6.1219606, 53.2868536 ], [ -6.1215863, 53.2867312 ], [ -6.1206177, 53.2862647 ], [ -6.12051, 53.2862236 ], [ -6.120232, 53.2861582 ], [ -6.1195641, 53.2860904 ], [ -6.1181633, 53.2860729 ], [ -6.1168044, 53.2860336 ], [ -6.1155606, 53.2859314 ], [ -6.1119886, 53.2855915 ], [ -6.1111004, 53.2854798 ], [ -6.1093576, 53.2850475 ], [ -6.1088449, 53.2848691 ], [ -6.1087113, 53.2847797 ], [ -6.1083606, 53.2844907 ], [ -6.1080566, 53.2843035 ], [ -6.1073432, 53.283961 ], [ -6.1071526, 53.2838495 ], [ -6.1068931, 53.283506599999988 ], [ -6.1068304, 53.2831883 ], [ -6.1068051, 53.2828801 ], [ -6.1070267, 53.281543299999989 ], [ -6.1072063, 53.2806702 ], [ -6.1070938, 53.2801536 ], [ -6.1069158, 53.2794518 ], [ -6.1069411, 53.2789808 ], [ -6.106972, 53.2787019 ], [ -6.107022, 53.278514199999989 ], [ -6.1070461, 53.2782362 ], [ -6.1070743, 53.278124 ], [ -6.1077848, 53.2781936 ], [ -6.1078097, 53.2784622 ], [ -6.1077852, 53.2785097 ], [ -6.1077329, 53.2785512 ], [ -6.10765, 53.2785793 ], [ -6.1075209, 53.2785854 ], [ -6.107291, 53.278555299999987 ], [ -6.1071666, 53.278559399999985 ], [ -6.1070883, 53.2785761 ], [ -6.1070164, 53.2786335 ], [ -6.106972, 53.2787019 ] ] ] } },
{ "type": "Feature", "properties": { "id": null, "route no": "P13" }, "geometry": { "type": "MultiLineString", "coordinates": [ [ [ -6.2075164, 53.2891045 ], [ -6.2073806, 53.2891143 ], [ -6.2068015, 53.2891735 ], [ -6.2066058, 53.2891867 ], [ -6.206132, 53.2891751 ], [ -6.2057999, 53.2891164 ], [ -6.2053569, 53.2890013 ], [ -6.2050053, 53.2888586 ], [ -6.204279, 53.2885146 ], [ -6.2038118, 53.2883166 ], [ -6.2035376, 53.2882326 ], [ -6.2034143, 53.2882009 ], [ -6.2031573, 53.2881488 ], [ -6.2027465, 53.288102599999988 ], [ -6.2023769, 53.2880935 ], [ -6.2021658, 53.288103 ], [ -6.2020481, 53.2881135 ], [ -6.2011599, 53.2882521 ], [ -6.2006738, 53.2883563 ], [ -6.1989595, 53.2887399 ], [ -6.1986334, 53.2888093 ], [ -6.1982335, 53.2888927 ], [ -6.1968411, 53.2890511 ], [ -6.1961909, 53.2891751 ], [ -6.1955888, 53.289388 ], [ -6.1954235, 53.2894465 ], [ -6.1957507, 53.2897376 ], [ -6.1963195, 53.29019 ], [ -6.1966399, 53.2903893 ], [ -6.2012261, 53.2931396 ], [ -6.2018424, 53.2935155 ], [ -6.2024809, 53.2940873 ], [ -6.2028921, 53.2945118 ], [ -6.2034107, 53.2951957 ], [ -6.2035759, 53.2954887 ], [ -6.2038111, 53.2961117 ], [ -6.2038968, 53.2964265 ], [ -6.2039367, 53.2966986 ], [ -6.2040149, 53.2972226 ], [ -6.2041281, 53.297617 ], [ -6.2042108, 53.2978295 ], [ -6.2043182, 53.2981021 ], [ -6.2050023, 53.2993665 ], [ -6.2053814, 53.3000604 ], [ -6.2060123, 53.301235 ], [ -6.2062271, 53.3015695 ], [ -6.2063866, 53.3017963 ], [ -6.2065623, 53.3020182 ], [ -6.2070592, 53.3025408 ], [ -6.2073057, 53.3027647 ], [ -6.207477, 53.3029238 ], [ -6.2078118, 53.3032056 ], [ -6.2084783, 53.3036995 ], [ -6.2094746, 53.3043742 ], [ -6.2112327, 53.3055652 ], [ -6.2125873, 53.3065166 ], [ -6.217676497456408, 53.309360550509822 ], [ -6.2195242, 53.3103613 ], [ -6.220042, 53.3107948 ], [ -6.2204578, 53.3113106 ], [ -6.2209923, 53.3120082 ], [ -6.2215913, 53.3127739 ], [ -6.2217915, 53.3130016 ], [ -6.2221697, 53.3133465 ], [ -6.2224426, 53.313567 ], [ -6.2227648, 53.3137653 ] ], [ [ -6.2143181, 53.2530219 ], [ -6.2143206, 53.253217 ], [ -6.214279, 53.2534598 ], [ -6.2142603, 53.253615 ], [ -6.2142884, 53.2537418 ], [ -6.2143349, 53.2538597 ], [ -6.2144054, 53.2540219 ], [ -6.2145383, 53.2542198 ], [ -6.2150671, 53.2548763 ], [ -6.2153536, 53.2552308 ], [ -6.2154302, 53.2553476 ], [ -6.2155108, 53.2554714 ], [ -6.2155468, 53.2555694 ], [ -6.2156062, 53.255731 ], [ -6.2156334, 53.2558964 ], [ -6.2156373, 53.2560454 ], [ -6.2156123, 53.2562486 ], [ -6.2155658, 53.2564155 ], [ -6.2154924, 53.25657 ], [ -6.2154547, 53.2566416 ], [ -6.2153807, 53.256758199999986 ], [ -6.2153058, 53.2568479 ], [ -6.2150551, 53.2570969 ], [ -6.2147643, 53.2573173 ], [ -6.2142296, 53.2576112 ], [ -6.2136514, 53.2579184 ], [ -6.2133019, 53.2581221 ], [ -6.2131081, 53.2582897 ], [ -6.2127944, 53.2587104 ], [ -6.2124685, 53.2589563 ], [ -6.2119431, 53.2592856 ], [ -6.2117936, 53.2593894 ], [ -6.2115945, 53.259546799999988 ], [ -6.2113308, 53.2599021 ], [ -6.2111392, 53.2601565 ], [ -6.2110322, 53.260267 ], [ -6.2107864, 53.2604713 ], [ -6.2106858, 53.2605937 ], [ -6.2106421, 53.2606779 ], [ -6.2106319, 53.2608284 ], [ -6.210721976165845, 53.26110713004477 ], [ -6.2107934, 53.2612834 ], [ -6.211043, 53.2616998 ], [ -6.2111984, 53.261918799999989 ], [ -6.2113886, 53.2621186 ], [ -6.2115414, 53.2622917 ], [ -6.2117522, 53.2625644 ], [ -6.2119505, 53.262845399999989 ], [ -6.2122051, 53.2633125 ], [ -6.2123897, 53.2635513 ], [ -6.212747516124367, 53.263891299702543 ], [ -6.2132056, 53.264225 ], [ -6.2133217, 53.2643091 ], [ -6.213501, 53.2644664 ], [ -6.2138155, 53.264758 ], [ -6.2142047, 53.2650652 ], [ -6.2145364, 53.2652983 ], [ -6.2149108, 53.265522 ], [ -6.2153402, 53.2657162 ], [ -6.2159428, 53.2659604 ], [ -6.216743, 53.2662979 ], [ -6.2180312, 53.266828 ], [ -6.2183879, 53.266974499999989 ], [ -6.2191779, 53.267322900000011 ], [ -6.2197285, 53.2676138 ], [ -6.2200994, 53.2678984 ], [ -6.2202153, 53.2680302 ], [ -6.2199799, 53.2681437 ], [ -6.2198129, 53.2682933 ], [ -6.2197566, 53.2683862 ], [ -6.219627, 53.2686084 ], [ -6.2194797, 53.2687795 ], [ -6.2192112, 53.2689611 ], [ -6.218912, 53.2691228 ], [ -6.2185012, 53.2693181 ], [ -6.2182103, 53.2694387 ], [ -6.2176891, 53.2696082 ], [ -6.2170987, 53.269755799999984 ], [ -6.2163522, 53.2699023 ], [ -6.2155509, 53.2700312 ], [ -6.2148317, 53.2700828 ], [ -6.2142627, 53.2700819 ], [ -6.2139283, 53.2700634 ], [ -6.213211, 53.2700011 ], [ -6.2125363, 53.2698636 ], [ -6.2122361, 53.2697818 ], [ -6.2116797, 53.2697372 ], [ -6.211512573681669, 53.269984309550289 ], [ -6.2111773, 53.270402099999984 ], [ -6.2105583, 53.2709153 ], [ -6.2101206, 53.2712028 ], [ -6.2093976, 53.271327399999983 ], [ -6.2039513, 53.272135 ], [ -6.2039738, 53.272245 ], [ -6.2041299, 53.2726996 ], [ -6.2042019, 53.2728736 ], [ -6.2043701, 53.27305470000001 ], [ -6.2044675, 53.2732393 ], [ -6.2045002, 53.273502199999989 ], [ -6.2044757, 53.273622 ], [ -6.2043825, 53.2738093 ], [ -6.2042248, 53.2740344 ], [ -6.2045681, 53.2741642 ], [ -6.2060947, 53.2747252 ], [ -6.2069017, 53.2750102 ], [ -6.2087096, 53.2755983 ], [ -6.2082998, 53.276056 ], [ -6.207676, 53.2767289 ], [ -6.2070858, 53.277356 ], [ -6.2065655, 53.2779625 ], [ -6.2077124, 53.2782641 ], [ -6.2083733, 53.278470799999987 ], [ -6.2109842, 53.2792608 ], [ -6.2106153, 53.2798786 ], [ -6.2102103, 53.2804607 ], [ -6.209578, 53.2813851 ], [ -6.2093817, 53.281699299999985 ], [ -6.2092041, 53.282088 ], [ -6.2091197, 53.2824376 ], [ -6.2090361, 53.2843858 ], [ -6.2090396, 53.2846773 ], [ -6.2090273, 53.2848327 ], [ -6.2089503, 53.2850261 ], [ -6.2087866, 53.2853266 ], [ -6.2083971, 53.286281700000011 ], [ -6.208017, 53.2872728 ], [ -6.2079647, 53.2873822 ], [ -6.2077502, 53.2878751 ], [ -6.207415, 53.2887314 ], [ -6.2075164, 53.2891045 ] ], [ [ -6.2065655, 53.2779625 ], [ -6.205986, 53.2777974 ], [ -6.2055215, 53.2776482 ], [ -6.2051507, 53.2775132 ], [ -6.2049493, 53.277415499999989 ], [ -6.2044867, 53.2771589 ], [ -6.2041088, 53.2768599 ], [ -6.2037851, 53.2765045 ], [ -6.2035921, 53.2761755 ], [ -6.203515, 53.275922199999989 ], [ -6.2034747, 53.2755315 ], [ -6.2035327, 53.2751144 ], [ -6.2037022, 53.2746899 ], [ -6.2039003, 53.2743995 ], [ -6.2042248, 53.2740344 ] ] ] } },
{ "type": "Feature", "properties": { "id": null, "route no": "80" }, "geometry": { "type": "MultiLineString", "coordinates": [ [ [ -6.2928272, 53.3479916 ], [ -6.2918851, 53.347781 ], [ -6.2910682, 53.347586299999989 ], [ -6.2908296, 53.34748 ], [ -6.2908025, 53.3473149 ], [ -6.2909225, 53.3471498 ], [ -6.2909427, 53.3470368 ], [ -6.2908281, 53.3469414 ], [ -6.2905567, 53.3468761 ], [ -6.2899837, 53.3467706 ], [ -6.2891864, 53.3466943 ], [ -6.2859795, 53.3465738 ], [ -6.2852497, 53.3465464 ], [ -6.2841411, 53.3465213 ], [ -6.2834649, 53.3464765 ], [ -6.2826595, 53.3464033 ], [ -6.2817874, 53.3463214 ], [ -6.2805081, 53.3461846 ], [ -6.278771, 53.3458231 ], [ -6.2758661, 53.3452765 ], [ -6.2760013, 53.3450832 ], [ -6.2762257, 53.3446873 ], [ -6.2763219, 53.3443879 ], [ -6.2763269, 53.3441495 ], [ -6.276217, 53.3440316 ], [ -6.2758716, 53.3437867 ], [ -6.2755042, 53.3436589 ], [ -6.2744861, 53.3433957 ], [ -6.273806, 53.3432907 ], [ -6.2723617, 53.3430219 ], [ -6.2719732, 53.3429572 ], [ -6.2717973, 53.3429543 ], [ -6.2715144, 53.3429834 ], [ -6.2710144, 53.3430421 ], [ -6.2707474, 53.3430738 ], [ -6.2705743, 53.3431117 ], [ -6.2704309, 53.3431669 ], [ -6.2703649, 53.3432018 ], [ -6.2702637, 53.343259199999984 ], [ -6.2701456, 53.3434258 ], [ -6.2700666, 53.343567299999989 ], [ -6.2700343, 53.343591399999987 ], [ -6.2699738, 53.3436179 ], [ -6.2697876, 53.34366510000001 ], [ -6.2686141, 53.3438813 ], [ -6.2678446, 53.3440409 ], [ -6.2676492, 53.3440647 ], [ -6.2672337, 53.3441129 ], [ -6.2668041, 53.344155 ], [ -6.2665451, 53.3441717 ], [ -6.2662859, 53.3441788 ], [ -6.2658996, 53.3441785 ], [ -6.2648459, 53.3441726 ], [ -6.2644509, 53.3441775 ], [ -6.2644526, 53.3438435 ], [ -6.2644007, 53.3430989 ], [ -6.2644034, 53.3430052 ], [ -6.2644369, 53.3427788 ], [ -6.2644655, 53.3426122 ], [ -6.2645185, 53.3424536 ], [ -6.2646287, 53.3422258 ], [ -6.264678, 53.3421572 ], [ -6.2647743, 53.3420481 ], [ -6.2651333, 53.3417124 ], [ -6.2653163, 53.3415661 ], [ -6.2653904, 53.3414822 ], [ -6.2654321, 53.3413598 ], [ -6.2656081, 53.3406939 ], [ -6.2658639, 53.3395894 ], [ -6.2659588, 53.3391577 ], [ -6.2661082, 53.3385366 ], [ -6.2661097, 53.3384454 ], [ -6.2660887, 53.3383958 ], [ -6.265790892332652, 53.337618173737468 ], [ -6.2654553, 53.336446 ], [ -6.2653438, 53.3361296 ], [ -6.265207, 53.3356182 ], [ -6.2652546, 53.3347258 ], [ -6.2652779, 53.3341412 ], [ -6.2652722, 53.3340684 ], [ -6.2651742, 53.333871 ], [ -6.2650526, 53.3334719 ], [ -6.2648597, 53.3325969 ], [ -6.2646709, 53.3318223 ], [ -6.2646044, 53.3314356 ], [ -6.2642964, 53.3302312 ], [ -6.264277, 53.3300779 ], [ -6.2642883, 53.3299501 ], [ -6.2653786, 53.3240348 ], [ -6.2655386, 53.323134 ], [ -6.2656268, 53.3227871 ], [ -6.2657242, 53.3221629 ], [ -6.2657928, 53.3220214 ], [ -6.2659221, 53.3218616 ], [ -6.2658281, 53.3214707 ], [ -6.2645352, 53.3192335 ], [ -6.2644077, 53.3189143 ], [ -6.2644086, 53.3184809 ], [ -6.2645072, 53.3181572 ], [ -6.2649109, 53.3174889 ], [ -6.265172, 53.3167249 ], [ -6.2652506, 53.3161737 ], [ -6.2649898, 53.3156078 ], [ -6.2637226, 53.3132558 ], [ -6.2641206, 53.3132254 ], [ -6.2652365, 53.3131312 ], [ -6.2676222, 53.3129409 ], [ -6.2709162, 53.3126779 ], [ -6.2712746, 53.3126403 ], [ -6.2727908, 53.3123163 ], [ -6.2734982, 53.3121551 ], [ -6.273678, 53.3121182 ], [ -6.2739827, 53.3121014 ], [ -6.2740978, 53.3121398 ], [ -6.2743119, 53.312026 ], [ -6.2745882, 53.3119159 ], [ -6.2745505, 53.311793 ], [ -6.2741396, 53.3112792 ], [ -6.2738867, 53.3109921 ], [ -6.2737766, 53.310726699999989 ], [ -6.2735742, 53.309989299999984 ], [ -6.2734692, 53.3098451 ], [ -6.2729137, 53.3095326 ], [ -6.2728065, 53.3094904 ], [ -6.2715657, 53.3090026 ], [ -6.2713736, 53.308901 ], [ -6.2712655, 53.308830199999989 ], [ -6.2704296, 53.3077649 ], [ -6.2700188, 53.307273699999989 ], [ -6.2698444, 53.3070793 ], [ -6.2696964, 53.3069672 ], [ -6.2695302, 53.3068762 ], [ -6.2693057, 53.3067848 ], [ -6.2678387, 53.306353499999986 ], [ -6.2673949, 53.3061735 ], [ -6.2671319, 53.3060204 ], [ -6.2663102, 53.3055005 ], [ -6.2661602, 53.305405799999988 ], [ -6.2659051, 53.3052924 ], [ -6.2654321, 53.3051471 ], [ -6.2632888, 53.304976 ], [ -6.2630361, 53.3049271 ], [ -6.2631799, 53.3047466 ], [ -6.2640362, 53.3043216 ], [ -6.2644485, 53.30420620000001 ], [ -6.2662204, 53.3037857 ], [ -6.2663883, 53.3037243 ], [ -6.2665047, 53.3036342 ], [ -6.2671893, 53.302706 ], [ -6.2672749, 53.3025275 ], [ -6.2669465, 53.3024681 ], [ -6.2666065, 53.3023656 ], [ -6.2662973, 53.3022463 ], [ -6.2658948, 53.3020544 ], [ -6.2629442, 53.30053370000001 ], [ -6.2606372, 53.2993593 ], [ -6.2602982, 53.2991535 ], [ -6.2600719, 53.2989374 ], [ -6.2599089, 53.298727899999989 ], [ -6.2597938, 53.2985167 ], [ -6.2597167, 53.29822 ], [ -6.2597247, 53.2979827 ], [ -6.2598743, 53.2971336 ], [ -6.2598552, 53.2967923 ], [ -6.2598013, 53.2966346 ], [ -6.2596456, 53.296361299999987 ], [ -6.2594469, 53.2961402 ], [ -6.2591184, 53.2959197 ], [ -6.2586603, 53.2957058 ], [ -6.2584143, 53.2956341 ], [ -6.2570708, 53.2953697 ], [ -6.2569396, 53.2953445 ], [ -6.2570647, 53.295129 ], [ -6.2571365, 53.2946915 ], [ -6.2571876, 53.294465399999986 ], [ -6.2571842, 53.2943895 ], [ -6.2572132, 53.294258599999985 ], [ -6.2572567, 53.294189 ], [ -6.2573571, 53.2936803 ], [ -6.2575684, 53.292664 ], [ -6.2576256, 53.2924159 ], [ -6.2576105, 53.2921696 ], [ -6.2575376, 53.291698 ], [ -6.2574333, 53.2913019 ], [ -6.2570353, 53.2904866 ], [ -6.2564289, 53.2893313 ], [ -6.256447, 53.288334399999989 ], [ -6.2564173, 53.287569599999983 ], [ -6.2581103, 53.28748250000001 ], [ -6.2601503, 53.287390199999983 ], [ -6.2614569, 53.2872776 ], [ -6.2628057, 53.2871032 ], [ -6.2633779, 53.287046599999975 ], [ -6.2637143, 53.2870444 ], [ -6.2654163, 53.2871711 ], [ -6.265922228628324, 53.287154283573912 ], [ -6.2662184, 53.2867845 ], [ -6.2663352, 53.286314 ], [ -6.2663673, 53.2858465 ], [ -6.2662386, 53.2851974 ], [ -6.2660569, 53.2846524 ], [ -6.2656553, 53.2841794 ], [ -6.2653318, 53.283935 ], [ -6.264681, 53.2835762 ], [ -6.2642035, 53.2833469 ], [ -6.2638657, 53.283184799999987 ], [ -6.2629906, 53.2827351 ], [ -6.2626352, 53.2824968 ], [ -6.2622961, 53.282125299999983 ], [ -6.2620979, 53.2818505 ], [ -6.2618444, 53.2812741 ], [ -6.2618027, 53.2809726 ], [ -6.2618519, 53.280645699999987 ], [ -6.2622677, 53.2789002 ], [ -6.262386792491148, 53.278575340874298 ], [ -6.2626173, 53.2781641 ], [ -6.2629619, 53.277764 ], [ -6.2633573, 53.2774279 ], [ -6.2638408, 53.2771189 ], [ -6.2648165, 53.276631 ], [ -6.2645909, 53.276460799999988 ], [ -6.263326, 53.2753858 ], [ -6.262794, 53.2749044 ], [ -6.2621323, 53.274582 ], [ -6.2612364, 53.274121 ], [ -6.2605782, 53.273803299999983 ], [ -6.2589565, 53.2731219 ], [ -6.257376031683797, 53.272563792806082 ], [ -6.2560915, 53.2722116 ], [ -6.2550122, 53.2719929 ], [ -6.2541576, 53.271863 ], [ -6.2535685, 53.2717989 ], [ -6.2513735, 53.2716945 ], [ -6.2491543, 53.2717588 ], [ -6.2454623, 53.2718755 ], [ -6.2451694, 53.271873 ] ] ] } },
{ "type": "Feature", "properties": { "id": null, "route no": "L35" }, "geometry": { "type": "MultiLineString", "coordinates": [ [ [ -6.2977816, 53.2617678 ], [ -6.2975586, 53.2621818 ], [ -6.2974125, 53.2625352 ], [ -6.2973068, 53.262774 ], [ -6.2972634, 53.2628446 ], [ -6.297128, 53.2631525 ], [ -6.2969965, 53.263583899999986 ], [ -6.2969895, 53.2636858 ], [ -6.2972233, 53.2643618 ], [ -6.297352, 53.2645997 ], [ -6.2974329, 53.2647416 ], [ -6.2974644, 53.2648666 ], [ -6.2974605, 53.265027799999984 ], [ -6.2974344, 53.265224099999983 ], [ -6.2974384, 53.2654218 ], [ -6.2974532, 53.2655537 ], [ -6.2975253, 53.2657067 ], [ -6.2981265, 53.2665237 ], [ -6.2981819, 53.2667717 ], [ -6.2981836, 53.2669733 ], [ -6.2983656, 53.2675592 ], [ -6.2984136, 53.268015 ], [ -6.2984992, 53.2682255 ], [ -6.2985649, 53.2682832 ], [ -6.2986585, 53.2684212 ], [ -6.2987001, 53.268583799999988 ], [ -6.2986101, 53.2689479 ], [ -6.298638, 53.2690317 ], [ -6.2987649, 53.2693322 ], [ -6.2990144, 53.2703421 ], [ -6.2990015, 53.2705891 ], [ -6.2989445, 53.270981 ], [ -6.2990656, 53.2717945 ], [ -6.2990424, 53.2720971 ], [ -6.2990278, 53.2722629 ], [ -6.2991066, 53.2725475 ], [ -6.2991919, 53.2728231 ], [ -6.2992293, 53.2731041 ], [ -6.2990725, 53.2735848 ], [ -6.298897818158696, 53.274118633145243 ], [ -6.298857, 53.2742515 ], [ -6.2986826, 53.274527 ], [ -6.2984481, 53.2747569 ], [ -6.2979325, 53.2751655 ], [ -6.2974687, 53.2754599 ], [ -6.2972789, 53.2757451 ], [ -6.2971423, 53.2760969 ], [ -6.2970997, 53.276364 ], [ -6.2971838, 53.276822 ], [ -6.2971535, 53.2770206 ], [ -6.2968795, 53.2777559 ], [ -6.2968572, 53.2783152 ], [ -6.2970547, 53.2786942 ], [ -6.2971714, 53.2788579 ], [ -6.2973789, 53.2790953 ], [ -6.2974448, 53.2792661 ], [ -6.2973827, 53.2798296 ], [ -6.2973679, 53.2803061 ], [ -6.2973612, 53.2805766 ], [ -6.2974279, 53.280925299999986 ], [ -6.2974598, 53.2813082 ], [ -6.2974281, 53.2818981 ], [ -6.2974233, 53.282013599999985 ], [ -6.2972115, 53.2820863 ], [ -6.2962066, 53.281935 ], [ -6.2951631, 53.2817784 ], [ -6.2942521, 53.2816481 ], [ -6.2940231, 53.2816254 ], [ -6.2935907, 53.2815968 ], [ -6.2930661, 53.2815926 ], [ -6.2918748, 53.2816426 ], [ -6.2908718, 53.28169350000001 ], [ -6.2897267, 53.2817141 ], [ -6.2886497, 53.2816974 ], [ -6.287254, 53.2816506 ], [ -6.2866684, 53.2816701 ], [ -6.2845523, 53.2817427 ], [ -6.28438, 53.2814775 ], [ -6.284323, 53.281363 ], [ -6.284251, 53.28115110000001 ], [ -6.2842338, 53.2809007 ], [ -6.2842121, 53.2799672 ], [ -6.2840857, 53.2793649 ], [ -6.284041, 53.2788955 ], [ -6.2840887, 53.278644499999984 ], [ -6.284143, 53.2784891 ], [ -6.2843367, 53.2780422 ], [ -6.2845296, 53.2779804 ], [ -6.2851397, 53.278072 ], [ -6.2854018, 53.2780838 ], [ -6.2858743, 53.278088 ], [ -6.2865258, 53.2780257 ], [ -6.2878283, 53.2777974 ], [ -6.2882637, 53.2777859 ], [ -6.289309, 53.2778211 ], [ -6.2895087, 53.2778263 ], [ -6.2896722, 53.2778295 ] ], [ [ -6.2845523, 53.2817427 ], [ -6.2831641, 53.2817028 ], [ -6.2823491, 53.281686899999983 ], [ -6.2812347, 53.2816546 ], [ -6.2799784, 53.281617 ], [ -6.2785384, 53.2815416 ], [ -6.277773, 53.2814343 ], [ -6.2766358, 53.2811836 ], [ -6.2700564, 53.279182 ], [ -6.268592, 53.2786794 ], [ -6.2676255, 53.2782705 ], [ -6.2666596, 53.277794099999987 ], [ -6.2657419, 53.2772656 ], [ -6.2648165, 53.276631 ], [ -6.2638408, 53.2771189 ], [ -6.2633573, 53.2774279 ], [ -6.2629619, 53.277764 ], [ -6.2626173, 53.2781641 ], [ -6.262386792491148, 53.278575340874298 ], [ -6.2622677, 53.2789002 ], [ -6.2618519, 53.280645699999987 ], [ -6.2618027, 53.2809726 ], [ -6.2618444, 53.2812741 ], [ -6.2620979, 53.2818505 ], [ -6.2622961, 53.282125299999983 ], [ -6.2626352, 53.2824968 ], [ -6.2629906, 53.2827351 ], [ -6.2638657, 53.2831848 ], [ -6.2642035, 53.2833469 ], [ -6.264681, 53.2835762 ], [ -6.2653318, 53.283935 ], [ -6.2656553, 53.2841794 ], [ -6.2660569, 53.2846524 ], [ -6.2662386, 53.2851974 ], [ -6.2663673, 53.2858465 ], [ -6.2663352, 53.286314 ], [ -6.2662184, 53.2867845 ], [ -6.2660222, 53.2875572 ], [ -6.2659986, 53.2877319 ], [ -6.2660352, 53.287954099999986 ], [ -6.2661864, 53.2881662 ], [ -6.2664707, 53.2883682 ], [ -6.2667254, 53.288478199999986 ], [ -6.2669571, 53.288540199999979 ], [ -6.2678419, 53.2886246 ], [ -6.2682491, 53.2887372 ], [ -6.268604, 53.2889363 ], [ -6.2687842, 53.289118 ], [ -6.2688849, 53.2893177 ], [ -6.2689, 53.2894445 ], [ -6.268887939395338, 53.28971848051458 ], [ -6.268875972698934, 53.289990325980597 ], [ -6.2688541, 53.2904872 ], [ -6.2688241, 53.2908385 ], [ -6.268861771392084, 53.291327552367036 ], [ -6.2689118, 53.2918086 ], [ -6.2685041, 53.2917633 ], [ -6.267748, 53.2916764 ], [ -6.2675373, 53.2916547 ], [ -6.2668567, 53.291624299999988 ], [ -6.2663765, 53.2916345 ], [ -6.2659371, 53.2916982 ], [ -6.2655773, 53.2917744 ], [ -6.2648772, 53.2919852 ], [ -6.2638127, 53.2923654 ], [ -6.2622202, 53.2929196 ], [ -6.2607521, 53.2934232 ], [ -6.259115, 53.2939829 ], [ -6.2581165, 53.2943319 ], [ -6.2579125, 53.294421 ], [ -6.2577503, 53.2945042 ], [ -6.2574607, 53.2947309 ], [ -6.2573094, 53.2948852 ], [ -6.2571653, 53.2951275 ], [ -6.2569396, 53.2953445 ], [ -6.2562861, 53.2952253 ], [ -6.2559753, 53.2951693 ], [ -6.2549634, 53.2949867 ], [ -6.2519448, 53.2944397 ], [ -6.2507818, 53.2942313 ], [ -6.2480097, 53.2937364 ], [ -6.2477484, 53.2936881 ], [ -6.2475145, 53.2936381 ], [ -6.2470272, 53.293519799999984 ], [ -6.2465995, 53.2933874 ], [ -6.2461107, 53.293209 ], [ -6.2463835, 53.2927184 ] ], [ [ -6.2375077, 53.2862156 ], [ -6.2376827, 53.285981 ], [ -6.2379617, 53.2857474 ], [ -6.2382291, 53.285593299999988 ] ], [ [ -6.2463835, 53.2927184 ], [ -6.2466044, 53.2923574 ], [ -6.2470472, 53.2917885 ], [ -6.2471361, 53.2915764 ], [ -6.2471567, 53.2912657 ], [ -6.2470728, 53.2909731 ], [ -6.2468748, 53.2906828 ], [ -6.2465477, 53.2903811 ], [ -6.2459932, 53.2898947 ], [ -6.2456341, 53.2895626 ], [ -6.2452104, 53.2891324 ], [ -6.245052194715333, 53.288939212362791 ], [ -6.2444488, 53.2882098 ], [ -6.2440463, 53.2877648 ], [ -6.2432547, 53.2869309 ], [ -6.2417896, 53.2856185 ], [ -6.2415252, 53.2854235 ], [ -6.2404008, 53.2850066 ], [ -6.2399247, 53.2850427 ], [ -6.2394257, 53.2850792 ], [ -6.2386668, 53.285397 ], [ -6.2382291, 53.2855933 ], [ -6.2384214, 53.285806 ], [ -6.2388844, 53.2863437 ], [ -6.2392772, 53.2867328 ], [ -6.2397097, 53.2870167 ], [ -6.2401463, 53.2872716 ], [ -6.2405179, 53.2875422 ], [ -6.240712, 53.2876782 ], [ -6.2410344, 53.2878366 ], [ -6.2414324, 53.2880342 ], [ -6.2418984, 53.2882335 ], [ -6.2424132, 53.2883847 ], [ -6.242748, 53.288567 ], [ -6.242938, 53.2887111 ], [ -6.2432955, 53.2890532 ], [ -6.2435649, 53.2894421 ], [ -6.2437481, 53.2896102 ], [ -6.2439932, 53.2898007 ], [ -6.2442668, 53.2899641 ], [ -6.2444851, 53.2901068 ], [ -6.2448435, 53.2903784 ], [ -6.2451722, 53.2907047 ], [ -6.2453736, 53.2909219 ], [ -6.2455588, 53.2912472 ], [ -6.2456338, 53.2915447 ], [ -6.2456625, 53.291692 ], [ -6.2457053, 53.2919325 ], [ -6.2457336, 53.2920427 ], [ -6.2459099, 53.292151 ], [ -6.2458181, 53.2922417 ], [ -6.2457766, 53.2923311 ], [ -6.2457667, 53.29255 ], [ -6.24578, 53.2926257 ], [ -6.2458264, 53.2926552 ], [ -6.2458916, 53.2926692 ], [ -6.2463835, 53.2927184 ] ] ] } },
{ "type": "Feature", "properties": { "id": null, "route no": "P16" }, "geometry": { "type": "MultiLineString", "coordinates": [ [ [ -6.2896722, 53.2778295 ], [ -6.2895087, 53.2778263 ], [ -6.289309, 53.2778211 ], [ -6.2882637, 53.2777859 ], [ -6.2878283, 53.2777974 ], [ -6.2865258, 53.2780257 ], [ -6.2858743, 53.278088 ], [ -6.2854018, 53.2780838 ], [ -6.2851397, 53.278072 ], [ -6.2845296, 53.2779804 ], [ -6.2843367, 53.2780422 ], [ -6.284143, 53.2784891 ], [ -6.2840887, 53.278644499999984 ], [ -6.284041, 53.2788955 ], [ -6.2840857, 53.2793649 ], [ -6.2842121, 53.2799672 ], [ -6.2842338, 53.2809007 ], [ -6.284251, 53.28115110000001 ], [ -6.284323, 53.281363 ], [ -6.28438, 53.2814775 ], [ -6.2845523, 53.2817427 ], [ -6.2831641, 53.2817028 ], [ -6.2823491, 53.281686899999983 ], [ -6.2812347, 53.2816546 ], [ -6.2799784, 53.281617 ], [ -6.2785384, 53.2815416 ], [ -6.277773, 53.2814343 ], [ -6.2766358, 53.2811836 ], [ -6.2700564, 53.279182 ], [ -6.268592, 53.2786794 ], [ -6.2676255, 53.2782705 ], [ -6.2666596, 53.277794099999987 ], [ -6.2657419, 53.2772656 ], [ -6.2648165, 53.276631 ], [ -6.2638408, 53.2771189 ], [ -6.2633573, 53.2774279 ], [ -6.2629619, 53.277764 ], [ -6.2626173, 53.2781641 ], [ -6.262386792491148, 53.278575340874298 ], [ -6.2622677, 53.2789002 ], [ -6.2618519, 53.280645699999987 ], [ -6.2617006, 53.280723 ], [ -6.261189229723657, 53.280732262911357 ], [ -6.2602818, 53.2807487 ], [ -6.259825127026964, 53.280746096204282 ], [ -6.259355184827439, 53.28074341675174 ], [ -6.258900397391789, 53.280740823706395 ], [ -6.258335, 53.2807376 ], [ -6.2576602, 53.2807132 ], [ -6.25706, 53.2806345 ], [ -6.2565171, 53.2804814 ], [ -6.2557356, 53.2799451 ], [ -6.2553253, 53.2794621 ], [ -6.2550711, 53.2787766 ], [ -6.255065804516926, 53.278494544302575 ], [ -6.255060358825973, 53.27820448607411 ], [ -6.255054911225312, 53.27791432415767 ], [ -6.255049800041557, 53.277642079416772 ], [ -6.25504452637848, 53.277361178475296 ], [ -6.255039256534823, 53.277080479130625 ], [ -6.255033818482711, 53.276790818194236 ], [ -6.255028380430599, 53.276501155294838 ], [ -6.2550209, 53.2761027 ], [ -6.255214173063381, 53.275626845302057 ], [ -6.2554054, 53.2752834 ], [ -6.255423079786116, 53.274760593165922 ], [ -6.2554274, 53.2742087 ], [ -6.2547062, 53.2742302 ], [ -6.2539992, 53.274417 ], [ -6.253635030537607, 53.274580137532695 ], [ -6.253227430306739, 53.274762730072588 ], [ -6.25265, 53.2750214 ], [ -6.252271195676969, 53.275202353148345 ], [ -6.251905001931176, 53.27537728155157 ], [ -6.25150924452915, 53.275566331518846 ], [ -6.251104235273011, 53.27575980015299 ], [ -6.25073995531341, 53.275933812085363 ], [ -6.250351641671584, 53.276119303823904 ], [ -6.249985500771928, 53.276294203230975 ], [ -6.249599048070151, 53.276478804471189 ], [ -6.2491632, 53.276687 ], [ -6.248806207299966, 53.276854295810729 ], [ -6.248390813519378, 53.27704895902103 ], [ -6.24801221209739, 53.277226379702071 ], [ -6.247647061221155, 53.277397496473526 ], [ -6.247244353692661, 53.277586212225117 ], [ -6.246853066018578, 53.277769575636206 ], [ -6.246491212231374, 53.277939145175921 ], [ -6.246034, 53.2781534 ], [ -6.2456137, 53.2783119 ], [ -6.2451641, 53.2784509 ], [ -6.245028159863472, 53.278818805965898 ], [ -6.244925661590938, 53.27909620337217 ], [ -6.2447568, 53.2795532 ], [ -6.244616025666233, 53.280160708755041 ], [ -6.244540467956102, 53.280435871593475 ], [ -6.244457256738089, 53.280738904599836 ], [ -6.2442894, 53.2811826 ], [ -6.244187, 53.281585 ], [ -6.2438741, 53.281979 ], [ -6.2430618, 53.2828372 ], [ -6.2423309, 53.2833648 ], [ -6.2416964, 53.2837943 ], [ -6.2408467, 53.2842923 ], [ -6.2406506, 53.2844157 ], [ -6.2402054, 53.284694 ], [ -6.2398067, 53.284924099999984 ], [ -6.2394257, 53.2850792 ], [ -6.2386668, 53.285397 ], [ -6.2382291, 53.285593299999974 ] ], [ [ -6.2382291, 53.285593299999988 ], [ -6.2378971, 53.2851811 ], [ -6.2370179, 53.2844411 ], [ -6.2367778, 53.2842228 ], [ -6.2366027, 53.2841301 ], [ -6.2363941, 53.2840503 ], [ -6.2359454, 53.2839237 ], [ -6.2351136, 53.283749 ], [ -6.2349401, 53.2836967 ], [ -6.2347747, 53.2836333 ], [ -6.2345631, 53.2835227 ], [ -6.234236, 53.2832841 ], [ -6.2340184, 53.283039199999983 ], [ -6.2337902, 53.2826128 ], [ -6.2336365, 53.2823146 ], [ -6.2334852, 53.2820209 ], [ -6.2333755, 53.2818576 ], [ -6.233171, 53.2816324 ], [ -6.2327577, 53.2812504 ], [ -6.232515, 53.2810203 ], [ -6.2323736, 53.2808553 ], [ -6.2322368, 53.2806459 ], [ -6.2321195, 53.2804116 ], [ -6.2320013, 53.2800768 ], [ -6.2317219, 53.2792592 ], [ -6.2315783, 53.2788735 ], [ -6.2313995, 53.2784606 ], [ -6.2313299, 53.2782128 ], [ -6.2312394, 53.2780275 ], [ -6.2311334, 53.2778619 ], [ -6.2309381, 53.277637 ], [ -6.2307972, 53.2775198 ], [ -6.230289, 53.277121 ], [ -6.2298759, 53.27669 ], [ -6.2296415, 53.2763362 ], [ -6.2295535, 53.2761511 ], [ -6.2295136, 53.2760079 ], [ -6.2294567, 53.2756152 ] ], [ [ -6.2294567, 53.2756152 ], [ -6.2288157, 53.2756609 ], [ -6.2284806, 53.2756886 ], [ -6.2279042, 53.2757362 ], [ -6.2270748, 53.2758048 ], [ -6.2265782, 53.275845800000013 ], [ -6.225979, 53.275895299999988 ], [ -6.2255985, 53.2759268 ], [ -6.2249126, 53.2759835 ], [ -6.2244857, 53.276023 ], [ -6.224131, 53.2760605 ], [ -6.2237125, 53.2761191 ], [ -6.2233248, 53.27618 ], [ -6.2228301, 53.2762757 ], [ -6.22226, 53.2764117 ], [ -6.2217143, 53.2765549 ] ], [ [ -6.2075164, 53.2891045 ], [ -6.2073806, 53.2891143 ], [ -6.2068015, 53.2891735 ], [ -6.2066058, 53.2891867 ], [ -6.206132, 53.2891751 ], [ -6.2057999, 53.2891164 ], [ -6.2053569, 53.2890013 ], [ -6.2050053, 53.2888586 ], [ -6.204279, 53.2885146 ], [ -6.2038118, 53.2883166 ], [ -6.2035376, 53.2882326 ], [ -6.2034143, 53.2882009 ], [ -6.2031573, 53.2881488 ], [ -6.2027465, 53.288102599999988 ], [ -6.2023769, 53.2880935 ], [ -6.2021658, 53.288103 ], [ -6.2020481, 53.2881135 ], [ -6.2011599, 53.2882521 ], [ -6.2006738, 53.2883563 ], [ -6.1989595, 53.2887399 ], [ -6.1986334, 53.2888093 ], [ -6.1982335, 53.2888927 ], [ -6.1968411, 53.2890511 ], [ -6.1961909, 53.2891751 ], [ -6.1955888, 53.289388 ], [ -6.1954235, 53.2894465 ], [ -6.1957507, 53.2897376 ], [ -6.1963195, 53.29019 ], [ -6.1966399, 53.2903893 ], [ -6.2012261, 53.2931396 ], [ -6.2018424, 53.2935155 ], [ -6.2024809, 53.2940873 ], [ -6.2028921, 53.2945118 ], [ -6.2034107, 53.2951957 ], [ -6.2035759, 53.2954887 ], [ -6.2038111, 53.2961117 ], [ -6.2038968, 53.2964265 ], [ -6.2039367, 53.2966986 ], [ -6.2040149, 53.2972226 ], [ -6.2041281, 53.297617 ], [ -6.2042108, 53.2978295 ], [ -6.2043182, 53.2981021 ], [ -6.2050023, 53.2993665 ], [ -6.2053814, 53.3000604 ], [ -6.2060123, 53.301235 ], [ -6.2062271, 53.3015695 ], [ -6.2063866, 53.3017963 ], [ -6.2065623, 53.3020182 ], [ -6.2070592, 53.3025408 ], [ -6.2073057, 53.3027647 ], [ -6.207477, 53.3029238 ], [ -6.2078118, 53.3032056 ], [ -6.2084783, 53.3036995 ], [ -6.2094746, 53.3043742 ], [ -6.2112327, 53.3055652 ], [ -6.2125873, 53.3065166 ], [ -6.217676497456408, 53.309360550509822 ], [ -6.2195242, 53.3103613 ], [ -6.220042, 53.3107948 ], [ -6.2204578, 53.3113106 ], [ -6.2209923, 53.3120082 ], [ -6.2215913, 53.3127739 ], [ -6.2217915, 53.3130016 ], [ -6.2221697, 53.3133465 ], [ -6.2224426, 53.313567 ], [ -6.2227648, 53.3137653 ] ], [ [ -6.2109842, 53.2792608 ], [ -6.2106153, 53.2798786 ], [ -6.2102103, 53.2804607 ], [ -6.209578, 53.2813851 ], [ -6.2093817, 53.281699299999985 ], [ -6.2092041, 53.282088 ], [ -6.2091197, 53.2824376 ], [ -6.2090361, 53.2843858 ], [ -6.2090396, 53.2846773 ], [ -6.2090273, 53.2848327 ], [ -6.2089503, 53.2850261 ], [ -6.2087866, 53.2853266 ], [ -6.2083971, 53.286281700000011 ], [ -6.208017, 53.2872728 ], [ -6.2079647, 53.2873822 ], [ -6.2077502, 53.2878751 ], [ -6.207415, 53.2887314 ], [ -6.2075164, 53.2891045 ] ] ] } },
{ "type": "Feature", "properties": { "id": null, "route no": "P18" }, "geometry": { "type": "MultiLineString", "coordinates": [ [ [ -6.2896722, 53.2778295 ], [ -6.2895087, 53.2778263 ], [ -6.289309, 53.2778211 ], [ -6.2882637, 53.2777859 ], [ -6.2878283, 53.2777974 ], [ -6.2865258, 53.2780257 ], [ -6.2858743, 53.278088 ], [ -6.2854018, 53.2780838 ], [ -6.2851397, 53.278072 ], [ -6.2845296, 53.2779804 ], [ -6.2843367, 53.2780422 ], [ -6.284143, 53.2784891 ], [ -6.2840887, 53.278644499999984 ], [ -6.284041, 53.2788955 ], [ -6.2840857, 53.2793649 ], [ -6.2842121, 53.2799672 ], [ -6.2842338, 53.2809007 ], [ -6.284251, 53.28115110000001 ], [ -6.284323, 53.281363 ], [ -6.28438, 53.2814775 ], [ -6.2845523, 53.2817427 ], [ -6.2866684, 53.2816701 ], [ -6.287254, 53.2816506 ], [ -6.2886497, 53.2816974 ], [ -6.2897267, 53.2817141 ], [ -6.2908718, 53.28169350000001 ], [ -6.2918748, 53.2816426 ], [ -6.2930661, 53.2815926 ], [ -6.2935907, 53.2815968 ], [ -6.2940231, 53.2816254 ], [ -6.2942521, 53.2816481 ], [ -6.2951631, 53.2817784 ], [ -6.2962066, 53.281935 ], [ -6.2972115, 53.2820863 ], [ -6.2973385, 53.2822167 ], [ -6.2969526, 53.282686899999987 ], [ -6.2962733, 53.2833187 ], [ -6.2960844, 53.2835253 ], [ -6.2957705, 53.2838754 ], [ -6.2955275, 53.2842841 ], [ -6.2954537, 53.2844215 ], [ -6.2953272, 53.2846452 ], [ -6.2951568, 53.2848994 ], [ -6.2950512, 53.2850276 ], [ -6.2947926, 53.2852758 ], [ -6.294283, 53.2856692 ], [ -6.2934643, 53.2862483 ], [ -6.2933337, 53.2863265 ] ], [ [ -6.2933337, 53.2863265 ], [ -6.2921648, 53.2870307 ], [ -6.2917776, 53.2872899 ], [ -6.2915153, 53.2875265 ], [ -6.291174, 53.2880395 ], [ -6.2907347, 53.2888012 ], [ -6.2903078, 53.2898013 ], [ -6.2899258, 53.2906212 ], [ -6.2896609, 53.2910819 ], [ -6.2893683, 53.291548400000011 ], [ -6.2889391, 53.2921622 ], [ -6.2888017, 53.2923214 ], [ -6.2885682, 53.292506 ], [ -6.2878558, 53.293039899999989 ], [ -6.2876603, 53.293279 ], [ -6.2871435, 53.2947923 ], [ -6.2870083, 53.295047200000013 ], [ -6.2867217, 53.2953586 ], [ -6.2865198, 53.295505 ], [ -6.2857183, 53.2958718 ], [ -6.2853022, 53.2961034 ], [ -6.2849821, 53.2963896 ], [ -6.2846094, 53.2966805 ], [ -6.2848867, 53.2972029 ], [ -6.2848375, 53.2977013 ] ] ] } },
{ "type": "Feature", "properties": { "id": null, "route no": "X47" }, "geometry": { "type": "MultiLineString", "coordinates": [ [ [ -6.369599, 53.2697262 ], [ -6.3701132, 53.2701329 ], [ -6.3702681, 53.270226899999983 ], [ -6.3705134, 53.2703614 ], [ -6.3707344, 53.2704652 ], [ -6.3714062, 53.270755799999982 ], [ -6.3715829, 53.2708526 ], [ -6.3718477, 53.27101050000001 ], [ -6.3720828, 53.2711831 ], [ -6.3723313, 53.2713974 ], [ -6.3724612, 53.2715783 ], [ -6.3725989, 53.2717191 ], [ -6.3727714, 53.2719907 ], [ -6.3728901, 53.2723611 ], [ -6.3729282, 53.2727234 ], [ -6.3728981, 53.2729936 ], [ -6.3727833, 53.273562799999986 ], [ -6.3727748, 53.2739312 ], [ -6.3728094, 53.274207 ], [ -6.3728765, 53.2744743 ], [ -6.3729826, 53.2747536 ], [ -6.373149, 53.2750942 ], [ -6.3734321, 53.2756098 ], [ -6.3735771, 53.27592880000001 ], [ -6.3736285, 53.2760943 ], [ -6.3736772, 53.276367499999985 ], [ -6.3736856, 53.2766469 ], [ -6.3736895, 53.2769496 ], [ -6.3734891, 53.2770387 ] ], [ [ -6.3734891, 53.2770387 ], [ -6.3676089, 53.2769013 ], [ -6.3616525, 53.2766769 ], [ -6.3602993, 53.2766357 ], [ -6.3583946, 53.2765648 ], [ -6.3583046, 53.2765625 ], [ -6.358087, 53.2765906 ], [ -6.3575102, 53.2767892 ], [ -6.3569628, 53.2769806 ], [ -6.357232, 53.277219 ], [ -6.3575441, 53.277526 ], [ -6.3578226, 53.2778442 ], [ -6.3579027, 53.2779865 ], [ -6.3580588, 53.2784541 ], [ -6.3582687, 53.2791367 ], [ -6.3586293, 53.2803079 ], [ -6.3576009, 53.2804449 ], [ -6.3558074, 53.2806449 ], [ -6.3547372, 53.2807708 ], [ -6.3528918, 53.281112 ], [ -6.3519546, 53.2812752 ], [ -6.3499405, 53.2815939 ], [ -6.3491862, 53.2818139 ], [ -6.3483797, 53.2822475 ], [ -6.3479233, 53.2825364 ], [ -6.3464366, 53.2833231 ], [ -6.3451124, 53.283957 ], [ -6.3445501, 53.2841667 ], [ -6.3440655, 53.2843306 ], [ -6.3435947, 53.284484199999987 ], [ -6.3431391, 53.284653599999984 ], [ -6.342662, 53.2848655 ], [ -6.3421242, 53.2851404 ], [ -6.3418105, 53.2853296 ], [ -6.341359066758271, 53.28561499780556 ], [ -6.3410461, 53.285849 ], [ -6.3405088, 53.286249 ], [ -6.3404788, 53.2862862 ], [ -6.3404832, 53.286331 ], [ -6.3408108, 53.2871782 ], [ -6.3409101, 53.2874761 ], [ -6.3411572, 53.2880471 ], [ -6.3396197, 53.2883026 ], [ -6.3392774, 53.288384 ], [ -6.3389669, 53.2885399 ], [ -6.338969313527706, 53.288543029160017 ], [ -6.339176, 53.288811 ], [ -6.3394138, 53.2893106 ], [ -6.3396501, 53.2895543 ], [ -6.3398382, 53.2896321 ], [ -6.3402635, 53.2896904 ], [ -6.3408264, 53.2897027 ], [ -6.3413399, 53.2896407 ], [ -6.3419878, 53.2895655 ], [ -6.3427878, 53.289482299999989 ], [ -6.3429472, 53.2894665 ], [ -6.3429842, 53.2895913 ], [ -6.3432079, 53.2903235 ], [ -6.3433319, 53.2908012 ], [ -6.3433697, 53.2911345 ], [ -6.3432934, 53.2916603 ], [ -6.3429626, 53.2925643 ], [ -6.3428723, 53.2927742 ], [ -6.3425857, 53.293434 ], [ -6.3423378, 53.29400540000001 ], [ -6.3422348, 53.2942194 ], [ -6.3420764, 53.2944535 ], [ -6.3418723, 53.2947189 ], [ -6.3415057, 53.2950593 ], [ -6.3411141, 53.2954036 ], [ -6.3410019, 53.2955112 ], [ -6.3408429, 53.2957187 ], [ -6.3406799, 53.2960386 ], [ -6.3406471, 53.2962051 ], [ -6.3406469, 53.2965033 ], [ -6.3406669, 53.2966032 ], [ -6.3407654, 53.2968733 ], [ -6.3408967, 53.2970635 ], [ -6.3411163, 53.2972766 ], [ -6.3414492, 53.297515 ], [ -6.3432467, 53.2982772 ], [ -6.3458783, 53.2993544 ], [ -6.3474962, 53.3000085 ], [ -6.3479911, 53.3002155 ], [ -6.3487995, 53.3005303 ], [ -6.3494447, 53.3007284 ], [ -6.3501528, 53.3008967 ], [ -6.3508192, 53.301022 ], [ -6.3522455, 53.3012943 ], [ -6.3519018, 53.301687200000011 ], [ -6.351718268610956, 53.302005182303461 ], [ -6.3515988, 53.3023019 ], [ -6.3515007, 53.3028067 ], [ -6.3514341, 53.3030212 ], [ -6.3512215, 53.3034321 ], [ -6.3510253, 53.3036762 ], [ -6.3507734, 53.3039412 ], [ -6.350019007884711, 53.304631632461444 ], [ -6.3496153, 53.3050048 ], [ -6.3487667, 53.3057161 ], [ -6.3482939, 53.306361 ], [ -6.3479219, 53.306969 ], [ -6.347261, 53.3077304 ], [ -6.3470431, 53.3079399 ], [ -6.3464052, 53.3083329 ], [ -6.3459505, 53.3086546 ], [ -6.3456613, 53.3090093 ], [ -6.3455517, 53.3092249 ], [ -6.3454021, 53.3099189 ], [ -6.3453251, 53.3101234 ], [ -6.3450366, 53.3104238 ], [ -6.34452, 53.310785 ], [ -6.3438562, 53.3110606 ], [ -6.34356, 53.3112153 ], [ -6.3430987, 53.3118226 ], [ -6.3428353, 53.3121783 ], [ -6.3422891, 53.3126958 ], [ -6.3419861, 53.3129702 ], [ -6.3396117, 53.3140541 ], [ -6.3385556, 53.3144304 ], [ -6.3372585, 53.3149585 ], [ -6.3353475, 53.3153646 ], [ -6.3350932, 53.3154411 ], [ -6.3346981, 53.3156084 ], [ -6.3342584, 53.3158877 ], [ -6.334004, 53.3161013 ], [ -6.3338307, 53.3162784 ], [ -6.3336037, 53.3165268 ], [ -6.3330476, 53.317354 ], [ -6.3326503, 53.3179881 ], [ -6.3323354, 53.3188202 ], [ -6.3321103, 53.3192116 ], [ -6.3313885, 53.3203737 ], [ -6.3308432, 53.321312 ], [ -6.3307025, 53.3214732 ], [ -6.3296284, 53.3224549 ], [ -6.3282724, 53.3236857 ], [ -6.3273307, 53.3241592 ] ] ] } },
{ "type": "Feature", "properties": { "id": null, "route no": "X62" }, "geometry": { "type": "MultiLineString", "coordinates": [ [ [ -6.4365315, 53.402283 ], [ -6.4366876, 53.402125799999986 ], [ -6.4371037, 53.4017507 ], [ -6.4377869, 53.4010468 ], [ -6.4382693, 53.4006294 ], [ -6.4386432, 53.4003695 ], [ -6.4390213, 53.4001434 ], [ -6.439442, 53.3999269 ], [ -6.4404371, 53.39954 ], [ -6.4413904, 53.3992451 ], [ -6.4417981, 53.3990603 ], [ -6.4420031, 53.3987234 ], [ -6.4420927, 53.3982644 ], [ -6.4422381, 53.3979513 ], [ -6.4424284, 53.3974272 ], [ -6.4425129, 53.396991 ], [ -6.4425924, 53.3967278 ], [ -6.4427799, 53.3963424 ], [ -6.442834, 53.3962764 ], [ -6.4434875, 53.3955504 ], [ -6.4439136, 53.3952082 ], [ -6.4442958, 53.3948373 ], [ -6.4446886, 53.394338799999986 ], [ -6.4446992, 53.394116699999984 ], [ -6.444662, 53.3939236 ], [ -6.4445441, 53.3937285 ], [ -6.444322, 53.393581299999987 ], [ -6.443707, 53.3933312 ], [ -6.443011, 53.3931339 ], [ -6.4422365, 53.3929725 ], [ -6.4412273, 53.392805 ], [ -6.440314, 53.3925871 ], [ -6.4387339, 53.3921049 ], [ -6.4380732, 53.3919525 ], [ -6.43648, 53.3915808 ], [ -6.4357761, 53.3914375 ], [ -6.435332, 53.3913681 ], [ -6.4346121, 53.3912843 ], [ -6.4334628, 53.3911842 ], [ -6.4325244, 53.3910856 ], [ -6.4320848, 53.3910199 ], [ -6.431687868754157, 53.390967977230034 ], [ -6.4315992, 53.3911913 ], [ -6.4315384, 53.3916 ], [ -6.4315858, 53.3920726 ], [ -6.4315918, 53.3922636 ], [ -6.4315166, 53.3931546 ], [ -6.4314833, 53.3933453 ], [ -6.4313681, 53.3937465 ], [ -6.4311895, 53.3939665 ], [ -6.4310601, 53.3941081 ], [ -6.4309133, 53.3943042 ], [ -6.4305725, 53.3948721 ], [ -6.4302418, 53.3951984 ], [ -6.4298892, 53.3954127 ], [ -6.4295445, 53.3956302 ], [ -6.4293087, 53.3958204 ], [ -6.4290034, 53.396204 ], [ -6.428907, 53.3964205 ], [ -6.4288963, 53.3966544 ], [ -6.4289433, 53.3968437 ], [ -6.4290923, 53.3971073 ], [ -6.4291425, 53.3972111 ], [ -6.4293836, 53.397351 ], [ -6.4299539, 53.3975614 ], [ -6.4303286, 53.3977741 ], [ -6.4306591, 53.3980081 ], [ -6.4312712, 53.3985157 ], [ -6.4323477, 53.3993167 ], [ -6.4324339, 53.3993975 ], [ -6.4329093, 53.3997759 ], [ -6.4333369, 53.4001214 ], [ -6.4334796, 53.4002087 ], [ -6.4341874, 53.4005979 ], [ -6.4343983, 53.4007296 ], [ -6.4346166, 53.4009178 ], [ -6.4349122, 53.4012659 ], [ -6.4351347, 53.4015353 ], [ -6.4353039, 53.4017111 ], [ -6.4355858, 53.4019338 ], [ -6.4357292, 53.4020352 ], [ -6.4359016, 53.4021387 ], [ -6.4362733, 53.4023122 ], [ -6.4363876, 53.4024849 ], [ -6.436182, 53.4027686 ], [ -6.4355965, 53.4034104 ], [ -6.4345134, 53.4043669 ], [ -6.4334428, 53.4053666 ], [ -6.4329092, 53.4057507 ], [ -6.4323154, 53.4060369 ], [ -6.4316275, 53.406282 ], [ -6.4307726, 53.4064895 ], [ -6.4303745, 53.4065597 ] ], [ [ -6.4303745, 53.4065597 ], [ -6.4300375, 53.4066578 ] ], [ [ -6.4300375, 53.4066578 ], [ -6.429723, 53.4068007 ], [ -6.4291755, 53.4071512 ], [ -6.4289143, 53.4073403 ], [ -6.4285625, 53.4076869 ], [ -6.4283971, 53.4079203 ], [ -6.428167615487568, 53.408319702827505 ], [ -6.4281671, 53.4083206 ] ], [ [ -6.4281671, 53.4083206 ], [ -6.4279924, 53.408604 ], [ -6.427741183279973, 53.408982830263049 ], [ -6.425103532891159, 53.408389553124529 ], [ -6.4222509, 53.4077279 ], [ -6.4182094, 53.4068368 ], [ -6.4150764, 53.4063224 ], [ -6.4134271, 53.406069 ], [ -6.4079127, 53.4051716 ], [ -6.4069258, 53.404882199999989 ], [ -6.4048424, 53.4043865 ], [ -6.4024528, 53.40319010000001 ], [ -6.399732493566901, 53.40174220654238 ], [ -6.3968221, 53.4001972 ], [ -6.391620513691247, 53.39743725413819 ] ] ] } },
{ "type": "Feature", "properties": { "id": null, "route no": "97" }, "geometry": { "type": "MultiLineString", "coordinates": [ [ [ -6.2500633, 53.3513668 ], [ -6.2497187, 53.3518856 ], [ -6.2492873, 53.352375 ], [ -6.2482417, 53.3532579 ], [ -6.2466905, 53.354701499999983 ], [ -6.2461809, 53.355159 ], [ -6.2454358, 53.3557265 ], [ -6.2439701, 53.3567252 ], [ -6.242178, 53.3579009 ], [ -6.2411673, 53.3586285 ], [ -6.2406299, 53.3591117 ], [ -6.2400422, 53.3596846 ], [ -6.2390322, 53.3606157 ], [ -6.2388187, 53.3605172 ], [ -6.2384646, 53.3603312 ], [ -6.2371486, 53.35958 ], [ -6.2363905, 53.3591384 ], [ -6.2357782, 53.3587817 ], [ -6.2353636, 53.3585374 ], [ -6.2365349, 53.3579227 ], [ -6.2368644, 53.357755799999985 ], [ -6.2371477, 53.3575864 ], [ -6.2374241, 53.3573983 ], [ -6.2375599, 53.3572828 ], [ -6.2377998, 53.3570258 ], [ -6.237936, 53.3568509 ], [ -6.2382075, 53.3565064 ], [ -6.2385182, 53.3561105 ], [ -6.2386026, 53.3559147 ], [ -6.2386831, 53.3557011 ], [ -6.2387741, 53.3554271 ], [ -6.2388571, 53.3550606 ], [ -6.2388494, 53.3549952 ], [ -6.2387243, 53.3549764 ], [ -6.2385269, 53.3548649 ], [ -6.2363762, 53.3538973 ], [ -6.2370948, 53.35330350000001 ], [ -6.2376163, 53.352873 ], [ -6.2377196, 53.3527948 ], [ -6.237744, 53.3527456 ], [ -6.2377048, 53.3526773 ], [ -6.2374713, 53.352545099999986 ], [ -6.2369818, 53.3523291 ], [ -6.2361673, 53.3519792 ], [ -6.2359404, 53.351908199999983 ], [ -6.2356787, 53.3518367 ], [ -6.2351774, 53.3517625 ], [ -6.2347266, 53.3517179 ], [ -6.2342457, 53.3516832 ], [ -6.2339699, 53.3516881 ], [ -6.2336719, 53.35175730000001 ], [ -6.2335285, 53.3518182 ], [ -6.2328651, 53.3522888 ], [ -6.2325287, 53.3525283 ], [ -6.2323957, 53.3525572 ], [ -6.2322759, 53.352564 ], [ -6.232209751107975, 53.352541788715314 ], [ -6.2316019, 53.3530391 ], [ -6.2292111, 53.354984399999985 ], [ -6.2269597, 53.353685 ], [ -6.2253469, 53.3527258 ], [ -6.2249473, 53.3525043 ], [ -6.2245117, 53.3527704 ], [ -6.2242374, 53.3530058 ], [ -6.224103, 53.353147 ], [ -6.224009499048054, 53.35332138484636 ], [ -6.2239562, 53.3534978 ], [ -6.2239615, 53.3536042 ], [ -6.2239771, 53.3537147 ], [ -6.2240032, 53.3538058 ], [ -6.224095, 53.3539684 ], [ -6.2242456, 53.3541717 ], [ -6.2242657, 53.3542732 ], [ -6.2242192, 53.3543327 ], [ -6.2227012, 53.3546554 ], [ -6.222242, 53.354696 ], [ -6.2216364, 53.3547393 ], [ -6.221119544600265, 53.354692826715628 ], [ -6.2213368, 53.3546069 ], [ -6.2236718, 53.35310350000001 ], [ -6.224284881132268, 53.352721812902153 ], [ -6.2249473, 53.3525043 ] ], [ [ -6.221119544600265, 53.354692826715628 ], [ -6.2194426, 53.3542951 ], [ -6.2180936, 53.3539602 ], [ -6.2176658, 53.3538715 ], [ -6.2171169, 53.3537901 ], [ -6.2164551, 53.3537677 ], [ -6.2146388, 53.3536914 ], [ -6.2141679, 53.3536005 ], [ -6.2139974, 53.3534947 ], [ -6.213917, 53.353296 ], [ -6.2138612, 53.3527132 ], [ -6.2138744, 53.3524152 ], [ -6.2138574, 53.352145499999985 ], [ -6.2135978, 53.3519725 ], [ -6.2134535, 53.3519437 ], [ -6.2127929, 53.3519175 ], [ -6.2121059, 53.351888 ], [ -6.2108132, 53.351834099999984 ], [ -6.208569, 53.3517687 ], [ -6.2085745, 53.3516669 ], [ -6.2087091, 53.3506747 ], [ -6.2087053, 53.350499 ], [ -6.2063332, 53.3503851 ], [ -6.2059713, 53.350369 ], [ -6.2029909, 53.3502448 ], [ -6.2025026, 53.3502265 ], [ -6.202465, 53.3502838 ], [ -6.2024546, 53.3503214 ], [ -6.2023671, 53.3512243 ], [ -6.2022686, 53.3514136 ], [ -6.2022109, 53.3514403 ], [ -6.2021528, 53.3514497 ], [ -6.2020878, 53.3514478 ], [ -6.2018863, 53.35142 ], [ -6.2003927, 53.3514296 ], [ -6.198567, 53.3514315 ], [ -6.1984379, 53.3514304 ], [ -6.1978672, 53.3514261 ], [ -6.1972965, 53.3514175 ], [ -6.1969756, 53.3514004 ], [ -6.196768, 53.3513619 ], [ -6.196657, 53.3511611 ], [ -6.1966022, 53.3503683 ], [ -6.196548, 53.350261 ], [ -6.1964806, 53.3502292 ], [ -6.1963647, 53.350213 ], [ -6.1962381, 53.3502116 ], [ -6.1956241, 53.3502329 ], [ -6.1945629, 53.3502328 ], [ -6.1944576, 53.350118199999983 ], [ -6.1944249, 53.3484324 ], [ -6.1944383, 53.348143 ], [ -6.1943552, 53.3478434 ], [ -6.1941562, 53.34748110000001 ], [ -6.1937911, 53.347149 ], [ -6.193693, 53.3469151 ], [ -6.1937153, 53.34612580000001 ], [ -6.1937184, 53.3459634 ], [ -6.1937205, 53.345832 ], [ -6.1937718, 53.3457685 ], [ -6.1938576, 53.3457181 ], [ -6.194837, 53.3457187 ], [ -6.1956339, 53.3457192 ] ], [ [ -6.2500633, 53.3513668 ], [ -6.2503298, 53.3514111 ], [ -6.2504867, 53.351415 ], [ -6.2506263, 53.3513849 ], [ -6.2507582, 53.3513344 ], [ -6.2511944, 53.35126180000001 ], [ -6.2522145, 53.3511009 ], [ -6.2523007, 53.3510508 ], [ -6.2524118, 53.3510339 ], [ -6.2530002, 53.3509413 ], [ -6.2531516, 53.350939 ], [ -6.253572, 53.3508659 ], [ -6.2537052, 53.3508663 ], [ -6.2544091, 53.3507411 ], [ -6.2553821, 53.35056860000001 ], [ -6.2575357, 53.3502487 ], [ -6.2581183, 53.3501521 ], [ -6.2582119, 53.3501328 ], [ -6.2577977, 53.3491586 ], [ -6.2576428, 53.3488041 ], [ -6.2576196, 53.348751 ], [ -6.2570952, 53.3488295 ], [ -6.2568531, 53.3488627 ], [ -6.2560057, 53.349004199999989 ], [ -6.2550595, 53.3491738 ], [ -6.254935838910751, 53.349198997795085 ], [ -6.254732294495079, 53.349196080322123 ], [ -6.2546639, 53.3491951 ], [ -6.2544556, 53.3491884 ], [ -6.254395, 53.349195 ], [ -6.2535621, 53.3493945 ], [ -6.253385937434611, 53.349422813886655 ], [ -6.2532535, 53.3494441 ], [ -6.2529822, 53.349466 ], [ -6.2526202, 53.3494521 ], [ -6.2523156, 53.3494028 ], [ -6.2520576, 53.3493852 ], [ -6.2518069, 53.3493947 ], [ -6.2515118, 53.349457 ], [ -6.2513645, 53.3495185 ], [ -6.2510792, 53.3497427 ], [ -6.2508236, 53.3501081 ], [ -6.2500633, 53.3513668 ] ] ] } },
{ "type": "Feature", "properties": { "id": null, "route no": "22" }, "geometry": { "type": "MultiLineString", "coordinates": [ [ [ -6.261966957044089, 53.359012273081071 ], [ -6.261269361755394, 53.359755504494522 ], [ -6.2597319, 53.3613935 ], [ -6.2584369, 53.3628466 ], [ -6.2579126, 53.3634197 ], [ -6.2564833, 53.3650791 ], [ -6.2561765, 53.3654741 ], [ -6.255553, 53.3664896 ], [ -6.2554948, 53.366783800000015 ], [ -6.2554355, 53.3676927 ], [ -6.2549984, 53.3687549 ], [ -6.2543859, 53.3697078 ], [ -6.253513899179729, 53.371159955097049 ], [ -6.2531797, 53.3717317 ], [ -6.252464, 53.3727089 ], [ -6.2520189, 53.37342610000001 ], [ -6.2515326, 53.3743201 ], [ -6.2508076, 53.3752684 ], [ -6.2503529, 53.3758166 ], [ -6.250008, 53.3761635 ], [ -6.2493871, 53.376641599999978 ], [ -6.2486407, 53.3772018 ], [ -6.2481673, 53.37768040000001 ], [ -6.2470369, 53.3789822 ], [ -6.2455546, 53.3807423 ], [ -6.2450075, 53.3815544 ], [ -6.2444585, 53.3824441 ], [ -6.2433639, 53.3845588 ], [ -6.2431225, 53.3853338 ], [ -6.2425167, 53.3864566 ], [ -6.2421802, 53.3870524 ], [ -6.2420883, 53.3873762 ], [ -6.2421523, 53.387491 ], [ -6.2440756, 53.3876229 ], [ -6.2443233, 53.38769139999998 ], [ -6.2448693, 53.387961599999983 ], [ -6.245362, 53.3882285 ], [ -6.2456417, 53.3884326 ], [ -6.2458757, 53.3887651 ], [ -6.2460038, 53.389154399999988 ], [ -6.2462404, 53.3897866 ], [ -6.2464176, 53.3902097 ], [ -6.2464542, 53.3904062 ], [ -6.2463908, 53.3909638 ], [ -6.2462439, 53.3916608 ], [ -6.2460218, 53.3928344 ], [ -6.2459587, 53.3931082 ], [ -6.2455178, 53.3950106 ], [ -6.2454, 53.3956082 ], [ -6.2452807, 53.396236 ], [ -6.2452462, 53.396772899999988 ], [ -6.245064, 53.3973188 ], [ -6.2442764, 53.3982965 ], [ -6.2440273, 53.3987582 ], [ -6.2439627, 53.3989639 ], [ -6.2440455, 53.3996326 ], [ -6.2440168, 53.3998997 ], [ -6.24374, 53.4005328 ], [ -6.2432177, 53.4010786 ], [ -6.2417696, 53.4020726 ], [ -6.2412393, 53.4026053 ], [ -6.2408726, 53.4031141 ], [ -6.2404501, 53.4038321 ], [ -6.2377809, 53.4071325 ], [ -6.2377006, 53.407387 ], [ -6.237692, 53.4077748 ], [ -6.2377189, 53.4081089 ], [ -6.2378517, 53.408531 ], [ -6.2385906, 53.409800599999983 ], [ -6.238721935162368, 53.410348325331491 ], [ -6.2389528, 53.411607 ], [ -6.2390353, 53.4123446 ], [ -6.238958734882178, 53.413669101703107 ], [ -6.2389791, 53.414293 ], [ -6.2392479, 53.4151208 ], [ -6.2393585, 53.4155831 ], [ -6.2393256, 53.4159647 ], [ -6.2392138, 53.4163212 ], [ -6.2390604, 53.416678599999983 ], [ -6.2387221, 53.4171345 ], [ -6.2383636, 53.41744760000001 ], [ -6.2378464, 53.417765199999984 ], [ -6.23712490136096, 53.418296781986342 ], [ -6.2358604, 53.4190627 ], [ -6.232971, 53.420742299999986 ], [ -6.2316513, 53.4217389 ], [ -6.230624, 53.4226619 ], [ -6.2301688, 53.4232021 ], [ -6.2298837, 53.4236545 ], [ -6.2293313, 53.4251648 ], [ -6.2292682, 53.4257658 ], [ -6.2292842, 53.4261781 ], [ -6.2294291, 53.4270484 ], [ -6.2295478, 53.42742590000001 ], [ -6.229571827205111, 53.428206750306508 ] ], [ [ -6.2537277, 53.349763 ], [ -6.2535884, 53.3496287 ], [ -6.2535345, 53.349567 ], [ -6.2534719, 53.3494984 ], [ -6.253385937434611, 53.349422813886655 ], [ -6.2532535, 53.3494441 ], [ -6.2529822, 53.349466 ], [ -6.2526202, 53.3494521 ], [ -6.2523156, 53.349402799999986 ], [ -6.2522254, 53.3493633 ], [ -6.2519722, 53.3492467 ], [ -6.2518597, 53.3491787 ], [ -6.2517086, 53.3490654 ], [ -6.2515637, 53.3489103 ], [ -6.2515101, 53.3488274 ], [ -6.2514889, 53.3487639 ], [ -6.2514753, 53.3486348 ], [ -6.251544789676332, 53.348302794823454 ], [ -6.251544789676332, 53.348302794823454 ], [ -6.2517484, 53.3476298 ], [ -6.2518197, 53.3474227 ], [ -6.251861, 53.3473205 ], [ -6.2519025, 53.3472451 ], [ -6.2520122, 53.3465515 ], [ -6.2520495, 53.3462765 ], [ -6.2521162, 53.3457851 ], [ -6.2512287, 53.3457338 ], [ -6.2504081, 53.3456547 ], [ -6.2497815, 53.3455984 ], [ -6.2489989, 53.3455391 ], [ -6.2487202, 53.34550560000001 ], [ -6.248443, 53.3454463 ], [ -6.248445264932029, 53.345442475699329 ], [ -6.2488433, 53.3447704 ], [ -6.2491509, 53.3442872 ], [ -6.2492096, 53.3441883 ], [ -6.2492761, 53.3441081 ], [ -6.2523006, 53.3447038 ], [ -6.2550211, 53.3452183 ], [ -6.2551049, 53.3452665 ], [ -6.2551368, 53.3453412 ], [ -6.2551367, 53.3453557 ], [ -6.255136, 53.3454589 ], [ -6.255132716664101, 53.34590492603693 ], [ -6.2551509, 53.3462544 ], [ -6.2551226, 53.3468087 ], [ -6.255019, 53.3473816 ], [ -6.2549998, 53.3474793 ], [ -6.254944700141579, 53.348279741602383 ], [ -6.2549447, 53.3482797 ], [ -6.254944668967894, 53.348279702476823 ], [ -6.254944819013811, 53.348279731708558 ], [ -6.254946, 53.3486617 ], [ -6.254945999998964, 53.348661700003703 ], [ -6.2548513, 53.349000599999989 ], [ -6.254732294495079, 53.349196080322123 ], [ -6.2546664, 53.3492539 ], [ -6.2538519, 53.3495103 ], [ -6.2538519, 53.3495103 ], [ -6.253763, 53.3495753 ], [ -6.2537373, 53.349624 ], [ -6.2537277, 53.349763 ], [ -6.2544091, 53.3507411 ], [ -6.2568923, 53.3542062 ], [ -6.257938, 53.3556449 ], [ -6.2580298, 53.3557391 ], [ -6.2591006, 53.3567871 ], [ -6.2597863, 53.3574795 ], [ -6.2607437, 53.3584223 ], [ -6.260825, 53.3584918 ], [ -6.2616409, 53.3588861 ], [ -6.261969022179389, 53.359010575075253 ] ], [ [ -6.2507508, 53.3411673 ], [ -6.2523678, 53.341709499999986 ], [ -6.2524377, 53.3417316 ], [ -6.252481, 53.3417535 ], [ -6.2525158, 53.341786 ], [ -6.2525319, 53.341817199999987 ], [ -6.2525396, 53.3418642 ], [ -6.2524668, 53.3418731 ], [ -6.2524006, 53.3418876 ], [ -6.2516883, 53.3421616 ], [ -6.2515606, 53.342183 ], [ -6.2514834, 53.3421772 ], [ -6.2507946, 53.342025 ], [ -6.2506881, 53.3420259 ], [ -6.2506385, 53.3420364 ], [ -6.2506126, 53.342051399999981 ], [ -6.2504881, 53.342169 ] ], [ [ -6.2507508, 53.3411673 ], [ -6.2504184, 53.3410509 ], [ -6.2491952, 53.3406068 ], [ -6.2478471, 53.3401336 ], [ -6.246355431746928, 53.339593559529348 ], [ -6.246997321617987, 53.338927506795891 ], [ -6.2470087, 53.3389157 ], [ -6.247707040259824, 53.338226553687498 ], [ -6.2491784, 53.3387571 ], [ -6.2505128, 53.3392149 ], [ -6.2520462, 53.3397594 ], [ -6.2507508, 53.3411673 ], [ -6.2502608, 53.3417366 ], [ -6.250258, 53.3417829 ], [ -6.2502661, 53.3418237 ], [ -6.2502796, 53.3418428 ], [ -6.2503406, 53.3419272 ], [ -6.2504023, 53.3419434 ], [ -6.2504831, 53.341982299999984 ], [ -6.2505109, 53.3420099 ], [ -6.250524, 53.3420428 ], [ -6.2504881, 53.342169 ], [ -6.2496969, 53.3434657 ], [ -6.2492761, 53.3441081 ] ], [ [ -6.249225736176517, 53.472815469019125 ], [ -6.248383920552785, 53.472633267855166 ], [ -6.248087787783962, 53.472605541522505 ], [ -6.247708471653109, 53.472595639256454 ], [ -6.246959821394849, 53.47260158061637 ], [ -6.24647236689336, 53.472597619709852 ], [ -6.245953302714298, 53.472560981307083 ], [ -6.245281181149107, 53.472481763030785 ], [ -6.2446290235908, 53.472344120924063 ], [ -6.244161533096197, 53.472207468606705 ], [ -6.24368239693091, 53.472041108669956 ], [ -6.243416210172417, 53.471932182167613 ], [ -6.243234870443195, 53.47185197247353 ], [ -6.242797325958922, 53.471635108467574 ], [ -6.242489547519416, 53.471511327145478 ], [ -6.2419604, 53.4713718 ], [ -6.2414745, 53.4713001 ], [ -6.2412355, 53.4712862 ], [ -6.2406387, 53.471269 ], [ -6.2402198, 53.4712515 ], [ -6.2397777, 53.471218 ], [ -6.2393542, 53.4711676 ], [ -6.2389013, 53.4710958 ], [ -6.2383164, 53.4709765 ], [ -6.2376306, 53.4707924 ], [ -6.2367201, 53.4704901 ], [ -6.2359745, 53.4702858 ], [ -6.2353612, 53.4701482 ], [ -6.2349337, 53.4701055 ], [ -6.2343208, 53.470097 ], [ -6.2337095, 53.4700393 ], [ -6.2329468, 53.4699277 ], [ -6.2322147, 53.4697684 ], [ -6.2317482, 53.469641 ], [ -6.2313896, 53.469521799999988 ], [ -6.2301467, 53.46903 ], [ -6.2297326, 53.468916 ], [ -6.2285915, 53.4686904 ], [ -6.2280159, 53.4685935 ], [ -6.2275112, 53.4685293 ], [ -6.2249118, 53.4683393 ], [ -6.2240305, 53.4682764 ], [ -6.2221319, 53.4681424 ], [ -6.2209317, 53.4681369 ], [ -6.2195955, 53.468254 ], [ -6.2194688, 53.4680264 ], [ -6.2193312, 53.4675642 ], [ -6.2193022, 53.4673567 ], [ -6.2192963, 53.4670846 ], [ -6.2192631, 53.4664767 ], [ -6.2192165, 53.4660107 ], [ -6.2191018, 53.4649011 ], [ -6.2190944, 53.4648415 ], [ -6.2161476, 53.4650236 ] ], [ [ -6.228279614526494, 53.444824341934591 ], [ -6.2283143, 53.444313 ], [ -6.2279036, 53.4427343 ], [ -6.227889, 53.4424854 ], [ -6.2276839, 53.440043 ], [ -6.2275336, 53.4370686 ], [ -6.2275851, 53.4361912 ], [ -6.2276859, 53.4357512 ], [ -6.2279162, 53.435255599999977 ], [ -6.2284419, 53.43442 ], [ -6.2287421, 53.4338742 ], [ -6.2289254, 53.4336781 ] ], [ [ -6.2198284, 53.4592753 ], [ -6.2201456, 53.4588577 ], [ -6.220217719741488, 53.45873563255148 ], [ -6.2206383, 53.457983099999986 ], [ -6.221135387035082, 53.457083098924571 ], [ -6.2215079, 53.4563944 ], [ -6.221510338101231, 53.456390453272384 ], [ -6.221835, 53.4558649 ], [ -6.221835, 53.4558649 ], [ -6.2220735, 53.45558 ], [ -6.2223601, 53.4552654 ], [ -6.2230983, 53.4545763 ], [ -6.2232812, 53.4546393 ], [ -6.223467, 53.4546531 ], [ -6.2237587, 53.4545951 ], [ -6.224923, 53.4542399 ], [ -6.2250932, 53.4541264 ], [ -6.225268, 53.4539523 ], [ -6.2261251, 53.453144 ], [ -6.2263798, 53.4529569 ], [ -6.2267926, 53.4527935 ], [ -6.22799, 53.4524102 ], [ -6.2282632, 53.4522548 ], [ -6.2289407, 53.4518532 ], [ -6.2290691, 53.4518986 ], [ -6.2293762, 53.4519443 ], [ -6.2295752, 53.4519363 ], [ -6.2297809, 53.451889099999988 ], [ -6.23008, 53.4518615 ], [ -6.230433, 53.4518682 ], [ -6.2307171, 53.4519042 ], [ -6.2318077, 53.4520019 ], [ -6.2328951, 53.452042400000011 ], [ -6.2340811, 53.45211840000001 ], [ -6.2347233, 53.452169499999989 ], [ -6.2356804, 53.4524028 ], [ -6.2367049, 53.4527084 ], [ -6.2378146, 53.45299 ], [ -6.2384459, 53.4531631 ], [ -6.2386441, 53.4531972 ], [ -6.2392087, 53.453256199999984 ], [ -6.2401425, 53.4533443 ], [ -6.2412509, 53.4537181 ], [ -6.2418314, 53.4538753 ], [ -6.2424342, 53.4539866 ], [ -6.2428236, 53.4539582 ], [ -6.2432844, 53.4538437 ], [ -6.2434209, 53.4538018 ], [ -6.2438, 53.453618 ], [ -6.2439394, 53.4535303 ], [ -6.2440432, 53.453409399999984 ], [ -6.2441106, 53.4532396 ], [ -6.244183, 53.4530413 ], [ -6.2448521, 53.4511934 ], [ -6.2449781, 53.4509016 ], [ -6.2450872, 53.4506489 ], [ -6.2451345, 53.4505957 ], [ -6.2450614, 53.4504436 ], [ -6.2448358, 53.4503243 ], [ -6.2446862, 53.4502508 ], [ -6.2441971, 53.4501284 ], [ -6.2431946, 53.4499657 ], [ -6.2423762, 53.4498214 ], [ -6.2417512, 53.4496915 ], [ -6.2410159, 53.4495126 ], [ -6.2404562, 53.4493401 ], [ -6.2399363, 53.449089 ], [ -6.2392246, 53.4487054 ], [ -6.2386198, 53.4483572 ], [ -6.2380167, 53.4478868 ], [ -6.237719, 53.447556599999984 ], [ -6.2375222, 53.4472268 ], [ -6.2365745, 53.4464327 ], [ -6.2357666, 53.4458189 ], [ -6.2352157, 53.445396 ], [ -6.2346611, 53.4450327 ], [ -6.2341499, 53.444819 ], [ -6.2336809, 53.4446901 ], [ -6.2329979, 53.4445349 ], [ -6.2323861, 53.4444978 ], [ -6.2321321, 53.444512 ], [ -6.2312904, 53.444575799999988 ], [ -6.2303577, 53.444653099999989 ], [ -6.2297388, 53.4447365 ], [ -6.2292889, 53.4448157 ], [ -6.2287576, 53.4448328 ], [ -6.2283172, 53.4448248 ] ], [ [ -6.2161476, 53.465023599999981 ], [ -6.2161061, 53.4647582 ], [ -6.2160485, 53.4644332 ], [ -6.2160659, 53.4642678 ], [ -6.2161778, 53.4640863 ], [ -6.2162876, 53.4639733 ], [ -6.216677307491412, 53.463771684992068 ], [ -6.2168839, 53.4636823 ], [ -6.2176087, 53.4633895 ], [ -6.2178445, 53.4632658 ], [ -6.2179686, 53.4631753 ], [ -6.2180473, 53.4630345 ], [ -6.2180969, 53.4629182 ], [ -6.218133, 53.4627718 ], [ -6.2182494, 53.4623316 ], [ -6.2183428, 53.461992199999983 ], [ -6.2184148, 53.4617496 ], [ -6.2185488, 53.4613955 ], [ -6.2186938, 53.460992 ], [ -6.218738, 53.4608216 ], [ -6.2188944, 53.4602646 ], [ -6.2190055, 53.4598183 ], [ -6.2190831, 53.4596816 ], [ -6.2191881, 53.4595578 ], [ -6.2193622, 53.4594267 ], [ -6.219491, 53.4593556 ], [ -6.2196399, 53.4593058 ], [ -6.2198284, 53.4592753 ] ] ] } },
{ "type": "Feature", "properties": { "id": null, "route no": "98" }, "geometry": { "type": "MultiLineString", "coordinates": [ [ [ -6.2551368, 53.3453412 ], [ -6.2551367, 53.3453557 ], [ -6.255136, 53.3454589 ], [ -6.255132716664101, 53.34590492603693 ], [ -6.2551509, 53.3462544 ], [ -6.2551226, 53.3468087 ], [ -6.2549998, 53.3474793 ], [ -6.254944700141579, 53.348279741602383 ], [ -6.2549447, 53.3482797 ], [ -6.2549447, 53.348279700000113 ], [ -6.254944668967894, 53.348279702476823 ], [ -6.254944819013811, 53.348279731708558 ], [ -6.254946, 53.348661699999965 ], [ -6.254946, 53.3486617 ], [ -6.254945999998964, 53.348661700003703 ], [ -6.2548513, 53.349000599999989 ], [ -6.254732294495208, 53.34919608032191 ], [ -6.2546664, 53.3492539 ], [ -6.2538519, 53.3495103 ], [ -6.2538519, 53.3495103 ], [ -6.253763, 53.3495753 ], [ -6.2537373, 53.349624 ], [ -6.2537277, 53.349763 ], [ -6.2544091, 53.3507411 ], [ -6.2568923, 53.3542062 ], [ -6.257938, 53.3556449 ], [ -6.2580298, 53.3557391 ], [ -6.2591006, 53.3567871 ], [ -6.2589767, 53.3568845 ], [ -6.2585113, 53.3570601 ], [ -6.2573075, 53.3575039 ], [ -6.2572015, 53.357536 ], [ -6.2570976, 53.3575331 ], [ -6.256509, 53.3569671 ], [ -6.2559997, 53.3564663 ], [ -6.2558978, 53.3563727 ], [ -6.257938, 53.3556449 ] ], [ [ -6.2551226, 53.3468087 ], [ -6.255019, 53.3473816 ], [ -6.2549998, 53.3474793 ], [ -6.2549447, 53.3482797 ], [ -6.2549447, 53.348279700000113 ], [ -6.254946, 53.348661699999965 ], [ -6.254946, 53.3486617 ], [ -6.254945999998964, 53.348661700003703 ], [ -6.254945999998964, 53.348661700003703 ], [ -6.2548513, 53.349000599999989 ] ], [ [ -6.2523006, 53.3447038 ], [ -6.2550211, 53.3452183 ] ], [ [ -6.254732294495208, 53.34919608032191 ], [ -6.254732294495079, 53.349196080322123 ], [ -6.2547325, 53.3491959 ], [ -6.254732294495208, 53.34919608032191 ] ], [ [ -6.254732294495079, 53.349196080322123 ], [ -6.2546664, 53.3492539 ], [ -6.2538519, 53.3495103 ] ], [ [ -6.253763, 53.3495753 ], [ -6.2537373, 53.349624 ], [ -6.2537277, 53.349763 ], [ -6.2544091, 53.3507411 ], [ -6.2568923, 53.3542062 ] ], [ [ -6.2537277, 53.349763 ], [ -6.2535884, 53.3496287 ], [ -6.2535345, 53.349567 ], [ -6.2534719, 53.3494984 ], [ -6.253385937434611, 53.349422813886655 ], [ -6.2532535, 53.3494441 ], [ -6.2529822, 53.349466 ], [ -6.2526202, 53.3494521 ], [ -6.2523156, 53.349402799999986 ], [ -6.2522254, 53.3493633 ], [ -6.2519722, 53.3492467 ], [ -6.2518597, 53.3491787 ], [ -6.2517086, 53.3490654 ], [ -6.2515637, 53.3489103 ], [ -6.2515101, 53.3488274 ], [ -6.2514889, 53.3487639 ], [ -6.2514753, 53.3486348 ], [ -6.251544789676332, 53.348302794823454 ], [ -6.251544789676332, 53.348302794823454 ], [ -6.2517484, 53.3476298 ], [ -6.2518197, 53.3474227 ], [ -6.251861, 53.3473205 ], [ -6.2519025, 53.3472451 ], [ -6.2520122, 53.3465515 ], [ -6.2520495, 53.3462765 ], [ -6.2521162, 53.3457851 ], [ -6.2512287, 53.3457338 ], [ -6.2504081, 53.3456547 ], [ -6.2497815, 53.3455984 ], [ -6.2489989, 53.3455391 ], [ -6.2487202, 53.34550560000001 ], [ -6.248443, 53.3454463 ], [ -6.248445264932029, 53.345442475699329 ], [ -6.2488433, 53.3447704 ], [ -6.2491509, 53.3442872 ], [ -6.2492096, 53.3441883 ], [ -6.2492761, 53.3441081 ], [ -6.2523006, 53.3447038 ], [ -6.2550211, 53.3452183 ], [ -6.2551049, 53.3452665 ], [ -6.2551368, 53.3453412 ], [ -6.255132716664101, 53.34590492603693 ] ], [ [ -6.2504881, 53.342169 ], [ -6.2496969, 53.3434657 ], [ -6.2492761, 53.3441081 ] ], [ [ -6.24635543174693, 53.339593559529348 ], [ -6.2504184, 53.3410509 ], [ -6.2507508, 53.3411673 ], [ -6.2524377, 53.3417316 ], [ -6.252481, 53.3417535 ], [ -6.2525158, 53.341786 ], [ -6.2525319, 53.341817199999987 ], [ -6.2525396, 53.3418642 ], [ -6.2524668, 53.3418731 ], [ -6.2524006, 53.3418876 ], [ -6.2516883, 53.3421616 ], [ -6.2515606, 53.342183 ], [ -6.2514834, 53.3421772 ], [ -6.2507946, 53.342025 ], [ -6.2506881, 53.3420259 ], [ -6.2506385, 53.3420364 ], [ -6.2506126, 53.3420514 ], [ -6.2504881, 53.342169 ], [ -6.250524, 53.3420428 ], [ -6.2505109, 53.3420099 ], [ -6.2504831, 53.341982299999984 ], [ -6.2504023, 53.3419434 ], [ -6.2503406, 53.3419272 ], [ -6.2502796, 53.3418428 ], [ -6.2502661, 53.3418237 ], [ -6.250258, 53.3417829 ], [ -6.2502608, 53.3417366 ], [ -6.2507508, 53.3411673 ] ], [ [ -6.235188658191757, 53.332044940493653 ], [ -6.2354691, 53.3323976 ], [ -6.2359843, 53.3331232 ], [ -6.2370509, 53.334679399999985 ], [ -6.238135, 53.3361423 ], [ -6.2391595, 53.3368282 ], [ -6.2400932, 53.33742250000001 ], [ -6.2404802, 53.3376263 ], [ -6.2452282, 53.3392075 ], [ -6.246208, 53.339544 ], [ -6.246355431746928, 53.339593559529348 ] ], [ [ -6.23518177145179, 53.332044417648461 ], [ -6.2349646, 53.3318179 ], [ -6.2335387, 53.33069 ], [ -6.2327505, 53.3300276 ], [ -6.232236, 53.3296444 ], [ -6.2318757, 53.3294616 ], [ -6.2311284, 53.3291271 ], [ -6.2300105, 53.3287157 ], [ -6.2276808, 53.3280772 ], [ -6.2260424, 53.3276117 ], [ -6.2256066, 53.3274575 ], [ -6.2252214, 53.3272887 ], [ -6.2249822, 53.3271216 ], [ -6.2247107, 53.3268675 ], [ -6.2243233, 53.3264411 ], [ -6.2236784, 53.3258215 ], [ -6.2232399, 53.325513 ], [ -6.2199829, 53.3236017 ], [ -6.2191994, 53.3231237 ], [ -6.2170479, 53.3214692 ], [ -6.2159037, 53.320701199999988 ], [ -6.2135029, 53.3193096 ], [ -6.2124087, 53.3187192 ], [ -6.2115929016955, 53.318344445220411 ], [ -6.210806492756524, 53.318062610328987 ], [ -6.209991529701927, 53.31783617949587 ], [ -6.2094255, 53.317706 ], [ -6.2089679, 53.3175762 ], [ -6.2077817, 53.3172104 ], [ -6.2062605, 53.3166881 ], [ -6.2058612, 53.3165067 ], [ -6.2054906, 53.3163055 ], [ -6.2043156, 53.3156162 ], [ -6.2039026, 53.3153511 ], [ -6.2036211, 53.3151336 ], [ -6.203099682891723, 53.314577155244983 ], [ -6.202534055143724, 53.313802196359987 ], [ -6.2023088, 53.313516 ], [ -6.2021468, 53.3132708 ], [ -6.2014413, 53.3122929 ], [ -6.2011508, 53.31193050000001 ], [ -6.2006817, 53.3114103 ], [ -6.2003255, 53.3111133 ], [ -6.1997225, 53.310741299999989 ], [ -6.1985976, 53.3100868 ], [ -6.196357957521822, 53.30888943676797 ], [ -6.194606018032273, 53.307878751142944 ], [ -6.193972522892738, 53.307659300257271 ], [ -6.1935449, 53.3075549 ], [ -6.192366, 53.3073254 ], [ -6.1914505, 53.3070963 ], [ -6.1909562, 53.3069311 ], [ -6.1905798, 53.3067818 ], [ -6.1901767, 53.3065798 ], [ -6.1885924, 53.3054644 ], [ -6.1877562, 53.3049697 ], [ -6.1867625, 53.3044302 ], [ -6.18574379879542, 53.304005949308852 ], [ -6.18467139608172, 53.30346436333992 ], [ -6.184220204269518, 53.303183694764101 ], [ -6.183453094167958, 53.302631640903613 ], [ -6.182945608405261, 53.302415989003244 ], [ -6.181604288785082, 53.301918649349624 ], [ -6.1801716, 53.3007759 ], [ -6.178909673414385, 53.300194849541953 ], [ -6.177292687525413, 53.299475834496143 ], [ -6.176777639888767, 53.299310882592998 ], [ -6.175982802916066, 53.299167270980476 ], [ -6.175088821373832, 53.299045753084989 ], [ -6.173804493568116, 53.298803375974771 ], [ -6.171076582278023, 53.297401424194724 ], [ -6.17047313753711, 53.296880341620337 ], [ -6.170218554447542, 53.296573014777252 ], [ -6.17003715182919, 53.296306796768661 ], [ -6.1696378, 53.2962552 ], [ -6.1674565, 53.2957392 ], [ -6.1664984, 53.2955395 ], [ -6.1548685, 53.2938051 ], [ -6.1545867, 53.293787 ], [ -6.1543059, 53.2937854 ], [ -6.1533653, 53.29387220000001 ], [ -6.1528187, 53.2938688 ], [ -6.1513943, 53.29376220000001 ], [ -6.1505146, 53.293797599999984 ], [ -6.1497092, 53.2939532 ], [ -6.1489852, 53.2941444 ], [ -6.1471292, 53.2947664 ], [ -6.1465973, 53.2949316 ], [ -6.146332, 53.2949925 ], [ -6.145827842044045, 53.295033251719879 ], [ -6.1448979, 53.2950123 ], [ -6.1426713, 53.2949207 ], [ -6.1426395, 53.295744899999988 ], [ -6.142601, 53.2958552 ], [ -6.1424823, 53.295948 ], [ -6.1422514, 53.2960386 ], [ -6.1417017, 53.2961987 ], [ -6.1411378, 53.296218 ], [ -6.139934509599969, 53.296179060712447 ], [ -6.1365056, 53.2953794 ], [ -6.1360295, 53.2952587 ], [ -6.1350104, 53.2948388 ], [ -6.1338685, 53.2944457 ], [ -6.134504, 53.2937815 ], [ -6.1351263, 53.2931837 ], [ -6.1360238, 53.292276099999988 ], [ -6.1362853, 53.2923602 ], [ -6.1372516, 53.2928217 ], [ -6.1417544, 53.2947197 ], [ -6.1420451, 53.2948321 ], [ -6.1423292, 53.2948882 ], [ -6.1426713, 53.2949207 ] ], [ [ -6.1360238, 53.292276099999988 ], [ -6.1346089, 53.2916537 ], [ -6.1313677, 53.2902698 ], [ -6.1295981, 53.289458 ], [ -6.1315793, 53.2865104 ], [ -6.1332468, 53.2839155 ], [ -6.1352314, 53.2808867 ], [ -6.1355482, 53.280322899999987 ], [ -6.1356643, 53.28008 ], [ -6.1368385, 53.2796488 ], [ -6.1376132, 53.2791867 ], [ -6.1395685, 53.2782717 ], [ -6.1461815, 53.2750048 ], [ -6.1465779, 53.2749077 ], [ -6.1474244, 53.2748834 ], [ -6.1479289, 53.274805 ], [ -6.1490404, 53.2744648 ], [ -6.1460506, 53.2726485 ], [ -6.1424685, 53.27051 ], [ -6.1410909, 53.2697091 ], [ -6.1396431, 53.268833 ], [ -6.1372616, 53.2674863 ], [ -6.1356083, 53.2666587 ], [ -6.1353096, 53.266586799999985 ] ], [ [ -6.1353096, 53.266586799999978 ], [ -6.1349526, 53.2662533 ], [ -6.134783, 53.2657667 ], [ -6.1344261, 53.2654669 ], [ -6.1336448, 53.2649555 ], [ -6.1339252, 53.2648308 ], [ -6.1357321, 53.2643502 ], [ -6.1359384, 53.2642368 ], [ -6.1360729, 53.2641156 ], [ -6.1373106, 53.262448199999987 ], [ -6.1381788, 53.2613863 ], [ -6.1382827, 53.2612214 ], [ -6.1383727, 53.2609936 ], [ -6.138535, 53.260504799999985 ], [ -6.138563, 53.2603385 ], [ -6.1385468, 53.260085 ], [ -6.1384911, 53.259862 ], [ -6.1382159, 53.2591927 ], [ -6.1377555, 53.2586073 ], [ -6.1374215, 53.2582677 ], [ -6.1344455, 53.255748 ], [ -6.1338618, 53.2553587 ], [ -6.1332325, 53.2550953 ], [ -6.1314016, 53.2544999 ], [ -6.1304655, 53.2542675 ], [ -6.1315596, 53.252719 ], [ -6.1326322, 53.2514197 ], [ -6.1338139, 53.2501955 ], [ -6.1334401, 53.2500646 ], [ -6.133327, 53.249999699999989 ], [ -6.1332323, 53.249889499999988 ], [ -6.1327693, 53.2489151 ], [ -6.1326916, 53.2486312 ], [ -6.1326226, 53.2481643 ], [ -6.1325418, 53.2480292 ], [ -6.132431, 53.247917699999988 ], [ -6.1322547, 53.2478085 ], [ -6.1311698, 53.2473442 ], [ -6.1309894, 53.2473004 ], [ -6.1307953, 53.2472812 ], [ -6.1305646, 53.2473043 ], [ -6.1303786, 53.2473594 ], [ -6.1301993, 53.247463 ], [ -6.1301071, 53.247568 ], [ -6.129882, 53.2479806 ], [ -6.1297599, 53.2480913 ], [ -6.1296824, 53.2481301 ], [ -6.1294691, 53.2481876 ], [ -6.1292491, 53.248193399999984 ], [ -6.1290187, 53.2481457 ], [ -6.1287966, 53.2480214 ], [ -6.128297, 53.2476655 ], [ -6.1281838, 53.247518 ], [ -6.1281621, 53.2474314 ], [ -6.1282263, 53.2472133 ], [ -6.1284887, 53.246594199999983 ], [ -6.1285702, 53.2466 ], [ -6.128772, 53.2464934 ], [ -6.1288892, 53.246354 ], [ -6.1285787, 53.2462824 ], [ -6.1284887, 53.246594199999983 ] ] ] } },
{ "type": "Feature", "properties": { "id": null, "route no": "B1" }, "geometry": { "type": "MultiLineString", "coordinates": [ [ [ -6.4365315, 53.402283 ], [ -6.4366876, 53.402125799999986 ], [ -6.4371037, 53.4017507 ], [ -6.4377869, 53.4010468 ], [ -6.4382693, 53.4006294 ], [ -6.4386432, 53.4003695 ], [ -6.4390213, 53.4001434 ], [ -6.439442, 53.3999269 ], [ -6.4404371, 53.39954 ], [ -6.4413904, 53.3992451 ], [ -6.4417981, 53.3990603 ], [ -6.4420031, 53.3987234 ], [ -6.4420927, 53.3982644 ], [ -6.4422381, 53.3979513 ], [ -6.4424284, 53.3974272 ], [ -6.4425129, 53.396991 ], [ -6.4425924, 53.3967278 ], [ -6.4427799, 53.3963424 ], [ -6.442834, 53.3962764 ], [ -6.4434875, 53.3955504 ], [ -6.4439136, 53.3952082 ], [ -6.4442958, 53.3948373 ], [ -6.4446886, 53.394338799999986 ], [ -6.4446992, 53.394116699999984 ], [ -6.444662, 53.3939236 ], [ -6.4445441, 53.3937285 ], [ -6.444322, 53.393581299999987 ], [ -6.443707, 53.3933312 ], [ -6.443011, 53.3931339 ], [ -6.4422365, 53.3929725 ], [ -6.4412273, 53.392805 ], [ -6.440314, 53.3925871 ], [ -6.4387339, 53.3921049 ], [ -6.4380732, 53.3919525 ], [ -6.43648, 53.3915808 ], [ -6.4357761, 53.3914375 ], [ -6.435332, 53.3913681 ], [ -6.4346121, 53.3912843 ], [ -6.4334628, 53.3911842 ], [ -6.4325244, 53.3910856 ], [ -6.4320848, 53.3910199 ], [ -6.431687868754157, 53.390967977230034 ], [ -6.4312436, 53.3909319 ], [ -6.43077, 53.3908741 ], [ -6.4297434, 53.3907258 ], [ -6.4285144, 53.3905206 ], [ -6.425735, 53.3899556 ], [ -6.423027969870653, 53.389474589887627 ], [ -6.4208397, 53.3890903 ], [ -6.4181363, 53.388569 ], [ -6.4141346, 53.3878015 ], [ -6.409995678215606, 53.387038595876227 ], [ -6.409995639744013, 53.387038588159484 ], [ -6.4081765, 53.3866737 ], [ -6.4038056, 53.3858695 ], [ -6.4036901, 53.385855 ], [ -6.4032779, 53.3858372 ], [ -6.4027783, 53.385874 ], [ -6.4025565, 53.3859519 ], [ -6.4021817, 53.3861772 ], [ -6.4019928, 53.3863528 ], [ -6.401991319511928, 53.386356320569725 ], [ -6.4014851, 53.3875601 ], [ -6.401324, 53.3879414 ], [ -6.4004732, 53.3900195 ], [ -6.4004372, 53.3901284 ], [ -6.4000158, 53.391102 ], [ -6.3997321, 53.3916363 ], [ -6.3993034, 53.392287 ], [ -6.3987002, 53.3930427 ], [ -6.3981952, 53.3935263 ], [ -6.398060877827684, 53.39363524741718 ], [ -6.3975539, 53.3934344 ], [ -6.3969552, 53.3932393 ], [ -6.3964152, 53.393148599999989 ], [ -6.3951179, 53.3931093 ], [ -6.3943554, 53.3931007 ], [ -6.3938371, 53.3931421 ], [ -6.393466716582371, 53.393327915564072 ], [ -6.3931514, 53.3935168 ], [ -6.3916059, 53.3943673 ], [ -6.3914288, 53.3944076 ] ], [ [ -6.3913786, 53.3944361 ], [ -6.3902373, 53.3950577 ], [ -6.3899167, 53.3950643 ], [ -6.3897145, 53.3949802 ], [ -6.3879881, 53.3939266 ], [ -6.3871118, 53.3934685 ], [ -6.3868449, 53.393359899999986 ], [ -6.3864105, 53.3931872 ], [ -6.3856139, 53.3929004 ], [ -6.385087, 53.3927768 ], [ -6.3845603, 53.3927479 ], [ -6.3840706, 53.3926693 ], [ -6.3837786, 53.3925992 ], [ -6.3833123, 53.3924379 ], [ -6.3829988, 53.3922807 ], [ -6.3824571, 53.3920082 ], [ -6.3818152, 53.3916063 ], [ -6.381618225413849, 53.391482837767541 ], [ -6.381618159315416, 53.39148279633757 ], [ -6.3794293, 53.3922656 ], [ -6.3790497, 53.3919764 ], [ -6.3787404, 53.391592 ], [ -6.3784695, 53.390962 ], [ -6.3776532, 53.390125699999984 ], [ -6.377578792290058, 53.38985449363696 ], [ -6.3732734, 53.3875638 ], [ -6.3701325, 53.38613260000001 ], [ -6.3683, 53.3855178 ], [ -6.3669114, 53.385283 ], [ -6.3654329, 53.3851438 ], [ -6.3641108, 53.3849162 ], [ -6.3631419, 53.3846011 ], [ -6.3601894, 53.3830953 ], [ -6.359763707675582, 53.382755861405798 ], [ -6.359421, 53.3820277 ], [ -6.3581294, 53.3810182 ], [ -6.3577273, 53.3808495 ], [ -6.3550632, 53.3797823 ], [ -6.3537043, 53.3792941 ], [ -6.352058, 53.3787253 ], [ -6.3502595, 53.3781446 ], [ -6.345150050058094, 53.376533144180968 ], [ -6.341986441610644, 53.375528563107025 ], [ -6.3404035, 53.3750085 ], [ -6.336381026917307, 53.373661339201583 ], [ -6.3330564, 53.3725535 ], [ -6.3320182, 53.3722329 ], [ -6.3311985, 53.3718944 ], [ -6.3291824, 53.3712135 ], [ -6.3281362, 53.3708589 ], [ -6.3246009, 53.3697395 ], [ -6.3223942, 53.369014 ], [ -6.3219073, 53.36885 ], [ -6.3204162, 53.3683478 ], [ -6.3195089, 53.3680953 ], [ -6.3181143, 53.3677898 ], [ -6.316449, 53.3674189 ], [ -6.3147455, 53.3670247 ], [ -6.3143289, 53.3669184 ], [ -6.3137726, 53.3667502 ], [ -6.3134558, 53.3666405 ], [ -6.3104373, 53.3656316 ], [ -6.3082695, 53.3649203 ], [ -6.3039383, 53.3634886 ], [ -6.3018582, 53.3627618 ], [ -6.2981715, 53.36161280000001 ], [ -6.2978952, 53.3614033 ], [ -6.2963344, 53.3608574 ], [ -6.2954176, 53.360525299999985 ], [ -6.2944497, 53.36013 ], [ -6.2907794, 53.3584139 ], [ -6.2899283, 53.3579394 ], [ -6.2890152, 53.3573632 ], [ -6.2888115, 53.3572185 ] ], [ [ -6.381618159315416, 53.39148279633757 ], [ -6.3815084, 53.391414 ], [ -6.377578792290059, 53.38985449363696 ] ], [ [ -6.2852884, 53.3533129 ], [ -6.2848424, 53.3530223 ], [ -6.284565, 53.3528726 ], [ -6.2841676, 53.352590699999986 ], [ -6.283842, 53.3522818 ], [ -6.2834067, 53.351857699999989 ], [ -6.2829071, 53.3513193 ], [ -6.2827638, 53.351185 ], [ -6.2824459, 53.3509467 ], [ -6.2820318, 53.3506717 ], [ -6.2818632, 53.3504312 ], [ -6.2817224, 53.3500292 ], [ -6.2817434, 53.349731 ], [ -6.2818598, 53.3492189 ], [ -6.2819983, 53.348576 ], [ -6.2821607, 53.3479491 ], [ -6.2823414, 53.3473673 ], [ -6.282512, 53.3468793 ], [ -6.282512, 53.3468793 ], [ -6.281881, 53.3467915 ], [ -6.2803228, 53.3466344 ], [ -6.2790093, 53.3463833 ], [ -6.2782047, 53.3462246 ], [ -6.2774435, 53.3460737 ], [ -6.2765851, 53.3459106 ], [ -6.2759037, 53.3458309 ], [ -6.2758012, 53.3458195 ], [ -6.2756299, 53.3458083 ], [ -6.2754248, 53.3457924 ], [ -6.2746679, 53.345717 ], [ -6.2734021, 53.3456094 ], [ -6.2728533, 53.3455742 ], [ -6.2722095, 53.3455759 ], [ -6.271657, 53.3456123 ], [ -6.2711315, 53.3456621 ], [ -6.2707329, 53.3457175 ], [ -6.2698187, 53.3458366 ], [ -6.2690483, 53.3459463 ], [ -6.2680916, 53.3460682 ], [ -6.2678881, 53.3460812 ], [ -6.2678881, 53.3460812 ], [ -6.2678881, 53.3460812 ], [ -6.2668561, 53.3461542 ], [ -6.2657034, 53.3462557 ], [ -6.2657034, 53.3462557 ], [ -6.2651481, 53.3463085 ], [ -6.2643329, 53.3463946 ], [ -6.2632694, 53.3466111 ], [ -6.2610363, 53.3471379 ], [ -6.260058584901054, 53.347353911534185 ], [ -6.2595524, 53.3474831 ], [ -6.259268284901054, 53.347556311534184 ], [ -6.2589759, 53.3476208 ], [ -6.2583905, 53.3477594 ], [ -6.2576656, 53.3479096 ], [ -6.2576104, 53.3479201 ], [ -6.2573954, 53.3479581 ], [ -6.2572992, 53.3478488 ], [ -6.2572254, 53.3474289 ], [ -6.2572232, 53.3473354 ], [ -6.2573289, 53.3473126 ], [ -6.2573289, 53.3473126 ], [ -6.2579048, 53.3472074 ], [ -6.2586329, 53.3470459 ], [ -6.258907943161416, 53.346983220797789 ], [ -6.258907943161416, 53.346983220797789 ], [ -6.2590596, 53.3469452 ], [ -6.2590596, 53.346945199999979 ], [ -6.2607335, 53.3465574 ], [ -6.2618852, 53.3462881 ], [ -6.2625499, 53.3461483 ], [ -6.2629556, 53.3460563 ], [ -6.2634759, 53.3459631 ], [ -6.2650575, 53.3457101 ], [ -6.2674313, 53.3453625 ], [ -6.2676306, 53.3453413 ], [ -6.2676306, 53.3453413 ], [ -6.2676306, 53.3453413 ], [ -6.2699886, 53.3451298 ], [ -6.2718891, 53.3449906 ], [ -6.2720865, 53.3449816 ], [ -6.2722029, 53.3449819 ], [ -6.2734048, 53.345070899999989 ], [ -6.2741824, 53.3451285 ], [ -6.2753843, 53.3452175 ], [ -6.2758661, 53.3452765 ], [ -6.2779056, 53.34567 ], [ -6.278771, 53.3458231 ], [ -6.2805081, 53.3461846 ], [ -6.2817874, 53.3463214 ], [ -6.2826595, 53.3464033 ], [ -6.282512, 53.3468793 ] ], [ [ -6.2492761, 53.3441081 ], [ -6.2523006, 53.3447038 ], [ -6.2550211, 53.3452183 ], [ -6.2551049, 53.3452665 ], [ -6.2551367, 53.3453557 ], [ -6.255136, 53.3454589 ], [ -6.255132716664101, 53.34590492603693 ], [ -6.2551509, 53.3462544 ], [ -6.2551226, 53.3468087 ], [ -6.255019, 53.3473816 ], [ -6.2549998, 53.3474793 ], [ -6.2551697, 53.3474819 ], [ -6.2559632, 53.3474902 ], [ -6.2563669, 53.3474614 ], [ -6.2570619, 53.34736430000001 ], [ -6.2572232, 53.3473354 ], [ -6.2572232, 53.3473354 ], [ -6.2571928, 53.3469888 ], [ -6.2571511, 53.3467824 ], [ -6.2569925, 53.3460799 ], [ -6.2569141, 53.3460032 ], [ -6.2568486, 53.3459901 ], [ -6.2569141, 53.3460032 ], [ -6.2565237, 53.34592 ], [ -6.2559067, 53.3459162 ], [ -6.2552461, 53.3459093 ], [ -6.255132716664101, 53.34590492603693 ], [ -6.2541, 53.345876200000014 ], [ -6.2521162, 53.3457851 ], [ -6.2512287, 53.3457338 ], [ -6.2504081, 53.3456547 ], [ -6.2497815, 53.3455984 ], [ -6.2489989, 53.3455391 ], [ -6.2487202, 53.3455056 ], [ -6.248443, 53.3454463 ], [ -6.248445264932029, 53.345442475699329 ], [ -6.2488433, 53.3447704 ], [ -6.2491509, 53.3442872 ], [ -6.2492096, 53.3441883 ], [ -6.2492761, 53.3441081 ], [ -6.2496969, 53.3434657 ], [ -6.2504881, 53.342169 ], [ -6.2504881, 53.342169 ], [ -6.2504881, 53.342169 ] ], [ [ -6.2507508, 53.3411673 ], [ -6.250751114982915, 53.341167405617647 ], [ -6.2523678, 53.341709499999986 ], [ -6.2524377, 53.3417316 ], [ -6.252481, 53.3417535 ], [ -6.2525158, 53.341786 ], [ -6.2525319, 53.341817199999987 ], [ -6.2525396, 53.3418642 ], [ -6.2524668, 53.3418731 ], [ -6.2524006, 53.3418876 ], [ -6.2516883, 53.3421616 ], [ -6.2515606, 53.342183 ], [ -6.2514834, 53.3421772 ], [ -6.2507946, 53.342025 ], [ -6.2506881, 53.3420259 ], [ -6.2506385, 53.3420364 ], [ -6.2506126, 53.3420514 ], [ -6.2504881, 53.342169 ], [ -6.250524, 53.3420428 ], [ -6.2505109, 53.3420099 ], [ -6.2504831, 53.3419823 ], [ -6.2504023, 53.3419434 ], [ -6.2503406, 53.3419272 ], [ -6.2502796, 53.3418428 ], [ -6.2502661, 53.3418237 ], [ -6.250258, 53.3417829 ], [ -6.2502608, 53.3417366 ], [ -6.2507508, 53.3411673 ], [ -6.2504184, 53.3410509 ], [ -6.2491952, 53.3406068 ], [ -6.2478471, 53.3401336 ], [ -6.246355431746931, 53.339593559529348 ], [ -6.246355431746928, 53.339593559529348 ], [ -6.2463552, 53.3395938 ], [ -6.246355431746931, 53.339593559529348 ], [ -6.246997321617987, 53.338927506795891 ], [ -6.2470087, 53.3389157 ], [ -6.247707205110666, 53.338226391247076 ], [ -6.247707040259824, 53.338226553687498 ], [ -6.2477075, 53.3382261 ], [ -6.2490684, 53.3368645 ], [ -6.2489955, 53.3368372 ], [ -6.2488945, 53.3367862 ], [ -6.2482265, 53.3363609 ], [ -6.24767, 53.3359928 ], [ -6.2473962, 53.3358117 ], [ -6.246446805375367, 53.33508293110151 ], [ -6.2457911, 53.3345261 ], [ -6.2456702, 53.3343885 ], [ -6.2451835, 53.3340381 ], [ -6.2450331, 53.3339362 ], [ -6.2445181, 53.3336526 ], [ -6.2438635, 53.3333779 ], [ -6.2432726, 53.3331677 ] ], [ [ -6.2432726, 53.3331677 ], [ -6.2425718, 53.3329104 ], [ -6.2420974, 53.3327831 ], [ -6.2411376, 53.3326603 ], [ -6.2404084, 53.3325805 ], [ -6.2376096, 53.3322905 ], [ -6.2360456, 53.33211 ], [ -6.235188658191757, 53.332044940493653 ], [ -6.23518177145179, 53.332044417648461 ], [ -6.2349646, 53.3318179 ], [ -6.2345062, 53.3314562 ], [ -6.2335387, 53.33069 ], [ -6.2327505, 53.3300276 ], [ -6.232236, 53.3296444 ], [ -6.2318757, 53.3294616 ], [ -6.2311284, 53.3291271 ], [ -6.2300105, 53.3287157 ], [ -6.2286548, 53.328339 ], [ -6.2276808, 53.3280772 ], [ -6.2269364, 53.3278662 ], [ -6.2260424, 53.3276117 ], [ -6.2256066, 53.3274575 ], [ -6.2252214, 53.3272887 ], [ -6.2249822, 53.3271216 ], [ -6.2247107, 53.3268675 ], [ -6.2243233, 53.3264411 ], [ -6.2236784, 53.3258215 ], [ -6.2232399, 53.325513 ], [ -6.2227767, 53.3252353 ], [ -6.221541, 53.3245059 ], [ -6.2199829, 53.3236017 ], [ -6.2191994, 53.3231237 ], [ -6.2173824, 53.3217237 ], [ -6.2170479, 53.3214692 ], [ -6.2159037, 53.320701199999988 ], [ -6.215479877269092, 53.320456691482761 ], [ -6.2150729, 53.3202219 ], [ -6.2135029, 53.3193096 ], [ -6.2124087, 53.3187192 ], [ -6.2126103, 53.318601 ], [ -6.2139472, 53.318314 ], [ -6.2142649, 53.3182556 ], [ -6.2145688, 53.3181504 ], [ -6.2150872, 53.3178761 ], [ -6.2160821, 53.3173448 ], [ -6.2182427, 53.3161641 ], [ -6.2197021, 53.3153782 ], [ -6.2214103, 53.3144403 ], [ -6.2223648, 53.3139842 ], [ -6.2224292, 53.3139242 ], [ -6.2225287, 53.31382 ], [ -6.2225451, 53.3137223 ], [ -6.2224426, 53.313567 ], [ -6.2221697, 53.3133465 ], [ -6.2217915, 53.3130016 ], [ -6.2215913, 53.3127739 ], [ -6.2209923, 53.3120082 ], [ -6.2204578, 53.3113106 ], [ -6.220042, 53.3107948 ], [ -6.2195242, 53.3103613 ], [ -6.217802066702737, 53.309424914306724 ], [ -6.2181121, 53.3090595 ], [ -6.2181281, 53.3089697 ], [ -6.2182885, 53.3088061 ], [ -6.2182536, 53.3086916 ], [ -6.2179622, 53.308483499999987 ], [ -6.2176248, 53.308177899999976 ], [ -6.2173851, 53.3079026 ], [ -6.217251, 53.3076895 ], [ -6.2171953, 53.3075272 ], [ -6.2171195, 53.307346 ], [ -6.2169983, 53.3071319 ], [ -6.2169289, 53.3069118 ], [ -6.2169166, 53.3067487 ], [ -6.2169403, 53.3065342 ], [ -6.2170617, 53.3063586 ], [ -6.2172423, 53.3061272 ], [ -6.2172949, 53.3060599 ], [ -6.2173, 53.3059242 ], [ -6.2172483, 53.3058697 ], [ -6.2171782, 53.3058112 ], [ -6.2163144, 53.3054509 ], [ -6.2160663, 53.3053568 ], [ -6.2159699, 53.3052886 ], [ -6.2159149, 53.3051981 ], [ -6.2159427, 53.3051132 ], [ -6.2160384, 53.3048578 ], [ -6.2161185, 53.3047651 ], [ -6.2162674, 53.3048138 ], [ -6.2170473, 53.3050661 ], [ -6.2170537, 53.3051027 ], [ -6.2170266, 53.3051312 ], [ -6.2168537, 53.3052303 ], [ -6.2167601, 53.3052533 ], [ -6.2166455, 53.3052833 ], [ -6.2165504, 53.3053024 ], [ -6.216467, 53.305336 ], [ -6.2163144, 53.3054509 ] ] ] } },
{ "type": "Feature", "properties": { "id": null, "route no": "B2" }, "geometry": { "type": "MultiLineString", "coordinates": [ [ [ -6.409995639744013, 53.387038588159484 ], [ -6.4101252, 53.3867798 ], [ -6.4101608, 53.3866426 ], [ -6.410166, 53.3864369 ], [ -6.410146, 53.3862626 ], [ -6.4099752, 53.3856476 ], [ -6.4095504, 53.3846382 ], [ -6.40946, 53.3843802 ], [ -6.4094067, 53.3840881 ], [ -6.4094093, 53.3835868 ], [ -6.4093692, 53.3831099 ], [ -6.409375, 53.382973 ], [ -6.4112065, 53.383119 ], [ -6.4124933, 53.3832624 ], [ -6.4134316, 53.3833179 ], [ -6.4151066, 53.3833799 ], [ -6.42137, 53.3836598 ], [ -6.4216201, 53.383655 ], [ -6.4228445, 53.3833713 ], [ -6.4236931, 53.3835448 ], [ -6.4242661, 53.3836812 ], [ -6.4275346, 53.3843452 ], [ -6.4277591, 53.3844015 ], [ -6.4279415, 53.3845245 ], [ -6.4279905, 53.384618 ], [ -6.427936, 53.3850948 ], [ -6.4278235, 53.3856679 ], [ -6.4276684, 53.3861436 ], [ -6.4276739, 53.3862777 ], [ -6.4277503, 53.3863697 ], [ -6.4280054, 53.3865491 ], [ -6.42827, 53.3866895 ], [ -6.4290642, 53.3870561 ], [ -6.4296253, 53.3872835 ], [ -6.4297034, 53.3873528 ], [ -6.4300661, 53.3881026 ], [ -6.4310815, 53.3900494 ], [ -6.4312238, 53.3902193 ], [ -6.4314652, 53.3904247 ], [ -6.431623, 53.390682 ], [ -6.431687868754157, 53.390967977230034 ], [ -6.4315992, 53.3911913 ], [ -6.4315384, 53.3916 ], [ -6.4315858, 53.3920726 ], [ -6.4315918, 53.3922636 ], [ -6.4315166, 53.3931546 ], [ -6.4314833, 53.3933453 ], [ -6.4313681, 53.3937465 ], [ -6.4310601, 53.3941081 ], [ -6.4309133, 53.3943042 ], [ -6.4305725, 53.3948721 ], [ -6.4302418, 53.3951984 ], [ -6.4295445, 53.3956302 ], [ -6.4293087, 53.3958204 ], [ -6.4290034, 53.396204 ], [ -6.428907, 53.3964205 ], [ -6.4288963, 53.3966544 ], [ -6.4289433, 53.3968437 ], [ -6.4291425, 53.3972111 ], [ -6.4293836, 53.397351 ], [ -6.4299539, 53.3975614 ], [ -6.4303286, 53.3977741 ], [ -6.4306591, 53.3980081 ], [ -6.4312712, 53.3985157 ], [ -6.4323477, 53.3993167 ], [ -6.4333369, 53.4001214 ], [ -6.4341874, 53.4005979 ], [ -6.4343983, 53.4007296 ], [ -6.4346166, 53.4009178 ], [ -6.4351347, 53.4015353 ], [ -6.4353039, 53.4017111 ], [ -6.4357292, 53.4020352 ], [ -6.4359016, 53.4021387 ], [ -6.4362733, 53.4023122 ], [ -6.4363876, 53.4024849 ], [ -6.436182, 53.4027686 ], [ -6.4355965, 53.4034104 ], [ -6.4345134, 53.4043669 ], [ -6.4334428, 53.4053666 ], [ -6.4329092, 53.4057507 ], [ -6.4323154, 53.4060369 ], [ -6.4316275, 53.406282 ], [ -6.4307726, 53.4064895 ], [ -6.4303745, 53.4065597 ] ], [ [ -6.411005, 53.4016042 ], [ -6.4117745, 53.4013771 ], [ -6.4124771, 53.4010801 ], [ -6.4127954, 53.4008981 ], [ -6.4132457, 53.4005776 ], [ -6.4137513, 53.4000925 ], [ -6.4156459, 53.397746 ], [ -6.4158236, 53.397591 ], [ -6.4163418, 53.3970381 ], [ -6.4173209, 53.3958793 ], [ -6.4183165, 53.3945623 ], [ -6.4184612, 53.3941695 ], [ -6.4185919, 53.3936217 ], [ -6.4186864, 53.3930294 ], [ -6.4186793, 53.392635 ], [ -6.4186477, 53.3924988 ], [ -6.4185155, 53.3922481 ], [ -6.418431, 53.3921528 ], [ -6.4178371, 53.3916733 ], [ -6.4176303, 53.3915635 ], [ -6.4172131, 53.3913793 ], [ -6.4169478, 53.3912957 ], [ -6.4164045, 53.3911922 ], [ -6.4124429, 53.3907956 ], [ -6.4116956, 53.3908035 ], [ -6.4087076, 53.3912173 ], [ -6.4086758, 53.3910792 ], [ -6.4086243, 53.3906317 ], [ -6.4086304, 53.3904126 ], [ -6.4086635, 53.3901701 ], [ -6.4088235, 53.3896477 ], [ -6.4090173, 53.3888483 ], [ -6.409209, 53.3883418 ], [ -6.409995678215606, 53.387038595876227 ] ], [ [ -6.411005, 53.4016042 ], [ -6.4099846, 53.4017802 ], [ -6.4090334, 53.4017666 ], [ -6.4082297, 53.4016553 ], [ -6.40742, 53.4014395 ], [ -6.40708, 53.40132160000001 ], [ -6.4052492, 53.4004671 ], [ -6.4011337, 53.3993925 ], [ -6.4006253, 53.3992333 ], [ -6.4002418, 53.3990704 ], [ -6.3999464, 53.3988992 ], [ -6.399585, 53.3985602 ], [ -6.3994404, 53.3983683 ], [ -6.3993468, 53.3981918 ], [ -6.3992782, 53.397989699999989 ], [ -6.399266, 53.3977229 ], [ -6.3992967, 53.3974801 ], [ -6.3994778, 53.3970571 ], [ -6.3997982, 53.3964128 ], [ -6.3999864, 53.3959869 ], [ -6.4000284, 53.3954826 ], [ -6.399931, 53.3951085 ], [ -6.3996026, 53.3945836 ], [ -6.3992101, 53.394223599999989 ], [ -6.398585, 53.3938632 ], [ -6.398060877827684, 53.39363524741718 ], [ -6.3975539, 53.3934344 ], [ -6.3969552, 53.3932393 ], [ -6.3964152, 53.393148599999989 ], [ -6.3951179, 53.3931093 ], [ -6.3943554, 53.3931007 ], [ -6.3938371, 53.3931421 ], [ -6.393466716582371, 53.393327915564072 ], [ -6.3931514, 53.3935168 ], [ -6.3916059, 53.3943673 ], [ -6.3914288, 53.3944076 ] ], [ [ -6.3913786, 53.3944361 ], [ -6.3902373, 53.3950577 ], [ -6.3899167, 53.3950643 ], [ -6.3897145, 53.3949802 ], [ -6.3879881, 53.3939266 ], [ -6.3871118, 53.3934685 ], [ -6.3864105, 53.3931872 ], [ -6.3856139, 53.3929004 ], [ -6.385087, 53.3927768 ], [ -6.3845603, 53.3927479 ], [ -6.3840706, 53.3926693 ], [ -6.3837786, 53.3925992 ], [ -6.3833123, 53.3924379 ], [ -6.3824571, 53.3920082 ], [ -6.381618159315416, 53.39148279633757 ], [ -6.3794293, 53.3922656 ], [ -6.3790497, 53.3919764 ], [ -6.3787404, 53.391592 ], [ -6.3784695, 53.390962 ], [ -6.3776532, 53.390125699999984 ], [ -6.377578792290058, 53.38985449363696 ], [ -6.3732734, 53.3875638 ], [ -6.3701325, 53.38613260000001 ], [ -6.3683, 53.3855178 ], [ -6.3669114, 53.385283 ], [ -6.3654329, 53.3851438 ], [ -6.3641108, 53.3849162 ], [ -6.3631419, 53.3846011 ], [ -6.3601894, 53.3830953 ], [ -6.359763707675582, 53.382755861405798 ], [ -6.359421, 53.3820277 ], [ -6.3581294, 53.3810182 ], [ -6.3550632, 53.3797823 ], [ -6.3537043, 53.3792941 ], [ -6.352058, 53.3787253 ], [ -6.3502595, 53.3781446 ], [ -6.341986441610644, 53.375528563107025 ], [ -6.3330564, 53.3725535 ], [ -6.3320182, 53.3722329 ], [ -6.3311985, 53.3718944 ], [ -6.3281362, 53.3708589 ], [ -6.3246009, 53.3697395 ], [ -6.3204162, 53.3683478 ], [ -6.3195089, 53.3680953 ], [ -6.316449, 53.3674189 ], [ -6.3147455, 53.3670247 ], [ -6.3143289, 53.3669184 ], [ -6.3137726, 53.3667502 ], [ -6.3104373, 53.3656316 ], [ -6.3039383, 53.3634886 ], [ -6.3018582, 53.3627618 ], [ -6.2981715, 53.36161280000001 ], [ -6.2978952, 53.3614033 ], [ -6.2954176, 53.360525299999985 ], [ -6.2944497, 53.36013 ], [ -6.2907794, 53.3584139 ], [ -6.2899283, 53.3579394 ], [ -6.2890152, 53.3573632 ], [ -6.2888115, 53.3572185 ] ], [ [ -6.381618159315416, 53.39148279633757 ], [ -6.3815084, 53.391414 ], [ -6.377578792290059, 53.38985449363696 ] ], [ [ -6.2852884, 53.3533129 ], [ -6.2848424, 53.3530223 ], [ -6.284565, 53.3528726 ], [ -6.2841676, 53.352590699999986 ], [ -6.2834067, 53.351857699999989 ], [ -6.2829071, 53.3513193 ], [ -6.2827638, 53.351185 ], [ -6.2824459, 53.3509467 ], [ -6.2820318, 53.3506717 ], [ -6.2818632, 53.3504312 ], [ -6.2817224, 53.3500292 ], [ -6.2817434, 53.349731 ], [ -6.2819983, 53.348576 ], [ -6.2821607, 53.3479491 ], [ -6.2823414, 53.3473673 ], [ -6.282512, 53.3468793 ], [ -6.282512, 53.3468793 ], [ -6.281881, 53.3467915 ], [ -6.2803228, 53.3466344 ], [ -6.2790093, 53.3463833 ], [ -6.2774435, 53.3460737 ], [ -6.2765851, 53.3459106 ], [ -6.2759037, 53.3458309 ], [ -6.2758012, 53.3458195 ], [ -6.2756299, 53.3458083 ], [ -6.2754248, 53.3457924 ], [ -6.2746679, 53.345717 ], [ -6.2734021, 53.3456094 ], [ -6.2728533, 53.3455742 ], [ -6.2722095, 53.3455759 ], [ -6.271657, 53.3456123 ], [ -6.2711315, 53.3456621 ], [ -6.2707329, 53.3457175 ], [ -6.2698187, 53.3458366 ], [ -6.2690483, 53.3459463 ], [ -6.2680916, 53.3460682 ], [ -6.2678881, 53.3460812 ], [ -6.2668561, 53.3461542 ], [ -6.2657034, 53.3462557 ], [ -6.2651481, 53.3463085 ], [ -6.2643329, 53.3463946 ], [ -6.2632694, 53.3466111 ], [ -6.2610363, 53.3471379 ], [ -6.260058584901054, 53.347353911534185 ], [ -6.259268284901054, 53.347556311534184 ], [ -6.2583905, 53.3477594 ], [ -6.2573954, 53.3479581 ], [ -6.2572992, 53.3478488 ], [ -6.2572254, 53.3474289 ], [ -6.2572232, 53.3473354 ], [ -6.2573289, 53.3473126 ], [ -6.2579048, 53.3472074 ], [ -6.2586329, 53.3470459 ], [ -6.258907943161416, 53.346983220797789 ], [ -6.2590596, 53.346945199999979 ], [ -6.2618852, 53.3462881 ], [ -6.2625499, 53.3461483 ], [ -6.2629556, 53.3460563 ], [ -6.2634759, 53.3459631 ], [ -6.2650575, 53.3457101 ], [ -6.2674313, 53.3453625 ], [ -6.2676306, 53.3453413 ], [ -6.2676306, 53.3453413 ], [ -6.2676306, 53.3453413 ], [ -6.2676306, 53.3453413 ], [ -6.2676306, 53.3453413 ], [ -6.2676306, 53.3453413 ], [ -6.2676306, 53.3453413 ], [ -6.2676306, 53.3453413 ], [ -6.2676306, 53.3453413 ], [ -6.2676306, 53.3453413 ], [ -6.2676306, 53.3453413 ], [ -6.2676306, 53.3453413 ], [ -6.2699886, 53.3451298 ], [ -6.271889098471259, 53.344990600111963 ], [ -6.2720865, 53.3449816 ], [ -6.2720865, 53.3449816 ], [ -6.2720865, 53.3449816 ], [ -6.2720865, 53.3449816 ], [ -6.2720865, 53.3449816 ], [ -6.2720865, 53.3449816 ], [ -6.2722029, 53.3449819 ], [ -6.2741824, 53.3451285 ], [ -6.2753843, 53.3452175 ], [ -6.2758661, 53.3452765 ], [ -6.2779056, 53.34567 ], [ -6.278771, 53.3458231 ], [ -6.2805081, 53.3461846 ], [ -6.2817874, 53.3463214 ], [ -6.2826595, 53.3464033 ], [ -6.282512, 53.3468793 ] ], [ [ -6.2492761, 53.3441081 ], [ -6.2523006, 53.3447038 ], [ -6.2550211, 53.3452183 ], [ -6.2551049, 53.3452665 ], [ -6.2551367, 53.3453557 ], [ -6.255132716664101, 53.34590492603693 ], [ -6.2551509, 53.3462544 ], [ -6.2551226, 53.3468087 ], [ -6.2549998, 53.3474793 ], [ -6.2559632, 53.3474902 ], [ -6.2563669, 53.3474614 ], [ -6.2570619, 53.347364300000017 ], [ -6.2572232, 53.3473354 ], [ -6.2571928, 53.3469888 ], [ -6.2569925, 53.3460799 ], [ -6.2569141, 53.3460032 ], [ -6.2565237, 53.34592 ], [ -6.2552461, 53.3459093 ], [ -6.255132716664101, 53.34590492603693 ], [ -6.2541, 53.345876200000014 ], [ -6.2521162, 53.3457851 ], [ -6.2512287, 53.3457338 ], [ -6.2504081, 53.3456547 ], [ -6.2497815, 53.3455984 ], [ -6.2489989, 53.3455391 ], [ -6.2487202, 53.3455056 ], [ -6.248443, 53.3454463 ], [ -6.248445264932029, 53.345442475699329 ], [ -6.2488433, 53.3447704 ], [ -6.2492096, 53.3441883 ], [ -6.2492761, 53.3441081 ], [ -6.2496969, 53.3434657 ], [ -6.2504881, 53.342169 ] ], [ [ -6.2507508, 53.3411673 ], [ -6.2524377, 53.3417316 ], [ -6.252481, 53.3417535 ], [ -6.2525158, 53.341786 ], [ -6.2525319, 53.341817199999987 ], [ -6.2525396, 53.3418642 ], [ -6.2524668, 53.3418731 ], [ -6.2524006, 53.3418876 ], [ -6.2516883, 53.3421616 ], [ -6.2515606, 53.342183 ], [ -6.2514834, 53.3421772 ], [ -6.2507946, 53.342025 ], [ -6.2506881, 53.3420259 ], [ -6.2506385, 53.3420364 ], [ -6.2506126, 53.3420514 ], [ -6.2504881, 53.342169 ], [ -6.250524, 53.3420428 ], [ -6.2505109, 53.3420099 ], [ -6.2504831, 53.3419823 ], [ -6.2504023, 53.3419434 ], [ -6.2503406, 53.3419272 ], [ -6.2502796, 53.3418428 ], [ -6.2502661, 53.3418237 ], [ -6.250258, 53.3417829 ], [ -6.2502608, 53.3417366 ], [ -6.2507508, 53.3411673 ], [ -6.246355431746931, 53.339593559529348 ], [ -6.246355431746928, 53.339593559529348 ], [ -6.2463552, 53.3395938 ], [ -6.246355431746931, 53.339593559529348 ], [ -6.246997321617987, 53.338927506795891 ], [ -6.2470087, 53.3389157 ], [ -6.2490684, 53.3368645 ], [ -6.2488945, 53.3367862 ], [ -6.2473962, 53.3358117 ], [ -6.246446805375367, 53.33508293110151 ], [ -6.2457911, 53.3345261 ], [ -6.2456702, 53.3343885 ], [ -6.2450331, 53.3339362 ], [ -6.2445181, 53.3336526 ], [ -6.2438635, 53.3333779 ], [ -6.2432726, 53.3331677 ] ], [ [ -6.2432726, 53.3331677 ], [ -6.2425718, 53.3329104 ], [ -6.2420974, 53.3327831 ], [ -6.2411376, 53.3326603 ], [ -6.2376096, 53.3322905 ], [ -6.2360456, 53.33211 ], [ -6.23518177145179, 53.332044417648461 ], [ -6.2349646, 53.3318179 ], [ -6.2335387, 53.33069 ], [ -6.2327505, 53.3300276 ], [ -6.232236, 53.3296444 ], [ -6.2318757, 53.3294616 ], [ -6.2311284, 53.3291271 ], [ -6.2300105, 53.3287157 ], [ -6.2276808, 53.3280772 ], [ -6.2260424, 53.3276117 ], [ -6.2256066, 53.3274575 ], [ -6.2252214, 53.3272887 ], [ -6.2249822, 53.3271216 ], [ -6.2247107, 53.3268675 ], [ -6.2243233, 53.3264411 ], [ -6.2236784, 53.3258215 ], [ -6.2232399, 53.325513 ], [ -6.2199829, 53.3236017 ], [ -6.2191994, 53.3231237 ], [ -6.2170479, 53.3214692 ], [ -6.2159037, 53.320701199999988 ], [ -6.2135029, 53.3193096 ], [ -6.2124087, 53.3187192 ], [ -6.2126103, 53.318601 ], [ -6.2142649, 53.3182556 ], [ -6.2145688, 53.3181504 ], [ -6.2160821, 53.3173448 ], [ -6.2214103, 53.3144403 ], [ -6.2223648, 53.3139842 ], [ -6.2225287, 53.31382 ], [ -6.2225451, 53.3137223 ], [ -6.2224426, 53.313567 ], [ -6.2221697, 53.3133465 ], [ -6.2217915, 53.3130016 ], [ -6.2215913, 53.3127739 ], [ -6.2204578, 53.3113106 ], [ -6.220042, 53.3107948 ], [ -6.2195242, 53.3103613 ], [ -6.217802066702737, 53.309424914306724 ], [ -6.2181121, 53.3090595 ], [ -6.2181281, 53.3089697 ], [ -6.2182885, 53.3088061 ], [ -6.2182536, 53.3086916 ], [ -6.2179622, 53.308483499999987 ], [ -6.2176248, 53.308177899999976 ], [ -6.2173851, 53.3079026 ], [ -6.217251, 53.3076895 ], [ -6.2171195, 53.307346 ], [ -6.2169983, 53.3071319 ], [ -6.2169289, 53.3069118 ], [ -6.2169166, 53.3067487 ], [ -6.2169403, 53.3065342 ], [ -6.2172949, 53.3060599 ], [ -6.2173, 53.3059242 ], [ -6.2171782, 53.3058112 ], [ -6.2160663, 53.3053568 ], [ -6.2159699, 53.3052886 ], [ -6.2159149, 53.3051981 ], [ -6.2160384, 53.3048578 ], [ -6.2161185, 53.3047651 ], [ -6.2170473, 53.3050661 ], [ -6.2170537, 53.3051027 ], [ -6.2170266, 53.3051312 ], [ -6.2168537, 53.3052303 ], [ -6.2165504, 53.3053024 ], [ -6.216467, 53.305336 ], [ -6.2163144, 53.3054509 ] ] ] } },
{ "type": "Feature", "properties": { "id": null, "route no": "B3" }, "geometry": { "type": "MultiLineString", "coordinates": [ [ [ -6.3787386, 53.4222872 ], [ -6.379127125232116, 53.421837127370246 ], [ -6.3793377, 53.4215095 ], [ -6.3796255, 53.4211217 ], [ -6.380479, 53.4201016 ], [ -6.3810746, 53.4195885 ], [ -6.3815032, 53.4193293 ], [ -6.381667, 53.4192944 ], [ -6.382231, 53.4192519 ], [ -6.3827303, 53.41928 ], [ -6.3830122, 53.4192713 ], [ -6.3835923, 53.4192262 ], [ -6.3838986, 53.4192589 ], [ -6.3840885, 53.4193122 ], [ -6.3842523, 53.41939 ], [ -6.3844477, 53.4195415 ], [ -6.3845734, 53.4197274 ], [ -6.3847008, 53.4198675 ], [ -6.3847433, 53.4199986 ], [ -6.3847631, 53.4201179 ], [ -6.3847127, 53.4204679 ], [ -6.3847162, 53.4205401 ], [ -6.3848103, 53.420668199999987 ], [ -6.3849133, 53.4207196 ], [ -6.3851082, 53.420792199999987 ], [ -6.3860719, 53.4210926 ], [ -6.3865958, 53.4212412 ], [ -6.3868562, 53.421238699999989 ], [ -6.3872626, 53.4211685 ], [ -6.387427, 53.4211538 ], [ -6.3877157, 53.4211942 ], [ -6.388281851388663, 53.421432754250432 ], [ -6.388674, 53.4216155 ], [ -6.3900118, 53.422173 ], [ -6.3902285, 53.422217 ], [ -6.3903916, 53.422222499999982 ], [ -6.3906341, 53.4221893 ], [ -6.3908935, 53.4220849 ], [ -6.3917223, 53.4214998 ], [ -6.391925, 53.4213799 ], [ -6.3922426, 53.421217499999976 ], [ -6.3931925, 53.4208138 ], [ -6.3933973, 53.4206581 ], [ -6.3935103, 53.4204855 ], [ -6.3935325, 53.4202939 ], [ -6.3934679, 53.4201273 ], [ -6.3934048, 53.4200377 ], [ -6.3931849, 53.419884 ], [ -6.3929166, 53.4197842 ], [ -6.3926883, 53.4197382 ], [ -6.3898837, 53.4197747 ], [ -6.3894864, 53.4197508 ], [ -6.3892769, 53.4196782 ], [ -6.3891012, 53.4195691 ], [ -6.3889015, 53.419113299999985 ], [ -6.3887238, 53.4188298 ], [ -6.3886237, 53.418730299999986 ], [ -6.3884701, 53.4186281 ], [ -6.3880818, 53.4184729 ], [ -6.3867507, 53.418065 ], [ -6.3863676, 53.4178627 ], [ -6.3862637, 53.417760799999989 ], [ -6.3861601, 53.4176103 ], [ -6.3859844, 53.4172896 ], [ -6.3859255, 53.4169014 ], [ -6.3857547, 53.416699 ], [ -6.3856034, 53.4165889 ], [ -6.3850035, 53.4163177 ], [ -6.3847183, 53.4161553 ], [ -6.384642, 53.4160602 ], [ -6.384602, 53.4158705 ], [ -6.384655, 53.41568860000001 ], [ -6.3847783, 53.4155313 ], [ -6.3859644, 53.4144733 ], [ -6.3866578, 53.4140667 ], [ -6.38721653027674, 53.413682529464211 ], [ -6.387485, 53.413222799999986 ], [ -6.3884052, 53.4122345 ], [ -6.38979, 53.410616 ], [ -6.3899785, 53.4101555 ], [ -6.3900897, 53.4099591 ], [ -6.3919056, 53.408173 ], [ -6.3921659, 53.4078894 ], [ -6.3923237, 53.407683699999986 ], [ -6.393624, 53.4061326 ], [ -6.3938922, 53.4058304 ], [ -6.3939787, 53.405682 ], [ -6.3939195, 53.4055025 ], [ -6.3935097, 53.4052618 ], [ -6.3895449, 53.4031358 ], [ -6.3893247, 53.4029863 ], [ -6.3891067, 53.4028048 ], [ -6.3889291, 53.4026304 ], [ -6.3886552, 53.4022097 ], [ -6.3885963, 53.402086899999986 ], [ -6.3884853, 53.4019656 ], [ -6.3880171, 53.4016987 ], [ -6.3871658, 53.4012625 ], [ -6.3869167, 53.4011517 ], [ -6.3856141, 53.400663 ], [ -6.3853741, 53.4005264 ], [ -6.3848843, 53.4002124 ], [ -6.3843825, 53.3997564 ], [ -6.3872486, 53.3991314 ], [ -6.3879748, 53.3989336 ], [ -6.3887046, 53.3987169 ], [ -6.3899175, 53.3982775 ], [ -6.3901856, 53.3982241 ], [ -6.3906739, 53.3980815 ], [ -6.3908435, 53.3980133 ], [ -6.3914788, 53.397721 ], [ -6.391669459708995, 53.397621712362529 ] ], [ [ -6.391669459708994, 53.397621712362529 ], [ -6.392042315107382, 53.397430629261081 ], [ -6.3922535, 53.3973224 ], [ -6.3924914, 53.3971404 ], [ -6.3928795, 53.3968361 ], [ -6.3941822, 53.3961162 ], [ -6.3953756, 53.3954969 ], [ -6.3960616, 53.3951177 ], [ -6.3969201, 53.39454 ], [ -6.397958, 53.393732899999989 ], [ -6.398060877827684, 53.39363524741718 ], [ -6.3975539, 53.3934344 ], [ -6.3969552, 53.3932393 ], [ -6.3964152, 53.393148599999989 ], [ -6.3951179, 53.3931093 ], [ -6.3943554, 53.3931007 ], [ -6.3938371, 53.3931421 ], [ -6.393466716582371, 53.393327915564072 ], [ -6.3931514, 53.3935168 ], [ -6.3916059, 53.3943673 ], [ -6.3914288, 53.3944076 ] ], [ [ -6.3913786, 53.3944361 ], [ -6.3902373, 53.3950577 ], [ -6.3899167, 53.3950643 ], [ -6.3897145, 53.3949802 ], [ -6.3879881, 53.3939266 ], [ -6.3871118, 53.3934685 ], [ -6.3864105, 53.3931872 ], [ -6.3856139, 53.3929004 ], [ -6.385087, 53.3927768 ], [ -6.3845603, 53.3927479 ], [ -6.3840706, 53.3926693 ], [ -6.3837786, 53.3925992 ], [ -6.3833123, 53.3924379 ], [ -6.3824571, 53.3920082 ], [ -6.381618159315416, 53.39148279633757 ], [ -6.3794293, 53.3922656 ], [ -6.3790497, 53.3919764 ], [ -6.3787404, 53.391592 ], [ -6.3784695, 53.390962 ], [ -6.3776532, 53.390125699999984 ], [ -6.377578792290058, 53.38985449363696 ], [ -6.3732734, 53.3875638 ], [ -6.3701325, 53.38613260000001 ], [ -6.3683, 53.3855178 ], [ -6.3669114, 53.385283 ], [ -6.3654329, 53.3851438 ], [ -6.3641108, 53.3849162 ], [ -6.3631419, 53.3846011 ], [ -6.3601894, 53.3830953 ], [ -6.359763707675582, 53.382755861405798 ], [ -6.359421, 53.3820277 ], [ -6.3581294, 53.3810182 ], [ -6.3550632, 53.3797823 ], [ -6.3537043, 53.3792941 ], [ -6.352058, 53.3787253 ], [ -6.3502595, 53.3781446 ], [ -6.341986441610644, 53.375528563107025 ], [ -6.3330564, 53.3725535 ], [ -6.3320182, 53.3722329 ], [ -6.3311985, 53.3718944 ], [ -6.3281362, 53.3708589 ], [ -6.3246009, 53.3697395 ], [ -6.3204162, 53.3683478 ], [ -6.3195089, 53.3680953 ], [ -6.316449, 53.3674189 ], [ -6.3147455, 53.3670247 ], [ -6.3143289, 53.3669184 ], [ -6.3137726, 53.3667502 ], [ -6.3104373, 53.3656316 ], [ -6.3039383, 53.3634886 ], [ -6.3018582, 53.3627618 ], [ -6.2981715, 53.36161280000001 ], [ -6.2978952, 53.3614033 ], [ -6.2954176, 53.360525299999985 ], [ -6.2944497, 53.36013 ], [ -6.2907794, 53.3584139 ], [ -6.2899283, 53.3579394 ], [ -6.2886278, 53.357106 ], [ -6.2881808, 53.3565272 ], [ -6.2879671, 53.3562047 ], [ -6.2876561, 53.355557499999989 ], [ -6.2874433, 53.3551905 ], [ -6.2872007, 53.3548889 ], [ -6.2868875, 53.354543 ], [ -6.2866961, 53.3543763 ], [ -6.2861713, 53.3539658 ], [ -6.285599, 53.3535591 ], [ -6.2852884, 53.3533129 ], [ -6.2848424, 53.3530223 ], [ -6.284565, 53.3528726 ], [ -6.2841676, 53.352590699999986 ], [ -6.2834067, 53.351857699999989 ], [ -6.2829071, 53.3513193 ], [ -6.2827638, 53.351185 ], [ -6.2824459, 53.3509467 ], [ -6.2820318, 53.3506717 ], [ -6.2818632, 53.3504312 ], [ -6.2817224, 53.3500292 ], [ -6.2817434, 53.349731 ], [ -6.2819983, 53.348576 ], [ -6.2821607, 53.3479491 ], [ -6.2823414, 53.3473673 ], [ -6.282512, 53.3468793 ], [ -6.282512, 53.3468793 ], [ -6.281881, 53.3467915 ], [ -6.2803228, 53.3466344 ], [ -6.2790093, 53.3463833 ], [ -6.2774435, 53.3460737 ], [ -6.2765851, 53.3459106 ], [ -6.2759037, 53.3458309 ], [ -6.2758012, 53.3458195 ], [ -6.2756299, 53.3458083 ], [ -6.2754248, 53.3457924 ], [ -6.2746679, 53.345717 ], [ -6.2734021, 53.3456094 ], [ -6.2728533, 53.3455742 ], [ -6.2722095, 53.3455759 ], [ -6.271657, 53.3456123 ], [ -6.2711315, 53.3456621 ], [ -6.2707329, 53.3457175 ], [ -6.2698187, 53.3458366 ], [ -6.2690483, 53.3459463 ], [ -6.2680916, 53.3460682 ], [ -6.2678881, 53.3460812 ], [ -6.2668561, 53.3461542 ], [ -6.2657034, 53.3462557 ], [ -6.2651481, 53.3463085 ], [ -6.2643329, 53.3463946 ], [ -6.2632694, 53.3466111 ], [ -6.2610363, 53.3471379 ], [ -6.260058584901054, 53.347353911534185 ], [ -6.259268284901054, 53.347556311534184 ], [ -6.2583905, 53.3477594 ], [ -6.2573954, 53.3479581 ], [ -6.2572992, 53.3478488 ], [ -6.2572254, 53.3474289 ], [ -6.2572232, 53.3473354 ], [ -6.2573289, 53.3473126 ], [ -6.2579048, 53.3472074 ], [ -6.2586329, 53.3470459 ], [ -6.258907943161416, 53.346983220797789 ], [ -6.2590596, 53.346945199999979 ], [ -6.2618852, 53.3462881 ], [ -6.2625499, 53.3461483 ], [ -6.2629556, 53.3460563 ], [ -6.2634759, 53.3459631 ], [ -6.2650575, 53.3457101 ], [ -6.2674313, 53.3453625 ], [ -6.2676306, 53.3453413 ], [ -6.2676306, 53.3453413 ], [ -6.2676306, 53.3453413 ], [ -6.2676306, 53.3453413 ], [ -6.2676306, 53.3453413 ], [ -6.2676306, 53.3453413 ], [ -6.2676306, 53.3453413 ], [ -6.2676306, 53.3453413 ], [ -6.2676306, 53.3453413 ], [ -6.2676306, 53.3453413 ], [ -6.2676306, 53.3453413 ], [ -6.2676306, 53.3453413 ], [ -6.2699886, 53.3451298 ], [ -6.271889098471259, 53.344990600111963 ], [ -6.2720865, 53.3449816 ], [ -6.2720865, 53.3449816 ], [ -6.2720865, 53.3449816 ], [ -6.2720865, 53.3449816 ], [ -6.2720865, 53.3449816 ], [ -6.2720865, 53.3449816 ], [ -6.2722029, 53.3449819 ], [ -6.2753843, 53.3452175 ], [ -6.2758661, 53.3452765 ], [ -6.2779056, 53.34567 ], [ -6.278771, 53.3458231 ], [ -6.2805081, 53.3461846 ], [ -6.2817874, 53.3463214 ], [ -6.2826595, 53.3464033 ], [ -6.282512, 53.3468793 ] ], [ [ -6.381618159315416, 53.39148279633757 ], [ -6.3815084, 53.391414 ], [ -6.377578792290059, 53.38985449363696 ] ], [ [ -6.3633816, 53.4233469 ], [ -6.3647591, 53.422819299999986 ], [ -6.3652066, 53.4226741 ], [ -6.365992992055292, 53.42245283480473 ], [ -6.36853, 53.4218525 ], [ -6.368208, 53.421565 ], [ -6.3699383, 53.4215477 ], [ -6.3708993, 53.4213439 ], [ -6.373375317009366, 53.421589318706978 ], [ -6.3780946, 53.4224153 ], [ -6.3784044, 53.4223464 ], [ -6.3784875, 53.4223146 ], [ -6.3787386, 53.4222872 ] ], [ [ -6.2492761, 53.3441081 ], [ -6.2523006, 53.3447038 ], [ -6.2550211, 53.3452183 ], [ -6.2551049, 53.3452665 ], [ -6.2551367, 53.3453557 ], [ -6.255132716664101, 53.34590492603693 ], [ -6.2551509, 53.3462544 ], [ -6.2551226, 53.3468087 ], [ -6.2549998, 53.3474793 ], [ -6.2559632, 53.3474902 ], [ -6.2563669, 53.3474614 ], [ -6.2570619, 53.347364300000017 ], [ -6.2572232, 53.3473354 ], [ -6.2571928, 53.3469888 ], [ -6.2569925, 53.3460799 ], [ -6.2569141, 53.3460032 ], [ -6.2565237, 53.34592 ], [ -6.2552461, 53.3459093 ], [ -6.255132716664101, 53.34590492603693 ], [ -6.2541, 53.345876200000014 ], [ -6.2521162, 53.3457851 ], [ -6.2512287, 53.3457338 ], [ -6.2504081, 53.3456547 ], [ -6.2497815, 53.3455984 ], [ -6.2489989, 53.3455391 ], [ -6.2487202, 53.3455056 ], [ -6.248443, 53.3454463 ], [ -6.248445264932029, 53.345442475699329 ], [ -6.2488433, 53.3447704 ], [ -6.2492096, 53.3441883 ], [ -6.2492761, 53.3441081 ], [ -6.2496969, 53.3434657 ], [ -6.2504881, 53.342169 ] ], [ [ -6.2507508, 53.3411673 ], [ -6.2524377, 53.3417316 ], [ -6.252481, 53.3417535 ], [ -6.2525158, 53.341786 ], [ -6.2525319, 53.341817199999987 ], [ -6.2525396, 53.3418642 ], [ -6.2524668, 53.3418731 ], [ -6.2524006, 53.3418876 ], [ -6.2516883, 53.3421616 ], [ -6.2515606, 53.342183 ], [ -6.2514834, 53.3421772 ], [ -6.2507946, 53.342025 ], [ -6.2506881, 53.3420259 ], [ -6.2506385, 53.3420364 ], [ -6.2506126, 53.3420514 ], [ -6.2504881, 53.342169 ], [ -6.250524, 53.3420428 ], [ -6.2505109, 53.3420099 ], [ -6.2504831, 53.3419823 ], [ -6.2504023, 53.3419434 ], [ -6.2503406, 53.3419272 ], [ -6.2502796, 53.3418428 ], [ -6.2502661, 53.3418237 ], [ -6.250258, 53.3417829 ], [ -6.2502608, 53.3417366 ], [ -6.2507508, 53.3411673 ], [ -6.246355431746931, 53.339593559529348 ], [ -6.246355431746928, 53.339593559529348 ], [ -6.2463552, 53.3395938 ], [ -6.246355431746931, 53.339593559529348 ], [ -6.246997321617987, 53.338927506795891 ], [ -6.2470087, 53.3389157 ], [ -6.2490684, 53.3368645 ], [ -6.2488945, 53.3367862 ], [ -6.2473962, 53.3358117 ], [ -6.246446805375367, 53.33508293110151 ], [ -6.2457911, 53.3345261 ], [ -6.2456702, 53.3343885 ], [ -6.2450331, 53.3339362 ], [ -6.2445181, 53.3336526 ], [ -6.2438635, 53.3333779 ], [ -6.2432726, 53.3331677 ] ], [ [ -6.2432726, 53.3331677 ], [ -6.2425718, 53.3329104 ], [ -6.2420974, 53.3327831 ], [ -6.2411376, 53.3326603 ], [ -6.2376096, 53.3322905 ], [ -6.2360456, 53.33211 ], [ -6.23518177145179, 53.332044417648461 ], [ -6.2349646, 53.3318179 ], [ -6.2335387, 53.33069 ], [ -6.2327505, 53.3300276 ], [ -6.232236, 53.3296444 ], [ -6.2318757, 53.3294616 ], [ -6.2311284, 53.3291271 ], [ -6.2300105, 53.3287157 ], [ -6.2276808, 53.3280772 ], [ -6.2260424, 53.3276117 ], [ -6.2256066, 53.3274575 ], [ -6.2252214, 53.3272887 ], [ -6.2249822, 53.3271216 ], [ -6.2247107, 53.3268675 ], [ -6.2243233, 53.3264411 ], [ -6.2236784, 53.3258215 ], [ -6.2232399, 53.325513 ], [ -6.2199829, 53.3236017 ], [ -6.2191994, 53.3231237 ], [ -6.2170479, 53.3214692 ], [ -6.2159037, 53.320701199999988 ], [ -6.2135029, 53.3193096 ], [ -6.2124087, 53.3187192 ], [ -6.2115929016955, 53.318344445220411 ], [ -6.210806492756524, 53.318062610328987 ], [ -6.209991529701927, 53.31783617949587 ], [ -6.2094255, 53.317706 ], [ -6.2077817, 53.3172104 ], [ -6.2062605, 53.3166881 ], [ -6.2058612, 53.3165067 ], [ -6.2054906, 53.3163055 ], [ -6.2043156, 53.3156162 ], [ -6.2039026, 53.3153511 ], [ -6.2036211, 53.3151336 ], [ -6.203099682891723, 53.314577155244983 ], [ -6.202534055143724, 53.313802196359987 ], [ -6.2023088, 53.313516 ], [ -6.2021468, 53.3132708 ], [ -6.2014413, 53.3122929 ], [ -6.2011508, 53.31193050000001 ], [ -6.2006817, 53.3114103 ], [ -6.2003255, 53.3111133 ], [ -6.1997225, 53.310741299999989 ], [ -6.1985976, 53.3100868 ], [ -6.196357957521822, 53.30888943676797 ], [ -6.194606018032273, 53.307878751142944 ], [ -6.193972522892738, 53.307659300257271 ], [ -6.1935449, 53.3075549 ], [ -6.192366, 53.3073254 ], [ -6.1914505, 53.3070963 ], [ -6.1909562, 53.3069311 ], [ -6.1905798, 53.3067818 ], [ -6.1901767, 53.3065798 ], [ -6.1885924, 53.3054644 ], [ -6.1877562, 53.3049697 ], [ -6.1867625, 53.3044302 ], [ -6.18574379879542, 53.304005949308852 ], [ -6.18467139608172, 53.30346436333992 ], [ -6.184220204269518, 53.303183694764101 ], [ -6.183453094167958, 53.302631640903613 ], [ -6.182945608405261, 53.302415989003244 ], [ -6.181604288785082, 53.301918649349624 ], [ -6.1801716, 53.3007759 ], [ -6.178909673414385, 53.300194849541953 ], [ -6.177292687525413, 53.299475834496143 ], [ -6.176777639888767, 53.299310882592998 ], [ -6.175982802916066, 53.299167270980476 ], [ -6.175088821373832, 53.299045753084989 ], [ -6.173804493568116, 53.298803375974771 ], [ -6.171076582278023, 53.297401424194724 ], [ -6.17047313753711, 53.296880341620337 ], [ -6.170218554447542, 53.296573014777252 ], [ -6.17003715182919, 53.296306796768661 ], [ -6.1696378, 53.2962552 ], [ -6.1674565, 53.2957392 ], [ -6.1664984, 53.2955395 ], [ -6.1548685, 53.2938051 ], [ -6.1545867, 53.293787 ], [ -6.1543059, 53.2937854 ], [ -6.1533653, 53.29387220000001 ], [ -6.1528187, 53.2938688 ], [ -6.1513943, 53.29376220000001 ], [ -6.1505146, 53.293797599999984 ], [ -6.1497092, 53.2939532 ], [ -6.1489852, 53.2941444 ], [ -6.1471292, 53.2947664 ], [ -6.1465973, 53.2949316 ], [ -6.146332, 53.2949925 ], [ -6.145827842044045, 53.295033251719879 ], [ -6.1448979, 53.2950123 ], [ -6.1426713, 53.2949207 ], [ -6.1426395, 53.295744899999988 ], [ -6.142601, 53.2958552 ], [ -6.1424823, 53.295948 ], [ -6.1422514, 53.2960386 ], [ -6.1417017, 53.2961987 ], [ -6.1411378, 53.296218 ], [ -6.139934509599969, 53.296179060712447 ], [ -6.1365056, 53.2953794 ], [ -6.1360295, 53.2952587 ], [ -6.1350104, 53.2948388 ], [ -6.1338685, 53.2944457 ], [ -6.134504, 53.2937815 ], [ -6.1351263, 53.2931837 ], [ -6.1360238, 53.292276099999988 ], [ -6.1362853, 53.2923602 ], [ -6.1372516, 53.2928217 ], [ -6.1417544, 53.2947197 ], [ -6.1420451, 53.2948321 ], [ -6.1423292, 53.2948882 ], [ -6.1426713, 53.2949207 ] ], [ [ -6.1360238, 53.292276099999988 ], [ -6.1360238, 53.292276099999988 ] ] ] } },
{ "type": "Feature", "properties": { "id": null, "route no": "B4" }, "geometry": { "type": "MultiLineString", "coordinates": [ [ [ -6.3913786, 53.3944361 ], [ -6.3902373, 53.3950577 ], [ -6.3899167, 53.3950643 ], [ -6.3897145, 53.3949802 ], [ -6.3879881, 53.3939266 ], [ -6.3871118, 53.3934685 ], [ -6.3864105, 53.3931872 ], [ -6.3856139, 53.3929004 ], [ -6.385087, 53.3927768 ], [ -6.3845603, 53.3927479 ], [ -6.3840706, 53.3926693 ], [ -6.3837786, 53.3925992 ], [ -6.3833123, 53.3924379 ], [ -6.3824571, 53.3920082 ], [ -6.381618159315416, 53.39148279633757 ], [ -6.3794293, 53.3922656 ], [ -6.3790497, 53.3919764 ], [ -6.3787404, 53.391592 ], [ -6.3784695, 53.390962 ], [ -6.3776532, 53.390125699999984 ], [ -6.377578792290058, 53.38985449363696 ], [ -6.3732734, 53.3875638 ], [ -6.3701325, 53.38613260000001 ], [ -6.3683, 53.3855178 ], [ -6.3669114, 53.385283 ], [ -6.3654329, 53.3851438 ], [ -6.3641108, 53.3849162 ], [ -6.3631419, 53.3846011 ], [ -6.3601894, 53.3830953 ], [ -6.359763707675582, 53.382755861405798 ], [ -6.359421, 53.3820277 ], [ -6.3581294, 53.3810182 ], [ -6.3550632, 53.3797823 ], [ -6.3537043, 53.3792941 ], [ -6.352058, 53.3787253 ], [ -6.3502595, 53.3781446 ], [ -6.341986441610644, 53.375528563107025 ], [ -6.3330564, 53.3725535 ], [ -6.3320182, 53.3722329 ], [ -6.3311985, 53.3718944 ], [ -6.3281362, 53.3708589 ], [ -6.3246009, 53.3697395 ], [ -6.3204162, 53.3683478 ], [ -6.3195089, 53.3680953 ], [ -6.316449, 53.3674189 ], [ -6.3147455, 53.3670247 ], [ -6.3143289, 53.3669184 ], [ -6.3137726, 53.3667502 ], [ -6.3104373, 53.3656316 ], [ -6.3039383, 53.3634886 ], [ -6.3018582, 53.3627618 ], [ -6.2981715, 53.36161280000001 ], [ -6.2978952, 53.3614033 ], [ -6.2954176, 53.360525299999985 ], [ -6.2944497, 53.36013 ], [ -6.2907794, 53.3584139 ], [ -6.2899283, 53.3579394 ], [ -6.2890152, 53.3573632 ], [ -6.2888115, 53.3572185 ] ], [ [ -6.381618159315416, 53.39148279633757 ], [ -6.3815084, 53.391414 ], [ -6.377578792290059, 53.38985449363696 ] ], [ [ -6.2852884, 53.3533129 ], [ -6.2848424, 53.3530223 ], [ -6.284565, 53.3528726 ], [ -6.2841676, 53.352590699999986 ], [ -6.2834067, 53.351857699999989 ], [ -6.2829071, 53.3513193 ], [ -6.2827638, 53.351185 ], [ -6.2824459, 53.3509467 ], [ -6.2820318, 53.3506717 ], [ -6.2818632, 53.3504312 ], [ -6.2817224, 53.3500292 ], [ -6.2817434, 53.349731 ], [ -6.2819983, 53.348576 ], [ -6.2821607, 53.3479491 ], [ -6.2823414, 53.3473673 ], [ -6.282512, 53.3468793 ], [ -6.282512, 53.3468793 ], [ -6.281881, 53.3467915 ], [ -6.2803228, 53.3466344 ], [ -6.2790093, 53.3463833 ], [ -6.2774435, 53.3460737 ], [ -6.2765851, 53.3459106 ], [ -6.2759037, 53.3458309 ], [ -6.2758012, 53.3458195 ], [ -6.2756299, 53.3458083 ], [ -6.2754248, 53.3457924 ], [ -6.2746679, 53.345717 ], [ -6.2734021, 53.3456094 ], [ -6.2728533, 53.3455742 ], [ -6.2722095, 53.3455759 ], [ -6.271657, 53.3456123 ], [ -6.2711315, 53.3456621 ], [ -6.2707329, 53.3457175 ], [ -6.2698187, 53.3458366 ], [ -6.2690483, 53.3459463 ], [ -6.2680916, 53.3460682 ], [ -6.2678881, 53.3460812 ], [ -6.2668561, 53.3461542 ], [ -6.2657034, 53.3462557 ], [ -6.2651481, 53.3463085 ], [ -6.2643329, 53.3463946 ], [ -6.2632694, 53.3466111 ], [ -6.2610363, 53.3471379 ], [ -6.260058584901054, 53.347353911534185 ], [ -6.259268284901054, 53.347556311534184 ], [ -6.2583905, 53.3477594 ], [ -6.2573954, 53.3479581 ], [ -6.2572992, 53.3478488 ], [ -6.2572254, 53.3474289 ], [ -6.2572232, 53.3473354 ], [ -6.2573289, 53.3473126 ], [ -6.2579048, 53.3472074 ], [ -6.2586329, 53.3470459 ], [ -6.258907943161416, 53.346983220797789 ], [ -6.2590596, 53.346945199999979 ], [ -6.2618852, 53.3462881 ], [ -6.2625499, 53.3461483 ], [ -6.2629556, 53.3460563 ], [ -6.2634759, 53.3459631 ], [ -6.2650575, 53.3457101 ], [ -6.2674313, 53.3453625 ], [ -6.2676306, 53.3453413 ], [ -6.2676306, 53.3453413 ], [ -6.2676306, 53.3453413 ], [ -6.2676306, 53.3453413 ], [ -6.2676306, 53.3453413 ], [ -6.2676306, 53.3453413 ], [ -6.2676306, 53.3453413 ], [ -6.2676306, 53.3453413 ], [ -6.2676306, 53.3453413 ], [ -6.2676306, 53.3453413 ], [ -6.2676306, 53.3453413 ], [ -6.2676306, 53.3453413 ], [ -6.2699886, 53.3451298 ], [ -6.271889098471259, 53.344990600111963 ], [ -6.2720865, 53.3449816 ], [ -6.2720865, 53.3449816 ], [ -6.2720865, 53.3449816 ], [ -6.2720865, 53.3449816 ], [ -6.2720865, 53.3449816 ], [ -6.2720865, 53.3449816 ], [ -6.2722029, 53.3449819 ], [ -6.2741824, 53.3451285 ], [ -6.2753843, 53.3452175 ], [ -6.2758661, 53.3452765 ], [ -6.2779056, 53.34567 ], [ -6.278771, 53.3458231 ], [ -6.2805081, 53.3461846 ], [ -6.2817874, 53.3463214 ], [ -6.2826595, 53.3464033 ], [ -6.282512, 53.3468793 ] ], [ [ -6.2492761, 53.3441081 ], [ -6.2523006, 53.3447038 ], [ -6.2550211, 53.3452183 ], [ -6.2551049, 53.3452665 ], [ -6.2551367, 53.3453557 ], [ -6.255132716664101, 53.34590492603693 ], [ -6.2551509, 53.3462544 ], [ -6.2551226, 53.3468087 ], [ -6.2549998, 53.3474793 ], [ -6.2559632, 53.3474902 ], [ -6.2563669, 53.3474614 ], [ -6.2570619, 53.347364300000017 ], [ -6.2572232, 53.3473354 ], [ -6.2571928, 53.3469888 ], [ -6.2569925, 53.3460799 ], [ -6.2569141, 53.3460032 ], [ -6.2565237, 53.34592 ], [ -6.2552461, 53.3459093 ], [ -6.255132716664101, 53.34590492603693 ], [ -6.2541, 53.345876200000014 ], [ -6.2521162, 53.3457851 ], [ -6.2512287, 53.3457338 ], [ -6.2504081, 53.3456547 ], [ -6.2497815, 53.3455984 ], [ -6.2489989, 53.3455391 ], [ -6.2487202, 53.3455056 ], [ -6.248443, 53.3454463 ], [ -6.248445264932029, 53.345442475699329 ], [ -6.2488433, 53.3447704 ], [ -6.2492096, 53.3441883 ], [ -6.2492761, 53.3441081 ], [ -6.2496969, 53.3434657 ], [ -6.2504881, 53.342169 ] ], [ [ -6.2507508, 53.3411673 ], [ -6.2524377, 53.3417316 ], [ -6.252481, 53.3417535 ], [ -6.2525158, 53.341786 ], [ -6.2525319, 53.341817199999987 ], [ -6.2525396, 53.3418642 ], [ -6.2524668, 53.3418731 ], [ -6.2524006, 53.3418876 ], [ -6.2516883, 53.3421616 ], [ -6.2515606, 53.342183 ], [ -6.2514834, 53.3421772 ], [ -6.2507946, 53.342025 ], [ -6.2506881, 53.3420259 ], [ -6.2506385, 53.3420364 ], [ -6.2506126, 53.3420514 ], [ -6.2504881, 53.342169 ], [ -6.250524, 53.3420428 ], [ -6.2505109, 53.3420099 ], [ -6.2504831, 53.3419823 ], [ -6.2504023, 53.3419434 ], [ -6.2503406, 53.3419272 ], [ -6.2502796, 53.3418428 ], [ -6.2502661, 53.3418237 ], [ -6.250258, 53.3417829 ], [ -6.2502608, 53.3417366 ], [ -6.2507508, 53.3411673 ], [ -6.246355431746931, 53.339593559529348 ], [ -6.246355431746928, 53.339593559529348 ], [ -6.2463552, 53.3395938 ], [ -6.246355431746931, 53.339593559529348 ], [ -6.246997321617987, 53.338927506795891 ], [ -6.2470087, 53.3389157 ], [ -6.2490684, 53.3368645 ], [ -6.2488945, 53.3367862 ], [ -6.2473962, 53.3358117 ], [ -6.246446805375367, 53.33508293110151 ], [ -6.2457911, 53.3345261 ], [ -6.2456702, 53.3343885 ], [ -6.2450331, 53.3339362 ], [ -6.2445181, 53.3336526 ], [ -6.2438635, 53.3333779 ], [ -6.2432726, 53.3331677 ] ], [ [ -6.2432726, 53.3331677 ], [ -6.2425718, 53.3329104 ], [ -6.2420974, 53.3327831 ], [ -6.2411376, 53.3326603 ], [ -6.2376096, 53.3322905 ], [ -6.2360456, 53.33211 ], [ -6.23518177145179, 53.332044417648461 ], [ -6.2349646, 53.3318179 ], [ -6.2335387, 53.33069 ], [ -6.2327505, 53.3300276 ], [ -6.232236, 53.3296444 ], [ -6.2318757, 53.3294616 ], [ -6.2311284, 53.3291271 ], [ -6.2300105, 53.3287157 ], [ -6.2276808, 53.3280772 ], [ -6.2260424, 53.3276117 ], [ -6.2256066, 53.3274575 ], [ -6.2252214, 53.3272887 ], [ -6.2249822, 53.3271216 ], [ -6.2247107, 53.3268675 ], [ -6.2243233, 53.3264411 ], [ -6.2236784, 53.3258215 ], [ -6.2232399, 53.325513 ], [ -6.2199829, 53.3236017 ], [ -6.2191994, 53.3231237 ], [ -6.2170479, 53.3214692 ], [ -6.2159037, 53.320701199999988 ], [ -6.2135029, 53.3193096 ], [ -6.2124087, 53.3187192 ], [ -6.2115929016955, 53.318344445220411 ], [ -6.210806492756524, 53.318062610328987 ], [ -6.209991529701927, 53.31783617949587 ], [ -6.2094255, 53.317706 ], [ -6.2077817, 53.3172104 ], [ -6.2062605, 53.3166881 ], [ -6.2058612, 53.3165067 ], [ -6.2054906, 53.3163055 ], [ -6.2043156, 53.3156162 ], [ -6.2039026, 53.3153511 ], [ -6.2036211, 53.3151336 ], [ -6.203099682891723, 53.314577155244983 ], [ -6.202534055143724, 53.313802196359987 ], [ -6.2023088, 53.313516 ], [ -6.2021468, 53.3132708 ], [ -6.2014413, 53.3122929 ], [ -6.2011508, 53.31193050000001 ], [ -6.2006817, 53.3114103 ], [ -6.2003255, 53.3111133 ], [ -6.1997225, 53.310741299999989 ], [ -6.1985976, 53.3100868 ], [ -6.196357957521822, 53.30888943676797 ], [ -6.194606018032273, 53.307878751142944 ], [ -6.193972522892738, 53.307659300257271 ], [ -6.1935449, 53.3075549 ], [ -6.192366, 53.3073254 ], [ -6.1914505, 53.3070963 ], [ -6.1909562, 53.3069311 ], [ -6.1905798, 53.3067818 ], [ -6.1901767, 53.3065798 ], [ -6.1885924, 53.3054644 ], [ -6.1877562, 53.3049697 ], [ -6.1867625, 53.3044302 ], [ -6.18574379879542, 53.304005949308852 ], [ -6.18467139608172, 53.30346436333992 ], [ -6.184220204269518, 53.303183694764101 ], [ -6.183453094167958, 53.302631640903613 ], [ -6.182945608405261, 53.302415989003244 ], [ -6.181604288785082, 53.301918649349624 ], [ -6.1801716, 53.3007759 ], [ -6.178909673414385, 53.300194849541953 ], [ -6.177292687525413, 53.299475834496143 ], [ -6.176777639888767, 53.299310882592998 ], [ -6.175982802916066, 53.299167270980476 ], [ -6.175088821373832, 53.299045753084989 ], [ -6.173804493568116, 53.298803375974771 ], [ -6.171076582278023, 53.297401424194724 ], [ -6.17047313753711, 53.296880341620337 ], [ -6.170218554447542, 53.296573014777252 ], [ -6.17003715182919, 53.296306796768661 ], [ -6.1697777, 53.295572 ], [ -6.1696294, 53.2952389 ], [ -6.1695362, 53.29512960000001 ], [ -6.1692606, 53.2949307 ], [ -6.1679004, 53.2941445 ], [ -6.1675716, 53.2937596 ], [ -6.1670315, 53.2929732 ], [ -6.1668361, 53.292598 ], [ -6.1665756, 53.2919483 ], [ -6.1665236, 53.291587 ], [ -6.1665709, 53.2910745 ], [ -6.1666592, 53.2907174 ], [ -6.1669635, 53.2901941 ], [ -6.1673701, 53.2898128 ], [ -6.1681626, 53.2891786 ], [ -6.168322, 53.2889317 ], [ -6.1683568, 53.2883484 ], [ -6.1683256, 53.2876579 ], [ -6.168161, 53.2872969 ], [ -6.1675729, 53.2866542 ], [ -6.1673196, 53.2863556 ] ], [ [ -6.1673196, 53.2863556 ], [ -6.1666037, 53.2864505 ], [ -6.1662203, 53.2864282 ], [ -6.1627811, 53.285879199999989 ], [ -6.161161, 53.2857197 ], [ -6.1605813, 53.2852529 ], [ -6.1604302, 53.2849504 ], [ -6.1596986, 53.284013699999988 ], [ -6.1594311, 53.2835817 ], [ -6.158642, 53.2819747 ], [ -6.1583492, 53.2815606 ], [ -6.1581765, 53.2812016 ], [ -6.158077, 53.2808307 ], [ -6.1579969, 53.280311 ], [ -6.1579512, 53.2801031 ], [ -6.1578671, 53.279927 ], [ -6.1576886, 53.279792 ], [ -6.1571214, 53.2794296 ], [ -6.1557989, 53.2786083 ], [ -6.1490404, 53.2744648 ], [ -6.1479289, 53.274805 ], [ -6.1474244, 53.2748834 ], [ -6.1465779, 53.2749077 ], [ -6.1461815, 53.2750048 ], [ -6.1411455, 53.2774832 ] ], [ [ -6.1410581, 53.2774344 ], [ -6.1390059, 53.2762989 ], [ -6.1378483, 53.2756419 ], [ -6.1375076, 53.2753967 ], [ -6.137315, 53.2750952 ], [ -6.1373153, 53.2748584 ], [ -6.1374841, 53.2746104 ], [ -6.1382196, 53.2742013 ], [ -6.1419413, 53.2723789 ], [ -6.1417634, 53.2722512 ], [ -6.1415816, 53.272058899999983 ], [ -6.1413202, 53.2719024 ], [ -6.1398706, 53.2714689 ], [ -6.1384596, 53.2710221 ], [ -6.1387767, 53.2707704 ], [ -6.1389212, 53.2706854 ], [ -6.1410909, 53.2697091 ], [ -6.1396431, 53.268833 ], [ -6.1372616, 53.2674863 ], [ -6.1356083, 53.2666587 ], [ -6.1353096, 53.266586799999985 ] ] ] } },
{ "type": "Feature", "properties": { "id": null, "route no": "34" }, "geometry": { "type": "MultiLineString", "coordinates": [ [ [ -6.401991319511928, 53.386356320569725 ], [ -6.4014851, 53.3875601 ], [ -6.401324, 53.3879414 ], [ -6.4004732, 53.3900195 ], [ -6.4004372, 53.3901284 ], [ -6.4000158, 53.391102 ], [ -6.3997321, 53.3916363 ], [ -6.3993034, 53.392287 ], [ -6.3987002, 53.3930427 ], [ -6.3981952, 53.3935263 ], [ -6.398060877827684, 53.39363524741718 ], [ -6.3975539, 53.3934344 ], [ -6.3969552, 53.3932393 ], [ -6.3964152, 53.393148599999989 ], [ -6.3951179, 53.3931093 ], [ -6.3943554, 53.3931007 ], [ -6.3938371, 53.3931421 ], [ -6.393466716582371, 53.393327915564072 ], [ -6.3931514, 53.3935168 ], [ -6.3916059, 53.3943673 ], [ -6.3914288, 53.3944076 ] ], [ [ -6.3692351, 53.3805402 ], [ -6.3692351, 53.3805402 ], [ -6.3712022, 53.3793331 ], [ -6.3719228, 53.3789115 ], [ -6.3722608, 53.3787926 ], [ -6.3724928, 53.378741599999984 ], [ -6.3734509, 53.3785751 ], [ -6.3740803, 53.3784292 ], [ -6.3747969, 53.3782056 ], [ -6.3757414, 53.3778548 ], [ -6.376313, 53.377526699999983 ], [ -6.376766, 53.3772407 ], [ -6.3772055, 53.3769225 ], [ -6.3774689, 53.3767671 ], [ -6.377804, 53.3767304 ], [ -6.3781136, 53.3767785 ], [ -6.3784292, 53.3769048 ], [ -6.378881, 53.3771472 ], [ -6.3798528, 53.377797 ], [ -6.3800434, 53.3779629 ], [ -6.3803048, 53.3779931 ], [ -6.3806698, 53.3778659 ], [ -6.3812203, 53.37763910000001 ], [ -6.3817529, 53.3773186 ], [ -6.3822657, 53.3769174 ], [ -6.3824571, 53.3767256 ], [ -6.3826422, 53.376421 ], [ -6.3827446, 53.376201 ], [ -6.3828077, 53.3759183 ], [ -6.3828735, 53.3753234 ], [ -6.3830302, 53.3752231 ], [ -6.3872632, 53.3754175 ], [ -6.3908567, 53.3755699 ], [ -6.3912228, 53.375568799999989 ], [ -6.390693, 53.3751846 ], [ -6.3900011, 53.374288300000011 ], [ -6.3888066, 53.3730029 ], [ -6.388466, 53.3725872 ], [ -6.3882371, 53.3722809 ], [ -6.388133, 53.3720145 ], [ -6.3879877, 53.3716017 ], [ -6.3879283, 53.3713228 ], [ -6.387883, 53.3708025 ], [ -6.3878322, 53.3701947 ], [ -6.3878085, 53.3699316 ], [ -6.3879828, 53.3698042 ], [ -6.3885009, 53.369779 ], [ -6.389374, 53.3697696 ], [ -6.3898828, 53.3697785 ], [ -6.3913366, 53.3699244 ], [ -6.3927455, 53.3702111 ], [ -6.3931794, 53.3703328 ], [ -6.3944028, 53.3707873 ], [ -6.39616, 53.3713957 ], [ -6.3979672, 53.3719486 ], [ -6.398414, 53.3721256 ], [ -6.3992837, 53.372578 ], [ -6.3997883, 53.3729298 ], [ -6.4002025, 53.3732913 ], [ -6.400885, 53.373781099999988 ], [ -6.4016735, 53.3742138 ], [ -6.4034587, 53.3750947 ], [ -6.4037653, 53.3752355 ], [ -6.4046321, 53.3755595 ], [ -6.4054783, 53.375898 ], [ -6.4058983, 53.3760871 ], [ -6.404546318828432, 53.376872302300846 ], [ -6.4039638, 53.3772198 ], [ -6.403341, 53.3777171 ], [ -6.4030228, 53.3780486 ], [ -6.4026858, 53.378534499999986 ], [ -6.402543555817472, 53.378831439650206 ], [ -6.40248576826552, 53.378955382511066 ], [ -6.4023376, 53.3794416 ], [ -6.4023094, 53.379901 ], [ -6.402386, 53.3804873 ], [ -6.4024468, 53.3806905 ], [ -6.40266, 53.3811398 ], [ -6.4028118, 53.3813619 ], [ -6.4031685, 53.381802 ], [ -6.4032998, 53.3820117 ], [ -6.4033888, 53.3822541 ], [ -6.4034307, 53.3825389 ], [ -6.403417694960448, 53.382677276323761 ], [ -6.4032946, 53.3831262 ], [ -6.403082160374886, 53.383649973155173 ], [ -6.40291564787716, 53.384073957284016 ], [ -6.4025672, 53.3850064 ], [ -6.4025165, 53.3852318 ], [ -6.4024896, 53.3854461 ], [ -6.4023105, 53.3859428 ], [ -6.4019928, 53.3863528 ] ], [ [ -6.3692351, 53.3805402 ], [ -6.3681426, 53.3798242 ], [ -6.3679407, 53.379701 ], [ -6.367269403335573, 53.379075946806033 ], [ -6.3667955, 53.3785477 ], [ -6.3667243, 53.3783114 ], [ -6.3665013, 53.3778905 ], [ -6.3662566, 53.3776001 ], [ -6.3651479, 53.376834 ], [ -6.3647686, 53.3765096 ], [ -6.3642189, 53.3759157 ], [ -6.363729, 53.37531340000001 ], [ -6.3636161, 53.3750882 ], [ -6.3634138, 53.37425360000001 ], [ -6.3631575, 53.3737691 ], [ -6.3629361, 53.3734711 ], [ -6.3626637, 53.3731164 ], [ -6.3625456, 53.3730416 ], [ -6.3618781, 53.3728185 ], [ -6.3610281, 53.3724613 ], [ -6.3603715, 53.3722045 ], [ -6.3598031, 53.3721036 ], [ -6.3592808, 53.3720275 ], [ -6.3585157, 53.3719158 ], [ -6.358167, 53.3718468 ], [ -6.3576582, 53.3717066 ], [ -6.3569898, 53.3714983 ], [ -6.3561679, 53.3713015 ], [ -6.3555607, 53.3712069 ], [ -6.3550918, 53.3711833 ], [ -6.3539482, 53.3711778 ], [ -6.3535342, 53.3711248 ], [ -6.352353, 53.3708336 ], [ -6.3487698, 53.3698043 ], [ -6.348454, 53.3697902 ], [ -6.3432822, 53.3704712 ], [ -6.3375966, 53.3712351 ], [ -6.3372237, 53.371337 ], [ -6.3368501, 53.3713726 ], [ -6.3362519, 53.3712036 ], [ -6.3338936, 53.3709028 ], [ -6.3336141, 53.3709289 ], [ -6.3333844, 53.3710337 ], [ -6.3326042, 53.371597 ], [ -6.3321497, 53.3718552 ], [ -6.3317389, 53.3719523 ], [ -6.3311985, 53.3718944 ], [ -6.3291824, 53.3712135 ], [ -6.3281362, 53.3708589 ], [ -6.3246009, 53.3697395 ], [ -6.3223942, 53.369014 ], [ -6.3219073, 53.36885 ], [ -6.3204162, 53.3683478 ], [ -6.3195089, 53.3680953 ], [ -6.3181143, 53.3677898 ], [ -6.316449, 53.3674189 ], [ -6.3147455, 53.3670247 ], [ -6.3143289, 53.3669184 ], [ -6.3137726, 53.3667502 ], [ -6.3134558, 53.3666405 ], [ -6.3104373, 53.3656316 ], [ -6.3082695, 53.3649203 ], [ -6.3039383, 53.3634886 ], [ -6.3018582, 53.3627618 ], [ -6.2981715, 53.36161280000001 ], [ -6.297852, 53.3615936 ], [ -6.2970927, 53.3615513 ], [ -6.2933682, 53.3614243 ], [ -6.2908503, 53.3613326 ], [ -6.2861193, 53.3611563 ], [ -6.2833156, 53.36106239999998 ] ], [ [ -6.2750917, 53.3607762 ], [ -6.27509325486005, 53.360776215619595 ], [ -6.2751154, 53.3607759 ] ], [ [ -6.2609024, 53.3528236 ], [ -6.2612522, 53.3527451 ], [ -6.2613231, 53.3527365 ], [ -6.261428, 53.3527492 ], [ -6.261817321941491, 53.353077463550918 ], [ -6.261817454996131, 53.353077575738247 ], [ -6.263157412248907, 53.354207364623171 ], [ -6.2648216, 53.3556728 ], [ -6.2652507, 53.3560249 ], [ -6.2654079, 53.3560914 ], [ -6.2677742, 53.356721 ], [ -6.2679345, 53.3567651 ] ], [ [ -6.2537277, 53.349763 ], [ -6.2535884, 53.3496287 ], [ -6.2535345, 53.349567 ], [ -6.2534719, 53.3494984 ], [ -6.253385937434611, 53.349422813886655 ], [ -6.2532535, 53.3494441 ], [ -6.2529822, 53.349466 ], [ -6.2526202, 53.3494521 ], [ -6.2523156, 53.349402799999986 ], [ -6.2522254, 53.3493633 ], [ -6.2519722, 53.3492467 ], [ -6.2518597, 53.3491787 ], [ -6.2517086, 53.3490654 ], [ -6.2515637, 53.3489103 ], [ -6.2515101, 53.3488274 ], [ -6.2514889, 53.3487639 ], [ -6.2514753, 53.3486348 ], [ -6.251544789676332, 53.348302794823454 ], [ -6.251544789676332, 53.348302794823454 ], [ -6.2517484, 53.3476298 ], [ -6.2518197, 53.3474227 ], [ -6.251861, 53.3473205 ], [ -6.2519025, 53.3472451 ], [ -6.2520122, 53.3465515 ], [ -6.2520495, 53.3462765 ], [ -6.2521162, 53.3457851 ], [ -6.2512287, 53.3457338 ], [ -6.2504081, 53.3456547 ], [ -6.2497815, 53.3455984 ], [ -6.2489989, 53.3455391 ], [ -6.2487202, 53.34550560000001 ], [ -6.248443, 53.3454463 ], [ -6.248445264932029, 53.345442475699329 ], [ -6.2488433, 53.3447704 ], [ -6.2491509, 53.3442872 ], [ -6.2492096, 53.3441883 ], [ -6.2492761, 53.3441081 ], [ -6.2523006, 53.3447038 ], [ -6.2550211, 53.3452183 ], [ -6.2551049, 53.3452665 ], [ -6.2551368, 53.3453412 ], [ -6.2551367, 53.3453557 ], [ -6.255136, 53.3454589 ], [ -6.255132716664101, 53.34590492603693 ], [ -6.2551509, 53.3462544 ], [ -6.2551226, 53.3468087 ], [ -6.255019, 53.3473816 ], [ -6.2549998, 53.3474793 ], [ -6.254944700141579, 53.348279741602383 ], [ -6.2549447, 53.3482797 ], [ -6.254944668967894, 53.348279702476823 ], [ -6.254944819013812, 53.348279731708558 ], [ -6.254946, 53.3486617 ], [ -6.2548513, 53.349000599999989 ], [ -6.254732294495208, 53.34919608032191 ], [ -6.254732294495079, 53.349196080322123 ], [ -6.2547325, 53.3491959 ], [ -6.254732294495208, 53.34919608032191 ], [ -6.2546664, 53.3492539 ], [ -6.2538519, 53.3495103 ], [ -6.2538519, 53.3495103 ], [ -6.253763, 53.3495753 ], [ -6.2537373, 53.349624 ], [ -6.2537277, 53.349763 ], [ -6.2544091, 53.3507411 ], [ -6.2568923, 53.3542062 ], [ -6.2577172, 53.3540051 ], [ -6.2581941, 53.3538836 ], [ -6.2581941, 53.3538836 ], [ -6.259409, 53.3534929 ], [ -6.2600806, 53.3531961 ], [ -6.2609024, 53.3528236 ], [ -6.261342574852171, 53.352556248557569 ], [ -6.2614906, 53.3525003 ], [ -6.261764146573035, 53.352448359940588 ], [ -6.2617636, 53.3524486 ], [ -6.261772346724568, 53.352444758367831 ], [ -6.2618697, 53.352402 ], [ -6.2623843, 53.3521451 ], [ -6.2626018, 53.3520632 ], [ -6.2628223, 53.3519464 ], [ -6.2629686, 53.3519186 ], [ -6.263054315064799, 53.351936839768896 ], [ -6.2632021, 53.3519989 ], [ -6.2654339, 53.3535061 ], [ -6.2660309, 53.3538987 ], [ -6.2669211, 53.3542147 ], [ -6.2671161, 53.3542889 ], [ -6.2675199, 53.3544425 ], [ -6.2678194, 53.3546192 ], [ -6.2678911, 53.3547262 ], [ -6.2679269, 53.354773099999989 ], [ -6.2685927, 53.3549746 ], [ -6.2684564, 53.3552123 ], [ -6.2683023, 53.3555222 ], [ -6.2680408, 53.3560712 ], [ -6.2679992, 53.356278 ], [ -6.2679724, 53.356487 ], [ -6.2679345, 53.3567651 ], [ -6.2680111, 53.3569619 ], [ -6.2687718, 53.3578255 ], [ -6.2697628, 53.3589295 ], [ -6.2697978, 53.358998899999989 ], [ -6.2698096, 53.3590806 ], [ -6.2697991, 53.359239 ], [ -6.2696594, 53.3601525 ], [ -6.2696463, 53.3603552 ], [ -6.2696571, 53.3604763 ], [ -6.2697061, 53.3605733 ], [ -6.2701651, 53.3606107 ], [ -6.2710851, 53.3606821 ], [ -6.2724919, 53.3607808 ], [ -6.2728236, 53.3607946 ], [ -6.2737893, 53.3607948 ], [ -6.27509325486005, 53.360776215619595 ], [ -6.2755297, 53.3607806 ], [ -6.2770216, 53.3608226 ], [ -6.2791306, 53.360909 ], [ -6.2826416, 53.3610344 ], [ -6.2833156, 53.3610624 ] ], [ [ -6.2432726, 53.3331677 ], [ -6.243351, 53.3330761 ], [ -6.2437441, 53.3321743 ], [ -6.2441192, 53.3313149 ], [ -6.2460436, 53.3315995 ], [ -6.2461057, 53.3316205 ], [ -6.2460865, 53.3316725 ], [ -6.2460554, 53.3317571 ], [ -6.2460639, 53.331872 ], [ -6.2461347, 53.3319715 ], [ -6.2465487, 53.332483499999988 ], [ -6.2473001, 53.3334125 ], [ -6.2463972, 53.333690099999984 ], [ -6.2451835, 53.3340381 ], [ -6.2456702, 53.3343885 ], [ -6.246446805375366, 53.33508293110151 ], [ -6.2473962, 53.3358117 ], [ -6.24767, 53.3359928 ], [ -6.2482265, 53.336360899999988 ], [ -6.2488945, 53.3367862 ], [ -6.2489955, 53.3368372 ], [ -6.2490684, 53.3368645 ], [ -6.247707222665024, 53.338226373683739 ], [ -6.2477075, 53.3382261 ], [ -6.247707205110727, 53.338226391247012 ], [ -6.247707205110666, 53.338226391247076 ], [ -6.247707205110324, 53.338226391247417 ], [ -6.247707040259824, 53.338226553687498 ], [ -6.247707222665024, 53.338226373683739 ], [ -6.247707205110727, 53.338226391247012 ], [ -6.247707205110324, 53.338226391247417 ], [ -6.246997321617987, 53.338927506795891 ], [ -6.24635543174693, 53.339593559529348 ], [ -6.2463552, 53.3395938 ], [ -6.2478471, 53.3401336 ], [ -6.2491952, 53.3406068 ], [ -6.2504184, 53.3410509 ], [ -6.2507508, 53.3411673 ], [ -6.250751114982914, 53.341167405617647 ], [ -6.2523678, 53.341709499999986 ], [ -6.2524377, 53.3417316 ], [ -6.252481, 53.3417535 ], [ -6.2525158, 53.341786 ], [ -6.2525319, 53.341817199999987 ], [ -6.2525396, 53.3418642 ], [ -6.2524668, 53.3418731 ], [ -6.2524006, 53.3418876 ], [ -6.2516883, 53.3421616 ], [ -6.2515606, 53.342183 ], [ -6.2514834, 53.3421772 ], [ -6.2507946, 53.342025 ], [ -6.2506881, 53.3420259 ], [ -6.2506385, 53.3420364 ], [ -6.2506126, 53.3420514 ], [ -6.2504881, 53.342169 ], [ -6.2496969, 53.3434657 ], [ -6.2492761, 53.3441081 ] ], [ [ -6.2432726, 53.3331677 ], [ -6.2438635, 53.3333779 ], [ -6.2445181, 53.333652599999986 ], [ -6.2450331, 53.3339362 ], [ -6.2451835, 53.3340381 ] ] ] } },
{ "type": "Feature", "properties": { "id": null, "route no": "35" }, "geometry": { "type": "MultiLineString", "coordinates": [ [ [ -6.384387751887746, 53.399755270780432 ], [ -6.3865261, 53.3992955 ], [ -6.3872486, 53.3991314 ], [ -6.3879748, 53.3989336 ], [ -6.3887046, 53.3987169 ], [ -6.3899175, 53.3982775 ], [ -6.3901856, 53.3982241 ], [ -6.3906739, 53.3980815 ], [ -6.3908435, 53.3980133 ], [ -6.3914788, 53.397721 ], [ -6.391669459708995, 53.397621712362529 ] ], [ [ -6.391669459708994, 53.397621712362529 ], [ -6.392042315107382, 53.397430629261081 ], [ -6.3922535, 53.3973224 ], [ -6.3924914, 53.3971404 ], [ -6.3928795, 53.3968361 ], [ -6.3941822, 53.3961162 ], [ -6.3953756, 53.3954969 ], [ -6.3960616, 53.3951177 ], [ -6.3969201, 53.39454 ], [ -6.397958, 53.393732899999989 ], [ -6.398060877827684, 53.39363524741718 ], [ -6.3975539, 53.3934344 ], [ -6.3969552, 53.3932393 ], [ -6.3964152, 53.393148599999989 ], [ -6.3951179, 53.3931093 ], [ -6.3943554, 53.3931007 ], [ -6.3938371, 53.3931421 ], [ -6.393466716582371, 53.393327915564072 ], [ -6.3931514, 53.3935168 ], [ -6.3916059, 53.3943673 ], [ -6.3914288, 53.3944076 ] ], [ [ -6.3723903, 53.385308499999979 ], [ -6.3723903, 53.385308499999979 ], [ -6.3715479, 53.3849959 ], [ -6.3706267, 53.3846472 ], [ -6.3703864, 53.384603599999984 ], [ -6.3699549, 53.3846244 ], [ -6.3695911, 53.3847033 ], [ -6.3692479, 53.3848797 ], [ -6.3691733, 53.3849808 ], [ -6.369001023902166, 53.385099817743985 ], [ -6.3687436, 53.3851923 ], [ -6.3684315, 53.385221 ], [ -6.3680131, 53.3851699 ], [ -6.3677903, 53.3851162 ], [ -6.3662821, 53.384431 ], [ -6.366185, 53.38450670000001 ], [ -6.3660726, 53.3846238 ], [ -6.3660101, 53.3847553 ], [ -6.3659889, 53.3848451 ], [ -6.3660703, 53.3851245 ], [ -6.3662791, 53.3853637 ], [ -6.3666409, 53.3854858 ], [ -6.3676353, 53.3856437 ], [ -6.3682901, 53.3857577 ], [ -6.3684947, 53.3860021 ], [ -6.368643099208145, 53.386459207284439 ], [ -6.3687974, 53.3868307 ], [ -6.3690811, 53.3870081 ], [ -6.3694942, 53.3871476 ], [ -6.3696898, 53.387229 ], [ -6.3699663, 53.387405 ], [ -6.3703534, 53.3876809 ], [ -6.3704936, 53.3877931 ], [ -6.3708058, 53.3879752 ], [ -6.371189, 53.3881708 ], [ -6.3713022, 53.388247799999988 ], [ -6.3715265, 53.3884239 ], [ -6.3718135, 53.3885593 ], [ -6.3711692, 53.3891693 ], [ -6.3702796, 53.390047799999984 ], [ -6.3698695, 53.3904717 ], [ -6.3697703, 53.3905974 ], [ -6.3700805, 53.3906956 ], [ -6.3701661, 53.3907379 ], [ -6.3703026, 53.390855 ], [ -6.370435, 53.3910171 ], [ -6.3704739, 53.3911428 ], [ -6.3704645, 53.3912551 ], [ -6.3704141, 53.39139930000001 ], [ -6.3702951, 53.3916451 ], [ -6.3702126, 53.3918667 ], [ -6.3711919, 53.391875899999988 ], [ -6.3729497, 53.3917711 ], [ -6.3747047, 53.391656 ], [ -6.3751296, 53.3916297 ], [ -6.3754863, 53.3916171 ], [ -6.3758236, 53.3916265 ], [ -6.3759924, 53.3916379 ], [ -6.3761812, 53.3916582 ], [ -6.3766067, 53.3917286 ], [ -6.3768682, 53.3917867 ], [ -6.3770816, 53.391848 ], [ -6.3775072, 53.3919927 ], [ -6.3779318, 53.3921776 ], [ -6.3785685, 53.3924973 ], [ -6.3788402, 53.3926499 ], [ -6.3784472, 53.3929115 ], [ -6.378008490283235, 53.393143661393488 ], [ -6.376526888804933, 53.394050516633826 ], [ -6.375192318291313, 53.394989724588932 ], [ -6.3751923182881, 53.394989724591191 ], [ -6.3751901, 53.3949888 ], [ -6.375192318291313, 53.394989724588932 ], [ -6.3759888, 53.3953217 ], [ -6.3757224, 53.3955672 ], [ -6.3754111, 53.3957631 ], [ -6.3752859, 53.3958201 ], [ -6.3740849, 53.3962657 ], [ -6.373043, 53.3969676 ], [ -6.371785, 53.3978516 ], [ -6.3716305, 53.3980371 ], [ -6.3715797, 53.398266199999988 ], [ -6.3715783, 53.398366 ], [ -6.3716431, 53.3985735 ], [ -6.3717909, 53.3987861 ], [ -6.3719076, 53.3988863 ], [ -6.372142, 53.3990201 ], [ -6.372528989470156, 53.399156333349055 ], [ -6.3729986, 53.399310099999987 ], [ -6.3746877, 53.3997934 ], [ -6.3752221, 53.3999495 ], [ -6.3756282, 53.4000884 ], [ -6.3760155, 53.400288 ], [ -6.3773079, 53.399467 ], [ -6.3781038, 53.3995895 ], [ -6.379475, 53.3992258 ], [ -6.3802876, 53.3989974 ], [ -6.3814694, 53.3986213 ], [ -6.3818289, 53.3985163 ], [ -6.3822634, 53.3984456 ], [ -6.3826086, 53.3984381 ], [ -6.3828333, 53.3984608 ], [ -6.3830836, 53.3985105 ], [ -6.3833535, 53.3985866 ], [ -6.3835615, 53.3986752 ], [ -6.3837845, 53.3988548 ], [ -6.3838915, 53.3989788 ], [ -6.3840835, 53.39928 ], [ -6.384222310423585, 53.399509037559433 ], [ -6.3843825, 53.3997564 ] ], [ [ -6.3692351, 53.3805402 ], [ -6.3694664, 53.3807859 ], [ -6.3702415, 53.3817043 ], [ -6.3704293, 53.3820668 ], [ -6.3706135, 53.3824493 ], [ -6.3708527, 53.3827756 ], [ -6.3711855, 53.3832305 ], [ -6.3722355, 53.3849633 ], [ -6.3723645, 53.3851763 ], [ -6.3723903, 53.385308499999979 ], [ -6.3723903, 53.3853085 ] ], [ [ -6.3692351, 53.3805402 ], [ -6.3681426, 53.3798242 ], [ -6.3679407, 53.379701 ], [ -6.367269403335573, 53.379075946806033 ], [ -6.3667955, 53.3785477 ], [ -6.3667243, 53.3783114 ], [ -6.3665013, 53.3778905 ], [ -6.3662566, 53.3776001 ], [ -6.3651479, 53.376834 ], [ -6.3647686, 53.3765096 ], [ -6.3642189, 53.3759157 ], [ -6.363729, 53.37531340000001 ], [ -6.3636161, 53.3750882 ], [ -6.3634138, 53.37425360000001 ], [ -6.3631575, 53.3737691 ], [ -6.3629361, 53.3734711 ], [ -6.3626637, 53.3731164 ], [ -6.3625456, 53.3730416 ], [ -6.3618781, 53.3728185 ], [ -6.3610281, 53.3724613 ], [ -6.3603715, 53.3722045 ], [ -6.3598031, 53.3721036 ], [ -6.3592808, 53.3720275 ], [ -6.3585157, 53.3719158 ], [ -6.3584674, 53.3727118 ], [ -6.3584853, 53.374824 ], [ -6.3585573, 53.3774977 ], [ -6.3585824, 53.3791188 ], [ -6.3585469, 53.3795736 ], [ -6.3583474, 53.380122 ], [ -6.3581047, 53.3804618 ], [ -6.3579315, 53.3805255 ], [ -6.357452, 53.3807246 ] ], [ [ -6.2833156, 53.36106239999998 ], [ -6.2861193, 53.3611563 ], [ -6.2908503, 53.3613326 ], [ -6.2933682, 53.3614243 ], [ -6.2970927, 53.3615513 ], [ -6.297852, 53.3615936 ], [ -6.2981715, 53.36161280000001 ], [ -6.3018582, 53.3627618 ], [ -6.3039383, 53.3634886 ], [ -6.3082695, 53.3649203 ], [ -6.3104373, 53.3656316 ], [ -6.3134558, 53.3666405 ], [ -6.3137726, 53.3667502 ], [ -6.3143289, 53.3669184 ], [ -6.3147455, 53.3670247 ], [ -6.316449, 53.3674189 ], [ -6.3181143, 53.3677898 ], [ -6.3195089, 53.3680953 ], [ -6.3204162, 53.3683478 ], [ -6.3219073, 53.36885 ], [ -6.3223942, 53.369014 ], [ -6.3246009, 53.3697395 ], [ -6.3281362, 53.3708589 ], [ -6.3291824, 53.3712135 ], [ -6.3311985, 53.3718944 ], [ -6.3320182, 53.3722329 ], [ -6.3330564, 53.3725535 ], [ -6.336381026917307, 53.373661339201583 ], [ -6.3404035, 53.3750085 ], [ -6.341986441610644, 53.375528563107025 ], [ -6.345150050058094, 53.376533144180968 ], [ -6.3502595, 53.3781446 ], [ -6.352058, 53.3787253 ], [ -6.3537043, 53.3792941 ], [ -6.3550632, 53.3797823 ], [ -6.3577273, 53.3808495 ] ], [ [ -6.2750917, 53.3607762 ], [ -6.27509325486005, 53.360776215619595 ], [ -6.2751154, 53.3607759 ] ], [ [ -6.2609024, 53.3528236 ], [ -6.2612522, 53.3527451 ], [ -6.2613231, 53.3527365 ], [ -6.261428, 53.3527492 ], [ -6.261817321941491, 53.353077463550918 ], [ -6.261817454996131, 53.353077575738247 ], [ -6.263157412248907, 53.354207364623171 ], [ -6.2648216, 53.3556728 ], [ -6.2652507, 53.3560249 ], [ -6.2654079, 53.3560914 ], [ -6.2677742, 53.356721 ], [ -6.2679345, 53.3567651 ] ], [ [ -6.2537277, 53.349763 ], [ -6.2535884, 53.3496287 ], [ -6.2535345, 53.349567 ], [ -6.2534719, 53.3494984 ], [ -6.253385937434611, 53.349422813886655 ], [ -6.2532535, 53.3494441 ], [ -6.2529822, 53.349466 ], [ -6.2526202, 53.3494521 ], [ -6.2523156, 53.349402799999986 ], [ -6.2522254, 53.3493633 ], [ -6.2519722, 53.3492467 ], [ -6.2518597, 53.3491787 ], [ -6.2517086, 53.3490654 ], [ -6.2515637, 53.3489103 ], [ -6.2515101, 53.3488274 ], [ -6.2514889, 53.3487639 ], [ -6.2514753, 53.3486348 ], [ -6.251544789676332, 53.348302794823454 ], [ -6.251544789676332, 53.348302794823454 ], [ -6.2517484, 53.3476298 ], [ -6.2518197, 53.3474227 ], [ -6.251861, 53.3473205 ], [ -6.2519025, 53.3472451 ], [ -6.2520122, 53.3465515 ], [ -6.2520495, 53.3462765 ], [ -6.2521162, 53.3457851 ], [ -6.2512287, 53.3457338 ], [ -6.2504081, 53.3456547 ], [ -6.2497815, 53.3455984 ], [ -6.2489989, 53.3455391 ], [ -6.2487202, 53.34550560000001 ], [ -6.248443, 53.3454463 ], [ -6.248445264932029, 53.345442475699329 ], [ -6.2488433, 53.3447704 ], [ -6.2491509, 53.3442872 ], [ -6.2492096, 53.3441883 ], [ -6.2492761, 53.3441081 ], [ -6.2523006, 53.3447038 ], [ -6.2550211, 53.3452183 ], [ -6.2551049, 53.3452665 ], [ -6.2551368, 53.3453412 ], [ -6.2551367, 53.3453557 ], [ -6.255136, 53.3454589 ], [ -6.255132716664101, 53.34590492603693 ], [ -6.2551509, 53.3462544 ], [ -6.2551226, 53.3468087 ], [ -6.255019, 53.3473816 ], [ -6.2549998, 53.3474793 ], [ -6.254944700141579, 53.348279741602383 ], [ -6.2549447, 53.3482797 ], [ -6.254944668967894, 53.348279702476823 ], [ -6.254944819013812, 53.348279731708558 ], [ -6.254946, 53.3486617 ], [ -6.2548513, 53.349000599999989 ], [ -6.254732294495208, 53.34919608032191 ], [ -6.254732294495079, 53.349196080322123 ], [ -6.2547325, 53.3491959 ], [ -6.254732294495208, 53.34919608032191 ], [ -6.2546664, 53.3492539 ], [ -6.2538519, 53.3495103 ], [ -6.2538519, 53.3495103 ], [ -6.253763, 53.3495753 ], [ -6.2537373, 53.349624 ], [ -6.2537277, 53.349763 ], [ -6.2544091, 53.3507411 ], [ -6.2568923, 53.3542062 ], [ -6.2577172, 53.3540051 ], [ -6.2581941, 53.3538836 ], [ -6.2581941, 53.3538836 ], [ -6.259409, 53.3534929 ], [ -6.2600806, 53.3531961 ], [ -6.2609024, 53.3528236 ], [ -6.261342574852171, 53.352556248557569 ], [ -6.2614906, 53.3525003 ], [ -6.261764146573035, 53.352448359940588 ], [ -6.2617636, 53.3524486 ], [ -6.261772346724568, 53.352444758367831 ], [ -6.2618697, 53.352402 ], [ -6.2623843, 53.3521451 ], [ -6.2626018, 53.3520632 ], [ -6.2628223, 53.3519464 ], [ -6.2629686, 53.3519186 ], [ -6.263054315064799, 53.351936839768896 ], [ -6.2632021, 53.3519989 ], [ -6.2654339, 53.3535061 ], [ -6.2660309, 53.3538987 ], [ -6.2669211, 53.3542147 ], [ -6.2671161, 53.3542889 ], [ -6.2675199, 53.3544425 ], [ -6.2678194, 53.3546192 ], [ -6.2678911, 53.3547262 ], [ -6.2679269, 53.354773099999989 ], [ -6.2685927, 53.3549746 ], [ -6.2684564, 53.3552123 ], [ -6.2683023, 53.3555222 ], [ -6.2680408, 53.3560712 ], [ -6.2679992, 53.356278 ], [ -6.2679724, 53.356487 ], [ -6.2679345, 53.3567651 ], [ -6.2680111, 53.3569619 ], [ -6.2687718, 53.3578255 ], [ -6.2697628, 53.3589295 ], [ -6.2697978, 53.358998899999989 ], [ -6.2698096, 53.3590806 ], [ -6.2697991, 53.359239 ], [ -6.2696594, 53.3601525 ], [ -6.2696463, 53.3603552 ], [ -6.2696571, 53.3604763 ], [ -6.2697061, 53.3605733 ], [ -6.2701651, 53.3606107 ], [ -6.2710851, 53.3606821 ], [ -6.2724919, 53.3607808 ], [ -6.2728236, 53.3607946 ], [ -6.2737893, 53.3607948 ], [ -6.27509325486005, 53.360776215619595 ], [ -6.2755297, 53.3607806 ], [ -6.2770216, 53.3608226 ], [ -6.2791306, 53.360909 ], [ -6.2826416, 53.3610344 ], [ -6.2833156, 53.3610624 ] ], [ [ -6.2432726, 53.3331677 ], [ -6.243351, 53.3330761 ], [ -6.2437441, 53.3321743 ], [ -6.2441192, 53.3313149 ], [ -6.2460436, 53.3315995 ], [ -6.2461057, 53.3316205 ], [ -6.2460865, 53.3316725 ], [ -6.2460554, 53.3317571 ], [ -6.2460639, 53.331872 ], [ -6.2461347, 53.3319715 ], [ -6.2465487, 53.332483499999988 ], [ -6.2473001, 53.3334125 ], [ -6.2463972, 53.333690099999984 ], [ -6.2451835, 53.3340381 ], [ -6.2456702, 53.3343885 ], [ -6.246446805375366, 53.33508293110151 ], [ -6.2473962, 53.3358117 ], [ -6.24767, 53.3359928 ], [ -6.2482265, 53.336360899999988 ], [ -6.2488945, 53.3367862 ], [ -6.2489955, 53.3368372 ], [ -6.2490684, 53.3368645 ], [ -6.247707222665024, 53.338226373683739 ], [ -6.2477075, 53.3382261 ], [ -6.247707205110727, 53.338226391247012 ], [ -6.247707205110666, 53.338226391247076 ], [ -6.247707205110324, 53.338226391247417 ], [ -6.247707040259824, 53.338226553687498 ], [ -6.247707222665024, 53.338226373683739 ], [ -6.247707205110727, 53.338226391247012 ], [ -6.247707205110324, 53.338226391247417 ], [ -6.246997321617987, 53.338927506795891 ], [ -6.24635543174693, 53.339593559529348 ], [ -6.2463552, 53.3395938 ], [ -6.2478471, 53.3401336 ], [ -6.2491952, 53.3406068 ], [ -6.2504184, 53.3410509 ], [ -6.2507508, 53.3411673 ], [ -6.250751114982914, 53.341167405617647 ], [ -6.2523678, 53.341709499999986 ], [ -6.2524377, 53.3417316 ], [ -6.252481, 53.3417535 ], [ -6.2525158, 53.341786 ], [ -6.2525319, 53.341817199999987 ], [ -6.2525396, 53.3418642 ], [ -6.2524668, 53.3418731 ], [ -6.2524006, 53.3418876 ], [ -6.2516883, 53.3421616 ], [ -6.2515606, 53.342183 ], [ -6.2514834, 53.3421772 ], [ -6.2507946, 53.342025 ], [ -6.2506881, 53.3420259 ], [ -6.2506385, 53.3420364 ], [ -6.2506126, 53.3420514 ], [ -6.2504881, 53.342169 ], [ -6.2496969, 53.3434657 ], [ -6.2492761, 53.3441081 ] ], [ [ -6.2432726, 53.3331677 ], [ -6.2438635, 53.3333779 ], [ -6.2445181, 53.333652599999986 ], [ -6.2450331, 53.3339362 ], [ -6.2451835, 53.3340381 ] ] ] } },
{ "type": "Feature", "properties": { "id": null, "route no": "36" }, "geometry": { "type": "MultiLineString", "coordinates": [ [ [ -6.3329592, 53.376598199999982 ], [ -6.3327836, 53.3765858 ], [ -6.3318178, 53.3765462 ], [ -6.3313861, 53.3765368 ], [ -6.3311069, 53.3765435 ], [ -6.3310099, 53.3765615 ], [ -6.3309493, 53.3765957 ], [ -6.330912, 53.376682799999983 ], [ -6.3309013, 53.3771464 ], [ -6.3308519, 53.377265 ], [ -6.3307611, 53.3772508 ], [ -6.3306319, 53.3772495 ], [ -6.3301188, 53.3772444 ], [ -6.3287123, 53.3772302 ], [ -6.326498, 53.3772255 ], [ -6.3256477, 53.3772359 ], [ -6.3254398, 53.377256 ], [ -6.3251503, 53.3772929 ], [ -6.3246548, 53.3773923 ], [ -6.3243176, 53.3774575 ], [ -6.3241817, 53.3774606 ], [ -6.3240608, 53.3774162 ], [ -6.3239819, 53.3773545 ], [ -6.3237135, 53.3770956 ], [ -6.3235079, 53.3768669 ], [ -6.3234222, 53.37676 ], [ -6.3233789, 53.3766499 ], [ -6.3233453, 53.3765153 ], [ -6.3230881, 53.3765198 ], [ -6.3228369, 53.3765102 ], [ -6.3226029, 53.3764863 ], [ -6.3224467, 53.3764571 ], [ -6.3220586, 53.3763595 ], [ -6.3218687, 53.3762864 ], [ -6.3215724, 53.3761366 ], [ -6.321341, 53.3759786 ], [ -6.3212826, 53.3759239 ], [ -6.3211602, 53.3758138 ], [ -6.321062, 53.3757768 ], [ -6.3208536, 53.3757656 ], [ -6.3197121, 53.3757995 ], [ -6.3185632, 53.3757784 ], [ -6.3158178, 53.3757369 ], [ -6.3156746, 53.375764799999985 ], [ -6.3155631, 53.3758063 ], [ -6.3154677, 53.3757601 ], [ -6.3153823, 53.3757453 ], [ -6.3140039, 53.3757221 ], [ -6.3138929, 53.3757403 ], [ -6.3138018, 53.3757767 ], [ -6.313463, 53.3760526 ], [ -6.3127126, 53.3767329 ], [ -6.3126636, 53.3767675 ], [ -6.3125911, 53.376784699999988 ], [ -6.311913, 53.3766134 ], [ -6.3108604, 53.376493 ], [ -6.3106155, 53.3764934 ], [ -6.3102816, 53.3764614 ], [ -6.3101218, 53.3764952 ], [ -6.3100424, 53.3765636 ], [ -6.3100017, 53.3766725 ], [ -6.3099056, 53.3767455 ], [ -6.3098023, 53.3767814 ], [ -6.3096595, 53.3768027 ], [ -6.3094302, 53.3767911 ], [ -6.3092112, 53.3767788 ], [ -6.3091662, 53.3766684 ], [ -6.3090029, 53.3764511 ], [ -6.3083268, 53.3758245 ], [ -6.3079568, 53.3754868 ], [ -6.3076552, 53.3751603 ], [ -6.3075137, 53.3749735 ], [ -6.307262824415216, 53.374639168092735 ], [ -6.3065249, 53.3737025 ], [ -6.3063702, 53.3734579 ], [ -6.30623012383716, 53.373161991556849 ], [ -6.3061623, 53.372979 ], [ -6.3061165, 53.3727478 ], [ -6.3060811, 53.3724611 ], [ -6.3059936, 53.372013399999986 ], [ -6.305942923785389, 53.371781372753389 ], [ -6.3059104, 53.3715354 ], [ -6.3059194, 53.3714236 ], [ -6.3059497, 53.3713364 ], [ -6.305996508417472, 53.371234852648875 ], [ -6.3062202, 53.370779 ], [ -6.3062741, 53.3705632 ], [ -6.3062342, 53.3702528 ], [ -6.3061273, 53.3698602 ], [ -6.3060457, 53.369684 ], [ -6.3058464, 53.3693618 ], [ -6.3056177, 53.3690742 ], [ -6.3054621, 53.3689388 ], [ -6.30523, 53.3688101 ], [ -6.3047356, 53.3685819 ], [ -6.3042712, 53.36839 ], [ -6.3037506, 53.36816 ], [ -6.3031618, 53.3678562 ], [ -6.3027794, 53.3675804 ], [ -6.302639, 53.3674591 ], [ -6.3023581, 53.3673827 ], [ -6.3013045, 53.3673524 ], [ -6.3000079, 53.3673223 ], [ -6.298622, 53.3672877 ], [ -6.2972749, 53.367221 ], [ -6.2960096, 53.3671587 ], [ -6.29475, 53.3670729 ], [ -6.2934019, 53.3669186 ], [ -6.2920173, 53.366678299999982 ], [ -6.2910262, 53.366426 ], [ -6.2904138, 53.3662402 ], [ -6.2901012, 53.3660952 ], [ -6.2897203, 53.365819 ], [ -6.2890933, 53.365328299999987 ], [ -6.2887183, 53.3650238 ], [ -6.2884444, 53.3649266 ], [ -6.2881636, 53.3648779 ], [ -6.287245, 53.364717 ], [ -6.2857354, 53.3644495 ], [ -6.2835566, 53.3640413 ], [ -6.282549, 53.3637998 ], [ -6.2831008, 53.3618081 ], [ -6.2833156, 53.3610624 ], [ -6.2833156, 53.36106239999998 ] ], [ [ -6.2750917, 53.3607762 ], [ -6.27509325486005, 53.360776215619595 ], [ -6.2751154, 53.3607759 ] ], [ [ -6.2609024, 53.3528236 ], [ -6.2612522, 53.3527451 ], [ -6.2613231, 53.3527365 ], [ -6.261428, 53.3527492 ], [ -6.261817321941491, 53.353077463550918 ], [ -6.261817454996131, 53.353077575738247 ], [ -6.263157412248907, 53.354207364623171 ], [ -6.2648216, 53.3556728 ], [ -6.2652507, 53.3560249 ], [ -6.2654079, 53.3560914 ], [ -6.2677742, 53.356721 ], [ -6.2679345, 53.3567651 ] ], [ [ -6.2537277, 53.349763 ], [ -6.2535884, 53.3496287 ], [ -6.2535345, 53.349567 ], [ -6.2534719, 53.3494984 ], [ -6.253385937434611, 53.349422813886655 ], [ -6.2532535, 53.3494441 ], [ -6.2529822, 53.349466 ], [ -6.2526202, 53.3494521 ], [ -6.2523156, 53.349402799999986 ], [ -6.2522254, 53.3493633 ], [ -6.2519722, 53.3492467 ], [ -6.2518597, 53.3491787 ], [ -6.2517086, 53.3490654 ], [ -6.2515637, 53.3489103 ], [ -6.2515101, 53.3488274 ], [ -6.2514889, 53.3487639 ], [ -6.2514753, 53.3486348 ], [ -6.251544789676332, 53.348302794823454 ], [ -6.251544789676332, 53.348302794823454 ], [ -6.2517484, 53.3476298 ], [ -6.2518197, 53.3474227 ], [ -6.251861, 53.3473205 ], [ -6.2519025, 53.3472451 ], [ -6.2520122, 53.3465515 ], [ -6.2520495, 53.3462765 ], [ -6.2521162, 53.3457851 ], [ -6.2512287, 53.3457338 ], [ -6.2504081, 53.3456547 ], [ -6.2497815, 53.3455984 ], [ -6.2489989, 53.3455391 ], [ -6.2487202, 53.34550560000001 ], [ -6.248443, 53.3454463 ], [ -6.248445264932029, 53.345442475699329 ], [ -6.2488433, 53.3447704 ], [ -6.2491509, 53.3442872 ], [ -6.2492096, 53.3441883 ], [ -6.2492761, 53.3441081 ], [ -6.2523006, 53.3447038 ], [ -6.2550211, 53.3452183 ], [ -6.2551049, 53.3452665 ], [ -6.2551368, 53.3453412 ], [ -6.2551367, 53.3453557 ], [ -6.255136, 53.3454589 ], [ -6.255132716664101, 53.34590492603693 ], [ -6.2551509, 53.3462544 ], [ -6.2551226, 53.3468087 ], [ -6.255019, 53.3473816 ], [ -6.2549998, 53.3474793 ], [ -6.254944700141579, 53.348279741602383 ], [ -6.2549447, 53.3482797 ], [ -6.254944668967894, 53.348279702476823 ], [ -6.254944819013812, 53.348279731708558 ], [ -6.254946, 53.3486617 ], [ -6.2548513, 53.349000599999989 ], [ -6.254732294495208, 53.34919608032191 ], [ -6.254732294495079, 53.349196080322123 ], [ -6.2547325, 53.3491959 ], [ -6.254732294495208, 53.34919608032191 ], [ -6.2546664, 53.3492539 ], [ -6.2538519, 53.3495103 ], [ -6.2538519, 53.3495103 ], [ -6.253763, 53.3495753 ], [ -6.2537373, 53.349624 ], [ -6.2537277, 53.349763 ], [ -6.2544091, 53.3507411 ], [ -6.2568923, 53.3542062 ], [ -6.2577172, 53.3540051 ], [ -6.2581941, 53.3538836 ], [ -6.2581941, 53.3538836 ], [ -6.259409, 53.3534929 ], [ -6.2600806, 53.3531961 ], [ -6.2609024, 53.3528236 ], [ -6.261342574852171, 53.352556248557569 ], [ -6.2614906, 53.3525003 ], [ -6.261764146573035, 53.352448359940588 ], [ -6.2617636, 53.3524486 ], [ -6.261772346724568, 53.352444758367831 ], [ -6.2618697, 53.352402 ], [ -6.2623843, 53.3521451 ], [ -6.2626018, 53.3520632 ], [ -6.2628223, 53.3519464 ], [ -6.2629686, 53.3519186 ], [ -6.263054315064799, 53.351936839768896 ], [ -6.2632021, 53.3519989 ], [ -6.2654339, 53.3535061 ], [ -6.2660309, 53.3538987 ], [ -6.2669211, 53.3542147 ], [ -6.2671161, 53.3542889 ], [ -6.2675199, 53.3544425 ], [ -6.2678194, 53.3546192 ], [ -6.2678911, 53.3547262 ], [ -6.2679269, 53.354773099999989 ], [ -6.2685927, 53.3549746 ], [ -6.2684564, 53.3552123 ], [ -6.2683023, 53.3555222 ], [ -6.2680408, 53.3560712 ], [ -6.2679992, 53.356278 ], [ -6.2679724, 53.356487 ], [ -6.2679345, 53.3567651 ], [ -6.2680111, 53.3569619 ], [ -6.2687718, 53.3578255 ], [ -6.2697628, 53.3589295 ], [ -6.2697978, 53.358998899999989 ], [ -6.2698096, 53.3590806 ], [ -6.2697991, 53.359239 ], [ -6.2696594, 53.3601525 ], [ -6.2696463, 53.3603552 ], [ -6.2696571, 53.3604763 ], [ -6.2697061, 53.3605733 ], [ -6.2701651, 53.3606107 ], [ -6.2710851, 53.3606821 ], [ -6.2724919, 53.3607808 ], [ -6.2728236, 53.3607946 ], [ -6.2737893, 53.3607948 ], [ -6.27509325486005, 53.360776215619595 ], [ -6.2755297, 53.3607806 ], [ -6.2770216, 53.3608226 ], [ -6.2791306, 53.360909 ], [ -6.2826416, 53.3610344 ], [ -6.2833156, 53.3610624 ], [ -6.2833156, 53.3610624 ] ], [ [ -6.2504881, 53.342169 ], [ -6.2496969, 53.3434657 ], [ -6.2492761, 53.3441081 ] ], [ [ -6.24635543174693, 53.339593559529348 ], [ -6.2463552, 53.3395938 ], [ -6.2478471, 53.3401336 ], [ -6.2491952, 53.3406068 ], [ -6.2504184, 53.3410509 ], [ -6.2507508, 53.3411673 ], [ -6.250751114982914, 53.341167405617647 ], [ -6.2523678, 53.341709499999986 ], [ -6.2524377, 53.3417316 ], [ -6.252481, 53.3417535 ], [ -6.2525158, 53.341786 ], [ -6.2525319, 53.341817199999987 ], [ -6.2525396, 53.3418642 ], [ -6.2524668, 53.3418731 ], [ -6.2524006, 53.3418876 ], [ -6.2516883, 53.3421616 ], [ -6.2515606, 53.342183 ], [ -6.2514834, 53.3421772 ], [ -6.2507946, 53.342025 ], [ -6.2506881, 53.3420259 ], [ -6.2506385, 53.3420364 ], [ -6.2506126, 53.3420514 ], [ -6.2504881, 53.342169 ], [ -6.250524, 53.3420428 ], [ -6.2505109, 53.3420099 ], [ -6.2504831, 53.341982299999984 ], [ -6.2504023, 53.3419434 ], [ -6.2503406, 53.3419272 ], [ -6.2502796, 53.3418428 ], [ -6.2502661, 53.3418237 ], [ -6.250258, 53.3417829 ], [ -6.2502608, 53.3417366 ], [ -6.2507508, 53.3411673 ] ], [ [ -6.23518177145179, 53.332044417648461 ], [ -6.2349646, 53.3318179 ], [ -6.2345062, 53.3314562 ], [ -6.2335387, 53.33069 ], [ -6.232236, 53.3296444 ], [ -6.232014, 53.3295282 ], [ -6.2319144, 53.3298371 ], [ -6.2318875, 53.330145199999983 ], [ -6.231858, 53.3306605 ], [ -6.231816, 53.3314378 ], [ -6.2317246, 53.3323055 ], [ -6.2316636, 53.3327784 ], [ -6.2316528, 53.3329481 ], [ -6.231665, 53.3331665 ], [ -6.2317156, 53.3334238 ], [ -6.2317998, 53.3336662 ], [ -6.2318692, 53.3338549 ], [ -6.2320207, 53.3338441 ], [ -6.2321985, 53.3337851 ], [ -6.232503, 53.3336501 ], [ -6.232804, 53.3335297 ], [ -6.2332129, 53.3333662 ], [ -6.2337481, 53.3331432 ], [ -6.2344305, 53.3328523 ], [ -6.2347001, 53.3327375 ], [ -6.2350383, 53.3325662 ], [ -6.2352961, 53.3324486 ], [ -6.2354691, 53.3323976 ], [ -6.235815, 53.3328899 ], [ -6.2359843, 53.3331232 ], [ -6.2365401, 53.3339348 ], [ -6.2370509, 53.334679399999985 ], [ -6.238135, 53.3361423 ], [ -6.2391595, 53.3368282 ], [ -6.2400932, 53.33742250000001 ], [ -6.2404802, 53.3376263 ], [ -6.240605053811277, 53.337669412881901 ], [ -6.2410565, 53.3378253 ], [ -6.2432464, 53.3385514 ], [ -6.2444031, 53.3389341 ], [ -6.2451496, 53.3391815 ], [ -6.246208, 53.339544 ], [ -6.2463552, 53.3395938 ] ] ] } },
{ "type": "Feature", "properties": { "id": null, "route no": "37" }, "geometry": { "type": "MultiLineString", "coordinates": [ [ [ -6.4019928, 53.3863528 ], [ -6.4023105, 53.3859428 ], [ -6.4024896, 53.3854461 ], [ -6.4025165, 53.3852318 ], [ -6.4025672, 53.3850064 ], [ -6.40291564787716, 53.384073957284016 ], [ -6.403082160374886, 53.383649973155173 ], [ -6.4032946, 53.3831262 ], [ -6.403417694960448, 53.382677276323761 ], [ -6.4029206, 53.382669599999986 ], [ -6.4022902, 53.3827148 ], [ -6.4014469, 53.382804899999989 ], [ -6.4007516, 53.3828532 ], [ -6.4002444, 53.3828247 ], [ -6.3992686, 53.3827129 ], [ -6.3986921, 53.3826551 ], [ -6.3980736, 53.3826568 ], [ -6.3970594, 53.3827314 ], [ -6.3962693, 53.3828037 ], [ -6.395055, 53.3829576 ], [ -6.3947698, 53.3829992 ], [ -6.3943896, 53.3830589 ], [ -6.3938761, 53.3831187 ], [ -6.3935259, 53.3831696 ], [ -6.392822, 53.3833523 ], [ -6.3914173, 53.3837643 ], [ -6.3896462, 53.3842931 ], [ -6.3891917, 53.3844341 ], [ -6.3884369, 53.3847453 ], [ -6.387385, 53.3852016 ], [ -6.3864932, 53.385586 ], [ -6.3847516, 53.3864147 ], [ -6.3832311, 53.3875919 ], [ -6.3825401, 53.3881281 ], [ -6.38181, 53.388686 ], [ -6.381674, 53.3887762 ], [ -6.3814782, 53.3888552 ], [ -6.3809496, 53.3889744 ], [ -6.3807423, 53.3890156 ], [ -6.3804681, 53.3890136 ], [ -6.3802135, 53.3888846 ], [ -6.3795253, 53.3881087 ], [ -6.3792504, 53.3878507 ], [ -6.3788683, 53.387582 ], [ -6.3782781, 53.3872992 ], [ -6.3777084, 53.3870144 ], [ -6.3767281, 53.3865168 ], [ -6.3759898, 53.3862353 ], [ -6.375568, 53.3860953 ], [ -6.3749831, 53.3859075 ], [ -6.3745298, 53.3858257 ], [ -6.3739466, 53.3857392 ], [ -6.3731637, 53.3856169 ], [ -6.3723903, 53.3853085 ], [ -6.3723645, 53.3851763 ], [ -6.3722355, 53.3849633 ], [ -6.3711855, 53.3832305 ], [ -6.3708527, 53.3827756 ], [ -6.3706135, 53.3824493 ], [ -6.3704293, 53.3820668 ], [ -6.3702415, 53.3817043 ], [ -6.3694664, 53.3807859 ], [ -6.3692351, 53.3805402 ] ], [ [ -6.401991319511928, 53.386356320569725 ], [ -6.4014851, 53.3875601 ], [ -6.401324, 53.3879414 ], [ -6.4004732, 53.3900195 ], [ -6.4004372, 53.3901284 ], [ -6.4000158, 53.391102 ], [ -6.3997321, 53.3916363 ], [ -6.3993034, 53.392287 ], [ -6.3987002, 53.3930427 ], [ -6.3981952, 53.3935263 ], [ -6.398060877827684, 53.39363524741718 ], [ -6.3975539, 53.3934344 ], [ -6.3969552, 53.3932393 ], [ -6.3964152, 53.393148599999989 ], [ -6.3951179, 53.3931093 ], [ -6.3943554, 53.3931007 ], [ -6.3938371, 53.3931421 ], [ -6.393466716582371, 53.393327915564072 ], [ -6.3931514, 53.3935168 ], [ -6.3916059, 53.3943673 ], [ -6.3914288, 53.3944076 ] ], [ [ -6.3692351, 53.3805402 ], [ -6.3681426, 53.3798242 ], [ -6.3679407, 53.379701 ], [ -6.367269403335573, 53.379075946806033 ], [ -6.3667955, 53.3785477 ], [ -6.3667243, 53.3783114 ], [ -6.3665013, 53.3778905 ], [ -6.3662566, 53.3776001 ], [ -6.3651479, 53.376834 ], [ -6.3647686, 53.3765096 ], [ -6.3642189, 53.3759157 ], [ -6.363729, 53.37531340000001 ], [ -6.3636161, 53.3750882 ], [ -6.3634138, 53.37425360000001 ], [ -6.3631575, 53.3737691 ], [ -6.3629361, 53.3734711 ], [ -6.3626637, 53.3731164 ], [ -6.3625456, 53.3730416 ], [ -6.3618781, 53.3728185 ], [ -6.3610281, 53.3724613 ], [ -6.3603715, 53.3722045 ], [ -6.3598031, 53.3721036 ], [ -6.3592808, 53.3720275 ], [ -6.3585157, 53.3719158 ], [ -6.358167, 53.3718468 ], [ -6.3576582, 53.3717066 ], [ -6.3569898, 53.3714983 ], [ -6.3561679, 53.3713015 ], [ -6.3555607, 53.3712069 ], [ -6.3550918, 53.3711833 ], [ -6.3539482, 53.3711778 ], [ -6.3535342, 53.3711248 ], [ -6.352353, 53.3708336 ], [ -6.3487698, 53.3698043 ], [ -6.348454, 53.3697902 ], [ -6.3432822, 53.3704712 ], [ -6.3375966, 53.3712351 ], [ -6.3372237, 53.371337 ], [ -6.3368501, 53.3713726 ], [ -6.3362519, 53.3712036 ], [ -6.3338936, 53.3709028 ], [ -6.3336141, 53.3709289 ], [ -6.3333844, 53.3710337 ], [ -6.3326042, 53.371597 ], [ -6.3321497, 53.3718552 ], [ -6.3317389, 53.3719523 ], [ -6.3311985, 53.3718944 ], [ -6.3291824, 53.3712135 ], [ -6.3281362, 53.3708589 ], [ -6.3246009, 53.3697395 ], [ -6.3223942, 53.369014 ], [ -6.3219073, 53.36885 ], [ -6.3204162, 53.3683478 ], [ -6.3195089, 53.3680953 ], [ -6.3181143, 53.3677898 ], [ -6.316449, 53.3674189 ], [ -6.3147455, 53.3670247 ], [ -6.3143289, 53.3669184 ], [ -6.3137726, 53.3667502 ], [ -6.3134558, 53.3666405 ], [ -6.3104373, 53.3656316 ], [ -6.3082695, 53.3649203 ], [ -6.3039383, 53.3634886 ], [ -6.3040987, 53.3633726 ], [ -6.3056407, 53.3629468 ], [ -6.3065728, 53.3626839 ], [ -6.307932, 53.362329 ], [ -6.3089615, 53.3620676 ], [ -6.3094567, 53.3619231 ], [ -6.3098961, 53.3617651 ], [ -6.3096325, 53.3614315 ], [ -6.3095668, 53.3613272 ], [ -6.3093393, 53.361171 ], [ -6.3061826, 53.3593995 ], [ -6.3060779, 53.3593586 ], [ -6.30477, 53.3590303 ], [ -6.3041199, 53.3588433 ], [ -6.3032737, 53.358543799999985 ], [ -6.302078, 53.3582378 ], [ -6.3008626, 53.3579146 ], [ -6.298044, 53.3571152 ], [ -6.29638, 53.3565877 ], [ -6.2959222, 53.3564234 ], [ -6.2954494, 53.3562937 ], [ -6.2946502, 53.3562057 ], [ -6.2935444, 53.3560537 ], [ -6.2924127, 53.3557795 ], [ -6.2922715, 53.3558704 ], [ -6.291003, 53.3567329 ], [ -6.2907885, 53.3568484 ], [ -6.2905375, 53.3569245 ], [ -6.2899682, 53.3570298 ], [ -6.28914, 53.3571592 ], [ -6.2888115, 53.3572185 ], [ -6.2886278, 53.357106 ], [ -6.2879671, 53.3562047 ], [ -6.2876561, 53.355557499999982 ], [ -6.2874433, 53.3551905 ], [ -6.2872007, 53.3548889 ], [ -6.2868875, 53.354543 ], [ -6.285599, 53.3535591 ], [ -6.2852884, 53.3533129 ], [ -6.2848424, 53.3530223 ], [ -6.284565, 53.3528726 ], [ -6.2841676, 53.352590699999986 ], [ -6.283842, 53.3522818 ], [ -6.2834067, 53.351857699999989 ], [ -6.2829071, 53.3513193 ], [ -6.2827638, 53.351185 ], [ -6.2824459, 53.3509467 ], [ -6.2820318, 53.3506717 ], [ -6.2818632, 53.3504312 ], [ -6.2817224, 53.3500292 ], [ -6.2817434, 53.349731 ], [ -6.2818598, 53.3492189 ], [ -6.2819983, 53.348576 ], [ -6.2821607, 53.3479491 ], [ -6.2823414, 53.3473673 ], [ -6.282512, 53.3468793 ], [ -6.282512, 53.3468793 ], [ -6.281881, 53.3467915 ], [ -6.2803228, 53.3466344 ], [ -6.2790093, 53.3463833 ], [ -6.2782047, 53.3462246 ], [ -6.2774435, 53.3460737 ], [ -6.2765851, 53.3459106 ], [ -6.2759037, 53.3458309 ], [ -6.2758012, 53.3458195 ], [ -6.2756299, 53.3458083 ], [ -6.2754248, 53.3457924 ], [ -6.2746679, 53.345717 ], [ -6.2734021, 53.3456094 ], [ -6.2728533, 53.3455742 ], [ -6.2722095, 53.3455759 ], [ -6.271657, 53.3456123 ], [ -6.2711315, 53.3456621 ], [ -6.2707329, 53.3457175 ], [ -6.2698187, 53.3458366 ], [ -6.2690483, 53.3459463 ], [ -6.2680916, 53.3460682 ], [ -6.2678881, 53.3460812 ], [ -6.2678881, 53.3460812 ], [ -6.2678881, 53.3460812 ], [ -6.2668561, 53.3461542 ], [ -6.2657034, 53.3462557 ], [ -6.2657034, 53.3462557 ], [ -6.2651481, 53.3463085 ], [ -6.2643329, 53.3463946 ], [ -6.2632694, 53.3466111 ], [ -6.2610363, 53.3471379 ], [ -6.260058584901054, 53.347353911534185 ], [ -6.2595524, 53.3474831 ], [ -6.259268284901054, 53.347556311534184 ], [ -6.2589759, 53.3476208 ], [ -6.2583905, 53.3477594 ], [ -6.2576656, 53.3479096 ], [ -6.2576104, 53.3479201 ], [ -6.2573954, 53.3479581 ], [ -6.2572992, 53.3478488 ], [ -6.2572254, 53.3474289 ], [ -6.2572232, 53.3473354 ], [ -6.2573289, 53.3473126 ], [ -6.2573289, 53.3473126 ], [ -6.2579048, 53.3472074 ], [ -6.2586329, 53.3470459 ], [ -6.258907943161416, 53.346983220797789 ], [ -6.258907943161416, 53.346983220797789 ], [ -6.2590596, 53.3469452 ], [ -6.2590596, 53.346945199999979 ], [ -6.2607335, 53.3465574 ], [ -6.2618852, 53.3462881 ], [ -6.2625499, 53.3461483 ], [ -6.2629556, 53.3460563 ], [ -6.2634759, 53.3459631 ], [ -6.2650575, 53.3457101 ], [ -6.2674313, 53.3453625 ], [ -6.2676306, 53.3453413 ], [ -6.2676306, 53.3453413 ], [ -6.2676306, 53.3453413 ], [ -6.2699886, 53.3451298 ], [ -6.2718891, 53.3449906 ], [ -6.2720865, 53.3449816 ], [ -6.2722029, 53.3449819 ], [ -6.2741824, 53.3451285 ], [ -6.2753843, 53.3452175 ], [ -6.2758661, 53.3452765 ], [ -6.2779056, 53.34567 ], [ -6.278771, 53.3458231 ], [ -6.2805081, 53.3461846 ], [ -6.2817874, 53.3463214 ], [ -6.2826595, 53.3464033 ], [ -6.282512, 53.3468793 ] ], [ [ -6.2924127, 53.3557795 ], [ -6.2901321, 53.3547647 ], [ -6.2882493, 53.3538738 ], [ -6.2870841, 53.3535068 ], [ -6.2863807, 53.3533376 ], [ -6.2857608, 53.353243599999985 ], [ -6.2852884, 53.3533129 ] ], [ [ -6.2572232, 53.3473354 ], [ -6.2570619, 53.347364300000017 ], [ -6.2563669, 53.3474614 ], [ -6.2559632, 53.3474902 ], [ -6.2549998, 53.3474793 ], [ -6.2551226, 53.3468087 ], [ -6.2551509, 53.3462544 ], [ -6.255132716664101, 53.34590492603693 ], [ -6.2559067, 53.3459162 ], [ -6.2565237, 53.34592 ], [ -6.2568486, 53.3459901 ], [ -6.2569141, 53.3460032 ], [ -6.2569925, 53.346079899999985 ], [ -6.2571511, 53.3467824 ], [ -6.2571928, 53.3469888 ], [ -6.2572232, 53.3473354 ] ], [ [ -6.255132716664101, 53.34590492603693 ], [ -6.255136, 53.3454589 ], [ -6.2551367, 53.3453557 ], [ -6.2551049, 53.3452665 ], [ -6.2550211, 53.3452183 ], [ -6.2523006, 53.3447038 ], [ -6.2492761, 53.3441081 ] ], [ [ -6.255132716664101, 53.34590492603693 ], [ -6.2541, 53.3458762 ], [ -6.2521162, 53.3457851 ], [ -6.2512287, 53.3457338 ], [ -6.2504081, 53.3456547 ], [ -6.2497815, 53.3455984 ], [ -6.2489989, 53.3455391 ], [ -6.2487202, 53.3455056 ], [ -6.248443, 53.3454463 ], [ -6.248445264932029, 53.345442475699329 ], [ -6.2488433, 53.3447704 ], [ -6.2491509, 53.3442872 ], [ -6.2492096, 53.3441883 ], [ -6.2492478625, 53.344142154849628 ], [ -6.2492761, 53.3441081 ], [ -6.2496969, 53.3434657 ], [ -6.2504881, 53.342169 ], [ -6.2504881, 53.342169 ], [ -6.2504881, 53.342169 ] ], [ [ -6.2507508, 53.3411673 ], [ -6.250751114982915, 53.341167405617647 ], [ -6.2523678, 53.341709499999986 ], [ -6.2524377, 53.3417316 ], [ -6.252481, 53.3417535 ], [ -6.2525158, 53.341786 ], [ -6.2525319, 53.341817199999987 ], [ -6.2525396, 53.3418642 ], [ -6.2524668, 53.3418731 ], [ -6.2524006, 53.3418876 ], [ -6.2516883, 53.3421616 ], [ -6.2515606, 53.342183 ], [ -6.2514834, 53.3421772 ], [ -6.2507946, 53.342025 ], [ -6.2506881, 53.3420259 ], [ -6.2506385, 53.3420364 ], [ -6.2506126, 53.3420514 ], [ -6.2504881, 53.342169 ], [ -6.250524, 53.3420428 ], [ -6.2505109, 53.3420099 ], [ -6.2504831, 53.3419823 ], [ -6.2504023, 53.3419434 ], [ -6.2503406, 53.3419272 ], [ -6.2502796, 53.3418428 ], [ -6.2502661, 53.3418237 ], [ -6.250258, 53.3417829 ], [ -6.2502608, 53.3417366 ], [ -6.2507508, 53.3411673 ], [ -6.2504184, 53.3410509 ], [ -6.2491952, 53.3406068 ], [ -6.2478471, 53.3401336 ], [ -6.246355431746931, 53.339593559529348 ], [ -6.246355431746928, 53.339593559529348 ], [ -6.2463552, 53.3395938 ], [ -6.246355431746931, 53.339593559529348 ], [ -6.246997321617987, 53.338927506795891 ], [ -6.2470087, 53.3389157 ], [ -6.247707040259825, 53.338226553687498 ], [ -6.247707205110666, 53.338226391247076 ], [ -6.2477075, 53.3382261 ], [ -6.2490684, 53.3368645 ], [ -6.2489955, 53.3368372 ], [ -6.2488945, 53.3367862 ], [ -6.2482265, 53.3363609 ], [ -6.24767, 53.3359928 ], [ -6.2473962, 53.3358117 ], [ -6.246446805375367, 53.33508293110151 ], [ -6.2457911, 53.3345261 ], [ -6.2456702, 53.3343885 ], [ -6.2451835, 53.3340381 ], [ -6.2451835, 53.3340381 ] ], [ [ -6.2432726, 53.3331677 ], [ -6.243351, 53.3330761 ], [ -6.2437441, 53.3321743 ], [ -6.2441192, 53.3313149 ], [ -6.2460436, 53.3315995 ], [ -6.2461057, 53.3316205 ], [ -6.2460865, 53.3316725 ], [ -6.2460554, 53.3317571 ], [ -6.2460639, 53.331872 ], [ -6.2461347, 53.3319715 ], [ -6.2465487, 53.332483499999988 ], [ -6.2473001, 53.3334125 ], [ -6.2463972, 53.333690099999984 ], [ -6.2451835, 53.3340381 ], [ -6.2450331, 53.3339362 ], [ -6.2445181, 53.3336526 ], [ -6.2438635, 53.3333779 ], [ -6.2432726, 53.3331677 ] ] ] } },
{ "type": "Feature", "properties": { "id": null, "route no": "48" }, "geometry": { "type": "MultiLineString", "coordinates": [ [ [ -6.3047356, 53.3685819 ], [ -6.3042712, 53.36839 ], [ -6.3037506, 53.36816 ], [ -6.3031618, 53.3678562 ], [ -6.3027794, 53.3675804 ], [ -6.302639, 53.3674591 ], [ -6.3027715, 53.3673281 ], [ -6.3053146, 53.3664888 ], [ -6.3063089, 53.3661151 ], [ -6.3068503, 53.365853 ], [ -6.3071782, 53.3656416 ], [ -6.3080675, 53.3650758 ], [ -6.3082695, 53.36492029999998 ], [ -6.3104373, 53.3656316 ], [ -6.3134558, 53.3666405 ], [ -6.3137726, 53.3667502 ], [ -6.3143289, 53.366918399999989 ], [ -6.3147455, 53.3670247 ], [ -6.316449, 53.3674189 ], [ -6.3181143, 53.3677898 ], [ -6.3175446, 53.3686934 ], [ -6.3167997, 53.3699116 ], [ -6.316282, 53.3707489 ], [ -6.3154802, 53.3719143 ], [ -6.3146959, 53.3730182 ], [ -6.3145183, 53.373317299999982 ], [ -6.3145126, 53.3735641 ], [ -6.3140726, 53.3735949 ], [ -6.313284, 53.3736309 ], [ -6.312293, 53.3736465 ], [ -6.3117814, 53.3735745 ], [ -6.3115274, 53.373532599999983 ], [ -6.3112032, 53.3735101 ] ], [ [ -6.2833156, 53.36106239999998 ], [ -6.2861193, 53.3611563 ], [ -6.2908503, 53.3613326 ], [ -6.2933682, 53.3614243 ], [ -6.29341, 53.361794399999987 ], [ -6.2934237, 53.3618722 ], [ -6.2935289, 53.362066099999986 ], [ -6.2938465, 53.3625186 ], [ -6.2939293, 53.3626456 ], [ -6.294055, 53.3629202 ], [ -6.294141, 53.363361 ], [ -6.2941544, 53.3636203 ], [ -6.2941192, 53.3638648 ], [ -6.2939681, 53.364162 ], [ -6.2934028, 53.3652267 ], [ -6.2931469, 53.3656948 ], [ -6.2931148, 53.3657343 ], [ -6.2925094, 53.3661076 ], [ -6.2923427, 53.3662626 ], [ -6.2921012, 53.3665587 ], [ -6.2920173, 53.366678299999982 ], [ -6.2912364, 53.3679865 ], [ -6.2911044, 53.368214599999988 ], [ -6.2910309, 53.3684206 ], [ -6.2910818, 53.36871940000001 ], [ -6.2912711, 53.3690279 ], [ -6.2915034, 53.3692348 ], [ -6.291825, 53.369424 ], [ -6.2922264, 53.3695692 ], [ -6.2925916, 53.3696494 ], [ -6.2952632, 53.3701623 ], [ -6.2990924, 53.3708874 ], [ -6.3003128, 53.371142399999989 ], [ -6.3009956, 53.3712567 ], [ -6.3026101, 53.3712989 ], [ -6.3034721, 53.3713133 ], [ -6.3044982, 53.371326699999983 ], [ -6.3046084, 53.3713168 ], [ -6.3046841, 53.3712502 ], [ -6.3044511, 53.369958 ], [ -6.3043922, 53.3697425 ], [ -6.3042544, 53.369502499999989 ], [ -6.304095, 53.3693854 ], [ -6.3039212, 53.3693041 ], [ -6.3047356, 53.3685819 ] ], [ [ -6.2750917, 53.3607762 ], [ -6.27509325486005, 53.360776215619595 ], [ -6.2751154, 53.3607759 ] ], [ [ -6.261764146573036, 53.352448359940588 ], [ -6.261772346724568, 53.352444758367831 ], [ -6.2618697, 53.352402 ], [ -6.2623843, 53.3521451 ], [ -6.2626018, 53.3520632 ], [ -6.2628223, 53.3519464 ], [ -6.2629686, 53.3519186 ], [ -6.263054315064799, 53.351936839768896 ], [ -6.2632021, 53.3519989 ], [ -6.2654339, 53.3535061 ], [ -6.2660309, 53.3538987 ], [ -6.2669211, 53.3542147 ], [ -6.2671161, 53.3542889 ], [ -6.2675199, 53.3544425 ], [ -6.2678194, 53.3546192 ], [ -6.2678911, 53.3547262 ], [ -6.2679269, 53.354773099999989 ], [ -6.2685927, 53.3549746 ], [ -6.2684564, 53.3552123 ], [ -6.2683023, 53.3555222 ], [ -6.2680408, 53.3560712 ], [ -6.2679992, 53.356278 ], [ -6.2679724, 53.356487 ], [ -6.2679345, 53.3567651 ], [ -6.2680111, 53.3569619 ], [ -6.2687718, 53.3578255 ], [ -6.2697628, 53.3589295 ], [ -6.2697978, 53.358998899999989 ], [ -6.2698096, 53.3590806 ], [ -6.2697991, 53.359239 ], [ -6.2696594, 53.3601525 ], [ -6.2696463, 53.3603552 ], [ -6.2696571, 53.3604763 ], [ -6.2697061, 53.3605733 ], [ -6.2701651, 53.3606107 ], [ -6.2710851, 53.3606821 ], [ -6.2724919, 53.3607808 ], [ -6.2728236, 53.3607946 ], [ -6.2737893, 53.3607948 ], [ -6.27509325486005, 53.360776215619595 ], [ -6.2755297, 53.3607806 ], [ -6.2770216, 53.3608226 ], [ -6.2791306, 53.360909 ], [ -6.2826416, 53.3610344 ], [ -6.2833156, 53.3610624 ] ], [ [ -6.2617636, 53.3524486 ], [ -6.2616586, 53.3525405 ], [ -6.2615919, 53.3526327 ], [ -6.2615826, 53.3527336 ], [ -6.261599, 53.3527899 ], [ -6.2616725, 53.3528961 ], [ -6.261817454996131, 53.353077575738247 ], [ -6.263157412248907, 53.354207364623171 ], [ -6.2648216, 53.3556728 ], [ -6.2652507, 53.3560249 ], [ -6.2654079, 53.3560914 ], [ -6.2677742, 53.356721 ], [ -6.2679345, 53.3567651 ] ], [ [ -6.261817321941491, 53.353077463550918 ], [ -6.261817454996131, 53.353077575738247 ] ] ] } },
{ "type": "Feature", "properties": { "id": null, "route no": "X58" }, "geometry": { "type": "MultiLineString", "coordinates": [ [ [ -6.481026, 53.2768327 ], [ -6.4795945, 53.2776824 ], [ -6.4792489, 53.2778518 ], [ -6.4790031, 53.2779895 ], [ -6.4784899, 53.2782771 ], [ -6.4782161, 53.2784393 ], [ -6.4779627, 53.278653299999988 ], [ -6.477774, 53.2788662 ], [ -6.4776256, 53.279115599999983 ], [ -6.4775186, 53.2798582 ], [ -6.4775035, 53.2799787 ], [ -6.4774206, 53.2801688 ], [ -6.4770244, 53.2803973 ], [ -6.4754614, 53.2810266 ], [ -6.4754009, 53.2810991 ], [ -6.4753955, 53.2811445 ], [ -6.4737706, 53.2811721 ], [ -6.4713812, 53.2812476 ], [ -6.4701466, 53.2812902 ], [ -6.4689384, 53.2813527 ], [ -6.4680762, 53.2814497 ], [ -6.4666679, 53.2816497 ], [ -6.4660657, 53.281733 ], [ -6.4650598, 53.2819383 ], [ -6.4645665, 53.28207290000001 ], [ -6.4634369, 53.2825642 ], [ -6.4626577, 53.2829111 ], [ -6.4620676, 53.2831629 ], [ -6.4612765, 53.283460199999986 ], [ -6.4609994, 53.2835208 ], [ -6.4604157, 53.2835931 ], [ -6.4601356, 53.2835989 ], [ -6.4595433, 53.2835531 ], [ -6.4587877, 53.2834481 ], [ -6.4578325, 53.2834296 ], [ -6.4569726, 53.2834831 ], [ -6.4567677, 53.2835117 ], [ -6.4565059, 53.283553 ], [ -6.4561961, 53.2836314 ], [ -6.4559484, 53.2837413 ], [ -6.4557626, 53.2838564 ], [ -6.4555955, 53.2839969 ], [ -6.4554614, 53.2841664 ], [ -6.4553953, 53.2842662 ], [ -6.4552142, 53.2844128 ], [ -6.4550855, 53.2844562 ], [ -6.4548601, 53.284486499999986 ], [ -6.4546427, 53.2844758 ], [ -6.4545047, 53.2844385 ], [ -6.4542582, 53.28433110000001 ], [ -6.4539424, 53.2841116 ], [ -6.4537667, 53.2839456 ], [ -6.4529079, 53.2831749 ], [ -6.4523618, 53.2826569 ], [ -6.4521995, 53.2824149 ], [ -6.4518793, 53.2819518 ], [ -6.4515548, 53.2817962 ], [ -6.4511146, 53.2817966 ], [ -6.4501768, 53.2818555 ], [ -6.4493486, 53.2819028 ], [ -6.4490798, 53.281884 ], [ -6.4478673, 53.28167 ], [ -6.4469716, 53.2814751 ], [ -6.4461989, 53.281238899999984 ], [ -6.4455945, 53.281044399999985 ], [ -6.4454395, 53.2809677 ], [ -6.4453301, 53.280832599999989 ], [ -6.4452401, 53.2804819 ], [ -6.4452194, 53.2801952 ], [ -6.444311, 53.2804445 ], [ -6.4436774, 53.280635199999985 ], [ -6.4431278, 53.2808942 ], [ -6.4429079, 53.2810339 ], [ -6.4427406, 53.2811622 ], [ -6.4424914, 53.2814051 ], [ -6.4422107, 53.2817462 ], [ -6.4411186, 53.2831732 ], [ -6.4409178, 53.2834944 ], [ -6.4407085, 53.2839352 ], [ -6.4403817, 53.2848571 ], [ -6.4401409, 53.2862123 ], [ -6.4397563, 53.2871822 ], [ -6.4396768, 53.2876973 ], [ -6.4395675, 53.28848 ], [ -6.4391925, 53.2890341 ], [ -6.4383529, 53.2898293 ], [ -6.437909, 53.2904018 ], [ -6.4377915, 53.2903877 ], [ -6.4359296, 53.2906442 ], [ -6.4352128, 53.290736 ], [ -6.4337543, 53.290901 ], [ -6.4330155, 53.2910257 ], [ -6.4319788, 53.2911489 ], [ -6.4275417, 53.291404 ], [ -6.4272666, 53.2914114 ], [ -6.4272082, 53.2920919 ], [ -6.4272757, 53.2923011 ], [ -6.4274394, 53.29248410000001 ], [ -6.4276451, 53.292625 ], [ -6.4276451, 53.292625 ], [ -6.4276451, 53.292625 ] ], [ [ -6.4276451, 53.292625 ], [ -6.4277992, 53.2927977 ], [ -6.4277924, 53.292854 ], [ -6.4276047, 53.2930326 ], [ -6.4273607, 53.2931491 ], [ -6.4264787, 53.2933199 ], [ -6.425787, 53.2933839 ], [ -6.4251926, 53.2933875 ], [ -6.4246009, 53.2933723 ], [ -6.4228536, 53.29332 ], [ -6.4217716, 53.293527 ], [ -6.420364, 53.2940218 ], [ -6.4181085, 53.2952409 ], [ -6.417894, 53.2954505 ], [ -6.4181303, 53.2957594 ], [ -6.418924, 53.2962539 ], [ -6.4195158, 53.2969805 ], [ -6.4197454, 53.2972762 ], [ -6.4199736, 53.2974339 ], [ -6.4202783, 53.2976017 ], [ -6.4198682, 53.2980149 ], [ -6.4195171, 53.2984219 ], [ -6.4192564, 53.2988203 ], [ -6.4190355, 53.2992333 ], [ -6.4188436, 53.2997843 ], [ -6.4186616, 53.3004962 ], [ -6.4184947, 53.3008131 ], [ -6.4181582, 53.3010609 ], [ -6.4177717, 53.3012033 ], [ -6.4172353, 53.3012751 ], [ -6.4166267, 53.3012744 ], [ -6.416194, 53.3015363 ], [ -6.4163225, 53.301724 ], [ -6.4173499, 53.3022605 ], [ -6.418108119140983, 53.302628961318113 ], [ -6.4192038, 53.3019161 ], [ -6.422261, 53.3000359 ], [ -6.4244048, 53.2980109 ], [ -6.4277612, 53.2946278 ], [ -6.4286509, 53.2939112 ], [ -6.4298497, 53.2930328 ], [ -6.4297002, 53.292547 ], [ -6.4290591, 53.2924021 ], [ -6.428706, 53.2924727 ], [ -6.4283019, 53.2927085 ], [ -6.4276451, 53.292625 ] ], [ [ -6.418108119140983, 53.302628961318113 ], [ -6.4133048, 53.3043987 ], [ -6.408627, 53.3061591 ], [ -6.406426788519227, 53.307184069503371 ], [ -6.4049708, 53.308003 ], [ -6.4020689, 53.3098774 ], [ -6.4005342, 53.3108125 ], [ -6.3994413, 53.3113125 ], [ -6.3978484, 53.3118492 ], [ -6.3961471, 53.3122472 ], [ -6.393187063723596, 53.312602313694995 ], [ -6.3915527, 53.3128063 ], [ -6.390493189689415, 53.312994762074894 ], [ -6.3894459, 53.3132076 ], [ -6.3871019, 53.3138067 ], [ -6.3816733, 53.3152006 ], [ -6.3763627, 53.3164806 ], [ -6.3711383, 53.317735 ] ] ] } },
{ "type": "Feature", "properties": { "id": null, "route no": "X55" }, "geometry": { "type": "MultiLineString", "coordinates": [ [ [ -6.4220925, 53.3205638 ], [ -6.421862, 53.3201567 ], [ -6.4214413, 53.3193093 ], [ -6.4212602, 53.3189302 ], [ -6.4209601, 53.3189125 ], [ -6.4205933, 53.3189106 ], [ -6.4203047, 53.318934 ], [ -6.4196377, 53.3190393 ], [ -6.4189749, 53.3191354 ], [ -6.4184436, 53.3191373 ], [ -6.418163, 53.319104599999982 ], [ -6.4178483, 53.3190764 ], [ -6.4175569, 53.3190814 ], [ -6.4172131, 53.319107 ], [ -6.4162986, 53.3192863 ], [ -6.4156766, 53.3194283 ], [ -6.4133758, 53.3202269 ], [ -6.4131097, 53.3203146 ], [ -6.4117056, 53.3207474 ], [ -6.4110256, 53.320916899999986 ], [ -6.4095914, 53.3212011 ], [ -6.4089777, 53.3213418 ], [ -6.4079845, 53.3216134 ], [ -6.4072581, 53.3217706 ], [ -6.4063175, 53.3219455 ], [ -6.406227978490603, 53.322102064502758 ], [ -6.4061774, 53.3228922 ] ], [ [ -6.4065801, 53.323031 ], [ -6.4062486, 53.323212 ], [ -6.4050958, 53.3244012 ], [ -6.4050186, 53.324714899999989 ], [ -6.4049835, 53.3249963 ], [ -6.405058, 53.325531 ], [ -6.4051559, 53.3257466 ], [ -6.4053194, 53.326063 ], [ -6.4055433, 53.3265025 ], [ -6.4036829, 53.3268934 ] ], [ [ -6.4050958, 53.3244012 ], [ -6.4062486, 53.323212 ], [ -6.4065801, 53.323031 ], [ -6.407346, 53.323053 ], [ -6.4081422, 53.3228438 ], [ -6.4092873, 53.3224607 ], [ -6.4098145, 53.3230092 ], [ -6.4100071, 53.3231595 ], [ -6.4108954, 53.323619599999986 ], [ -6.4115035, 53.3239574 ], [ -6.4120932, 53.3244426 ], [ -6.4122707, 53.3246804 ], [ -6.4124205, 53.3249634 ], [ -6.4124858, 53.3251712 ], [ -6.4125104, 53.3256884 ], [ -6.4124208, 53.3260618 ], [ -6.4120795, 53.3266984 ], [ -6.4113245, 53.3280171 ], [ -6.4111012, 53.3283744 ], [ -6.4111329, 53.328459 ], [ -6.4112715, 53.3285021 ], [ -6.4118532, 53.3285516 ], [ -6.4129125, 53.3285825 ], [ -6.4156063, 53.3285176 ], [ -6.4178423, 53.3288729 ], [ -6.4202863, 53.3293029 ], [ -6.42192, 53.3295567 ], [ -6.4225722, 53.3295968 ], [ -6.4232201, 53.3296024 ], [ -6.4236716, 53.3294888 ], [ -6.4238221, 53.3293637 ], [ -6.4260758, 53.3249461 ], [ -6.4261771, 53.3243724 ], [ -6.4260127, 53.3239762 ], [ -6.4256133, 53.3235817 ], [ -6.424439, 53.3230386 ], [ -6.4234594, 53.3225093 ], [ -6.4229796, 53.3220489 ], [ -6.4220925, 53.3205638 ] ], [ [ -6.406227978490603, 53.322102064502758 ], [ -6.4062626, 53.321561199999977 ], [ -6.4062355, 53.321228 ], [ -6.4057163, 53.3197838 ], [ -6.4053224, 53.319261 ], [ -6.4047745, 53.318775 ], [ -6.4045717, 53.3186348 ], [ -6.4042633, 53.318451499999988 ], [ -6.4034587, 53.3180605 ], [ -6.4026897, 53.3177992 ], [ -6.4020884, 53.3176509 ], [ -6.3983556, 53.3169681 ], [ -6.3980860145873, 53.316903530754743 ], [ -6.3969286, 53.3164684 ], [ -6.396246118665313, 53.316065674531352 ], [ -6.3946082, 53.3151882 ], [ -6.3906512, 53.3131119 ], [ -6.390493189689415, 53.312994762074894 ], [ -6.3894459, 53.3132076 ], [ -6.3882615, 53.313496 ], [ -6.3871019, 53.3138067 ], [ -6.3816733, 53.3152006 ], [ -6.3763627, 53.3164806 ], [ -6.3711383, 53.317735 ] ] ] } },
{ "type": "Feature", "properties": { "id": null, "route no": "72" }, "geometry": { "type": "MultiLineString", "coordinates": [ [ [ -6.323848, 53.3298765 ], [ -6.3237746, 53.3298222 ], [ -6.3236641, 53.3297993 ], [ -6.3235863, 53.3298055 ], [ -6.3234895, 53.3298446 ], [ -6.3218651, 53.3290351 ], [ -6.3204423, 53.3283269 ], [ -6.3188255, 53.3275098 ], [ -6.3173271, 53.3267447 ], [ -6.3159249, 53.3260104 ], [ -6.3169168, 53.3254782 ], [ -6.317412, 53.3252143 ], [ -6.3178524, 53.3250841 ], [ -6.3185597, 53.324957 ], [ -6.3198189, 53.3248861 ], [ -6.3210354, 53.3248343 ], [ -6.3220151, 53.3263154 ], [ -6.3227256, 53.3273644 ], [ -6.3233619, 53.328402599999983 ], [ -6.3242439, 53.3297811 ], [ -6.323848, 53.3298765 ], [ -6.3238632, 53.329910299999987 ], [ -6.3238624, 53.3299452 ], [ -6.3238456, 53.3299787 ], [ -6.3238141, 53.3300082 ], [ -6.3237376, 53.3300421 ], [ -6.3236441, 53.3300526 ], [ -6.3235522, 53.3300377 ], [ -6.3234805, 53.3300003 ], [ -6.3234569, 53.3299754 ], [ -6.3234454, 53.329954 ], [ -6.3234404, 53.3299318 ], [ -6.3234481, 53.329891599999989 ], [ -6.3234646, 53.3298668 ], [ -6.3234895, 53.3298446 ] ], [ [ -6.3238141, 53.3300082 ], [ -6.3242172, 53.3302123 ], [ -6.3228185, 53.331164 ], [ -6.3215434, 53.3320368 ], [ -6.3210356, 53.332395 ], [ -6.3207371, 53.332699 ], [ -6.3206277, 53.3328353 ], [ -6.3201193, 53.3335187 ], [ -6.3198437, 53.3338539 ], [ -6.3195398, 53.3341587 ], [ -6.3190531, 53.3344359 ], [ -6.3184576, 53.3346235 ], [ -6.3172468, 53.3347939 ], [ -6.3151521, 53.3350175 ], [ -6.3149079, 53.3350605 ], [ -6.3128724, 53.3352714 ], [ -6.3121634, 53.3353708 ], [ -6.3118509, 53.3354013 ], [ -6.3113079, 53.3354101 ], [ -6.310954, 53.3353785 ], [ -6.3102363, 53.3352871 ], [ -6.3094569, 53.335102 ], [ -6.3086214, 53.3347874 ], [ -6.3079701, 53.3345847 ], [ -6.3071918, 53.3345134 ], [ -6.3057257, 53.3344765 ], [ -6.3057442, 53.3340662 ], [ -6.3057815, 53.3335247 ], [ -6.3057822, 53.3330421 ], [ -6.3058434, 53.3322062 ], [ -6.3048473, 53.3322271 ], [ -6.3042075, 53.3322037 ], [ -6.3035358, 53.3321212 ], [ -6.3026704, 53.3319788 ], [ -6.2994074, 53.331372 ], [ -6.2979054, 53.3311765 ], [ -6.2978027, 53.331511899999988 ], [ -6.2977879, 53.3317128 ], [ -6.2978279, 53.3321034 ], [ -6.2979198, 53.332445699999987 ], [ -6.2981752, 53.3328339 ], [ -6.2983665, 53.333132 ], [ -6.2985169, 53.3334152 ], [ -6.298585, 53.333695 ], [ -6.2985659, 53.3338303 ], [ -6.2985298, 53.334152 ], [ -6.2985079, 53.3343688 ], [ -6.298673, 53.3347492 ], [ -6.2989085, 53.3353371 ], [ -6.2990564, 53.3359229 ], [ -6.2991006, 53.3361028 ], [ -6.2990324, 53.33629160000001 ], [ -6.2988111, 53.336359599999987 ] ], [ [ -6.2988171, 53.3363473 ], [ -6.2981652, 53.336103799999989 ], [ -6.2968327, 53.3357944 ], [ -6.2954401, 53.3354627 ], [ -6.294084, 53.335138799999989 ], [ -6.293529, 53.3349909 ], [ -6.2934022, 53.334929 ], [ -6.2928604, 53.3345625 ], [ -6.2917756, 53.3337758 ], [ -6.2913015, 53.3334636 ], [ -6.2910184, 53.3332641 ], [ -6.2904496, 53.3329834 ], [ -6.2893022, 53.33246350000001 ], [ -6.2891796, 53.3324177 ], [ -6.2891112, 53.332413 ], [ -6.2888274, 53.3323773 ], [ -6.2881137, 53.3323771 ], [ -6.2875278, 53.3323784 ], [ -6.2872396, 53.3323543 ], [ -6.2869247, 53.332280199999985 ], [ -6.2864121, 53.3321533 ], [ -6.2836477, 53.3315146 ], [ -6.2815935, 53.3311409 ], [ -6.2811288, 53.3310709 ], [ -6.2809981, 53.331064 ], [ -6.2807355, 53.3310857 ], [ -6.2795834, 53.3313735 ], [ -6.278747, 53.3315954 ], [ -6.2778384, 53.3317808 ], [ -6.276247, 53.3321086 ], [ -6.2757368, 53.3322166 ], [ -6.2755812, 53.332234 ], [ -6.2754474, 53.3322425 ], [ -6.2752072, 53.3322379 ], [ -6.2735176, 53.3321888 ], [ -6.2727381, 53.3321693 ], [ -6.2725171, 53.332176899999986 ], [ -6.2723687, 53.332189 ], [ -6.2715474, 53.3323128 ], [ -6.2713642, 53.3323192 ], [ -6.2683155, 53.332465 ], [ -6.266928, 53.3325285 ], [ -6.2648597, 53.3325969 ], [ -6.2650526, 53.3334719 ], [ -6.2651742, 53.333871 ], [ -6.2652722, 53.3340684 ], [ -6.2652779, 53.3341412 ], [ -6.2652546, 53.3347258 ], [ -6.265207, 53.3356182 ], [ -6.2653438, 53.3361296 ], [ -6.2654553, 53.336446 ], [ -6.265790892332652, 53.337618173737468 ], [ -6.2657909, 53.3376182 ], [ -6.2660887, 53.3383958 ], [ -6.2661097, 53.3384454 ], [ -6.2661082, 53.3385366 ], [ -6.2659588, 53.3391577 ], [ -6.2658639, 53.3395894 ], [ -6.2656081, 53.3406939 ], [ -6.2654321, 53.3413598 ], [ -6.2653904, 53.3414822 ], [ -6.2653163, 53.3415661 ], [ -6.2651333, 53.3417124 ], [ -6.2647743, 53.3420481 ], [ -6.264678, 53.3421572 ], [ -6.2646287, 53.3422258 ], [ -6.2645185, 53.3424536 ], [ -6.2644655, 53.3426122 ], [ -6.2644369, 53.3427788 ], [ -6.2644034, 53.3430052 ], [ -6.2644007, 53.3430989 ], [ -6.2644526, 53.3438435 ], [ -6.2644509, 53.3441775 ], [ -6.2648459, 53.3441726 ], [ -6.2658996, 53.3441785 ], [ -6.2662859, 53.3441788 ], [ -6.2665451, 53.3441717 ], [ -6.2668041, 53.344155 ], [ -6.2672337, 53.3441129 ], [ -6.2676492, 53.3440647 ], [ -6.2678446, 53.3440409 ], [ -6.2686141, 53.3438813 ], [ -6.2697876, 53.34366510000001 ], [ -6.2699738, 53.3436179 ], [ -6.2700343, 53.343591399999987 ], [ -6.2700666, 53.343567299999989 ], [ -6.2701456, 53.3434258 ], [ -6.2702637, 53.343259199999984 ], [ -6.2703649, 53.3432018 ], [ -6.2704309, 53.3431669 ], [ -6.2705743, 53.3431117 ], [ -6.2707474, 53.3430738 ], [ -6.2710144, 53.3430421 ], [ -6.2715144, 53.3429834 ], [ -6.2717973, 53.3429543 ], [ -6.271811663138553, 53.344195244699513 ], [ -6.272079604546092, 53.344829387793737 ], [ -6.2720865, 53.3449816 ], [ -6.2721569, 53.345431 ], [ -6.2721661, 53.345492 ], [ -6.2722095, 53.3455759 ], [ -6.271657, 53.3456123 ], [ -6.2711315, 53.3456621 ], [ -6.2707329, 53.3457175 ], [ -6.2698187, 53.3458366 ], [ -6.2690483, 53.3459463 ], [ -6.2680916, 53.3460682 ], [ -6.2678881, 53.3460812 ], [ -6.2678881, 53.3460812 ], [ -6.2678881, 53.346081199999986 ], [ -6.2668561, 53.3461542 ], [ -6.2657034, 53.3462557 ], [ -6.2657034, 53.346255699999986 ], [ -6.2651481, 53.3463085 ], [ -6.2643329, 53.346394599999989 ], [ -6.2632694, 53.3466111 ], [ -6.2610363, 53.3471379 ], [ -6.260058584901054, 53.347353911534192 ], [ -6.259268284901054, 53.347556311534184 ], [ -6.2589759, 53.3476208 ], [ -6.2576656, 53.3479096 ], [ -6.2573954, 53.347958099999985 ], [ -6.2557574, 53.3482121 ], [ -6.254944819013811, 53.348279731708558 ], [ -6.254944700141579, 53.348279741602383 ], [ -6.254944750987478, 53.348279695758883 ] ], [ [ -6.2549447, 53.348279700000113 ], [ -6.254944668967894, 53.348279702476823 ], [ -6.254944697845595, 53.34827970017195 ], [ -6.2549447, 53.348279700000113 ], [ -6.2547718, 53.3482935 ], [ -6.2541802, 53.34829040000001 ], [ -6.2517847, 53.3483088 ], [ -6.251544789676332, 53.348302794823454 ], [ -6.2517484, 53.3476298 ], [ -6.2518394, 53.3474856 ], [ -6.2518627, 53.3474638 ], [ -6.2519482, 53.3474143 ], [ -6.252021, 53.3473996 ], [ -6.2523711, 53.3474042 ], [ -6.2535517, 53.3474423 ], [ -6.2546525, 53.3474788 ], [ -6.2549998, 53.3474793 ], [ -6.2559632, 53.3474902 ], [ -6.2563669, 53.3474614 ], [ -6.2570619, 53.347364300000017 ], [ -6.2572232, 53.3473354 ], [ -6.2573289, 53.3473126 ], [ -6.2579048, 53.3472074 ], [ -6.2586329, 53.3470459 ], [ -6.258907943161416, 53.346983220797789 ], [ -6.2590596, 53.346945199999979 ], [ -6.2607335, 53.346557399999988 ], [ -6.2618852, 53.3462881 ], [ -6.2625499, 53.3461483 ], [ -6.2629556, 53.3460563 ], [ -6.2634759, 53.3459631 ], [ -6.2650575, 53.3457101 ], [ -6.2674313, 53.3453625 ], [ -6.2676306, 53.3453413 ], [ -6.2699886, 53.3451298 ], [ -6.2718891, 53.3449906 ], [ -6.2720865, 53.3449816 ] ], [ [ -6.251544789676332, 53.348302794823454 ], [ -6.2514068, 53.348293899999987 ], [ -6.2512373, 53.3482866 ], [ -6.2478886, 53.3480617 ], [ -6.2437256, 53.347792 ], [ -6.2411872, 53.3476215 ], [ -6.2409435, 53.3476047 ], [ -6.2398577, 53.3475389 ], [ -6.2380284, 53.3474186 ], [ -6.2355385, 53.3472502 ], [ -6.2335541, 53.3471091 ], [ -6.2302482, 53.3468678 ], [ -6.2285237, 53.3467443 ], [ -6.2278574, 53.346791099999983 ], [ -6.2275659, 53.3468825 ], [ -6.2273893, 53.3470128 ], [ -6.2271916, 53.3473034 ], [ -6.2270605, 53.3481808 ], [ -6.2269657, 53.3488113 ], [ -6.22702, 53.3496912 ], [ -6.2264365, 53.3506425 ], [ -6.2258878, 53.3513862 ], [ -6.2252569, 53.3522416 ], [ -6.2249473, 53.3525043 ], [ -6.2253469, 53.3527258 ], [ -6.2269597, 53.353685 ], [ -6.2292111, 53.354984399999985 ], [ -6.2305895, 53.3538713 ], [ -6.2316019, 53.3530391 ], [ -6.232209751107975, 53.352541788715314 ], [ -6.2333072, 53.3516439 ], [ -6.2350226, 53.3502136 ], [ -6.2352851, 53.3487024 ], [ -6.2355385, 53.3472502 ] ], [ [ -6.254732294495208, 53.34919608032191 ], [ -6.254732294495079, 53.349196080322123 ], [ -6.2547325, 53.3491959 ], [ -6.254732294495208, 53.34919608032191 ] ] ] } },
{ "type": "Feature", "properties": { "id": null, "route no": "57" }, "geometry": { "type": "MultiLineString", "coordinates": [ [ [ -6.4700296, 53.2970509 ], [ -6.4702536, 53.2968425 ], [ -6.470517, 53.296523 ], [ -6.4709363, 53.2957841 ], [ -6.4710435, 53.2953957 ], [ -6.4711142, 53.29493080000001 ], [ -6.47135, 53.2942193 ], [ -6.4715622, 53.2938512 ], [ -6.4723676, 53.2928792 ], [ -6.4729258, 53.2926582 ], [ -6.4738187, 53.2926469 ], [ -6.4756936, 53.2932968 ], [ -6.4765712, 53.293493499999983 ], [ -6.4776718, 53.293632599999988 ], [ -6.4791139, 53.2936451 ], [ -6.4799392, 53.2937322 ], [ -6.480931, 53.2938887 ], [ -6.482273152730595, 53.294134163469913 ], [ -6.4829936, 53.2942322 ], [ -6.4858124, 53.2944523 ], [ -6.4868834, 53.2945491 ], [ -6.4872094, 53.294596 ], [ -6.4878249, 53.2947369 ], [ -6.4910424, 53.2955676 ], [ -6.491776, 53.295787 ], [ -6.4929111, 53.296551299999983 ], [ -6.4933102, 53.2968945 ], [ -6.4937351, 53.2978911 ], [ -6.4940244, 53.2983496 ], [ -6.4946161, 53.2987534 ], [ -6.4959093, 53.2993155 ], [ -6.4965257, 53.2995232 ], [ -6.4971307, 53.2996566 ], [ -6.4975742, 53.2996933 ], [ -6.5012617, 53.2998366 ], [ -6.5010825, 53.3012671 ], [ -6.5008244, 53.3019119 ], [ -6.4992552, 53.3042951 ], [ -6.4976745, 53.3061582 ], [ -6.4963403, 53.3075196 ], [ -6.4938585, 53.3097215 ], [ -6.4934424, 53.309949 ], [ -6.4916759, 53.3107519 ], [ -6.490066, 53.3117681 ], [ -6.4887513, 53.312898 ], [ -6.4867886, 53.3142656 ], [ -6.4858813, 53.3146824 ], [ -6.4850658, 53.3149724 ], [ -6.4841495, 53.3151796 ], [ -6.4817383, 53.3153061 ], [ -6.4812219, 53.3153976 ], [ -6.4802127, 53.3158255 ], [ -6.4795175, 53.3160993 ], [ -6.4790293, 53.3161935 ], [ -6.4781469, 53.3162058 ], [ -6.4769612, 53.3161912 ], [ -6.4766798, 53.3162113 ], [ -6.4764046, 53.3162695 ], [ -6.4751387, 53.3167262 ], [ -6.4740599, 53.3173117 ], [ -6.473873, 53.3173758 ], [ -6.473446, 53.3174593 ], [ -6.472315, 53.3175393 ], [ -6.4706215, 53.3175645 ], [ -6.4692448, 53.3176589 ], [ -6.4685275, 53.3178033 ], [ -6.4673244, 53.3182436 ], [ -6.4665221, 53.318484 ], [ -6.4641663, 53.3188596 ], [ -6.4635428, 53.3189416 ], [ -6.4629868, 53.3190828 ], [ -6.4622891, 53.3193963 ], [ -6.4609164, 53.3199044 ], [ -6.4606829, 53.3197674 ], [ -6.459063364192278, 53.319347682140922 ], [ -6.4573912, 53.3189916 ], [ -6.4567492, 53.3188936 ], [ -6.4562664, 53.3188728 ], [ -6.4556119, 53.3190006 ], [ -6.4553779, 53.3190972 ], [ -6.454696, 53.3196206 ], [ -6.4543463, 53.319796 ], [ -6.4529978, 53.3201131 ], [ -6.4517726, 53.320043 ], [ -6.4512075, 53.3199599 ], [ -6.4504487, 53.3197476 ], [ -6.4496144, 53.3193754 ], [ -6.448653, 53.3189997 ], [ -6.4473256, 53.3187004 ], [ -6.4466859, 53.3186317 ], [ -6.4445554, 53.3185338 ], [ -6.4427855, 53.318322 ], [ -6.4412115, 53.3180815 ], [ -6.4401822, 53.3179719 ], [ -6.4394111, 53.3179536 ], [ -6.4383893, 53.3179951 ], [ -6.435278325131617, 53.318284624901764 ], [ -6.433630314950146, 53.318418814528798 ], [ -6.4322746, 53.3185922 ], [ -6.4311575, 53.3188783 ], [ -6.429585, 53.3194071 ], [ -6.4283932, 53.3197526 ], [ -6.4272958, 53.3199575 ], [ -6.4220925, 53.3205638 ], [ -6.4189803, 53.32089239999997 ], [ -6.4138709, 53.3214576 ], [ -6.4128537, 53.3216075 ], [ -6.4107553, 53.3220333 ], [ -6.4092873, 53.3224607 ], [ -6.407346, 53.323053 ], [ -6.4065801, 53.323031 ], [ -6.4062486, 53.323212 ], [ -6.4050958, 53.3244012 ], [ -6.40407, 53.324589 ], [ -6.4036557, 53.3247236 ], [ -6.39955, 53.326628099999986 ], [ -6.3983712, 53.3270717 ], [ -6.3975292, 53.327353 ], [ -6.3963355, 53.3276742 ], [ -6.3956204, 53.327859399999987 ], [ -6.3955434, 53.327768 ], [ -6.395423, 53.3275862 ], [ -6.3952751, 53.32735 ], [ -6.3951544, 53.327109 ], [ -6.3951031, 53.3269627 ], [ -6.3950666, 53.3268235 ], [ -6.3950489, 53.3266975 ], [ -6.3950429, 53.3265094 ], [ -6.3950826, 53.3262132 ], [ -6.3951933, 53.3256481 ], [ -6.3953655, 53.3247967 ], [ -6.3955091, 53.3240201 ], [ -6.3955306, 53.3237217 ], [ -6.3955205, 53.3234857 ], [ -6.3953676, 53.3233479 ], [ -6.3951458, 53.323285 ], [ -6.3944231, 53.3232935 ], [ -6.3940645, 53.323239 ], [ -6.3937091, 53.3231161 ], [ -6.3935047, 53.3229732 ], [ -6.3933655, 53.3227549 ], [ -6.3930943, 53.3221725 ], [ -6.393007, 53.321984799999989 ], [ -6.3929948, 53.321880299999975 ], [ -6.3930389, 53.321759299999989 ], [ -6.39318, 53.3215321 ], [ -6.3931965, 53.3214055 ], [ -6.3930265, 53.321240499999988 ], [ -6.3930129, 53.321178 ], [ -6.3930361, 53.3211189 ], [ -6.3942755, 53.3205818 ], [ -6.3945061, 53.3205001 ], [ -6.3947649, 53.3204942 ], [ -6.3950231, 53.3208303 ], [ -6.395186, 53.321166 ], [ -6.3952262, 53.3215291 ], [ -6.395263073255193, 53.322010267631967 ], [ -6.3954006, 53.3227714 ], [ -6.3954643, 53.3230993 ], [ -6.3955177, 53.3233159 ], [ -6.3955205, 53.3234857 ] ], [ [ -6.4220925, 53.3205638 ], [ -6.421862, 53.3201567 ], [ -6.4214413, 53.3193093 ], [ -6.4212602, 53.3189302 ], [ -6.4209601, 53.3189125 ], [ -6.4205933, 53.3189106 ], [ -6.4203047, 53.318934 ], [ -6.4196377, 53.3190393 ], [ -6.4189749, 53.3191354 ], [ -6.4184436, 53.3191373 ], [ -6.418163, 53.319104599999982 ], [ -6.4178483, 53.3190764 ], [ -6.4175569, 53.3190814 ], [ -6.4172131, 53.319107 ], [ -6.4162986, 53.3192863 ], [ -6.4156766, 53.3194283 ], [ -6.4133758, 53.3202269 ], [ -6.4131097, 53.3203146 ], [ -6.4117056, 53.3207474 ], [ -6.4110256, 53.320916899999986 ], [ -6.4095914, 53.3212011 ], [ -6.4089777, 53.3213418 ], [ -6.4079845, 53.3216134 ], [ -6.4072581, 53.3217706 ], [ -6.4063175, 53.3219455 ], [ -6.406227978490603, 53.322102064502758 ], [ -6.4061774, 53.3228922 ], [ -6.4062486, 53.323212 ] ], [ [ -6.3930129, 53.321178 ], [ -6.3927393, 53.3212018 ], [ -6.3923643, 53.3212557 ], [ -6.3920221, 53.321274 ], [ -6.3917818, 53.3212571 ], [ -6.3914538, 53.3212036 ], [ -6.3903255, 53.3209918 ], [ -6.3887832, 53.3206423 ], [ -6.3878782, 53.3204454 ], [ -6.3870747, 53.3202764 ], [ -6.3862353, 53.3201262 ], [ -6.3834807, 53.3197141 ], [ -6.3814702, 53.319469 ], [ -6.3800411, 53.3192486 ], [ -6.3796279, 53.3192483 ], [ -6.3791341, 53.3192913 ], [ -6.3788218, 53.3192029 ], [ -6.378723, 53.3191255 ], [ -6.37848, 53.3189808 ], [ -6.3782203, 53.3188481 ], [ -6.3780691, 53.318789299999985 ], [ -6.3779028, 53.3187245 ], [ -6.3772206, 53.3185602 ], [ -6.3766867, 53.3184446 ], [ -6.376061, 53.3183454 ], [ -6.3752928, 53.3181696 ], [ -6.3750915, 53.3181304 ], [ -6.3745947, 53.3180737 ], [ -6.3743952, 53.3179199 ], [ -6.3742569, 53.3176471 ], [ -6.373718997312271, 53.31691245669429 ], [ -6.3736581, 53.316951 ], [ -6.3711383, 53.317735 ], [ -6.370884, 53.3178095 ], [ -6.3654475, 53.3192171 ], [ -6.3652947, 53.319252 ], [ -6.3646045, 53.3194772 ], [ -6.3637881, 53.319748299999986 ], [ -6.3564541, 53.3223297 ], [ -6.352972, 53.3235911 ], [ -6.3459364, 53.326056799999989 ], [ -6.3428551, 53.3269512 ], [ -6.3407048, 53.32744730000001 ], [ -6.336849, 53.3284022 ], [ -6.3358701, 53.3286299 ], [ -6.3352499, 53.3288019 ], [ -6.3344069, 53.3291226 ], [ -6.3320434, 53.3302003 ], [ -6.3317052, 53.330423 ], [ -6.3310666, 53.3309253 ], [ -6.3302358, 53.3316923 ], [ -6.329838, 53.3321994 ], [ -6.3292045, 53.3332779 ], [ -6.328912, 53.3336699 ], [ -6.3286017, 53.3340448 ], [ -6.3277945, 53.334830599999989 ], [ -6.3262241, 53.3359873 ], [ -6.3250431, 53.336843 ], [ -6.3214372, 53.3391188 ], [ -6.321039, 53.3395244 ], [ -6.3205098, 53.339447 ], [ -6.3200101, 53.3393738 ], [ -6.3198472, 53.3393674 ], [ -6.3196427, 53.3394073 ], [ -6.3189043, 53.3396313 ], [ -6.3185097, 53.3397285 ], [ -6.3172034, 53.3400156 ], [ -6.316981, 53.3400677 ], [ -6.3165451, 53.3401483 ], [ -6.3157507, 53.3402647 ], [ -6.3156269, 53.3400066 ], [ -6.3155218, 53.3398996 ], [ -6.3153625, 53.3398037 ], [ -6.3150218, 53.3396901 ], [ -6.3145717, 53.3396201 ], [ -6.3130081, 53.3395737 ], [ -6.3114476, 53.339532 ], [ -6.3085738, 53.3394551 ], [ -6.3077299, 53.3394194 ], [ -6.3081021, 53.3384005 ], [ -6.3123089, 53.3377551 ], [ -6.3126305, 53.3377189 ], [ -6.3127902, 53.3376775 ], [ -6.3139452, 53.3374982 ], [ -6.3140934, 53.3374856 ], [ -6.3145671, 53.3395113 ], [ -6.3145717, 53.3396201 ] ], [ [ -6.3745947, 53.3180737 ], [ -6.3742051, 53.3180007 ], [ -6.3740377, 53.3179871 ], [ -6.373122, 53.3179474 ], [ -6.3728537, 53.3179363 ], [ -6.3723491, 53.3179418 ], [ -6.372077, 53.3179089 ], [ -6.3718531, 53.317851799999985 ], [ -6.3715382, 53.3177518 ], [ -6.371405071277905, 53.317737881383096 ], [ -6.3711383, 53.317735 ] ], [ [ -6.3724039, 53.3163661 ], [ -6.3725317, 53.3161854 ], [ -6.3725983, 53.3160795 ], [ -6.3726992, 53.3160285 ], [ -6.3728325, 53.3159956 ], [ -6.3730082, 53.3159735 ], [ -6.3731582, 53.3159737 ], [ -6.3732813, 53.3159907 ], [ -6.3734705, 53.3160441 ], [ -6.3736341, 53.3161248 ], [ -6.3737928, 53.316284699999983 ], [ -6.3740058, 53.3165827 ], [ -6.3739898, 53.3166801 ], [ -6.3738774, 53.3168122 ], [ -6.373718997312271, 53.31691245669429 ], [ -6.373718712965561, 53.31691206834634 ], [ -6.3734317, 53.3166006 ], [ -6.373107, 53.3164262 ], [ -6.3728857, 53.3163488 ], [ -6.3726685, 53.3163056 ], [ -6.3724039, 53.3163661 ], [ -6.3722132, 53.3164604 ], [ -6.3719053, 53.3165459 ], [ -6.3717289, 53.3165611 ], [ -6.3714887, 53.31655940000001 ], [ -6.3712957, 53.3165169 ], [ -6.3711583, 53.316468 ], [ -6.3710246, 53.3166491 ], [ -6.3708152, 53.3169613 ], [ -6.3706878, 53.3170997 ], [ -6.370637, 53.317129899999983 ], [ -6.3705996, 53.3171327 ], [ -6.3705441, 53.3171125 ], [ -6.3704714, 53.31707 ], [ -6.3704744, 53.317048599999985 ], [ -6.3705633, 53.3168257 ], [ -6.3707727, 53.3165244 ], [ -6.370866, 53.3164224 ], [ -6.371011, 53.316438399999988 ], [ -6.3711583, 53.316468 ] ], [ [ -6.3077299, 53.3394194 ], [ -6.3076488, 53.3398222 ], [ -6.3076179, 53.3401823 ], [ -6.3076544, 53.3405836 ], [ -6.3078452, 53.3418446 ], [ -6.3079697, 53.3434702 ], [ -6.3080883, 53.3447451 ], [ -6.3082188, 53.34601150000001 ], [ -6.3082699, 53.3465757 ], [ -6.3083471, 53.3482391 ], [ -6.3069316, 53.3483243 ], [ -6.3058314, 53.348352 ], [ -6.3020076, 53.3482782 ], [ -6.2960402, 53.3481769 ], [ -6.2950049, 53.3481289 ], [ -6.2932329, 53.3480305 ], [ -6.2928272, 53.3479916 ], [ -6.2918851, 53.347781 ], [ -6.2910682, 53.347586299999989 ], [ -6.2904809, 53.3474581 ], [ -6.2895197, 53.3472391 ], [ -6.2887359, 53.3471447 ], [ -6.2853042, 53.3470284 ], [ -6.2839099, 53.3469895 ], [ -6.2828815, 53.3469042 ], [ -6.2828364, 53.3469154 ], [ -6.282512, 53.3468793 ], [ -6.281881, 53.3467915 ], [ -6.2803228, 53.346634399999985 ], [ -6.2790093, 53.3463833 ], [ -6.2774435, 53.3460737 ], [ -6.2765851, 53.3459106 ], [ -6.2759037, 53.3458309 ], [ -6.2758012, 53.3458195 ], [ -6.2756299, 53.3458083 ], [ -6.2754248, 53.3457924 ], [ -6.2746679, 53.345717 ], [ -6.2734021, 53.3456094 ], [ -6.2728533, 53.3455742 ], [ -6.2722095, 53.3455759 ], [ -6.271657, 53.3456123 ], [ -6.2711315, 53.3456621 ], [ -6.2707329, 53.3457175 ], [ -6.2698187, 53.3458366 ], [ -6.2690483, 53.3459463 ], [ -6.2680916, 53.3460682 ], [ -6.2678881, 53.3460812 ], [ -6.2678881, 53.346081199999979 ], [ -6.2668561, 53.3461542 ], [ -6.2657034, 53.3462557 ], [ -6.2657034, 53.346255699999986 ], [ -6.2651481, 53.3463085 ], [ -6.2643329, 53.346394599999989 ], [ -6.2632694, 53.3466111 ], [ -6.2610363, 53.3471379 ], [ -6.260058584901053, 53.347353911534185 ], [ -6.2595524, 53.3474831 ], [ -6.259268284901054, 53.347556311534177 ], [ -6.2583905, 53.3477594 ], [ -6.2571345, 53.3480031 ], [ -6.2557574, 53.3482121 ], [ -6.254944750987477, 53.348279695758876 ], [ -6.254946, 53.348661699999951 ], [ -6.2548513, 53.349000599999989 ], [ -6.254732294495079, 53.349196080322123 ], [ -6.2547325, 53.3491959 ], [ -6.2546664, 53.3492539 ], [ -6.2538519, 53.3495103 ], [ -6.253763, 53.3495753 ], [ -6.2537373, 53.349624 ], [ -6.2537277, 53.349763 ], [ -6.2535884, 53.3496287 ], [ -6.2534719, 53.3494984 ], [ -6.253385937434611, 53.349422813886655 ], [ -6.2532535, 53.3494441 ], [ -6.2529822, 53.349466 ], [ -6.2526202, 53.3494521 ], [ -6.2523156, 53.349402799999979 ], [ -6.2519722, 53.3492467 ], [ -6.2518597, 53.3491787 ], [ -6.2517086, 53.3490654 ], [ -6.2515637, 53.3489103 ], [ -6.2515101, 53.3488274 ], [ -6.2514889, 53.3487639 ], [ -6.2514753, 53.3486348 ], [ -6.251544789676332, 53.348302794823454 ], [ -6.2517484, 53.3476298 ], [ -6.2518394, 53.3474856 ], [ -6.2518627, 53.3474638 ], [ -6.2519482, 53.3474143 ], [ -6.252021, 53.3473996 ], [ -6.2523711, 53.3474042 ], [ -6.2546525, 53.3474788 ], [ -6.2549998, 53.3474793 ], [ -6.2559632, 53.3474902 ], [ -6.2563669, 53.3474614 ], [ -6.2570619, 53.347364300000017 ], [ -6.2572232, 53.3473354 ], [ -6.2573289, 53.3473126 ], [ -6.2579048, 53.3472074 ], [ -6.258907943161416, 53.346983220797789 ], [ -6.2590596, 53.346945199999979 ], [ -6.2607335, 53.346557399999988 ], [ -6.2618852, 53.3462881 ], [ -6.2625499, 53.3461483 ], [ -6.2629556, 53.3460563 ], [ -6.2634759, 53.3459631 ], [ -6.2650575, 53.3457101 ], [ -6.2674313, 53.3453625 ], [ -6.2676306, 53.3453413 ], [ -6.2699886, 53.3451298 ], [ -6.271889098471259, 53.344990600111963 ], [ -6.2720865, 53.3449816 ], [ -6.2722029, 53.3449819 ], [ -6.2741824, 53.3451285 ], [ -6.2753843, 53.3452175 ], [ -6.2758661, 53.3452765 ], [ -6.2779056, 53.34567 ], [ -6.278771, 53.3458231 ], [ -6.2805081, 53.3461846 ], [ -6.2817874, 53.3463214 ], [ -6.2826595, 53.3464033 ], [ -6.2834649, 53.3464765 ], [ -6.2841411, 53.3465213 ], [ -6.2852497, 53.3465464 ], [ -6.2859795, 53.3465738 ], [ -6.2891864, 53.3466943 ], [ -6.289299, 53.3467032 ], [ -6.2899837, 53.3467706 ], [ -6.2904704, 53.3468588 ], [ -6.2905567, 53.3468761 ], [ -6.2908281, 53.3469414 ], [ -6.2909427, 53.3470368 ], [ -6.2909225, 53.3471498 ], [ -6.2908025, 53.3473149 ], [ -6.2908296, 53.34748 ], [ -6.2910682, 53.347586299999989 ] ], [ [ -6.2537277, 53.349763 ], [ -6.2544091, 53.3507411 ], [ -6.2568923, 53.3542062 ], [ -6.257938, 53.3556449 ], [ -6.2591006, 53.3567871 ], [ -6.2589767, 53.3568845 ], [ -6.2573075, 53.3575039 ], [ -6.2572015, 53.357536 ], [ -6.2570976, 53.3575331 ], [ -6.2558978, 53.3563727 ], [ -6.257938, 53.3556449 ] ] ] } },
{ "type": "Feature", "properties": { "id": null, "route no": "58" }, "geometry": { "type": "MultiLineString", "coordinates": [ [ [ -6.481026, 53.2768327 ], [ -6.4795945, 53.2776824 ], [ -6.4792489, 53.2778518 ], [ -6.4790031, 53.2779895 ], [ -6.4784899, 53.2782771 ], [ -6.4782161, 53.2784393 ], [ -6.4779627, 53.278653299999988 ], [ -6.477774, 53.2788662 ], [ -6.4776256, 53.279115599999983 ], [ -6.4775186, 53.2798582 ], [ -6.4775035, 53.2799787 ], [ -6.4774206, 53.2801688 ], [ -6.4770244, 53.2803973 ], [ -6.4754614, 53.2810266 ], [ -6.4754009, 53.2810991 ], [ -6.4753955, 53.2811445 ], [ -6.4737706, 53.2811721 ], [ -6.4713812, 53.2812476 ], [ -6.4701466, 53.2812902 ], [ -6.4689384, 53.2813527 ], [ -6.4680762, 53.2814497 ], [ -6.4666679, 53.2816497 ], [ -6.4660657, 53.281733 ], [ -6.4650598, 53.2819383 ], [ -6.4645665, 53.28207290000001 ], [ -6.4634369, 53.2825642 ], [ -6.4626577, 53.2829111 ], [ -6.4620676, 53.2831629 ], [ -6.4612765, 53.283460199999986 ], [ -6.4609994, 53.2835208 ], [ -6.4604157, 53.2835931 ], [ -6.4601356, 53.2835989 ], [ -6.4595433, 53.2835531 ], [ -6.4587877, 53.2834481 ], [ -6.4578325, 53.2834296 ], [ -6.4569726, 53.2834831 ], [ -6.4567677, 53.2835117 ], [ -6.4565059, 53.283553 ], [ -6.4561961, 53.2836314 ], [ -6.4559484, 53.2837413 ], [ -6.4557626, 53.2838564 ], [ -6.4555955, 53.2839969 ], [ -6.4554614, 53.2841664 ], [ -6.4553953, 53.2842662 ], [ -6.4552142, 53.2844128 ], [ -6.4550855, 53.2844562 ], [ -6.4548601, 53.284486499999986 ], [ -6.4546427, 53.2844758 ], [ -6.4545047, 53.2844385 ], [ -6.4542582, 53.28433110000001 ], [ -6.4539424, 53.2841116 ], [ -6.4537667, 53.2839456 ], [ -6.4529079, 53.2831749 ], [ -6.4523618, 53.2826569 ], [ -6.4521995, 53.2824149 ], [ -6.4518793, 53.2819518 ], [ -6.4515548, 53.2817962 ], [ -6.4511146, 53.2817966 ], [ -6.4501768, 53.2818555 ], [ -6.4493486, 53.2819028 ], [ -6.4490798, 53.281884 ], [ -6.4478673, 53.28167 ], [ -6.4469716, 53.2814751 ], [ -6.4461989, 53.281238899999984 ], [ -6.4455945, 53.281044399999985 ], [ -6.4454395, 53.2809677 ], [ -6.4453301, 53.280832599999989 ], [ -6.4452401, 53.2804819 ], [ -6.4452194, 53.2801952 ], [ -6.444311, 53.2804445 ], [ -6.4436774, 53.280635199999985 ], [ -6.4431278, 53.2808942 ], [ -6.4429079, 53.2810339 ], [ -6.4427406, 53.2811622 ], [ -6.4424914, 53.2814051 ], [ -6.4422107, 53.2817462 ], [ -6.4411186, 53.2831732 ], [ -6.4409178, 53.2834944 ], [ -6.4407085, 53.2839352 ], [ -6.4403817, 53.2848571 ], [ -6.4401409, 53.2862123 ], [ -6.4397563, 53.2871822 ], [ -6.4396768, 53.2876973 ], [ -6.4395675, 53.28848 ], [ -6.4391925, 53.2890341 ], [ -6.4383529, 53.2898293 ], [ -6.437909, 53.2904018 ], [ -6.4377915, 53.2903877 ], [ -6.4359296, 53.2906442 ], [ -6.4352128, 53.290736 ], [ -6.4337543, 53.290901 ], [ -6.4330155, 53.2910257 ], [ -6.4319788, 53.2911489 ], [ -6.4275417, 53.291404 ], [ -6.4272666, 53.2914114 ], [ -6.4272082, 53.2920919 ], [ -6.4272757, 53.2923011 ], [ -6.4274394, 53.29248410000001 ], [ -6.4276451, 53.292625 ], [ -6.4277992, 53.2927977 ], [ -6.4277924, 53.292854 ], [ -6.4276047, 53.2930326 ], [ -6.4273607, 53.2931491 ], [ -6.4264787, 53.2933199 ], [ -6.425787, 53.2933839 ], [ -6.4251926, 53.2933875 ], [ -6.4246009, 53.2933723 ], [ -6.4228536, 53.29332 ], [ -6.4217716, 53.293527 ], [ -6.420364, 53.2940218 ], [ -6.4181085, 53.2952409 ], [ -6.417894, 53.2954505 ], [ -6.4181303, 53.2957594 ], [ -6.418924, 53.2962539 ], [ -6.4195158, 53.2969805 ], [ -6.4197454, 53.2972762 ], [ -6.4199736, 53.2974339 ], [ -6.4202783, 53.2976017 ], [ -6.4198682, 53.2980149 ], [ -6.4195171, 53.2984219 ], [ -6.4192564, 53.2988203 ], [ -6.4190355, 53.2992333 ], [ -6.4188436, 53.2997843 ], [ -6.4186616, 53.3004962 ], [ -6.4184947, 53.3008131 ], [ -6.4181582, 53.3010609 ], [ -6.4177717, 53.3012033 ], [ -6.4172353, 53.3012751 ], [ -6.4166267, 53.3012744 ], [ -6.416194, 53.3015363 ], [ -6.4163225, 53.301724 ], [ -6.4173499, 53.3022605 ], [ -6.418108119140975, 53.302628961318106 ], [ -6.418108119140983, 53.302628961318113 ] ], [ [ -6.4133048, 53.3043987 ], [ -6.418108119140975, 53.302628961318106 ], [ -6.418108119140983, 53.302628961318106 ], [ -6.4193993, 53.3032277 ], [ -6.4196905, 53.303628 ], [ -6.41967, 53.3038089 ], [ -6.4195547, 53.3039022 ], [ -6.4191871, 53.3039272 ], [ -6.4183058, 53.3035927 ], [ -6.4176275, 53.3032962 ], [ -6.4172607, 53.3032769 ], [ -6.4169723, 53.30335 ], [ -6.4145333, 53.3041847 ], [ -6.4087048, 53.3063362 ], [ -6.4070196, 53.3070617 ], [ -6.4066213, 53.3073225 ], [ -6.4064411, 53.3075195 ], [ -6.4059834, 53.3080066 ], [ -6.4053992, 53.3084454 ], [ -6.4050627, 53.3087331 ], [ -6.4049245, 53.3089065 ], [ -6.4045374, 53.309472 ], [ -6.4041916, 53.3098021 ], [ -6.4035205, 53.3101575 ], [ -6.4029846, 53.3104345 ], [ -6.4030078, 53.3107239 ], [ -6.4041675, 53.3119025 ], [ -6.4045975, 53.3120616 ], [ -6.4050204, 53.3120726 ], [ -6.4065221, 53.3119947 ], [ -6.4069176, 53.3120397 ], [ -6.4075277, 53.3123185 ], [ -6.4077556, 53.3124873 ], [ -6.4082838, 53.3133595 ], [ -6.4084251, 53.3135556 ], [ -6.4090552, 53.3143986 ], [ -6.4091436, 53.3147762 ], [ -6.4089352, 53.3151708 ], [ -6.4086167, 53.3153879 ], [ -6.4074829, 53.3157573 ], [ -6.4063865, 53.3160409 ], [ -6.4063393, 53.316145 ], [ -6.4064138, 53.3164135 ], [ -6.4062195, 53.3172937 ], [ -6.403033, 53.3173152 ], [ -6.4024619, 53.3173328 ], [ -6.4022276, 53.3174299 ], [ -6.4020884, 53.3176509 ], [ -6.4026897, 53.3177992 ], [ -6.4034587, 53.3180605 ], [ -6.4042633, 53.318451499999988 ], [ -6.4045717, 53.3186348 ], [ -6.4047745, 53.318775 ], [ -6.4053224, 53.319261 ], [ -6.4057163, 53.3197838 ], [ -6.4059332, 53.3202279 ], [ -6.4062355, 53.321228 ], [ -6.4062626, 53.321561199999977 ], [ -6.406227978490603, 53.322102064502758 ], [ -6.4061774, 53.3228922 ], [ -6.4062486, 53.323212 ], [ -6.4050958, 53.3244012 ], [ -6.40407, 53.324589 ], [ -6.4036557, 53.3247236 ], [ -6.39955, 53.326628099999986 ], [ -6.3983712, 53.3270717 ], [ -6.3975292, 53.327353 ], [ -6.3963355, 53.3276742 ], [ -6.3956204, 53.327859399999987 ], [ -6.3955434, 53.327768 ], [ -6.395423, 53.3275862 ], [ -6.3952751, 53.32735 ], [ -6.3951544, 53.327109 ], [ -6.3951031, 53.3269627 ], [ -6.3950666, 53.3268235 ], [ -6.3950489, 53.3266975 ], [ -6.3950429, 53.3265094 ], [ -6.3950826, 53.3262132 ], [ -6.3951933, 53.3256481 ], [ -6.3953655, 53.3247967 ], [ -6.3955091, 53.3240201 ], [ -6.3955306, 53.3237217 ], [ -6.3955205, 53.3234857 ], [ -6.3953676, 53.3233479 ], [ -6.3951458, 53.323285 ], [ -6.3944231, 53.3232935 ], [ -6.3940645, 53.323239 ], [ -6.3937091, 53.3231161 ], [ -6.3935047, 53.3229732 ], [ -6.3933655, 53.3227549 ], [ -6.3930943, 53.3221725 ], [ -6.393007, 53.321984799999989 ], [ -6.3929948, 53.321880299999975 ], [ -6.3930389, 53.321759299999989 ], [ -6.39318, 53.3215321 ], [ -6.3931965, 53.3214055 ], [ -6.3930265, 53.321240499999988 ], [ -6.3930129, 53.321178 ], [ -6.3930361, 53.3211189 ], [ -6.3942755, 53.3205818 ], [ -6.3945061, 53.3205001 ], [ -6.3947649, 53.3204942 ], [ -6.3950231, 53.3208303 ], [ -6.395186, 53.321166 ], [ -6.3952262, 53.3215291 ], [ -6.395263073255193, 53.322010267631967 ], [ -6.3954006, 53.3227714 ], [ -6.3954643, 53.3230993 ], [ -6.3955177, 53.3233159 ], [ -6.3955205, 53.3234857 ] ], [ [ -6.4065801, 53.323031 ], [ -6.4062486, 53.323212 ] ], [ [ -6.3930129, 53.321178 ], [ -6.3927393, 53.3212018 ], [ -6.3923643, 53.3212557 ], [ -6.3920221, 53.321274 ], [ -6.3917818, 53.3212571 ], [ -6.3914538, 53.3212036 ], [ -6.3903255, 53.3209918 ], [ -6.3887832, 53.3206423 ], [ -6.3878782, 53.3204454 ], [ -6.3870747, 53.3202764 ], [ -6.3862353, 53.3201262 ], [ -6.3834807, 53.3197141 ], [ -6.3814702, 53.319469 ], [ -6.3800411, 53.3192486 ], [ -6.3796279, 53.3192483 ], [ -6.3791341, 53.3192913 ], [ -6.3788218, 53.3192029 ], [ -6.378723, 53.3191255 ], [ -6.37848, 53.3189808 ], [ -6.3782203, 53.3188481 ], [ -6.3780691, 53.318789299999985 ], [ -6.3779028, 53.3187245 ], [ -6.3772206, 53.3185602 ], [ -6.3766867, 53.3184446 ], [ -6.376061, 53.3183454 ], [ -6.3752928, 53.3181696 ], [ -6.3750915, 53.3181304 ], [ -6.3745947, 53.3180737 ], [ -6.3743952, 53.3179199 ], [ -6.3742569, 53.3176471 ], [ -6.373718997312271, 53.31691245669429 ], [ -6.3736581, 53.316951 ], [ -6.3711383, 53.317735 ], [ -6.370884, 53.3178095 ], [ -6.3654475, 53.3192171 ], [ -6.3652947, 53.319252 ], [ -6.3646045, 53.3194772 ], [ -6.3637881, 53.319748299999986 ], [ -6.3564541, 53.3223297 ], [ -6.352972, 53.3235911 ], [ -6.3459364, 53.326056799999989 ], [ -6.3428551, 53.3269512 ], [ -6.3407048, 53.32744730000001 ], [ -6.336849, 53.3284022 ], [ -6.3358701, 53.3286299 ], [ -6.3352499, 53.3288019 ], [ -6.3344069, 53.3291226 ], [ -6.3320434, 53.3302003 ], [ -6.3317052, 53.330423 ], [ -6.3310666, 53.3309253 ], [ -6.3302358, 53.3316923 ], [ -6.329838, 53.3321994 ], [ -6.3292045, 53.3332779 ], [ -6.328912, 53.3336699 ], [ -6.3286017, 53.3340448 ], [ -6.3277945, 53.334830599999989 ], [ -6.3262241, 53.3359873 ], [ -6.3250431, 53.336843 ], [ -6.3214372, 53.3391188 ], [ -6.321039, 53.3395244 ], [ -6.3205098, 53.339447 ], [ -6.3200101, 53.3393738 ], [ -6.3198472, 53.3393674 ], [ -6.3196427, 53.3394073 ], [ -6.3189043, 53.3396313 ], [ -6.3185097, 53.3397285 ], [ -6.3172034, 53.3400156 ], [ -6.316981, 53.3400677 ], [ -6.3165451, 53.3401483 ], [ -6.3157507, 53.3402647 ], [ -6.3156269, 53.3400066 ], [ -6.3155218, 53.3398996 ], [ -6.3153625, 53.3398037 ], [ -6.3150218, 53.3396901 ], [ -6.3145717, 53.3396201 ], [ -6.3130081, 53.3395737 ], [ -6.3114476, 53.339532 ], [ -6.3085738, 53.3394551 ], [ -6.3077299, 53.3394194 ], [ -6.3081021, 53.3384005 ], [ -6.3123089, 53.3377551 ], [ -6.3126305, 53.3377189 ], [ -6.3127902, 53.3376775 ], [ -6.3139452, 53.3374982 ], [ -6.3140934, 53.3374856 ], [ -6.3145671, 53.3395113 ], [ -6.3145717, 53.3396201 ] ], [ [ -6.3745947, 53.3180737 ], [ -6.3742051, 53.3180007 ], [ -6.3740377, 53.3179871 ], [ -6.373122, 53.3179474 ], [ -6.3728537, 53.3179363 ], [ -6.3723491, 53.3179418 ], [ -6.372077, 53.3179089 ], [ -6.3718531, 53.317851799999985 ], [ -6.3715382, 53.3177518 ], [ -6.371405071277905, 53.317737881383096 ], [ -6.3711383, 53.317735 ] ], [ [ -6.3724039, 53.3163661 ], [ -6.3725317, 53.3161854 ], [ -6.3725983, 53.3160795 ], [ -6.3726992, 53.3160285 ], [ -6.3728325, 53.3159956 ], [ -6.3730082, 53.3159735 ], [ -6.3731582, 53.3159737 ], [ -6.3732813, 53.3159907 ], [ -6.3734705, 53.3160441 ], [ -6.3736341, 53.3161248 ], [ -6.3737928, 53.316284699999983 ], [ -6.3740058, 53.3165827 ], [ -6.3739898, 53.3166801 ], [ -6.3738774, 53.3168122 ], [ -6.373718997312271, 53.31691245669429 ], [ -6.373718712965561, 53.31691206834634 ], [ -6.3734317, 53.3166006 ], [ -6.373107, 53.3164262 ], [ -6.3728857, 53.3163488 ], [ -6.3726685, 53.3163056 ], [ -6.3724039, 53.3163661 ], [ -6.3722132, 53.3164604 ], [ -6.3719053, 53.3165459 ], [ -6.3717289, 53.3165611 ], [ -6.3714887, 53.31655940000001 ], [ -6.3712957, 53.3165169 ], [ -6.3711583, 53.316468 ], [ -6.3710246, 53.3166491 ], [ -6.3708152, 53.3169613 ], [ -6.3706878, 53.3170997 ], [ -6.370637, 53.317129899999983 ], [ -6.3705996, 53.3171327 ], [ -6.3705441, 53.3171125 ], [ -6.3704714, 53.31707 ], [ -6.3704744, 53.317048599999985 ], [ -6.3705633, 53.3168257 ], [ -6.3707727, 53.3165244 ], [ -6.370866, 53.3164224 ], [ -6.371011, 53.316438399999988 ], [ -6.3711583, 53.316468 ] ], [ [ -6.3077299, 53.3394194 ], [ -6.3076488, 53.3398222 ], [ -6.3076179, 53.3401823 ], [ -6.3076544, 53.3405836 ], [ -6.3078452, 53.3418446 ], [ -6.3079697, 53.3434702 ], [ -6.3080883, 53.3447451 ], [ -6.3082188, 53.34601150000001 ], [ -6.3082699, 53.3465757 ], [ -6.3083471, 53.3482391 ], [ -6.3069316, 53.3483243 ], [ -6.3058314, 53.348352 ], [ -6.3020076, 53.3482782 ], [ -6.2960402, 53.3481769 ], [ -6.2950049, 53.3481289 ], [ -6.2932329, 53.3480305 ], [ -6.2928272, 53.3479916 ], [ -6.2918851, 53.347781 ], [ -6.2910682, 53.347586299999989 ], [ -6.2904809, 53.3474581 ], [ -6.2895197, 53.3472391 ], [ -6.2887359, 53.3471447 ], [ -6.2853042, 53.3470284 ], [ -6.2839099, 53.3469895 ], [ -6.2828815, 53.3469042 ], [ -6.2828364, 53.3469154 ], [ -6.282512, 53.3468793 ], [ -6.281881, 53.3467915 ], [ -6.2803228, 53.346634399999985 ], [ -6.2790093, 53.3463833 ], [ -6.2774435, 53.3460737 ], [ -6.2765851, 53.3459106 ], [ -6.2759037, 53.3458309 ], [ -6.2758012, 53.3458195 ], [ -6.2756299, 53.3458083 ], [ -6.2754248, 53.3457924 ], [ -6.2746679, 53.345717 ], [ -6.2734021, 53.3456094 ], [ -6.2728533, 53.3455742 ], [ -6.2722095, 53.3455759 ], [ -6.271657, 53.3456123 ], [ -6.2711315, 53.3456621 ], [ -6.2707329, 53.3457175 ], [ -6.2698187, 53.3458366 ], [ -6.2690483, 53.3459463 ], [ -6.2680916, 53.3460682 ], [ -6.2678881, 53.3460812 ], [ -6.2678881, 53.346081199999979 ], [ -6.2668561, 53.3461542 ], [ -6.2657034, 53.3462557 ], [ -6.2657034, 53.346255699999986 ], [ -6.2651481, 53.3463085 ], [ -6.2643329, 53.346394599999989 ], [ -6.2632694, 53.3466111 ], [ -6.2610363, 53.3471379 ], [ -6.260058584901053, 53.347353911534185 ], [ -6.2595524, 53.3474831 ], [ -6.259268284901054, 53.347556311534177 ], [ -6.2583905, 53.3477594 ], [ -6.2571345, 53.3480031 ], [ -6.2557574, 53.3482121 ], [ -6.254944750987477, 53.348279695758876 ], [ -6.254946, 53.348661699999951 ], [ -6.2548513, 53.349000599999989 ], [ -6.254732294495079, 53.349196080322123 ], [ -6.2547325, 53.3491959 ], [ -6.2546664, 53.3492539 ], [ -6.2538519, 53.3495103 ], [ -6.253763, 53.3495753 ], [ -6.2537373, 53.349624 ], [ -6.2537277, 53.349763 ], [ -6.2535884, 53.3496287 ], [ -6.2534719, 53.3494984 ], [ -6.253385937434611, 53.349422813886655 ], [ -6.2532535, 53.3494441 ], [ -6.2529822, 53.349466 ], [ -6.2526202, 53.3494521 ], [ -6.2523156, 53.349402799999979 ], [ -6.2519722, 53.3492467 ], [ -6.2518597, 53.3491787 ], [ -6.2517086, 53.3490654 ], [ -6.2515637, 53.3489103 ], [ -6.2515101, 53.3488274 ], [ -6.2514889, 53.3487639 ], [ -6.2514753, 53.3486348 ], [ -6.251544789676332, 53.348302794823454 ], [ -6.2517484, 53.3476298 ], [ -6.2518394, 53.3474856 ], [ -6.2518627, 53.3474638 ], [ -6.2519482, 53.3474143 ], [ -6.252021, 53.3473996 ], [ -6.2523711, 53.3474042 ], [ -6.2546525, 53.3474788 ], [ -6.2549998, 53.3474793 ], [ -6.2559632, 53.3474902 ], [ -6.2563669, 53.3474614 ], [ -6.2570619, 53.347364300000017 ], [ -6.2572232, 53.3473354 ], [ -6.2573289, 53.3473126 ], [ -6.2579048, 53.3472074 ], [ -6.258907943161416, 53.346983220797789 ], [ -6.2590596, 53.346945199999979 ], [ -6.2607335, 53.346557399999988 ], [ -6.2618852, 53.3462881 ], [ -6.2625499, 53.3461483 ], [ -6.2629556, 53.3460563 ], [ -6.2634759, 53.3459631 ], [ -6.2650575, 53.3457101 ], [ -6.2674313, 53.3453625 ], [ -6.2676306, 53.3453413 ], [ -6.2699886, 53.3451298 ], [ -6.271889098471259, 53.344990600111963 ], [ -6.2720865, 53.3449816 ], [ -6.2722029, 53.3449819 ], [ -6.2741824, 53.3451285 ], [ -6.2753843, 53.3452175 ], [ -6.2758661, 53.3452765 ], [ -6.2779056, 53.34567 ], [ -6.278771, 53.3458231 ], [ -6.2805081, 53.3461846 ], [ -6.2817874, 53.3463214 ], [ -6.2826595, 53.3464033 ], [ -6.2834649, 53.3464765 ], [ -6.2841411, 53.3465213 ], [ -6.2852497, 53.3465464 ], [ -6.2859795, 53.3465738 ], [ -6.2891864, 53.3466943 ], [ -6.289299, 53.3467032 ], [ -6.2899837, 53.3467706 ], [ -6.2904704, 53.3468588 ], [ -6.2905567, 53.3468761 ], [ -6.2908281, 53.3469414 ], [ -6.2909427, 53.3470368 ], [ -6.2909225, 53.3471498 ], [ -6.2908025, 53.3473149 ], [ -6.2908296, 53.34748 ], [ -6.2910682, 53.347586299999989 ] ], [ [ -6.2537277, 53.349763 ], [ -6.2544091, 53.3507411 ], [ -6.2568923, 53.3542062 ], [ -6.257938, 53.3556449 ], [ -6.2591006, 53.3567871 ], [ -6.2589767, 53.3568845 ], [ -6.2573075, 53.3575039 ], [ -6.2572015, 53.357536 ], [ -6.2570976, 53.3575331 ], [ -6.2558978, 53.3563727 ], [ -6.257938, 53.3556449 ] ] ] } },
{ "type": "Feature", "properties": { "id": null, "route no": "81" }, "geometry": { "type": "MultiLineString", "coordinates": [ [ [ -6.3345475, 53.3066561 ], [ -6.3345527, 53.3067693 ], [ -6.3345272, 53.3068773 ], [ -6.3344911, 53.306934099999985 ], [ -6.3344179, 53.3069856 ], [ -6.3342974, 53.3070076 ], [ -6.3341718, 53.3069829 ], [ -6.3341272, 53.3069433 ], [ -6.334119, 53.3068734 ], [ -6.3341396, 53.3068325 ], [ -6.3343354, 53.3067297 ], [ -6.3344657, 53.3066733 ], [ -6.3345475, 53.3066561 ], [ -6.33462, 53.3065801 ], [ -6.3342827, 53.3064152 ], [ -6.3339789, 53.3062157 ], [ -6.3336793, 53.3059281 ], [ -6.3335468, 53.3057413 ], [ -6.3334417, 53.3054915 ], [ -6.3334002, 53.3051985 ], [ -6.333571, 53.304457799999987 ], [ -6.3328623, 53.3043911 ], [ -6.332492, 53.3043702 ], [ -6.3322654, 53.3043718 ], [ -6.331513348308873, 53.30441374870761 ], [ -6.3301697, 53.3044921 ], [ -6.3298688, 53.3045063 ], [ -6.3294202, 53.304509 ], [ -6.3292357, 53.304501099999989 ], [ -6.3267078, 53.3043728 ], [ -6.3260726, 53.3043772 ], [ -6.3251519, 53.3044723 ], [ -6.3224092, 53.3047721 ], [ -6.3221641, 53.3048168 ], [ -6.3221786, 53.3049133 ], [ -6.3221308, 53.305129 ], [ -6.3220532, 53.3053058 ], [ -6.3219126, 53.3055445 ], [ -6.3216166, 53.3058908 ], [ -6.3212678, 53.3062683 ], [ -6.3209865, 53.3064437 ], [ -6.3209007, 53.3064775 ], [ -6.3206624, 53.306588 ], [ -6.3202733, 53.3067511 ], [ -6.3198124, 53.307021399999989 ], [ -6.3194299, 53.3072438 ], [ -6.3192715, 53.3073244 ], [ -6.3184645, 53.307664399999986 ], [ -6.3169054, 53.3083146 ], [ -6.3160417, 53.3086541 ], [ -6.3156658, 53.308789 ], [ -6.3144485, 53.309162599999986 ], [ -6.3122988, 53.3098104 ], [ -6.3100093, 53.3105107 ], [ -6.3079342, 53.3112548 ], [ -6.3064511, 53.3118774 ], [ -6.3051528, 53.3125174 ], [ -6.3046689, 53.3127868 ], [ -6.3046166, 53.3128557 ], [ -6.3040344, 53.3127748 ], [ -6.302993, 53.3126564 ], [ -6.3023128, 53.3125998 ], [ -6.3018054, 53.3125265 ], [ -6.3014373, 53.312453099999985 ], [ -6.3000345, 53.3121519 ], [ -6.2996488, 53.3120679 ], [ -6.2993541, 53.3120125 ], [ -6.2991764, 53.311991599999985 ], [ -6.2978718, 53.3117657 ], [ -6.2960798, 53.3114772 ], [ -6.2929158, 53.310964 ], [ -6.2898607, 53.310460099999986 ], [ -6.2881752, 53.3101782 ], [ -6.2875723, 53.3100579 ], [ -6.2872885, 53.3100236 ], [ -6.2854964, 53.3096932 ], [ -6.284684, 53.3095497 ], [ -6.28351, 53.3098572 ], [ -6.2789983, 53.3110517 ], [ -6.2766268, 53.3116039 ], [ -6.2751347, 53.3118232 ], [ -6.2745882, 53.3119159 ], [ -6.2743119, 53.312026 ], [ -6.2740978, 53.3121398 ], [ -6.2736658, 53.3126486 ], [ -6.2675625, 53.3213408 ], [ -6.2673706, 53.3214304 ], [ -6.2661097, 53.3217439 ], [ -6.2659756, 53.3217999 ], [ -6.2657928, 53.3220214 ], [ -6.2657242, 53.3221629 ], [ -6.2656764, 53.3224815 ], [ -6.2656268, 53.3227871 ], [ -6.2655386, 53.323134 ], [ -6.2653786, 53.3240348 ], [ -6.2642883, 53.3299501 ], [ -6.264277, 53.3300779 ], [ -6.2642964, 53.3302312 ], [ -6.2645251, 53.3311096 ], [ -6.2646044, 53.3314356 ], [ -6.2646709, 53.3318223 ], [ -6.2648597, 53.3325969 ], [ -6.2650526, 53.3334719 ], [ -6.2650411, 53.3335512 ], [ -6.2649973, 53.3335993 ], [ -6.264926812499999, 53.333624075 ], [ -6.2648492, 53.3336624 ], [ -6.2642214, 53.3336742 ], [ -6.2631819, 53.3338127 ], [ -6.2630599625, 53.33385745 ], [ -6.2629868, 53.3338843 ], [ -6.2630084, 53.3340931 ], [ -6.2586193, 53.3338607 ], [ -6.2586804, 53.3335108 ], [ -6.258742988345226, 53.333023104992961 ], [ -6.2587583, 53.3328367 ], [ -6.2588741, 53.3327447 ], [ -6.2597037, 53.3327827 ], [ -6.260075, 53.3327948 ], [ -6.2614075, 53.3327644 ], [ -6.2634933, 53.3327098 ], [ -6.2644261, 53.3326219 ], [ -6.2648597, 53.3325969 ] ], [ [ -6.2586193, 53.3338607 ], [ -6.2586001, 53.333934199999987 ], [ -6.2572592, 53.3361445 ], [ -6.2570994, 53.336516299999971 ], [ -6.2558594, 53.3380021 ], [ -6.2552727, 53.3378708 ], [ -6.2541648, 53.3375845 ], [ -6.254085, 53.3375941 ], [ -6.2540681, 53.3376077 ], [ -6.2536947, 53.3381017 ], [ -6.2536281, 53.3381471 ], [ -6.2552923, 53.3385857 ], [ -6.2554331, 53.338545499999981 ], [ -6.2558594, 53.3380021 ] ], [ [ -6.2536281, 53.3381471 ], [ -6.253528, 53.3382176 ], [ -6.2533336, 53.3384113 ], [ -6.2528592, 53.3389226 ], [ -6.2520462, 53.3397594 ], [ -6.2507508, 53.3411673 ], [ -6.2523678, 53.341709499999986 ], [ -6.2524377, 53.3417316 ], [ -6.252481, 53.3417535 ], [ -6.2525158, 53.341786 ], [ -6.2525319, 53.341817199999987 ], [ -6.2525396, 53.3418642 ], [ -6.2524668, 53.3418731 ], [ -6.2524006, 53.3418876 ], [ -6.2516883, 53.3421616 ], [ -6.2515606, 53.342183 ], [ -6.2514834, 53.3421772 ], [ -6.2507946, 53.342025 ], [ -6.2506881, 53.3420259 ], [ -6.2506126, 53.342051399999981 ], [ -6.2504881, 53.342169 ], [ -6.250524, 53.34204279999998 ], [ -6.250524, 53.34204279999998 ], [ -6.2505109, 53.3420099 ], [ -6.2504831, 53.341982299999984 ], [ -6.2504023, 53.3419434 ], [ -6.2503406, 53.3419272 ], [ -6.2502796, 53.3418428 ], [ -6.250258, 53.3417829 ], [ -6.2502608, 53.3417366 ], [ -6.2507508, 53.3411673 ] ], [ [ -6.2504881, 53.342169 ], [ -6.2496969, 53.3434657 ], [ -6.2492761, 53.3441081 ], [ -6.251515, 53.3445514 ], [ -6.2514215, 53.3450069 ], [ -6.2512287, 53.3457338 ], [ -6.2504081, 53.3456547 ], [ -6.2497815, 53.3455984 ], [ -6.2489989, 53.3455391 ], [ -6.2487202, 53.34550560000001 ], [ -6.248443, 53.3454463 ], [ -6.248445264932029, 53.345442475699329 ] ], [ [ -6.248443, 53.3454463 ], [ -6.248434278384822, 53.34544436693276 ], [ -6.2480798, 53.3453658 ], [ -6.2476838, 53.3452122 ], [ -6.2473779, 53.3450791 ], [ -6.2472163, 53.3449394 ], [ -6.2471304, 53.3448361 ], [ -6.2470807, 53.3447242 ], [ -6.2469075, 53.3444099 ], [ -6.2466072, 53.34387 ], [ -6.2465597, 53.3437809 ], [ -6.2464469, 53.3436997 ], [ -6.2464081, 53.3436033 ], [ -6.2465315, 53.343578 ], [ -6.2474743, 53.3437534 ], [ -6.248641, 53.343992 ], [ -6.2492761, 53.3441081 ] ], [ [ -6.2464081, 53.3436033 ], [ -6.2457843, 53.343428 ], [ -6.2445638, 53.343179 ], [ -6.2444088, 53.343148199999987 ], [ -6.2430874, 53.3429786 ], [ -6.2418645, 53.3428281 ], [ -6.241146551416362, 53.342748206318369 ], [ -6.2398991, 53.342589099999984 ], [ -6.2388034, 53.342439899999988 ], [ -6.2367971, 53.3421928 ], [ -6.2360254, 53.3421017 ], [ -6.2352145, 53.3419973 ], [ -6.2343193, 53.3418825 ], [ -6.23353, 53.341785 ], [ -6.2330748, 53.3417288 ] ] ] } },
{ "type": "Feature", "properties": { "id": null, "route no": "85" }, "geometry": { "type": "MultiLineString", "coordinates": [ [ [ -6.3734891, 53.2770387 ], [ -6.373679, 53.277149099999988 ], [ -6.3745797, 53.2810343 ], [ -6.3749893, 53.282745799999987 ], [ -6.3752968, 53.283951 ], [ -6.3753457, 53.2840742 ], [ -6.376075, 53.2854481 ], [ -6.3761912, 53.285702199999974 ], [ -6.375918752107868, 53.285719011326222 ], [ -6.3753554, 53.2856756 ], [ -6.374984, 53.285480099999987 ], [ -6.3746229, 53.285312799999986 ], [ -6.374317719865037, 53.28520497538517 ] ], [ [ -6.374317719865037, 53.285204975385177 ], [ -6.3741308, 53.2852832 ], [ -6.3740943, 53.2853429 ], [ -6.3740953, 53.2854257 ], [ -6.3741652, 53.2857797 ], [ -6.3742018, 53.2858786 ], [ -6.3728011, 53.2860562 ], [ -6.3726954, 53.2860571 ], [ -6.3726198, 53.2860151 ], [ -6.3725761, 53.2859534 ], [ -6.3724171, 53.2854745 ], [ -6.3724619, 53.2853942 ], [ -6.3725434, 53.2853296 ], [ -6.3725249, 53.2852129 ], [ -6.3730284, 53.2851935 ], [ -6.3732469, 53.2852081 ], [ -6.3733824, 53.2852268 ], [ -6.3737792, 53.2853613 ], [ -6.373916, 53.2853554 ], [ -6.3741308, 53.2852832 ] ], [ [ -6.3734891, 53.2770387 ], [ -6.3676089, 53.2769013 ], [ -6.3616525, 53.2766769 ], [ -6.3602993, 53.2766357 ], [ -6.3583946, 53.2765648 ], [ -6.3583046, 53.2765625 ], [ -6.358087, 53.2765906 ], [ -6.3575102, 53.2767892 ] ], [ [ -6.3569628, 53.2769806 ], [ -6.3566543, 53.2766913 ], [ -6.3562398, 53.2764211 ], [ -6.3559604, 53.2762695 ], [ -6.3547103, 53.2757901 ], [ -6.3543115, 53.2756322 ], [ -6.3534567, 53.2753101 ], [ -6.3530881, 53.2751715 ], [ -6.3527362, 53.2750104 ], [ -6.352303, 53.2748845 ], [ -6.3516942, 53.274800099999986 ], [ -6.3509885, 53.2747412 ], [ -6.3509835, 53.274593 ], [ -6.3509567, 53.2744968 ], [ -6.3507193, 53.2742273 ], [ -6.3506412, 53.2740887 ], [ -6.3506068, 53.2738648 ], [ -6.3511167, 53.2738337 ], [ -6.3515173, 53.2737647 ], [ -6.3520149, 53.273626 ], [ -6.3519403, 53.2734873 ], [ -6.3517004, 53.273187 ], [ -6.3514311, 53.2729153 ], [ -6.3506868, 53.2722504 ], [ -6.3505078, 53.272154 ], [ -6.3501497, 53.2720135 ], [ -6.349959, 53.2719522 ], [ -6.3497457, 53.271911099999983 ], [ -6.3495043, 53.2718948 ], [ -6.3489592, 53.271876 ], [ -6.3488525, 53.2718605 ], [ -6.3482372, 53.271662 ], [ -6.3479865, 53.2716062 ], [ -6.3471779, 53.2714711 ], [ -6.3454495, 53.271129 ], [ -6.3449326, 53.2709633 ], [ -6.344519, 53.2707001 ], [ -6.3441937, 53.2705016 ], [ -6.34404, 53.2704369 ], [ -6.3429375, 53.2702782 ], [ -6.3416253, 53.2700346 ], [ -6.341083, 53.2699296 ], [ -6.3403115, 53.269861699999986 ], [ -6.3399275, 53.269804099999988 ], [ -6.3397566, 53.2697428 ], [ -6.3395988, 53.2696471 ], [ -6.3394133, 53.2694782 ], [ -6.3390302, 53.2692213 ], [ -6.3386306, 53.2690324 ], [ -6.3381905, 53.2688805 ], [ -6.3377282, 53.2687682 ], [ -6.3371326, 53.2686879 ], [ -6.3365949, 53.2686665 ], [ -6.3362407, 53.2686878 ], [ -6.3354853, 53.2688005 ], [ -6.3345906, 53.2690058 ], [ -6.3301863, 53.2701042 ], [ -6.3279112, 53.2706678 ], [ -6.325933, 53.271162 ], [ -6.3245302, 53.2714903 ], [ -6.3236487, 53.271622 ], [ -6.3222172, 53.2718754 ], [ -6.3218436, 53.2719097 ], [ -6.3208075, 53.271884 ], [ -6.3205063, 53.271892199999989 ], [ -6.3201636, 53.2719335 ], [ -6.3198472, 53.2720068 ], [ -6.31954, 53.2721077 ], [ -6.3192331, 53.2722578 ], [ -6.3185028, 53.272818 ], [ -6.3182387, 53.2729162 ], [ -6.3171422, 53.273201199999988 ], [ -6.3164781, 53.2733467 ], [ -6.3159617, 53.273378399999984 ], [ -6.3154092, 53.2733477 ], [ -6.3147732, 53.2732447 ], [ -6.3142923, 53.2731274 ], [ -6.3133641, 53.272977 ], [ -6.3127468, 53.2728981 ], [ -6.3120688, 53.272837 ], [ -6.3115243, 53.2728272 ], [ -6.3110241, 53.2728432 ], [ -6.3101172, 53.2729218 ], [ -6.3090787, 53.2730044 ], [ -6.3083336, 53.2730112 ], [ -6.3073283, 53.2729598 ], [ -6.306923, 53.27299 ], [ -6.3062677, 53.2730413 ], [ -6.3061019, 53.2731038 ], [ -6.3055722, 53.273318 ], [ -6.305041831292841, 53.273632518420065 ], [ -6.303193, 53.2747482 ], [ -6.3028361, 53.2749861 ], [ -6.3027307, 53.2751192 ], [ -6.3026542, 53.2752838 ], [ -6.3021023, 53.276746 ], [ -6.3015439, 53.2782299 ], [ -6.3012063, 53.278951 ], [ -6.3010404, 53.2792699 ], [ -6.3008776, 53.2796482 ], [ -6.3008449, 53.279893 ], [ -6.3014479, 53.2797892 ], [ -6.3023377, 53.2796196 ], [ -6.3031229, 53.279446299999989 ], [ -6.3037733, 53.2792931 ], [ -6.3043063, 53.2792225 ], [ -6.3046267, 53.279219 ], [ -6.3051825, 53.2793066 ], [ -6.3055856, 53.2793626 ], [ -6.3073349, 53.279446299999989 ], [ -6.3076556, 53.2794887 ], [ -6.3078522, 53.2795402 ], [ -6.3080449, 53.2796216 ], [ -6.3083863, 53.279805399999987 ], [ -6.3083736, 53.2799991 ], [ -6.3074659, 53.2808598 ], [ -6.3068364, 53.2814889 ], [ -6.3062466, 53.2819114 ], [ -6.3055689, 53.2822347 ], [ -6.3048308, 53.28247 ], [ -6.3042152, 53.2825933 ], [ -6.3033995, 53.2826701 ], [ -6.3029809, 53.2826707 ], [ -6.3023433, 53.2826501 ], [ -6.3017105, 53.2826136 ], [ -6.301033, 53.2825592 ], [ -6.2997246, 53.2824023 ], [ -6.2975544, 53.2821352 ], [ -6.2973385, 53.2822167 ] ], [ [ -6.2973385, 53.2822167 ], [ -6.2969526, 53.282686899999987 ], [ -6.2962733, 53.2833187 ], [ -6.2960844, 53.2835253 ], [ -6.2957705, 53.2838754 ], [ -6.2955275, 53.2842841 ], [ -6.2954537, 53.2844215 ], [ -6.2953272, 53.2846452 ], [ -6.2951568, 53.2848994 ], [ -6.2950512, 53.2850276 ], [ -6.2947926, 53.2852758 ], [ -6.294283, 53.2856692 ], [ -6.2934643, 53.2862483 ], [ -6.2933337, 53.2863265 ] ], [ [ -6.2933337, 53.2863265 ], [ -6.293771, 53.2865296 ], [ -6.2949977, 53.28708240000001 ], [ -6.2958336, 53.2874476 ], [ -6.2967863, 53.2878659 ], [ -6.2972248, 53.2880536 ], [ -6.2976434, 53.2882182 ], [ -6.2979332, 53.288304 ], [ -6.2987461, 53.2885063 ], [ -6.298364, 53.28925670000001 ], [ -6.2981271, 53.2897617 ], [ -6.2980882, 53.289842 ], [ -6.2980087, 53.290205499999985 ], [ -6.2979654, 53.2904601 ], [ -6.297936, 53.2907567 ], [ -6.2978616, 53.2916718 ], [ -6.2978332, 53.292073 ], [ -6.2978264, 53.2921887 ], [ -6.2977569, 53.2924507 ], [ -6.2975493, 53.2927751 ], [ -6.2974242, 53.2931337 ], [ -6.2971619, 53.2940588 ], [ -6.2968463, 53.2951495 ], [ -6.296793, 53.295405 ], [ -6.296847, 53.2955291 ], [ -6.2971596, 53.2959616 ], [ -6.2963043, 53.2962539 ], [ -6.2956237, 53.296435899999985 ], [ -6.2949395, 53.2965787 ], [ -6.2935748, 53.2967273 ], [ -6.292371, 53.2968436 ], [ -6.2911081, 53.296965 ], [ -6.290484, 53.2970254 ], [ -6.2901516, 53.2970768 ], [ -6.2890416, 53.2974161 ], [ -6.2883653, 53.2976445 ], [ -6.287848, 53.2977734 ], [ -6.287146, 53.2978742 ], [ -6.28673, 53.2978782 ] ], [ [ -6.2657909, 53.3376182 ], [ -6.26635, 53.3376002 ], [ -6.2669677, 53.3376141 ], [ -6.2677822, 53.3376537 ], [ -6.2682952, 53.3377323 ], [ -6.268632, 53.3378222 ], [ -6.2692976, 53.338149699999988 ], [ -6.2694946, 53.338207 ], [ -6.2707238, 53.338356299999987 ], [ -6.2711784, 53.3384637 ], [ -6.2725064, 53.33885320000001 ], [ -6.272443, 53.338396 ], [ -6.2724099, 53.337818699999985 ], [ -6.2724506, 53.3375541 ], [ -6.272723, 53.3368561 ], [ -6.2732826, 53.3357619 ], [ -6.2736989, 53.335215699999985 ], [ -6.2747841, 53.3341762 ], [ -6.2752599, 53.3330706 ], [ -6.275172, 53.3318042 ], [ -6.2752144, 53.331259 ], [ -6.2753652, 53.3301907 ], [ -6.275498781126928, 53.329670281436627 ], [ -6.2755716, 53.329507499999984 ], [ -6.2757745, 53.3292193 ], [ -6.2762167, 53.3286735 ], [ -6.2771101, 53.327634699999983 ], [ -6.2779835, 53.3265525 ], [ -6.2781881, 53.3257069 ], [ -6.2783341, 53.3251978 ], [ -6.2784608, 53.3246502 ], [ -6.2786247, 53.3241189 ], [ -6.2790546, 53.3231009 ], [ -6.2793153, 53.3225403 ], [ -6.2793714, 53.3223612 ], [ -6.2793895, 53.3222386 ], [ -6.2793631, 53.321804 ], [ -6.2793194, 53.3215717 ], [ -6.279187, 53.3211441 ], [ -6.2788742, 53.3205153 ], [ -6.2788005, 53.3202886 ], [ -6.278753, 53.3198789 ], [ -6.2788226, 53.3193683 ], [ -6.2789149, 53.3190447 ], [ -6.2791574, 53.3185931 ], [ -6.2796041, 53.3178868 ], [ -6.2799073, 53.3174775 ], [ -6.2820484, 53.3151466 ], [ -6.2824794, 53.3143948 ], [ -6.2824937, 53.3140949 ], [ -6.2822247, 53.3134936 ], [ -6.2822597, 53.3132218 ], [ -6.2824338, 53.3126396 ], [ -6.2826019, 53.3120047 ], [ -6.28351, 53.3098572 ], [ -6.2836515, 53.3095907 ], [ -6.2838566, 53.3090129 ], [ -6.2839865, 53.3081745 ], [ -6.2839635, 53.3078419 ], [ -6.2839097, 53.3075986 ], [ -6.2837651, 53.3071898 ], [ -6.2833884, 53.3057407 ], [ -6.2833121, 53.3054356 ], [ -6.2832897, 53.3051888 ], [ -6.2833625, 53.3044852 ], [ -6.2838057, 53.3035687 ], [ -6.2838564, 53.3033803 ], [ -6.2838977, 53.3030958 ], [ -6.2839421, 53.3008916 ], [ -6.2838914, 53.3005392 ], [ -6.2837943, 53.3001086 ], [ -6.2837852, 53.2997661 ], [ -6.2838711, 53.299403799999986 ], [ -6.2843806, 53.2987044 ], [ -6.2846988, 53.2980689 ], [ -6.2848375, 53.2977013 ], [ -6.2859653, 53.2977833 ], [ -6.28673, 53.2978782 ] ], [ [ -6.2657909, 53.3376182 ], [ -6.262582706344005, 53.337585053544849 ], [ -6.2581718, 53.3364326 ], [ -6.2575382, 53.3363332 ], [ -6.2573294, 53.3363769 ], [ -6.2570994, 53.336516299999971 ], [ -6.2558594, 53.3380021 ], [ -6.2558594, 53.3380021 ] ], [ [ -6.2654339, 53.3535061 ], [ -6.2653413, 53.353616100000011 ], [ -6.2652112, 53.3537117 ], [ -6.2640907, 53.3541621 ], [ -6.2638618, 53.3542093 ], [ -6.2636418, 53.354236 ], [ -6.2633698, 53.3542424 ], [ -6.263157412248907, 53.354207364623171 ], [ -6.26181732194149, 53.353077463550918 ], [ -6.261428, 53.3527492 ], [ -6.2613231, 53.3527365 ], [ -6.260902400000019, 53.352823599999986 ], [ -6.261342574852171, 53.352556248557569 ], [ -6.2614906, 53.3525003 ], [ -6.261772346724568, 53.352444758367831 ], [ -6.2623843, 53.3521451 ], [ -6.2626018, 53.3520632 ], [ -6.2628223, 53.3519464 ], [ -6.2629686, 53.3519186 ], [ -6.263054315064799, 53.351936839768896 ], [ -6.2632021, 53.3519989 ] ], [ [ -6.2558594, 53.3380021 ], [ -6.2554331, 53.3385455 ], [ -6.2552923, 53.3385857 ], [ -6.2536281, 53.3381471 ], [ -6.2536947, 53.3381017 ], [ -6.2540681, 53.3376077 ], [ -6.254085, 53.3375941 ], [ -6.2541648, 53.3375845 ], [ -6.2552727, 53.3378708 ], [ -6.2558594, 53.3380021 ] ], [ [ -6.2537277, 53.349763 ], [ -6.2535884, 53.3496287 ], [ -6.2535345, 53.349567 ], [ -6.2534719, 53.3494984 ], [ -6.253385937434611, 53.349422813886655 ], [ -6.2532535, 53.3494441 ], [ -6.2529822, 53.349466 ], [ -6.2526202, 53.3494521 ], [ -6.2523156, 53.349402799999986 ], [ -6.2522254, 53.3493633 ], [ -6.2519722, 53.3492467 ], [ -6.2517086, 53.3490654 ], [ -6.2515637, 53.3489103 ], [ -6.2515101, 53.3488274 ], [ -6.2514889, 53.3487639 ], [ -6.2514753, 53.3486348 ], [ -6.251544789676332, 53.348302794823454 ], [ -6.2517484, 53.3476298 ], [ -6.2519025, 53.3472451 ], [ -6.2520122, 53.346551499999983 ], [ -6.2521162, 53.3457851 ], [ -6.2512287, 53.3457338 ], [ -6.2504081, 53.3456547 ], [ -6.2497815, 53.3455984 ], [ -6.2489989, 53.3455391 ], [ -6.2487202, 53.34550560000001 ], [ -6.248445264932028, 53.345442475699336 ], [ -6.2488433, 53.3447704 ], [ -6.2491509, 53.3442872 ], [ -6.2492096, 53.344188299999978 ], [ -6.2492761, 53.3441081 ], [ -6.251515, 53.3445514 ], [ -6.2550211, 53.3452183 ], [ -6.2551049, 53.3452665 ], [ -6.2551368, 53.3453412 ], [ -6.255132716664101, 53.34590492603693 ], [ -6.2551509, 53.3462544 ], [ -6.2551226, 53.3468087 ], [ -6.2549998, 53.3474793 ], [ -6.254944668967894, 53.348279702476823 ], [ -6.254945999998964, 53.348661700003731 ], [ -6.2548513, 53.349000599999989 ], [ -6.254732294495079, 53.349196080322123 ], [ -6.2546664, 53.3492539 ], [ -6.2538519, 53.3495103 ], [ -6.253763, 53.3495753 ], [ -6.2537373, 53.349624 ], [ -6.2537277, 53.349763 ], [ -6.2544091, 53.3507411 ], [ -6.2568923, 53.3542062 ], [ -6.2577172, 53.3540051 ], [ -6.2581941, 53.3538836 ], [ -6.2581941, 53.3538836 ], [ -6.259409, 53.3534929 ], [ -6.2600806, 53.3531961 ], [ -6.2609024, 53.3528236 ], [ -6.260902400000019, 53.352823599999986 ], [ -6.2609024, 53.3528236 ] ], [ [ -6.2536281, 53.3381471 ], [ -6.253528, 53.3382176 ], [ -6.2533336, 53.3384113 ], [ -6.253265, 53.338487 ], [ -6.2528592, 53.3389226 ], [ -6.2520462, 53.3397594 ], [ -6.2507508, 53.3411673 ], [ -6.2523678, 53.341709499999986 ], [ -6.2524377, 53.3417316 ], [ -6.252481, 53.3417535 ], [ -6.2525158, 53.341786 ], [ -6.2525319, 53.341817199999987 ], [ -6.2525396, 53.3418642 ], [ -6.2524668, 53.3418731 ], [ -6.2524006, 53.3418876 ], [ -6.2516883, 53.3421616 ], [ -6.2515606, 53.342183 ], [ -6.2514834, 53.3421772 ], [ -6.2507946, 53.342025 ], [ -6.2506881, 53.3420259 ], [ -6.2506126, 53.342051399999981 ], [ -6.2504881, 53.342169 ], [ -6.250524, 53.342042799999987 ], [ -6.2505109, 53.3420099 ], [ -6.2504831, 53.341982299999984 ], [ -6.2504023, 53.3419434 ], [ -6.2503406, 53.3419272 ], [ -6.2502796, 53.3418428 ], [ -6.250258, 53.3417829 ], [ -6.2502608, 53.3417366 ], [ -6.2507508, 53.3411673 ] ], [ [ -6.250524, 53.342042799999987 ], [ -6.250524, 53.34204279999998 ], [ -6.250524, 53.3420428 ], [ -6.250524, 53.342042799999987 ] ], [ [ -6.2504881, 53.342169 ], [ -6.2496969, 53.3434657 ], [ -6.2492761, 53.3441081 ] ] ] } },
{ "type": "Feature", "properties": { "id": null, "route no": "86" }, "geometry": { "type": "MultiLineString", "coordinates": [ [ [ -6.2586193, 53.3338607 ], [ -6.2586001, 53.3339342 ], [ -6.2572592, 53.3361445 ], [ -6.2570994, 53.336516299999985 ] ], [ [ -6.2422822, 53.3187477 ], [ -6.242407993749998, 53.318828025 ], [ -6.2427902375, 53.31913815 ], [ -6.243389256249998, 53.31957455 ], [ -6.2441898, 53.320043512499993 ], [ -6.245084725223478, 53.320598667735247 ], [ -6.245665739908889, 53.320965743743926 ], [ -6.246277467893101, 53.321375532473624 ], [ -6.246778781249999, 53.321672631249989 ], [ -6.247478067276447, 53.322046211539323 ], [ -6.24795551875, 53.322333762499994 ], [ -6.248962585113385, 53.322873265183702 ], [ -6.249377304731128, 53.323083424418634 ], [ -6.249927512499999, 53.323334675 ], [ -6.251317860431547, 53.323898237555127 ], [ -6.252722175, 53.324342662500001 ], [ -6.253295696399329, 53.32456726903709 ], [ -6.2539478, 53.324849237500004 ], [ -6.254867725, 53.32528885 ], [ -6.2558271125, 53.32616825 ], [ -6.2560437, 53.326332881249989 ], [ -6.2562902, 53.32648455 ], [ -6.256490193749999, 53.326581256249995 ], [ -6.256700293284261, 53.326662299601225 ], [ -6.257735851097546, 53.326988595235747 ], [ -6.258150225, 53.3271505 ], [ -6.258240350022865, 53.327225905694867 ], [ -6.258367906250001, 53.327418962499976 ], [ -6.258430246953329, 53.327642611127033 ], [ -6.258521080430687, 53.328092918141778 ], [ -6.258576842715913, 53.328259775999896 ], [ -6.258747757667468, 53.32862239266727 ], [ -6.259051125, 53.3291495 ], [ -6.25923295177163, 53.329424752762428 ], [ -6.259546414667222, 53.329813347574969 ], [ -6.259707190105869, 53.329989023256616 ], [ -6.260046962500001, 53.330336443749999 ], [ -6.26031815, 53.330568662499999 ], [ -6.2617550625, 53.331519943749996 ], [ -6.263111625, 53.33247745 ], [ -6.2633331, 53.3326162 ], [ -6.2634933, 53.3327098 ], [ -6.2644261, 53.3326219 ], [ -6.2648597, 53.3325969 ], [ -6.2650526, 53.3334719 ], [ -6.2650411, 53.3335512 ], [ -6.2649973, 53.3335993 ], [ -6.264926812499999, 53.333624075 ], [ -6.264915725, 53.33362955 ], [ -6.2648492, 53.3336624 ], [ -6.2642214, 53.3336742 ], [ -6.2631819, 53.3338127 ], [ -6.2630599625, 53.33385745 ], [ -6.2629868, 53.3338843 ], [ -6.2630084, 53.3340931 ], [ -6.2586193, 53.3338607 ], [ -6.2586804, 53.3335108 ], [ -6.258742988345227, 53.333023104992975 ], [ -6.2587583, 53.3328367 ], [ -6.2588741, 53.3327447 ], [ -6.2597037, 53.3327827 ], [ -6.260075, 53.3327948 ], [ -6.2614075, 53.3327644 ], [ -6.2634933, 53.3327098 ] ], [ [ -6.2570994, 53.336516299999971 ], [ -6.2558594, 53.3380021 ], [ -6.2558594, 53.3380021 ], [ -6.2554331, 53.3385455 ], [ -6.2552923, 53.3385857 ], [ -6.2536281, 53.3381471 ], [ -6.2536947, 53.3381017 ], [ -6.2540681, 53.3376077 ], [ -6.254085, 53.3375941 ], [ -6.2541648, 53.3375845 ], [ -6.2552727, 53.3378708 ], [ -6.2558594, 53.3380021 ] ], [ [ -6.254944700029021, 53.348279708528111 ], [ -6.2549447, 53.3482797 ], [ -6.254944668967894, 53.348279702476823 ], [ -6.254944700029021, 53.348279708528111 ] ], [ [ -6.2537277, 53.349763 ], [ -6.2535884, 53.3496287 ], [ -6.2535345, 53.349567 ], [ -6.2534719, 53.3494984 ], [ -6.253385937434611, 53.349422813886655 ], [ -6.2532535, 53.3494441 ], [ -6.2529822, 53.349466 ], [ -6.2526202, 53.3494521 ], [ -6.2523156, 53.349402799999986 ], [ -6.2522254, 53.3493633 ], [ -6.2519722, 53.3492467 ], [ -6.2518597, 53.3491787 ], [ -6.2517086, 53.3490654 ], [ -6.2515637, 53.3489103 ], [ -6.2515101, 53.3488274 ], [ -6.2514889, 53.3487639 ], [ -6.2514753, 53.3486348 ], [ -6.251544789676332, 53.348302794823454 ], [ -6.2517484, 53.3476298 ], [ -6.2518197, 53.3474227 ], [ -6.251861, 53.3473205 ], [ -6.2519025, 53.3472451 ], [ -6.2520122, 53.3465515 ], [ -6.2520495, 53.3462765 ], [ -6.2521162, 53.3457851 ], [ -6.2512287, 53.3457338 ], [ -6.2504081, 53.3456547 ], [ -6.2497815, 53.3455984 ], [ -6.2489989, 53.3455391 ], [ -6.2487202, 53.34550560000001 ], [ -6.248443, 53.3454463 ], [ -6.248445264932029, 53.345442475699329 ], [ -6.2488433, 53.3447704 ], [ -6.2491509, 53.3442872 ], [ -6.2492096, 53.3441883 ], [ -6.2492761, 53.3441081 ], [ -6.2523006, 53.3447038 ], [ -6.2550211, 53.3452183 ], [ -6.2551049, 53.3452665 ], [ -6.2551368, 53.3453412 ], [ -6.2551367, 53.3453557 ], [ -6.255136, 53.3454589 ], [ -6.255132716664101, 53.34590492603693 ], [ -6.2551509, 53.3462544 ], [ -6.2551226, 53.3468087 ], [ -6.255019, 53.3473816 ], [ -6.2549998, 53.3474793 ], [ -6.254944702386688, 53.348279708987427 ], [ -6.254944700141579, 53.348279741602383 ], [ -6.254944700029021, 53.348279708528111 ], [ -6.254944702386688, 53.348279708987427 ], [ -6.254944819013811, 53.348279731708558 ], [ -6.254946, 53.3486617 ], [ -6.254945999998964, 53.348661700003703 ], [ -6.2548513, 53.349000599999989 ], [ -6.254732294495079, 53.349196080322123 ], [ -6.2546664, 53.3492539 ], [ -6.2538519, 53.3495103 ], [ -6.253763, 53.3495753 ], [ -6.2537373, 53.349624 ], [ -6.2537277, 53.349763 ], [ -6.2544091, 53.3507411 ], [ -6.2568923, 53.3542062 ], [ -6.257938, 53.3556449 ], [ -6.2580298, 53.3557391 ], [ -6.2591006, 53.3567871 ], [ -6.2589767, 53.3568845 ], [ -6.2585113, 53.3570601 ], [ -6.2573075, 53.3575039 ], [ -6.2572015, 53.357536 ], [ -6.2570976, 53.3575331 ], [ -6.256509, 53.3569671 ], [ -6.2559997, 53.3564663 ], [ -6.2558978, 53.3563727 ], [ -6.257938, 53.3556449 ] ], [ [ -6.2536281, 53.3381471 ], [ -6.253528, 53.3382176 ], [ -6.2533336, 53.3384113 ], [ -6.253265, 53.338487 ], [ -6.2528592, 53.3389226 ], [ -6.2520462, 53.3397594 ], [ -6.2507508, 53.3411673 ], [ -6.2523678, 53.341709499999986 ], [ -6.2524377, 53.3417316 ], [ -6.252481, 53.3417535 ], [ -6.2525158, 53.341786 ], [ -6.2525319, 53.341817199999987 ], [ -6.2525396, 53.3418642 ], [ -6.2524668, 53.3418731 ], [ -6.2524006, 53.3418876 ], [ -6.2516883, 53.3421616 ], [ -6.2515606, 53.342183 ], [ -6.2514834, 53.3421772 ], [ -6.2507946, 53.342025 ], [ -6.2506881, 53.3420259 ], [ -6.2506385, 53.342036399999984 ], [ -6.2506126, 53.342051399999967 ], [ -6.2504881, 53.342169 ], [ -6.250524, 53.3420428 ], [ -6.2505109, 53.3420099 ], [ -6.2504831, 53.341982299999984 ], [ -6.2504023, 53.3419434 ], [ -6.2503406, 53.3419272 ], [ -6.2502796, 53.3418428 ], [ -6.2502661, 53.3418237 ], [ -6.250258, 53.3417829 ], [ -6.2502608, 53.3417366 ], [ -6.2507508, 53.3411673 ] ], [ [ -6.2504881, 53.342169 ], [ -6.2496969, 53.3434657 ], [ -6.2492761, 53.3441081 ] ], [ [ -6.2284968, 53.271304299999983 ], [ -6.22778325, 53.2713453 ], [ -6.227476087499999, 53.271331387499998 ], [ -6.227148187499999, 53.2712877 ], [ -6.226969462499998, 53.271247137499998 ], [ -6.226811125, 53.271198775 ], [ -6.22660186875, 53.27111159375 ], [ -6.2262885625, 53.270917931250004 ], [ -6.225712525, 53.270448612499997 ], [ -6.225454225, 53.270269137499994 ], [ -6.22488713125, 53.269932443749994 ], [ -6.224593287499999, 53.269821368750002 ], [ -6.224191768749999, 53.269600887500005 ], [ -6.222356974166209, 53.268418600087514 ], [ -6.2213779, 53.26780655 ], [ -6.221280925, 53.267767956249997 ], [ -6.221184575, 53.267750468749995 ], [ -6.22108885, 53.267754087499988 ], [ -6.220453725, 53.267949837499998 ], [ -6.220342143749999, 53.267999243749998 ], [ -6.220277931249998, 53.268044481249994 ], [ -6.220261087499998, 53.26808555 ], [ -6.220366987499999, 53.268239243750003 ], [ -6.220461462499999, 53.268413362499999 ], [ -6.220629025, 53.268791387500002 ], [ -6.220699037499999, 53.26902745000001 ], [ -6.220711806249998, 53.269260212500008 ], [ -6.220694475, 53.269489825 ], [ -6.22065855, 53.269631362499993 ], [ -6.22059795, 53.269792187500002 ], [ -6.2202618, 53.27047405 ], [ -6.220230825, 53.270577 ], [ -6.22023205, 53.270716593749988 ], [ -6.22024845, 53.270783381249998 ], [ -6.220312825, 53.270910937499998 ], [ -6.22040184375, 53.271023381250004 ], [ -6.220563008335848, 53.271171819847609 ], [ -6.220705245858495, 53.271381248476132 ], [ -6.220739405020423, 53.271459466740254 ], [ -6.22077682579986, 53.2716166198895 ], [ -6.220780087417372, 53.27169555477461 ], [ -6.22075923071858, 53.271844912674332 ], [ -6.220701867441364, 53.271982921413354 ], [ -6.220650821220682, 53.272051123206673 ], [ -6.220495325, 53.272189375 ], [ -6.220208225, 53.27236001875 ], [ -6.21992458125, 53.27245283125 ], [ -6.219792462500001, 53.27251125 ], [ -6.21963155, 53.2726236 ], [ -6.219557625, 53.27271515 ], [ -6.219534875, 53.27276625 ], [ -6.2195216, 53.2728209 ], [ -6.219521612499999, 53.272943943750001 ], [ -6.219552075, 53.273093562499994 ], [ -6.21964515, 53.273349706250002 ], [ -6.2198563875, 53.273753825 ], [ -6.2216395625, 53.276352475 ], [ -6.2217082375, 53.2764772 ], [ -6.22171975, 53.27652454375 ], [ -6.2217088875, 53.276551393749997 ], [ -6.221644237500001, 53.276579275 ], [ -6.22079476875, 53.2768039 ], [ -6.219653575, 53.277180225 ], [ -6.219579668750001, 53.277181618750006 ], [ -6.219386687500001, 53.277124837500011 ], [ -6.218925125, 53.276906587499994 ], [ -6.218554737500001, 53.276767275 ], [ -6.216110375, 53.27594055 ], [ -6.2124391, 53.2746727 ], [ -6.2119737625, 53.2745357875 ], [ -6.21155949375, 53.274465018749993 ], [ -6.2112206625, 53.274434362500003 ], [ -6.210838537500001, 53.274448837500003 ], [ -6.21053858125, 53.274486187500003 ], [ -6.2100976, 53.274584962500001 ], [ -6.2097712, 53.274690562499998 ], [ -6.20953915, 53.274813918749999 ], [ -6.20926659375, 53.275015693750007 ], [ -6.20894879375, 53.275332556249992 ], [ -6.207215862499999, 53.277247562499987 ], [ -6.206962362499999, 53.277623881249987 ], [ -6.206888937499999, 53.277899893749996 ], [ -6.206995587499999, 53.2780756 ], [ -6.20825418125, 53.27843213125 ], [ -6.209757275, 53.278887037499999 ], [ -6.210347681250001, 53.27911253125 ], [ -6.21071054375, 53.279314343750002 ], [ -6.210845862499999, 53.279492475 ], [ -6.210562418749998, 53.279949131249992 ], [ -6.209504387499999, 53.281502925 ], [ -6.20936066875, 53.281752543749988 ], [ -6.209232125, 53.282036968749999 ], [ -6.20915135, 53.2823065 ], [ -6.2091303, 53.282493812499993 ], [ -6.20908835, 53.283168175 ], [ -6.20902479375, 53.28481565 ], [ -6.208979175, 53.284953575 ], [ -6.20879295, 53.28532995 ], [ -6.208640537499999, 53.285684762499997 ], [ -6.20803095, 53.28723136875 ], [ -6.207769468750001, 53.287836199999987 ], [ -6.2075407, 53.2884102875 ], [ -6.2074841875, 53.288594162500004 ], [ -6.2074549625, 53.288747837499997 ], [ -6.207453025, 53.2888713125 ], [ -6.207478375, 53.288964587499997 ], [ -6.20754389375, 53.289032787499998 ], [ -6.207649581249999, 53.289075912499996 ], [ -6.207795437499999, 53.289093962499997 ], [ -6.208342825, 53.289078512499998 ], [ -6.20888141875, 53.289083581249997 ], [ -6.2101994375, 53.289188937500001 ], [ -6.210630225, 53.289209387500009 ], [ -6.211524025, 53.2891648 ], [ -6.216209575, 53.2888024 ], [ -6.219312137499999, 53.288895724999989 ], [ -6.224768212499999, 53.289124337499999 ], [ -6.2251792125, 53.289117412499991 ], [ -6.225494406249999, 53.289084481250001 ], [ -6.225764306249999, 53.289032137500001 ], [ -6.22634885, 53.288871175 ], [ -6.2264783625, 53.288948825 ], [ -6.226652287499999, 53.289126375 ], [ -6.226870625, 53.289403825 ], [ -6.2283142875, 53.291468506250013 ], [ -6.228965762499999, 53.292271899999989 ], [ -6.22916515, 53.292483643749982 ], [ -6.229372187499999, 53.292676912499999 ], [ -6.230371012499999, 53.293516375 ], [ -6.23104605, 53.294111162499995 ], [ -6.2312299375, 53.29432135 ], [ -6.231656475, 53.29486275 ], [ -6.2318404, 53.295066762500007 ], [ -6.233175037499999, 53.296310225 ], [ -6.23340485, 53.296584725 ], [ -6.233507587499999, 53.296737737499996 ], [ -6.23367661875, 53.297039375 ], [ -6.233867887500001, 53.297437487499991 ], [ -6.2339545125, 53.297665824999982 ], [ -6.2339817375, 53.297814387499983 ], [ -6.233984662499999, 53.2979801 ], [ -6.233949187499999, 53.298217924999989 ], [ -6.23385795, 53.298461787500003 ], [ -6.233755437499999, 53.29866305 ], [ -6.2333659875, 53.299281537500001 ], [ -6.23330516875, 53.299421756249998 ], [ -6.233258525, 53.2995762 ], [ -6.23326485, 53.299971856249996 ], [ -6.233410612499998, 53.301427487499993 ], [ -6.23343089375, 53.302529481249998 ], [ -6.23346185, 53.302788637500001 ], [ -6.233585562499999, 53.30299675 ], [ -6.2338262, 53.303258031250003 ], [ -6.23411685, 53.303492537500006 ], [ -6.2348185, 53.303967362499989 ], [ -6.235650443749998, 53.304742918749994 ], [ -6.236511381249999, 53.305473025 ], [ -6.236712187499998, 53.305667575 ], [ -6.2368824, 53.305881962500003 ], [ -6.23693985, 53.306079868750011 ], [ -6.236952575, 53.306409631249998 ], [ -6.23692565, 53.306925237499996 ], [ -6.2368630875, 53.307662637500002 ], [ -6.2368733375, 53.307908075 ], [ -6.2373221375, 53.308748675000011 ], [ -6.237970793749999, 53.309891993749986 ], [ -6.23818015, 53.310354525000015 ], [ -6.238339125, 53.310823237500003 ], [ -6.2387950875, 53.312627793749996 ], [ -6.2388123625, 53.312720262500001 ], [ -6.23881169375, 53.312823612499997 ], [ -6.23873051875, 53.313240806249993 ], [ -6.238596143749999, 53.313698318749999 ], [ -6.238232525, 53.314792237499994 ], [ -6.23808425, 53.315152612499993 ], [ -6.2377783375, 53.315627556250007 ], [ -6.23772465, 53.315733625 ], [ -6.237718181249999, 53.315843481249999 ], [ -6.2377325875, 53.315946062500004 ], [ -6.237778375, 53.316053481250002 ], [ -6.23790733125, 53.316207237499995 ], [ -6.23804865, 53.31631955 ], [ -6.23842765625, 53.316494381249989 ], [ -6.239995375, 53.317164674999987 ], [ -6.24026649375, 53.317306675 ], [ -6.2407112875, 53.317592274999988 ], [ -6.24148564375, 53.318131356249992 ], [ -6.241993056249999, 53.318511862500003 ], [ -6.2422822, 53.3187477 ] ], [ [ -6.2420773, 53.2688709 ], [ -6.241869718749999, 53.268957843749995 ], [ -6.241596712499999, 53.269038756249984 ], [ -6.240989812500001, 53.269183087499997 ], [ -6.24049925, 53.269277675 ], [ -6.2397764, 53.269464437499998 ], [ -6.2394907, 53.269512106249998 ], [ -6.239097812499999, 53.269542762499995 ], [ -6.23820925, 53.26957935 ], [ -6.238040012499999, 53.269569525 ], [ -6.237861043749998, 53.269539206250002 ], [ -6.237652618749999, 53.269467587499989 ], [ -6.237428962499999, 53.269342349999974 ], [ -6.237298025, 53.269210162499988 ], [ -6.2372314375, 53.269082775 ], [ -6.237214043750001, 53.269014431249992 ], [ -6.237212656250001, 53.268914656249997 ], [ -6.237234537500001, 53.26882055 ], [ -6.23727875, 53.268732275 ], [ -6.237424018750001, 53.268576631249985 ], [ -6.2375251, 53.268507462499997 ], [ -6.23766025, 53.268441087500008 ], [ -6.237832225, 53.268382287500003 ], [ -6.238031762499999, 53.268342193749987 ], [ -6.238782525, 53.26827725 ], [ -6.23937175, 53.268191800000011 ], [ -6.239718975, 53.26812215 ], [ -6.24028051875, 53.267972975 ], [ -6.240611475, 53.2678613625 ], [ -6.240870956250001, 53.267745093750008 ], [ -6.241122175, 53.267586362499998 ], [ -6.241269425, 53.267467812499994 ], [ -6.241340525, 53.267391762499997 ], [ -6.241480375, 53.2672073 ], [ -6.2415776875, 53.266999487500001 ], [ -6.241670243750001, 53.266664725 ], [ -6.2417300125, 53.266302025 ], [ -6.2418596625, 53.265963025 ], [ -6.24206041875, 53.265351412499996 ], [ -6.2420287125, 53.265301862500003 ], [ -6.241632275, 53.26514 ], [ -6.241287825, 53.265020362500003 ], [ -6.2408411, 53.2649037 ] ], [ [ -6.2408411, 53.2649037 ], [ -6.2403262375, 53.264824712500001 ], [ -6.239880525, 53.26479585 ], [ -6.239401325, 53.2647978 ], [ -6.2389685125, 53.264837925 ], [ -6.238649025, 53.26488905 ], [ -6.2383493375, 53.2649585 ], [ -6.237402793749999, 53.265277706250004 ], [ -6.236946993749999, 53.265403606250004 ], [ -6.2365344, 53.265472493749989 ], [ -6.236131018749999, 53.265500525 ], [ -6.2357091, 53.265500912499988 ], [ -6.234979306250001, 53.26547440625 ], [ -6.230825720865844, 53.26527644681196 ], [ -6.229900087500001, 53.265259281249996 ], [ -6.229227625, 53.265283775 ], [ -6.229190765429742, 53.265308211045664 ], [ -6.229167196289225, 53.265351733137003 ], [ -6.22915691757845, 53.26541434127401 ], [ -6.229180318749998, 53.266497912499986 ], [ -6.229181093749999, 53.267440118750002 ], [ -6.229201937499999, 53.268010093750007 ], [ -6.229231812499998, 53.26835646875 ], [ -6.22922483125, 53.268629875000016 ], [ -6.2291490375, 53.269008025 ], [ -6.228839771003897, 53.269917591531204 ], [ -6.2286470375, 53.270549737499977 ], [ -6.2284968, 53.2713043 ] ], [ [ -6.2291524, 53.2652918 ], [ -6.2291524, 53.2652918 ] ], [ [ -6.2075164, 53.2891045 ], [ -6.2075164, 53.2891045 ] ] ] } },
{ "type": "Feature", "properties": { "id": null, "route no": "87" }, "geometry": { "type": "MultiLineString", "coordinates": [ [ [ -6.2648597, 53.3325969 ], [ -6.2650526, 53.3334719 ], [ -6.2650411, 53.3335512 ], [ -6.2649973, 53.3335993 ], [ -6.2649268125, 53.333624075 ], [ -6.2648492, 53.3336624 ], [ -6.2642214, 53.3336742 ], [ -6.2631819, 53.3338127 ], [ -6.2630599625, 53.33385745 ], [ -6.2629868, 53.3338843 ], [ -6.2630084, 53.3340931 ], [ -6.2586193, 53.3338607 ], [ -6.2586804, 53.3335108 ], [ -6.258742988345227, 53.333023104992975 ], [ -6.2587583, 53.3328367 ], [ -6.2588741, 53.3327447 ], [ -6.2597037, 53.3327827 ], [ -6.260075, 53.3327948 ], [ -6.2614075, 53.3327644 ], [ -6.2634933, 53.3327098 ], [ -6.2644261, 53.3326219 ], [ -6.2648597, 53.3325969 ] ], [ [ -6.2634933, 53.3327098 ], [ -6.2634933, 53.3327098 ], [ -6.2633331, 53.3326162 ], [ -6.2630812484375, 53.332456642187495 ], [ -6.26170045625, 53.331483001562503 ], [ -6.2603497375, 53.330591168749997 ], [ -6.260038412500001, 53.330328298437493 ], [ -6.25970987179018, 53.329991793799387 ], [ -6.259543408136461, 53.329809735787592 ], [ -6.259235027111778, 53.329427698815877 ], [ -6.259049762499999, 53.3291471 ], [ -6.258744689521534, 53.328616702958861 ], [ -6.258575393331869, 53.328256279234985 ], [ -6.258523360502468, 53.32810008783207 ], [ -6.258429295570783, 53.327638453850589 ], [ -6.258369798437501, 53.327424046874981 ], [ -6.258242458360009, 53.327228556644016 ], [ -6.258154265624999, 53.327153168750002 ], [ -6.257722957621931, 53.326984365919685 ], [ -6.256710964926392, 53.326666086901838 ], [ -6.256478535937499, 53.326576185937498 ], [ -6.2562985640625, 53.326489115624994 ], [ -6.2560540625, 53.326339896874991 ], [ -6.255817781249999, 53.326160325 ], [ -6.2548752125, 53.325294275 ], [ -6.254754125, 53.325225565624997 ], [ -6.253938165624999, 53.324844778124998 ], [ -6.253306957098994, 53.324571928555628 ], [ -6.252732487499999, 53.324346456250005 ], [ -6.251307947712201, 53.323894251282908 ], [ -6.249915635937499, 53.32332945 ], [ -6.249383503942607, 53.323086349515528 ], [ -6.248968768790326, 53.322876531431604 ], [ -6.2479621078125, 53.322337418749996 ], [ -6.247471581063706, 53.322042538782767 ], [ -6.246769796874998, 53.321667584374993 ], [ -6.246272709406464, 53.321372550289425 ], [ -6.245672419531341, 53.320970118182103 ], [ -6.245093598474474, 53.320604204332419 ], [ -6.24417885, 53.320036931249994 ], [ -6.243381284374998, 53.319569275 ], [ -6.242801943749999, 53.319146975 ], [ -6.242322521874998, 53.318765942187497 ], [ -6.242330303124999, 53.318684470312505 ], [ -6.24241224375, 53.318552426562498 ], [ -6.2425224375, 53.318443390624992 ], [ -6.242674425, 53.318331668750005 ], [ -6.243043909374999, 53.31812595000001 ], [ -6.243858265624999, 53.317751040624998 ], [ -6.244196614062498, 53.317576901562504 ], [ -6.244466056249999, 53.317402756250004 ], [ -6.244632298437499, 53.317240315625 ], [ -6.244731359374999, 53.317052459374992 ], [ -6.244819142187499, 53.316757726562486 ], [ -6.244886065624998, 53.316591465624988 ], [ -6.245416503124998, 53.315667099999985 ], [ -6.246755493749999, 53.3136534625 ], [ -6.247127253124999, 53.313022129687489 ], [ -6.247469509374999, 53.312642781249998 ], [ -6.2475712234375, 53.312504439062494 ], [ -6.247656089062499, 53.312304056249999 ], [ -6.2478423796875, 53.311654335937497 ], [ -6.248085631249999, 53.310938393750007 ], [ -6.248095328124999, 53.310859690625009 ], [ -6.248086359375, 53.310785596875007 ], [ -6.248058725, 53.310716112500003 ], [ -6.247947459374998, 53.310590971875001 ], [ -6.247761531249999, 53.310484268750002 ], [ -6.247262203124999, 53.310277518750006 ], [ -6.247018559374999, 53.31013262812499 ], [ -6.246886121874998, 53.310018378124994 ], [ -6.246799490625, 53.309913993750001 ], [ -6.246672709374999, 53.309735882812497 ], [ -6.24660353125, 53.309589937499986 ], [ -6.246577553124999, 53.30939721093749 ], [ -6.24657919375, 53.308524937499996 ], [ -6.246521425, 53.308123593749997 ], [ -6.2463601359375, 53.307458062500004 ], [ -6.2460567078125, 53.306335828125 ], [ -6.2459050015625, 53.305827478125003 ], [ -6.245684765624999, 53.305178792187505 ], [ -6.2456418921875, 53.304608403125002 ], [ -6.245605334375001, 53.304400137500004 ], [ -6.245342075, 53.303601556249994 ], [ -6.245279643749999, 53.3033511 ], [ -6.245244362499999, 53.303092793750004 ], [ -6.2452074375, 53.302580643750005 ], [ -6.2452204640625, 53.302240729687497 ], [ -6.245286053125, 53.301969937500004 ], [ -6.2453348875, 53.301863887499998 ], [ -6.2457847890625, 53.301096762500009 ], [ -6.246040103125001, 53.300506156249995 ], [ -6.246239668749999, 53.299955806249997 ], [ -6.246413531250001, 53.299313487500001 ], [ -6.246482593750001, 53.298934237499992 ], [ -6.2465436875, 53.298484534374992 ], [ -6.246553675, 53.298111290624995 ], [ -6.2465197359375, 53.297738635937506 ], [ -6.2464330875, 53.297176956249999 ], [ -6.246193687500001, 53.295943712499998 ], [ -6.2461626375, 53.29561451875 ], [ -6.2461256, 53.29465325 ], [ -6.245957735937501, 53.293879020312502 ], [ -6.245942559374999, 53.293755681250005 ], [ -6.24594766875, 53.293628181250007 ], [ -6.245998659375, 53.293460968749997 ], [ -6.2460896671875, 53.293260557812502 ], [ -6.2464224859375, 53.2926567875 ], [ -6.246573382812501, 53.292415342187503 ], [ -6.246986346875, 53.291857506250004 ], [ -6.247086093749999, 53.291695706250003 ], [ -6.2471414703125, 53.291477765624997 ], [ -6.247141659375, 53.291249109374995 ], [ -6.2470972359375, 53.291064573437509 ], [ -6.2470303265625, 53.290918776562506 ], [ -6.2469346578125, 53.290773340624995 ], [ -6.2468074171875, 53.290625696874997 ], [ -6.245791206250001, 53.289707893749998 ], [ -6.245346954604926, 53.289270540818166 ], [ -6.245141185187959, 53.289047880408717 ], [ -6.24427270625, 53.288015112499998 ], [ -6.2433715546875, 53.287064826562499 ], [ -6.242613718749999, 53.286356725 ], [ -6.241640875, 53.285508812499998 ], [ -6.2412740625, 53.285334929687494 ], [ -6.2407623046875, 53.285143959375006 ], [ -6.240431821874999, 53.285051325 ], [ -6.240192506250001, 53.285022393749998 ], [ -6.239644012499999, 53.285063231249993 ], [ -6.239353903125, 53.285125434374997 ], [ -6.23909368125, 53.285218237500004 ], [ -6.238535037499999, 53.285456445312505 ], [ -6.238375725, 53.285532212500001 ], [ -6.23831551875, 53.285582568750002 ], [ -6.2382946875, 53.28563395 ], [ -6.23831323125, 53.285686356250004 ], [ -6.238954759375, 53.286409690625007 ], [ -6.239155070312499, 53.286609562500004 ], [ -6.2393601546875, 53.2867811 ], [ -6.2396287984375, 53.286962109374997 ], [ -6.24016343125, 53.287289984374993 ], [ -6.24062708125, 53.2876187 ], [ -6.240778464062501, 53.28770895 ], [ -6.241309087499999, 53.287972476562494 ], [ -6.241694525, 53.288146306249999 ], [ -6.2424675375, 53.288420339062505 ], [ -6.2427768375, 53.288592228125005 ], [ -6.242941828125, 53.28872065625 ], [ -6.2431824046875, 53.288947025 ], [ -6.2433418828125, 53.289128312499997 ], [ -6.243568268750001, 53.289431906250002 ], [ -6.2437166515625, 53.289579731250001 ], [ -6.243980553125001, 53.289786253125001 ], [ -6.244520634375, 53.290135859375006 ], [ -6.244861259374999, 53.290403921874997 ], [ -6.245139721875001, 53.290674078125001 ], [ -6.245335078125, 53.29088624218749 ], [ -6.245454625, 53.291064218749995 ], [ -6.245553156250001, 53.2912631875 ], [ -6.245631253125001, 53.291539825 ], [ -6.24572121875, 53.291994487500006 ], [ -6.245758493749999, 53.292049290625002 ], [ -6.2458506171875, 53.292116881250003 ], [ -6.245879028125, 53.292155018749995 ], [ -6.245869737500001, 53.292190681249998 ], [ -6.24579994375, 53.292280812499996 ], [ -6.24578215625, 53.292337653124996 ], [ -6.24576970625, 53.292541306250001 ], [ -6.245786003124999, 53.292623212500011 ], [ -6.245863075, 53.292663075 ], [ -6.2463835, 53.2927184 ] ], [ [ -6.2586193, 53.3338607 ], [ -6.2586001, 53.3339342 ], [ -6.2572592, 53.3361445 ], [ -6.2570994, 53.336516299999985 ] ], [ [ -6.2570994, 53.336516299999971 ], [ -6.2558594, 53.3380021 ], [ -6.2558594, 53.3380021 ], [ -6.2554331, 53.3385455 ], [ -6.2552923, 53.3385857 ], [ -6.2536281, 53.3381471 ], [ -6.2536947, 53.3381017 ], [ -6.2540681, 53.3376077 ], [ -6.254085, 53.3375941 ], [ -6.2541648, 53.3375845 ], [ -6.2552727, 53.3378708 ], [ -6.2558594, 53.3380021 ] ], [ [ -6.254944700029021, 53.348279708528111 ], [ -6.2549447, 53.3482797 ], [ -6.254944668967894, 53.348279702476823 ], [ -6.254944700029021, 53.348279708528111 ] ], [ [ -6.2537277, 53.349763 ], [ -6.2535884, 53.3496287 ], [ -6.2535345, 53.349567 ], [ -6.2534719, 53.3494984 ], [ -6.253385937434611, 53.349422813886655 ], [ -6.2532535, 53.3494441 ], [ -6.2529822, 53.349466 ], [ -6.2526202, 53.3494521 ], [ -6.2523156, 53.349402799999986 ], [ -6.2522254, 53.3493633 ], [ -6.2519722, 53.3492467 ], [ -6.2518597, 53.3491787 ], [ -6.2517086, 53.3490654 ], [ -6.2515637, 53.3489103 ], [ -6.2515101, 53.3488274 ], [ -6.2514889, 53.3487639 ], [ -6.2514753, 53.3486348 ], [ -6.251544789676332, 53.348302794823454 ], [ -6.2517484, 53.3476298 ], [ -6.2518197, 53.3474227 ], [ -6.251861, 53.3473205 ], [ -6.2519025, 53.3472451 ], [ -6.2520122, 53.3465515 ], [ -6.2520495, 53.3462765 ], [ -6.2521162, 53.3457851 ], [ -6.2512287, 53.3457338 ], [ -6.2504081, 53.3456547 ], [ -6.2497815, 53.3455984 ], [ -6.2489989, 53.3455391 ], [ -6.2487202, 53.34550560000001 ], [ -6.248443, 53.3454463 ], [ -6.248445264932029, 53.345442475699329 ], [ -6.2488433, 53.3447704 ], [ -6.2491509, 53.3442872 ], [ -6.2492096, 53.3441883 ], [ -6.2492761, 53.3441081 ], [ -6.2523006, 53.3447038 ], [ -6.2550211, 53.3452183 ], [ -6.2551049, 53.3452665 ], [ -6.2551368, 53.3453412 ], [ -6.2551367, 53.3453557 ], [ -6.255136, 53.3454589 ], [ -6.255132716664101, 53.34590492603693 ], [ -6.2551509, 53.3462544 ], [ -6.2551226, 53.3468087 ], [ -6.255019, 53.3473816 ], [ -6.2549998, 53.3474793 ], [ -6.254944702386688, 53.348279708987427 ], [ -6.254944700141579, 53.348279741602383 ], [ -6.254944700029021, 53.348279708528111 ], [ -6.254944702386688, 53.348279708987427 ], [ -6.254944819013811, 53.348279731708558 ], [ -6.254946, 53.3486617 ], [ -6.254945999998964, 53.348661700003703 ], [ -6.2548513, 53.349000599999989 ], [ -6.254732294495079, 53.349196080322123 ], [ -6.2546664, 53.3492539 ], [ -6.2538519, 53.3495103 ], [ -6.253763, 53.3495753 ], [ -6.2537373, 53.349624 ], [ -6.2537277, 53.349763 ], [ -6.2544091, 53.3507411 ], [ -6.2568923, 53.3542062 ], [ -6.257938, 53.3556449 ], [ -6.2580298, 53.3557391 ], [ -6.2591006, 53.3567871 ], [ -6.2589767, 53.3568845 ], [ -6.2585113, 53.3570601 ], [ -6.2573075, 53.3575039 ], [ -6.2572015, 53.357536 ], [ -6.2570976, 53.3575331 ], [ -6.256509, 53.3569671 ], [ -6.2559997, 53.3564663 ], [ -6.2558978, 53.3563727 ], [ -6.257938, 53.3556449 ] ], [ [ -6.2536281, 53.3381471 ], [ -6.253528, 53.3382176 ], [ -6.2533336, 53.3384113 ], [ -6.253265, 53.338487 ], [ -6.2528592, 53.3389226 ], [ -6.2520462, 53.3397594 ], [ -6.2507508, 53.3411673 ], [ -6.2523678, 53.341709499999986 ], [ -6.2524377, 53.3417316 ], [ -6.252481, 53.3417535 ], [ -6.2525158, 53.341786 ], [ -6.2525319, 53.341817199999987 ], [ -6.2525396, 53.3418642 ], [ -6.2524668, 53.3418731 ], [ -6.2524006, 53.3418876 ], [ -6.2516883, 53.3421616 ], [ -6.2515606, 53.342183 ], [ -6.2514834, 53.3421772 ], [ -6.2507946, 53.342025 ], [ -6.2506881, 53.3420259 ], [ -6.2506385, 53.342036399999984 ], [ -6.2506126, 53.342051399999967 ], [ -6.2504881, 53.342169 ], [ -6.250524, 53.3420428 ], [ -6.2505109, 53.3420099 ], [ -6.2504831, 53.341982299999984 ], [ -6.2504023, 53.3419434 ], [ -6.2503406, 53.3419272 ], [ -6.2502796, 53.3418428 ], [ -6.2502661, 53.3418237 ], [ -6.250258, 53.3417829 ], [ -6.2502608, 53.3417366 ], [ -6.2507508, 53.3411673 ] ], [ [ -6.2504881, 53.342169 ], [ -6.2496969, 53.3434657 ], [ -6.2492761, 53.3441081 ] ], [ [ -6.2382291, 53.285593299999988 ], [ -6.238007862499998, 53.2853241125 ], [ -6.23779085, 53.285104118750006 ], [ -6.236853846874999, 53.284292981250005 ], [ -6.236724096874999, 53.284195793750001 ], [ -6.236485362499999, 53.284085212499996 ], [ -6.236197793749998, 53.283994912499999 ], [ -6.235069667187499, 53.283734568749999 ], [ -6.2348470625, 53.283661037499996 ], [ -6.234655675, 53.2835710875 ], [ -6.2344590765625, 53.2834461375 ], [ -6.234266709374999, 53.283298421875003 ], [ -6.2341136, 53.283146343749991 ], [ -6.233946921874999, 53.282903114062478 ], [ -6.233515518749999, 53.282082081250003 ], [ -6.233391625, 53.281885317187502 ], [ -6.233164206249999, 53.281631775 ], [ -6.2324932359375, 53.280992414062503 ], [ -6.2322798546875, 53.280710948437502 ], [ -6.232170818749999, 53.280514106250003 ], [ -6.232097295312499, 53.280344114062501 ], [ -6.231659075, 53.279090456249996 ], [ -6.2314209125, 53.278501884375004 ], [ -6.231322284375002, 53.278207078125 ], [ -6.231243603125, 53.278040928125002 ], [ -6.231131653125, 53.277866690624997 ], [ -6.23093439375, 53.277639771875002 ], [ -6.230216001562501, 53.277038678124995 ], [ -6.2300077859375, 53.276825893750001 ], [ -6.2298054421875, 53.276580643749995 ], [ -6.229631862500001, 53.276309401562493 ], [ -6.2295482734375, 53.276126214062501 ], [ -6.22950845, 53.275959965625006 ], [ -6.2294567, 53.2756152 ] ], [ [ -6.2294567, 53.2756152 ], [ -6.229388406275089, 53.275214705325141 ], [ -6.229128525, 53.273997484374995 ], [ -6.229036563284611, 53.273741874833647 ], [ -6.22888729611055, 53.273447347605739 ], [ -6.2287425328125, 53.273105834375002 ], [ -6.228636876562501, 53.272789084375006 ], [ -6.228568717956676, 53.272521468502958 ], [ -6.228525850696725, 53.27227319202072 ], [ -6.228501918556801, 53.271980461672342 ], [ -6.228488167147249, 53.271512007509855 ], [ -6.2284968, 53.271304299999983 ] ], [ [ -6.2291524, 53.2652918 ], [ -6.229180492187499, 53.266512840624991 ], [ -6.229181460937499, 53.267457320312502 ], [ -6.229200734374999, 53.267988035937506 ], [ -6.229232303124999, 53.268373267187499 ], [ -6.229222570312499, 53.268647240625015 ], [ -6.2291438859375, 53.269024998437494 ], [ -6.228833096669914, 53.26993818877601 ], [ -6.22865184375, 53.27053229374998 ], [ -6.228574704687499, 53.270869739062491 ], [ -6.2284968, 53.2713043 ] ], [ [ -6.2213609, 53.257343199999987 ], [ -6.22186948125, 53.257670037499999 ], [ -6.222154895312499, 53.257885484375002 ], [ -6.22406875, 53.259589256249996 ], [ -6.224254731249999, 53.25973525 ], [ -6.224618129687499, 53.259937878125001 ], [ -6.226261246875, 53.260734384374999 ], [ -6.226514478125, 53.26089346093751 ], [ -6.226767565625001, 53.261118915625005 ], [ -6.22691538125, 53.261293412499995 ], [ -6.2270509375, 53.261537668749995 ], [ -6.2271209078125, 53.261762959374991 ], [ -6.227228962499999, 53.262308175 ], [ -6.227328562499999, 53.262528151562506 ], [ -6.22745169375, 53.26272895 ], [ -6.22771119375, 53.263020967187487 ], [ -6.22864695625, 53.263906656250001 ], [ -6.228782984374998, 53.264060410937503 ], [ -6.228874493749999, 53.264192875 ], [ -6.228956776562501, 53.264393654687495 ], [ -6.229032490624999, 53.264637531250003 ], [ -6.2291096125, 53.264999145312487 ], [ -6.2291524, 53.2652918 ] ], [ [ -6.2275656, 53.2628905 ], [ -6.2273048875, 53.262934584375003 ], [ -6.227034296874999, 53.26286525 ], [ -6.226725603124999, 53.262812325 ], [ -6.225753373437499, 53.26270100156249 ], [ -6.225333209374999, 53.26270606562499 ], [ -6.22483120625, 53.262747728124992 ], [ -6.224714771874998, 53.262771209375003 ], [ -6.224561271874999, 53.262832459375005 ], [ -6.224380640624998, 53.262928093750006 ], [ -6.223966981249999, 53.263186918750002 ], [ -6.223723821875, 53.263303309374997 ], [ -6.223460337499999, 53.263401206249995 ], [ -6.2231283, 53.263496003125006 ], [ -6.222733046875001, 53.263578040624992 ], [ -6.222375606250001, 53.263632462499992 ], [ -6.222046543749999, 53.263657512499996 ], [ -6.221719506249999, 53.263650537499998 ], [ -6.221437060937499, 53.2636277 ], [ -6.221101712499999, 53.263583457812487 ], [ -6.2208979375, 53.263532078124996 ], [ -6.220665978124999, 53.263454795312498 ], [ -6.2204229625, 53.263343725 ], [ -6.220164948437501, 53.263190607812504 ], [ -6.219980340625, 53.263044953124997 ], [ -6.219769612499999, 53.262824103124991 ], [ -6.219635890624998, 53.262609420312486 ], [ -6.2192012375, 53.261475385937494 ], [ -6.2192289125, 53.261431301562489 ], [ -6.219284432812499, 53.261395421875001 ], [ -6.2194849421875, 53.261360065625006 ], [ -6.220988654687499, 53.26130786249999 ], [ -6.221090378125, 53.261277759374998 ], [ -6.22117748125, 53.261233710937496 ], [ -6.221242575, 53.261177718749991 ], [ -6.221292387499998, 53.261107281249991 ], [ -6.221321318749998, 53.260960525 ], [ -6.221269068750001, 53.260773287499994 ], [ -6.221194693749999, 53.26064885 ], [ -6.220950779687501, 53.260335771874999 ], [ -6.220901129687499, 53.260236826562483 ], [ -6.22089844375, 53.260186584374992 ], [ -6.220931548437498, 53.2600419609375 ], [ -6.221005517187499, 53.259914304687484 ], [ -6.2211470625, 53.259786443750002 ], [ -6.221414962499999, 53.259610737500005 ], [ -6.2214732609375, 53.259545782812495 ], [ -6.221510793749999, 53.259430775 ], [ -6.221487064062499, 53.259281435937503 ], [ -6.22143425, 53.259191262500003 ], [ -6.221370110937499, 53.259140820312496 ], [ -6.22069046875, 53.258808146874983 ], [ -6.220575671874999, 53.258735476562492 ], [ -6.22044353125, 53.258585187499996 ], [ -6.220176006249999, 53.25822035 ], [ -6.220086928124999, 53.258076053125002 ], [ -6.220068628125, 53.258005603125 ], [ -6.220097517187501, 53.257912603124993 ], [ -6.220179939062499, 53.257827487499995 ], [ -6.22077048125, 53.257505956250007 ], [ -6.22099623125, 53.257399625 ], [ -6.2211175765625, 53.257358645312493 ], [ -6.2213609, 53.2573432 ] ] ] } },
{ "type": "Feature", "properties": { "id": null, "route no": "88" }, "geometry": { "type": "MultiLineString", "coordinates": [ [ [ -6.2648597, 53.3325969 ], [ -6.2650526, 53.3334719 ], [ -6.2650411, 53.3335512 ], [ -6.2649973, 53.3335993 ], [ -6.2649268125, 53.333624075 ], [ -6.2648492, 53.3336624 ], [ -6.2642214, 53.3336742 ], [ -6.2631819, 53.3338127 ], [ -6.2630599625, 53.33385745 ], [ -6.2629868, 53.3338843 ], [ -6.2630084, 53.3340931 ], [ -6.2586193, 53.3338607 ], [ -6.2586804, 53.3335108 ], [ -6.258742988345227, 53.333023104992975 ], [ -6.2587583, 53.3328367 ], [ -6.2588741, 53.3327447 ], [ -6.2597037, 53.3327827 ], [ -6.260075, 53.3327948 ], [ -6.2614075, 53.3327644 ], [ -6.2634933, 53.3327098 ], [ -6.2644261, 53.3326219 ], [ -6.2648597, 53.3325969 ] ], [ [ -6.2634933, 53.3327098 ], [ -6.2634933, 53.3327098 ], [ -6.2633331, 53.3326162 ], [ -6.2630812484375, 53.332456642187495 ], [ -6.26170045625, 53.331483001562503 ], [ -6.2603497375, 53.330591168749997 ], [ -6.260038412500001, 53.330328298437493 ], [ -6.25970987179018, 53.329991793799387 ], [ -6.259543408136461, 53.329809735787592 ], [ -6.259235027111778, 53.329427698815877 ], [ -6.259049762499999, 53.3291471 ], [ -6.258744689521534, 53.328616702958861 ], [ -6.258575393331869, 53.328256279234985 ], [ -6.258523360502468, 53.32810008783207 ], [ -6.258429295570783, 53.327638453850589 ], [ -6.258369798437501, 53.327424046874981 ], [ -6.258242458360009, 53.327228556644016 ], [ -6.258154265624999, 53.327153168750002 ], [ -6.257722957621931, 53.326984365919685 ], [ -6.256710964926392, 53.326666086901838 ], [ -6.256478535937499, 53.326576185937498 ], [ -6.2562985640625, 53.326489115624994 ], [ -6.2560540625, 53.326339896874991 ], [ -6.255817781249999, 53.326160325 ], [ -6.2548752125, 53.325294275 ], [ -6.254754125, 53.325225565624997 ], [ -6.253938165624999, 53.324844778124998 ], [ -6.253306957098994, 53.324571928555628 ], [ -6.252732487499999, 53.324346456250005 ], [ -6.251307947712201, 53.323894251282908 ], [ -6.249915635937499, 53.32332945 ], [ -6.249383503942607, 53.323086349515528 ], [ -6.248968768790326, 53.322876531431604 ], [ -6.2479621078125, 53.322337418749996 ], [ -6.247471581063706, 53.322042538782767 ], [ -6.246769796874998, 53.321667584374993 ], [ -6.246272709406464, 53.321372550289425 ], [ -6.245672419531341, 53.320970118182103 ], [ -6.245093598474474, 53.320604204332419 ], [ -6.24417885, 53.320036931249994 ], [ -6.243381284374998, 53.319569275 ], [ -6.242801943749999, 53.319146975 ], [ -6.242322521874998, 53.318765942187497 ], [ -6.242330303124999, 53.318684470312505 ], [ -6.24241224375, 53.318552426562498 ], [ -6.2425224375, 53.318443390624992 ], [ -6.242674425, 53.318331668750005 ], [ -6.243043909374999, 53.31812595000001 ], [ -6.243858265624999, 53.317751040624998 ], [ -6.244196614062498, 53.317576901562504 ], [ -6.244466056249999, 53.317402756250004 ], [ -6.244632298437499, 53.317240315625 ], [ -6.244731359374999, 53.317052459374992 ], [ -6.244819142187499, 53.316757726562486 ], [ -6.244886065624998, 53.316591465624988 ], [ -6.245416503124998, 53.315667099999985 ], [ -6.246755493749999, 53.3136534625 ], [ -6.247127253124999, 53.313022129687489 ], [ -6.247469509374999, 53.312642781249998 ], [ -6.2475712234375, 53.312504439062494 ], [ -6.247656089062499, 53.312304056249999 ], [ -6.2478423796875, 53.311654335937497 ], [ -6.248085631249999, 53.310938393750007 ], [ -6.248095328124999, 53.310859690625009 ], [ -6.248086359375, 53.310785596875007 ], [ -6.248058725, 53.310716112500003 ], [ -6.247947459374998, 53.310590971875001 ], [ -6.247761531249999, 53.310484268750002 ], [ -6.247262203124999, 53.310277518750006 ], [ -6.247018559374999, 53.31013262812499 ], [ -6.246886121874998, 53.310018378124994 ], [ -6.246799490625, 53.309913993750001 ], [ -6.246672709374999, 53.309735882812497 ], [ -6.24660353125, 53.309589937499986 ], [ -6.246577553124999, 53.30939721093749 ], [ -6.24657919375, 53.308524937499996 ], [ -6.246521425, 53.308123593749997 ], [ -6.2463601359375, 53.307458062500004 ], [ -6.2460567078125, 53.306335828125 ], [ -6.2459050015625, 53.305827478125003 ], [ -6.245684765624999, 53.305178792187505 ], [ -6.2456418921875, 53.304608403125002 ], [ -6.245605334375001, 53.304400137500004 ], [ -6.245342075, 53.303601556249994 ], [ -6.245279643749999, 53.3033511 ], [ -6.245244362499999, 53.303092793750004 ], [ -6.2452074375, 53.302580643750005 ], [ -6.2452204640625, 53.302240729687497 ], [ -6.245286053125, 53.301969937500004 ], [ -6.2453348875, 53.301863887499998 ], [ -6.2457847890625, 53.301096762500009 ], [ -6.246040103125001, 53.300506156249995 ], [ -6.246239668749999, 53.299955806249997 ], [ -6.246413531250001, 53.299313487500001 ], [ -6.246482593750001, 53.298934237499992 ], [ -6.2465436875, 53.298484534374992 ], [ -6.246553675, 53.298111290624995 ], [ -6.2465197359375, 53.297738635937506 ], [ -6.2464330875, 53.297176956249999 ], [ -6.246193687500001, 53.295943712499998 ], [ -6.2461626375, 53.29561451875 ], [ -6.2461256, 53.29465325 ], [ -6.245957735937501, 53.293879020312502 ], [ -6.245942559374999, 53.293755681250005 ], [ -6.24594766875, 53.293628181250007 ], [ -6.245998659375, 53.293460968749997 ], [ -6.2460896671875, 53.293260557812502 ], [ -6.2464224859375, 53.2926567875 ], [ -6.246573382812501, 53.292415342187503 ], [ -6.246986346875, 53.291857506250004 ], [ -6.247086093749999, 53.291695706250003 ], [ -6.2471414703125, 53.291477765624997 ], [ -6.247141659375, 53.291249109374995 ], [ -6.2470972359375, 53.291064573437509 ], [ -6.2470303265625, 53.290918776562506 ], [ -6.2469346578125, 53.290773340624995 ], [ -6.2468074171875, 53.290625696874997 ], [ -6.245791206250001, 53.289707893749998 ], [ -6.245346954604926, 53.289270540818166 ], [ -6.245141185187959, 53.289047880408717 ], [ -6.24427270625, 53.288015112499998 ], [ -6.2433715546875, 53.287064826562499 ], [ -6.242613718749999, 53.286356725 ], [ -6.241640875, 53.285508812499998 ], [ -6.2412740625, 53.285334929687494 ], [ -6.2407623046875, 53.285143959375006 ], [ -6.240431821874999, 53.285051325 ], [ -6.240192506250001, 53.285022393749998 ], [ -6.239644012499999, 53.285063231249993 ], [ -6.239353903125, 53.285125434374997 ], [ -6.23909368125, 53.285218237500004 ], [ -6.238535037499999, 53.285456445312505 ], [ -6.238375725, 53.285532212500001 ], [ -6.23831551875, 53.285582568750002 ], [ -6.2382946875, 53.28563395 ], [ -6.23831323125, 53.285686356250004 ], [ -6.238954759375, 53.286409690625007 ], [ -6.239155070312499, 53.286609562500004 ], [ -6.2393601546875, 53.2867811 ], [ -6.2396287984375, 53.286962109374997 ], [ -6.24016343125, 53.287289984374993 ], [ -6.24062708125, 53.2876187 ], [ -6.240778464062501, 53.28770895 ], [ -6.241309087499999, 53.287972476562494 ], [ -6.241694525, 53.288146306249999 ], [ -6.2424675375, 53.288420339062505 ], [ -6.2427768375, 53.288592228125005 ], [ -6.242941828125, 53.28872065625 ], [ -6.2431824046875, 53.288947025 ], [ -6.2433418828125, 53.289128312499997 ], [ -6.243568268750001, 53.289431906250002 ], [ -6.2437166515625, 53.289579731250001 ], [ -6.243980553125001, 53.289786253125001 ], [ -6.244520634375, 53.290135859375006 ], [ -6.244861259374999, 53.290403921874997 ], [ -6.245139721875001, 53.290674078125001 ], [ -6.245335078125, 53.29088624218749 ], [ -6.245454625, 53.291064218749995 ], [ -6.245553156250001, 53.2912631875 ], [ -6.245631253125001, 53.291539825 ], [ -6.24572121875, 53.291994487500006 ], [ -6.245758493749999, 53.292049290625002 ], [ -6.2458506171875, 53.292116881250003 ], [ -6.245879028125, 53.292155018749995 ], [ -6.245869737500001, 53.292190681249998 ], [ -6.24579994375, 53.292280812499996 ], [ -6.24578215625, 53.292337653124996 ], [ -6.24576970625, 53.292541306250001 ], [ -6.245786003124999, 53.292623212500011 ], [ -6.245863075, 53.292663075 ], [ -6.2463835, 53.2927184 ] ], [ [ -6.2586193, 53.3338607 ], [ -6.2586001, 53.3339342 ], [ -6.2572592, 53.3361445 ], [ -6.2570994, 53.336516299999985 ] ], [ [ -6.2570994, 53.336516299999971 ], [ -6.2558594, 53.3380021 ], [ -6.2558594, 53.3380021 ], [ -6.2554331, 53.3385455 ], [ -6.2552923, 53.3385857 ], [ -6.2536281, 53.3381471 ], [ -6.2536947, 53.3381017 ], [ -6.2540681, 53.3376077 ], [ -6.254085, 53.3375941 ], [ -6.2541648, 53.3375845 ], [ -6.2552727, 53.3378708 ], [ -6.2558594, 53.3380021 ] ], [ [ -6.254944700029021, 53.348279708528111 ], [ -6.2549447, 53.3482797 ], [ -6.254944668967894, 53.348279702476823 ], [ -6.254944700029021, 53.348279708528111 ] ], [ [ -6.2537277, 53.349763 ], [ -6.2535884, 53.3496287 ], [ -6.2535345, 53.349567 ], [ -6.2534719, 53.3494984 ], [ -6.253385937434611, 53.349422813886655 ], [ -6.2532535, 53.3494441 ], [ -6.2529822, 53.349466 ], [ -6.2526202, 53.3494521 ], [ -6.2523156, 53.349402799999986 ], [ -6.2522254, 53.3493633 ], [ -6.2519722, 53.3492467 ], [ -6.2518597, 53.3491787 ], [ -6.2517086, 53.3490654 ], [ -6.2515637, 53.3489103 ], [ -6.2515101, 53.3488274 ], [ -6.2514889, 53.3487639 ], [ -6.2514753, 53.3486348 ], [ -6.251544789676332, 53.348302794823454 ], [ -6.2517484, 53.3476298 ], [ -6.2518197, 53.3474227 ], [ -6.251861, 53.3473205 ], [ -6.2519025, 53.3472451 ], [ -6.2520122, 53.3465515 ], [ -6.2520495, 53.3462765 ], [ -6.2521162, 53.3457851 ], [ -6.2512287, 53.3457338 ], [ -6.2504081, 53.3456547 ], [ -6.2497815, 53.3455984 ], [ -6.2489989, 53.3455391 ], [ -6.2487202, 53.34550560000001 ], [ -6.248443, 53.3454463 ], [ -6.248445264932029, 53.345442475699329 ], [ -6.2488433, 53.3447704 ], [ -6.2491509, 53.3442872 ], [ -6.2492096, 53.3441883 ], [ -6.2492761, 53.3441081 ], [ -6.2523006, 53.3447038 ], [ -6.2550211, 53.3452183 ], [ -6.2551049, 53.3452665 ], [ -6.2551368, 53.3453412 ], [ -6.2551367, 53.3453557 ], [ -6.255136, 53.3454589 ], [ -6.255132716664101, 53.34590492603693 ], [ -6.2551509, 53.3462544 ], [ -6.2551226, 53.3468087 ], [ -6.255019, 53.3473816 ], [ -6.2549998, 53.3474793 ], [ -6.254944702386688, 53.348279708987427 ], [ -6.254944700141579, 53.348279741602383 ], [ -6.254944700029021, 53.348279708528111 ], [ -6.254944702386688, 53.348279708987427 ], [ -6.254944819013811, 53.348279731708558 ], [ -6.254946, 53.3486617 ], [ -6.254945999998964, 53.348661700003703 ], [ -6.2548513, 53.349000599999989 ], [ -6.254732294495079, 53.349196080322123 ], [ -6.2546664, 53.3492539 ], [ -6.2538519, 53.3495103 ], [ -6.253763, 53.3495753 ], [ -6.2537373, 53.349624 ], [ -6.2537277, 53.349763 ], [ -6.2544091, 53.3507411 ], [ -6.2568923, 53.3542062 ], [ -6.257938, 53.3556449 ], [ -6.2580298, 53.3557391 ], [ -6.2591006, 53.3567871 ], [ -6.2589767, 53.3568845 ], [ -6.2585113, 53.3570601 ], [ -6.2573075, 53.3575039 ], [ -6.2572015, 53.357536 ], [ -6.2570976, 53.3575331 ], [ -6.256509, 53.3569671 ], [ -6.2559997, 53.3564663 ], [ -6.2558978, 53.3563727 ], [ -6.257938, 53.3556449 ] ], [ [ -6.2536281, 53.3381471 ], [ -6.253528, 53.3382176 ], [ -6.2533336, 53.3384113 ], [ -6.253265, 53.338487 ], [ -6.2528592, 53.3389226 ], [ -6.2520462, 53.3397594 ], [ -6.2507508, 53.3411673 ], [ -6.2523678, 53.341709499999986 ], [ -6.2524377, 53.3417316 ], [ -6.252481, 53.3417535 ], [ -6.2525158, 53.341786 ], [ -6.2525319, 53.341817199999987 ], [ -6.2525396, 53.3418642 ], [ -6.2524668, 53.3418731 ], [ -6.2524006, 53.3418876 ], [ -6.2516883, 53.3421616 ], [ -6.2515606, 53.342183 ], [ -6.2514834, 53.3421772 ], [ -6.2507946, 53.342025 ], [ -6.2506881, 53.3420259 ], [ -6.2506385, 53.342036399999984 ], [ -6.2506126, 53.342051399999967 ], [ -6.2504881, 53.342169 ], [ -6.250524, 53.3420428 ], [ -6.2505109, 53.3420099 ], [ -6.2504831, 53.341982299999984 ], [ -6.2504023, 53.3419434 ], [ -6.2503406, 53.3419272 ], [ -6.2502796, 53.3418428 ], [ -6.2502661, 53.3418237 ], [ -6.250258, 53.3417829 ], [ -6.2502608, 53.3417366 ], [ -6.2507508, 53.3411673 ] ], [ [ -6.2504881, 53.342169 ], [ -6.2496969, 53.3434657 ], [ -6.2492761, 53.3441081 ] ], [ [ -6.2382291, 53.285593299999988 ], [ -6.238007862499998, 53.2853241125 ], [ -6.23779085, 53.285104118750006 ], [ -6.236853846874999, 53.284292981250005 ], [ -6.236724096874999, 53.284195793750001 ], [ -6.236485362499999, 53.284085212499996 ], [ -6.236197793749998, 53.283994912499999 ], [ -6.235069667187499, 53.283734568749999 ], [ -6.2348470625, 53.283661037499996 ], [ -6.234655675, 53.2835710875 ], [ -6.2344590765625, 53.2834461375 ], [ -6.234266709374999, 53.283298421875003 ], [ -6.2341136, 53.283146343749991 ], [ -6.233946921874999, 53.282903114062478 ], [ -6.233515518749999, 53.282082081250003 ], [ -6.233391625, 53.281885317187502 ], [ -6.233164206249999, 53.281631775 ], [ -6.2324932359375, 53.280992414062503 ], [ -6.2322798546875, 53.280710948437502 ], [ -6.232170818749999, 53.280514106250003 ], [ -6.232097295312499, 53.280344114062501 ], [ -6.231659075, 53.279090456249996 ], [ -6.2314209125, 53.278501884375004 ], [ -6.231322284375002, 53.278207078125 ], [ -6.231243603125, 53.278040928125002 ], [ -6.231131653125, 53.277866690624997 ], [ -6.23093439375, 53.277639771875002 ], [ -6.230216001562501, 53.277038678124995 ], [ -6.2300077859375, 53.276825893750001 ], [ -6.2298054421875, 53.276580643749995 ], [ -6.229631862500001, 53.276309401562493 ], [ -6.2295482734375, 53.276126214062501 ], [ -6.22950845, 53.275959965625006 ], [ -6.2294567, 53.2756152 ] ], [ [ -6.2294567, 53.2756152 ], [ -6.229388406275089, 53.275214705325141 ], [ -6.229128525, 53.273997484374995 ], [ -6.229036563284611, 53.273741874833647 ], [ -6.22888729611055, 53.273447347605739 ], [ -6.2287425328125, 53.273105834375002 ], [ -6.228636876562501, 53.272789084375006 ], [ -6.228568717956676, 53.272521468502958 ], [ -6.228525850696725, 53.27227319202072 ], [ -6.228501918556801, 53.271980461672342 ], [ -6.228488167147249, 53.271512007509855 ], [ -6.2284968, 53.271304299999983 ] ], [ [ -6.2291524, 53.2652918 ], [ -6.229180492187499, 53.266512840624991 ], [ -6.229181460937499, 53.267457320312502 ], [ -6.229200734374999, 53.267988035937506 ], [ -6.229232303124999, 53.268373267187499 ], [ -6.229222570312499, 53.268647240625015 ], [ -6.2291438859375, 53.269024998437494 ], [ -6.228833096669914, 53.26993818877601 ], [ -6.22865184375, 53.27053229374998 ], [ -6.228574704687499, 53.270869739062491 ], [ -6.2284968, 53.2713043 ] ], [ [ -6.2213609, 53.257343199999987 ], [ -6.22186948125, 53.257670037499999 ], [ -6.222154895312499, 53.257885484375002 ], [ -6.22406875, 53.259589256249996 ], [ -6.224254731249999, 53.25973525 ], [ -6.224618129687499, 53.259937878125001 ], [ -6.226261246875, 53.260734384374999 ], [ -6.226514478125, 53.26089346093751 ], [ -6.226767565625001, 53.261118915625005 ], [ -6.22691538125, 53.261293412499995 ], [ -6.2270509375, 53.261537668749995 ], [ -6.2271209078125, 53.261762959374991 ], [ -6.227228962499999, 53.262308175 ], [ -6.227328562499999, 53.262528151562506 ], [ -6.22745169375, 53.26272895 ], [ -6.22771119375, 53.263020967187487 ], [ -6.22864695625, 53.263906656250001 ], [ -6.228782984374998, 53.264060410937503 ], [ -6.228874493749999, 53.264192875 ], [ -6.228956776562501, 53.264393654687495 ], [ -6.229032490624999, 53.264637531250003 ], [ -6.2291096125, 53.264999145312487 ], [ -6.2291524, 53.2652918 ] ], [ [ -6.2275656, 53.2628905 ], [ -6.2273048875, 53.262934584375003 ], [ -6.227034296874999, 53.26286525 ], [ -6.226725603124999, 53.262812325 ], [ -6.225753373437499, 53.26270100156249 ], [ -6.225333209374999, 53.26270606562499 ], [ -6.22483120625, 53.262747728124992 ], [ -6.224714771874998, 53.262771209375003 ], [ -6.224561271874999, 53.262832459375005 ], [ -6.224380640624998, 53.262928093750006 ], [ -6.223966981249999, 53.263186918750002 ], [ -6.223723821875, 53.263303309374997 ], [ -6.223460337499999, 53.263401206249995 ], [ -6.2231283, 53.263496003125006 ], [ -6.222733046875001, 53.263578040624992 ], [ -6.222375606250001, 53.263632462499992 ], [ -6.222046543749999, 53.263657512499996 ], [ -6.221719506249999, 53.263650537499998 ], [ -6.221437060937499, 53.2636277 ], [ -6.221101712499999, 53.263583457812487 ], [ -6.2208979375, 53.263532078124996 ], [ -6.220665978124999, 53.263454795312498 ], [ -6.2204229625, 53.263343725 ], [ -6.220164948437501, 53.263190607812504 ], [ -6.219980340625, 53.263044953124997 ], [ -6.219769612499999, 53.262824103124991 ], [ -6.219635890624998, 53.262609420312486 ], [ -6.2192012375, 53.261475385937494 ], [ -6.2192289125, 53.261431301562489 ], [ -6.219284432812499, 53.261395421875001 ], [ -6.2194849421875, 53.261360065625006 ], [ -6.220988654687499, 53.26130786249999 ], [ -6.221090378125, 53.261277759374998 ], [ -6.22117748125, 53.261233710937496 ], [ -6.221242575, 53.261177718749991 ], [ -6.221292387499998, 53.261107281249991 ], [ -6.221321318749998, 53.260960525 ], [ -6.221269068750001, 53.260773287499994 ], [ -6.221194693749999, 53.26064885 ], [ -6.220950779687501, 53.260335771874999 ], [ -6.220901129687499, 53.260236826562483 ], [ -6.22089844375, 53.260186584374992 ], [ -6.220931548437498, 53.2600419609375 ], [ -6.221005517187499, 53.259914304687484 ], [ -6.2211470625, 53.259786443750002 ], [ -6.221414962499999, 53.259610737500005 ], [ -6.2214732609375, 53.259545782812495 ], [ -6.221510793749999, 53.259430775 ], [ -6.221487064062499, 53.259281435937503 ], [ -6.22143425, 53.259191262500003 ], [ -6.221370110937499, 53.259140820312496 ], [ -6.22069046875, 53.258808146874983 ], [ -6.220575671874999, 53.258735476562492 ], [ -6.22044353125, 53.258585187499996 ], [ -6.220176006249999, 53.25822035 ], [ -6.220086928124999, 53.258076053125002 ], [ -6.220068628125, 53.258005603125 ], [ -6.220097517187501, 53.257912603124993 ], [ -6.220179939062499, 53.257827487499995 ], [ -6.22077048125, 53.257505956250007 ], [ -6.2211132, 53.257358596874994 ], [ -6.221203343749996, 53.257341456249989 ], [ -6.2213609, 53.2573432 ] ], [ [ -6.2143181, 53.2530219 ], [ -6.2147310375, 53.253266917187496 ], [ -6.215033375, 53.25341000625 ], [ -6.2156277125, 53.253647306249995 ], [ -6.217181934375, 53.254226718750004 ], [ -6.217455590625, 53.254356165624998 ], [ -6.217848653124999, 53.254575134374996 ], [ -6.218211184375, 53.254809665624997 ], [ -6.218667964062499, 53.255130604687501 ], [ -6.220110115625, 53.256213103124999 ], [ -6.220763490624999, 53.256670659374997 ], [ -6.220881292187499, 53.256784510937493 ], [ -6.221142565624998, 53.257158971874993 ], [ -6.2213609, 53.2573432 ] ], [ [ -6.1934589, 53.2356791 ], [ -6.1937357234375, 53.235841543750006 ], [ -6.193885090625, 53.235964675 ], [ -6.194160209374999, 53.236362925 ], [ -6.19465265, 53.236813287500006 ], [ -6.195080943750001, 53.237348618750005 ], [ -6.19566256875, 53.238000075 ], [ -6.196191021875, 53.23896099531251 ], [ -6.196299740625, 53.239184743750002 ], [ -6.196369575, 53.239428681249997 ], [ -6.1963962125, 53.239813675 ], [ -6.19644975, 53.239963512499997 ], [ -6.196891846874999, 53.240647215625003 ], [ -6.197072075, 53.240895085937495 ], [ -6.19722404375, 53.241068256249989 ], [ -6.1973939875, 53.241210906249997 ], [ -6.1975352890625, 53.241298646874995 ], [ -6.198047334375, 53.24156488749999 ], [ -6.198185414062499, 53.241658843750002 ], [ -6.19842118125, 53.2419065 ], [ -6.198616821875, 53.242200479687497 ], [ -6.1987334609375, 53.242405089062501 ], [ -6.1987925375, 53.242546506250001 ], [ -6.198814834375, 53.242663756250003 ], [ -6.198825706249999, 53.242871762499995 ], [ -6.19885620625, 53.243001106249999 ], [ -6.1991413578125, 53.243535479687502 ], [ -6.1992103125, 53.243722518749998 ], [ -6.1992152953125, 53.243853746875004 ], [ -6.199045015625001, 53.24425715 ], [ -6.199020753125, 53.244438917187495 ], [ -6.199038009375, 53.244544745312496 ], [ -6.1990820015625, 53.244652357812505 ], [ -6.19932261875, 53.245009959374997 ], [ -6.1993817046875, 53.245126125 ], [ -6.199388243750001, 53.245186781249998 ], [ -6.199291768750001, 53.245338132812506 ], [ -6.1993141375, 53.245388940625006 ], [ -6.1993431625, 53.245415884375006 ], [ -6.199436893750001, 53.245472851562496 ], [ -6.1999257875, 53.245685234374989 ], [ -6.201422675, 53.246381356249998 ], [ -6.201972421875, 53.246618568749994 ], [ -6.202593112500001, 53.246857654687489 ], [ -6.202933625, 53.247016595312495 ], [ -6.203300465624999, 53.247243065625 ], [ -6.203679625, 53.247569592187503 ], [ -6.203939875, 53.247762365625007 ], [ -6.20485349375, 53.248318093750001 ], [ -6.2053142125, 53.248651631249999 ], [ -6.2058177125, 53.248925725 ], [ -6.206831340625, 53.249344346874999 ], [ -6.209640128124999, 53.250409848437506 ], [ -6.210332975, 53.250691559375007 ], [ -6.210791234375002, 53.250899976562508 ], [ -6.210932393750001, 53.2509767 ], [ -6.211394612499999, 53.251279418749995 ], [ -6.21196964375, 53.2516072828125 ], [ -6.21227909375, 53.251802990624995 ], [ -6.21253128125, 53.251993481249997 ], [ -6.21301694375, 53.25241141875 ], [ -6.21317441875, 53.252521709375003 ], [ -6.213444395312499, 53.252652982812492 ], [ -6.2139678875, 53.2528311 ], [ -6.2143181, 53.2530219 ] ], [ [ -6.1706953, 53.188333 ], [ -6.170025992187499, 53.188390125 ], [ -6.169910909375, 53.188414068749992 ], [ -6.16986336875, 53.188447518749989 ], [ -6.1698059, 53.188613190624991 ], [ -6.169477812499999, 53.189323787500001 ], [ -6.1694465046875, 53.18941575625 ], [ -6.16938424375, 53.1898387 ], [ -6.169347862499999, 53.190271609374996 ], [ -6.169328390624999, 53.190622617187501 ], [ -6.16933231875, 53.190708434374997 ], [ -6.169354453125, 53.190783148437504 ], [ -6.169510365624999, 53.19088015 ], [ -6.1700706375, 53.191301465625003 ], [ -6.170884356250001, 53.191839043750001 ], [ -6.171701584375, 53.192353801562504 ], [ -6.172782659375001, 53.192977110937498 ], [ -6.17318346875, 53.193236371874995 ], [ -6.1735967375, 53.193534768749991 ], [ -6.174541792187501, 53.194258306249999 ], [ -6.174681832812499, 53.194378931249993 ], [ -6.174725603125001, 53.194454370312499 ], [ -6.174719403125, 53.194554614062511 ], [ -6.174626153125001, 53.1947293953125 ], [ -6.17439694375, 53.19508295 ], [ -6.17427123125, 53.195204943749999 ], [ -6.1739841375, 53.195386173437498 ], [ -6.173253353125, 53.195637321874997 ], [ -6.173068634374999, 53.195728368749997 ], [ -6.173015490625, 53.195790143750003 ], [ -6.17299863125, 53.195881706250006 ], [ -6.17300106875, 53.195971218749996 ], [ -6.173074471874999, 53.196450401562501 ], [ -6.173078893750001, 53.196652840624992 ], [ -6.173044540625, 53.196991515625001 ], [ -6.172963328124999, 53.197302837500004 ], [ -6.17294671875, 53.197444025 ], [ -6.172976371874999, 53.197593412499998 ], [ -6.17311809375, 53.198009581249998 ], [ -6.1731898125, 53.1983059875 ], [ -6.1732415859375, 53.198428239062501 ], [ -6.173332990625, 53.198559959375004 ], [ -6.17354440625, 53.198775293749996 ], [ -6.17393334375, 53.199091309374992 ], [ -6.17417295625, 53.199247010937498 ], [ -6.174387893750001, 53.199351354687494 ], [ -6.174594526562499, 53.199430929687502 ], [ -6.175440671875, 53.199689665624994 ], [ -6.17583834375, 53.199826431250003 ], [ -6.17601845625, 53.199904271875006 ], [ -6.176195956250001, 53.20000935 ], [ -6.17634224375, 53.200136265624998 ], [ -6.17657586875, 53.200373343749995 ], [ -6.1770135, 53.20089515 ], [ -6.1774274953125, 53.2014547234375 ], [ -6.177584578124999, 53.201711346875001 ], [ -6.1776513125, 53.2018631125 ], [ -6.177660617187499, 53.201974667187507 ], [ -6.177624012500001, 53.202119271874999 ], [ -6.177554481250001, 53.202274037500004 ], [ -6.177430796875001, 53.202438709374988 ], [ -6.1768598984375, 53.203047946875003 ], [ -6.175456065624999, 53.204452356250002 ], [ -6.175106101562501, 53.204850362500004 ], [ -6.174686693749999, 53.205403425 ], [ -6.174512087500001, 53.205676006249995 ], [ -6.174417881250001, 53.205893781250005 ], [ -6.174207354687501, 53.206499396875003 ], [ -6.1741171515625, 53.206856701562501 ], [ -6.174119659375, 53.206973209375008 ], [ -6.174153212499999, 53.207157362500006 ], [ -6.1744308609375, 53.208267434375003 ], [ -6.174552525, 53.208694775 ], [ -6.176658340625, 53.213571565625003 ], [ -6.176761803125, 53.213767915624999 ], [ -6.1768571375, 53.213907706250005 ], [ -6.17716359375, 53.214276893749997 ], [ -6.177316387500001, 53.214426753124997 ], [ -6.17756801875, 53.214621425 ], [ -6.17847251875, 53.215211543750002 ], [ -6.17879395, 53.215436459375006 ], [ -6.179014609375001, 53.2156235046875 ], [ -6.179143540624999, 53.215778153125001 ], [ -6.179273246874999, 53.215994771875003 ], [ -6.179373221875, 53.216246493749999 ], [ -6.179500090625001, 53.21671155624999 ], [ -6.179764262499999, 53.21780051875001 ], [ -6.17983830625, 53.218035212499998 ], [ -6.17989646875, 53.218156356249992 ], [ -6.17998661875, 53.21830396875 ], [ -6.1800796140625, 53.218423821875007 ], [ -6.181327881250001, 53.219872884374993 ], [ -6.1815171625, 53.220124406250001 ], [ -6.181605470312499, 53.220280968750004 ], [ -6.181748631250001, 53.220623793749994 ], [ -6.181780453125, 53.220741271874992 ], [ -6.181803928125001, 53.220911746874997 ], [ -6.181782978125, 53.221213085937507 ], [ -6.181615545312499, 53.222523235937501 ], [ -6.181629993750001, 53.222795612500001 ], [ -6.181704793750001, 53.223239482812495 ], [ -6.1818254171875, 53.223667479687492 ], [ -6.182160006249999, 53.224464725 ], [ -6.182422309374999, 53.224883323437503 ], [ -6.1826179, 53.225150271875002 ], [ -6.183137959375001, 53.2257994671875 ], [ -6.183829856249999, 53.226602393749999 ], [ -6.1872781125, 53.230455596875004 ], [ -6.18749773125, 53.230735618750003 ], [ -6.187712271875, 53.231162968749999 ], [ -6.187755225, 53.231222181249997 ], [ -6.187803840625, 53.231261743749997 ], [ -6.18788738125, 53.231284243749997 ], [ -6.187979557812501, 53.231341032812487 ], [ -6.188201951562499, 53.231555251562497 ], [ -6.1892728015625, 53.232785153125008 ], [ -6.1903580828125, 53.233998534374997 ], [ -6.190508725, 53.234120817187488 ], [ -6.19104521875, 53.234436412499996 ], [ -6.1934589, 53.2356791 ] ] ] } },
{ "type": "Feature", "properties": { "id": null, "route no": "L61" }, "geometry": { "type": "MultiLineString", "coordinates": [ [ [ -6.411005, 53.4016042 ], [ -6.4117745, 53.4013771 ], [ -6.4124771, 53.4010801 ], [ -6.4127954, 53.4008981 ], [ -6.4132457, 53.4005776 ], [ -6.4137513, 53.4000925 ], [ -6.4141388, 53.3996231 ], [ -6.4145362, 53.3991306 ], [ -6.4155265, 53.3978886 ], [ -6.4156459, 53.397746 ], [ -6.4158236, 53.397591 ], [ -6.4163418, 53.3970381 ], [ -6.4173209, 53.3958793 ], [ -6.4183165, 53.3945623 ], [ -6.4184612, 53.3941695 ], [ -6.4185291, 53.3939151 ], [ -6.4185919, 53.3936217 ], [ -6.4186864, 53.3930294 ], [ -6.4186793, 53.392635 ], [ -6.4186477, 53.3924988 ], [ -6.4185155, 53.3922481 ], [ -6.418431, 53.3921528 ], [ -6.4178371, 53.3916733 ], [ -6.4176303, 53.3915635 ], [ -6.4172131, 53.3913793 ], [ -6.4169478, 53.3912957 ], [ -6.4164045, 53.3911922 ], [ -6.4150582, 53.3910636 ], [ -6.4143539, 53.3909952 ], [ -6.4131855, 53.3908621 ], [ -6.4124429, 53.3907956 ], [ -6.4120777, 53.3907968 ], [ -6.4116956, 53.3908035 ], [ -6.4100556, 53.3910245 ], [ -6.409821, 53.3910592 ], [ -6.4087076, 53.3912173 ], [ -6.4086758, 53.3910792 ], [ -6.4086243, 53.3906317 ], [ -6.4086304, 53.3904126 ], [ -6.4086635, 53.3901701 ], [ -6.4088235, 53.3896477 ], [ -6.40891174630013, 53.389295286172036 ], [ -6.408959, 53.3890674 ], [ -6.4090173, 53.3888483 ], [ -6.409209, 53.3883418 ], [ -6.4097151, 53.3875074 ], [ -6.4098723, 53.3872602 ], [ -6.409995678215606, 53.387038595876227 ] ], [ [ -6.409995639744013, 53.387038588159484 ], [ -6.4100484, 53.3869439 ], [ -6.4101252, 53.3867798 ], [ -6.4101608, 53.3866426 ], [ -6.410166, 53.3864369 ], [ -6.410146, 53.3862626 ], [ -6.4099752, 53.3856476 ], [ -6.4095504, 53.3846382 ], [ -6.40946, 53.3843802 ], [ -6.4094067, 53.3840881 ], [ -6.4094093, 53.3835868 ], [ -6.4093975, 53.3834162 ], [ -6.4093692, 53.3831099 ], [ -6.409375, 53.382973 ], [ -6.409375426677483, 53.382973035928991 ] ], [ [ -6.409375, 53.382973 ], [ -6.408899, 53.3829317 ], [ -6.4081997, 53.3829063 ], [ -6.4073753, 53.382898099999984 ], [ -6.4067355, 53.3828926 ], [ -6.4060459, 53.3828523 ], [ -6.4042484, 53.3827164 ], [ -6.403417694960448, 53.382677276323761 ], [ -6.4029206, 53.382669599999986 ], [ -6.4022902, 53.3827148 ], [ -6.4014469, 53.382804899999989 ], [ -6.4007516, 53.3828532 ], [ -6.4002444, 53.3828247 ], [ -6.3992686, 53.3827129 ], [ -6.3986921, 53.3826551 ], [ -6.3980736, 53.3826568 ], [ -6.3970594, 53.3827314 ], [ -6.3962693, 53.3828037 ], [ -6.395055, 53.3829576 ], [ -6.3947698, 53.3829992 ], [ -6.3943896, 53.3830589 ], [ -6.3938761, 53.3831187 ], [ -6.3935259, 53.3831696 ], [ -6.392822, 53.3833523 ], [ -6.3914173, 53.3837643 ], [ -6.3896462, 53.3842931 ], [ -6.3891917, 53.3844341 ], [ -6.3884369, 53.3847453 ], [ -6.387385, 53.3852016 ], [ -6.3864932, 53.385586 ], [ -6.3847516, 53.3864147 ], [ -6.3832311, 53.3875919 ], [ -6.3825401, 53.3881281 ], [ -6.38181, 53.388686 ], [ -6.381674, 53.3887762 ], [ -6.3814782, 53.3888552 ], [ -6.3809496, 53.3889744 ], [ -6.3807423, 53.3890156 ], [ -6.3804681, 53.3890136 ], [ -6.3802135, 53.3888846 ], [ -6.3795253, 53.3881087 ], [ -6.3792504, 53.3878507 ], [ -6.3788683, 53.387582 ], [ -6.3782781, 53.3872992 ], [ -6.3777084, 53.3870144 ], [ -6.3767281, 53.3865168 ], [ -6.3759898, 53.3862353 ], [ -6.375568, 53.3860953 ], [ -6.3749831, 53.3859075 ], [ -6.3745298, 53.3858257 ], [ -6.3739466, 53.3857392 ], [ -6.3731637, 53.3856169 ], [ -6.3723903, 53.3853085 ] ], [ [ -6.391669459708994, 53.397621712362529 ], [ -6.392042315107382, 53.397430629261081 ], [ -6.3922535, 53.3973224 ], [ -6.3924914, 53.3971404 ], [ -6.3928795, 53.3968361 ], [ -6.3941822, 53.3961162 ], [ -6.3953756, 53.3954969 ], [ -6.3960616, 53.3951177 ], [ -6.3969201, 53.39454 ], [ -6.397958, 53.393732899999989 ], [ -6.398060877827684, 53.39363524741718 ], [ -6.398585, 53.3938632 ], [ -6.3987583, 53.3939542 ], [ -6.3992101, 53.394223599999989 ], [ -6.3996026, 53.3945836 ], [ -6.399931, 53.3951085 ], [ -6.4000284, 53.3954826 ], [ -6.3999864, 53.3959869 ], [ -6.3997982, 53.3964128 ], [ -6.3994778, 53.3970571 ], [ -6.3992967, 53.3974801 ], [ -6.399266, 53.3977229 ], [ -6.3992782, 53.397989699999989 ], [ -6.3993468, 53.3981918 ], [ -6.3994404, 53.3983683 ], [ -6.399585, 53.3985602 ], [ -6.3997566, 53.3987278 ], [ -6.3999464, 53.3988992 ], [ -6.4002418, 53.3990704 ], [ -6.4006253, 53.3992333 ], [ -6.4011337, 53.3993925 ], [ -6.4035202, 53.4000079 ], [ -6.4052492, 53.4004671 ], [ -6.40708, 53.40132160000001 ], [ -6.40742, 53.4014395 ], [ -6.4082297, 53.4016553 ], [ -6.4090334, 53.4017666 ], [ -6.4099846, 53.4017802 ], [ -6.411005, 53.4016042 ] ], [ [ -6.398060877827684, 53.39363524741718 ], [ -6.3975539, 53.3934344 ], [ -6.3969552, 53.3932393 ], [ -6.3964152, 53.393148599999989 ], [ -6.3951179, 53.3931093 ], [ -6.3943554, 53.3931007 ], [ -6.3938371, 53.3931421 ], [ -6.393466716582371, 53.393327915564072 ], [ -6.3931514, 53.3935168 ], [ -6.3916059, 53.3943673 ], [ -6.3914288, 53.3944076 ] ], [ [ -6.384387751887746, 53.399755270780432 ], [ -6.3865261, 53.3992955 ], [ -6.3872486, 53.3991314 ], [ -6.3879748, 53.3989336 ], [ -6.3887046, 53.3987169 ], [ -6.3899175, 53.3982775 ], [ -6.3901856, 53.3982241 ], [ -6.3906739, 53.3980815 ], [ -6.3908435, 53.3980133 ], [ -6.3914788, 53.397721 ], [ -6.391669459708995, 53.397621712362529 ] ], [ [ -6.3757972, 53.4018822 ], [ -6.3763908, 53.4016329 ], [ -6.376831, 53.4014819 ], [ -6.3771746, 53.4013726 ], [ -6.378184, 53.4011108 ], [ -6.3792609, 53.4008669 ], [ -6.3795598, 53.4008044 ], [ -6.3843825, 53.3997564 ] ], [ [ -6.3757972, 53.4018822 ], [ -6.3758512, 53.4019314 ], [ -6.3758684, 53.402047 ], [ -6.3759365, 53.402244 ], [ -6.3760412, 53.4025056 ], [ -6.376145, 53.40264 ], [ -6.3762394, 53.4027402 ], [ -6.3764736, 53.4029154 ], [ -6.3768292, 53.4030909 ], [ -6.3770532, 53.4031815 ], [ -6.3772106, 53.4031811 ], [ -6.3773023, 53.4032055 ], [ -6.3773759, 53.4032461 ], [ -6.3774236, 53.4032987 ], [ -6.377425, 53.4034155 ], [ -6.3773792, 53.4034681 ], [ -6.3773136, 53.4035066 ], [ -6.3771412, 53.4035415 ], [ -6.3769616, 53.4035104 ], [ -6.3768455, 53.4034229 ], [ -6.3768299, 53.40332870000001 ], [ -6.3765101, 53.4030972 ], [ -6.376187, 53.402897 ], [ -6.3760243, 53.4027612 ], [ -6.3758946, 53.402603299999988 ], [ -6.3757749, 53.4023907 ], [ -6.3756448, 53.4022512 ], [ -6.3755113, 53.402180899999983 ], [ -6.37534, 53.4021188 ], [ -6.3746486, 53.4024969 ], [ -6.3742688, 53.402755 ], [ -6.3738982, 53.4030631 ], [ -6.3735931, 53.4033415 ], [ -6.3734125, 53.4035532 ], [ -6.3732413, 53.4038279 ], [ -6.3729222, 53.4044464 ], [ -6.3724565, 53.4054132 ], [ -6.372132887226246, 53.405973706178258 ], [ -6.3718691, 53.406344899999986 ], [ -6.371673480602759, 53.406587275299799 ], [ -6.3714054, 53.4069327 ], [ -6.3711033, 53.407242899999986 ], [ -6.370911774476167, 53.407399746156194 ], [ -6.3705642, 53.4076581 ], [ -6.3703103, 53.4078207 ], [ -6.369924535712294, 53.408019881560683 ], [ -6.3699245, 53.4080199 ], [ -6.369816792397082, 53.408076698931225 ], [ -6.3693613, 53.4083169 ], [ -6.368833, 53.4087401 ], [ -6.3686267, 53.4089442 ], [ -6.3685165, 53.4093457 ], [ -6.3684763, 53.4098617 ], [ -6.3683695, 53.410225 ], [ -6.3681401, 53.410610399999989 ], [ -6.3677007, 53.4110844 ], [ -6.3669655, 53.4116057 ], [ -6.365332, 53.4127148 ], [ -6.3645818, 53.4133817 ], [ -6.3640702, 53.4139243 ], [ -6.3636317, 53.4141144 ], [ -6.3632948, 53.4140631 ], [ -6.3626669, 53.4138177 ], [ -6.3617576, 53.4131469 ], [ -6.3603236, 53.412441 ], [ -6.3602506, 53.4123718 ], [ -6.3600583, 53.412084399999983 ], [ -6.3596409, 53.4113717 ], [ -6.3587538, 53.4097765 ], [ -6.358778, 53.409702 ], [ -6.3586738, 53.409624 ], [ -6.3576793, 53.4076728 ], [ -6.3576107, 53.4075665 ], [ -6.357544, 53.4075051 ], [ -6.3568119, 53.407149 ], [ -6.3554758, 53.4065415 ], [ -6.3592318, 53.4036125 ], [ -6.359715, 53.4032839 ], [ -6.360691940874459, 53.402670565036061 ], [ -6.3617386, 53.402076 ], [ -6.3627537, 53.4016394 ], [ -6.3639859, 53.4011401 ], [ -6.3665308, 53.4001923 ], [ -6.3676055, 53.399741 ], [ -6.368857, 53.3991569 ], [ -6.3703559, 53.3983813 ], [ -6.370863, 53.398099499999987 ], [ -6.3720717, 53.3973455 ], [ -6.3732501, 53.3964939 ], [ -6.3751901, 53.3949888 ] ], [ [ -6.3723903, 53.385308499999979 ], [ -6.3715479, 53.3849959 ], [ -6.3706267, 53.3846472 ], [ -6.3703864, 53.384603599999984 ], [ -6.3699549, 53.3846244 ], [ -6.3695911, 53.3847033 ], [ -6.3692479, 53.3848797 ], [ -6.3691733, 53.3849808 ], [ -6.369001023902166, 53.385099817743985 ], [ -6.3687436, 53.3851923 ], [ -6.3684315, 53.385221 ], [ -6.3680131, 53.3851699 ], [ -6.3677903, 53.3851162 ], [ -6.3662821, 53.384431 ], [ -6.366185, 53.38450670000001 ], [ -6.3660726, 53.3846238 ], [ -6.3660101, 53.3847553 ], [ -6.3659889, 53.3848451 ], [ -6.3660703, 53.3851245 ], [ -6.3662791, 53.3853637 ], [ -6.3666409, 53.3854858 ], [ -6.3676353, 53.3856437 ], [ -6.3682901, 53.3857577 ], [ -6.3684947, 53.3860021 ], [ -6.368643099208145, 53.386459207284439 ], [ -6.3687974, 53.3868307 ], [ -6.3690811, 53.3870081 ], [ -6.3694942, 53.3871476 ], [ -6.3696898, 53.387229 ], [ -6.3699663, 53.387405 ], [ -6.3703534, 53.3876809 ], [ -6.3704936, 53.3877931 ], [ -6.3708058, 53.3879752 ], [ -6.371189, 53.3881708 ], [ -6.3713022, 53.388247799999988 ], [ -6.3715265, 53.3884239 ], [ -6.3718135, 53.3885593 ], [ -6.3711692, 53.3891693 ], [ -6.3702796, 53.390047799999984 ], [ -6.3698695, 53.3904717 ], [ -6.3697703, 53.3905974 ], [ -6.3700805, 53.3906956 ], [ -6.3701661, 53.3907379 ], [ -6.3703026, 53.390855 ], [ -6.370435, 53.3910171 ], [ -6.3704739, 53.3911428 ], [ -6.3704645, 53.3912551 ], [ -6.3704141, 53.39139930000001 ], [ -6.3702951, 53.3916451 ], [ -6.3702126, 53.3918667 ], [ -6.3711919, 53.391875899999988 ], [ -6.3729497, 53.3917711 ], [ -6.3747047, 53.391656 ], [ -6.3751296, 53.3916297 ], [ -6.3754863, 53.3916171 ], [ -6.3758236, 53.3916265 ], [ -6.3759924, 53.3916379 ], [ -6.3761812, 53.3916582 ], [ -6.3766067, 53.3917286 ], [ -6.3768682, 53.3917867 ], [ -6.3770816, 53.391848 ], [ -6.3775072, 53.3919927 ], [ -6.3779318, 53.3921776 ], [ -6.3785685, 53.3924973 ], [ -6.3788402, 53.3926499 ], [ -6.3784472, 53.3929115 ], [ -6.378008490283235, 53.393143661393488 ], [ -6.376526888804933, 53.394050516633826 ], [ -6.3751923182881, 53.394989724591191 ] ] ] } },
{ "type": "Feature", "properties": { "id": null, "route no": "L62" }, "geometry": { "type": "MultiLineString", "coordinates": [ [ [ -6.384387751887746, 53.399755270780432 ], [ -6.3872486, 53.3991314 ], [ -6.3879748, 53.3989336 ], [ -6.3887046, 53.3987169 ], [ -6.3899175, 53.3982775 ], [ -6.3901856, 53.3982241 ], [ -6.3906739, 53.3980815 ], [ -6.3908435, 53.3980133 ], [ -6.3914788, 53.397721 ], [ -6.391669459708995, 53.397621712362529 ] ], [ [ -6.391669459708994, 53.397621712362529 ], [ -6.392042315107382, 53.397430629261081 ], [ -6.3922535, 53.3973224 ], [ -6.3924914, 53.3971404 ], [ -6.3928795, 53.3968361 ], [ -6.3941822, 53.3961162 ], [ -6.3953756, 53.3954969 ], [ -6.3960616, 53.3951177 ], [ -6.3969201, 53.39454 ], [ -6.397958, 53.393732899999989 ], [ -6.398060877827684, 53.39363524741718 ], [ -6.3975539, 53.3934344 ], [ -6.3969552, 53.3932393 ], [ -6.3964152, 53.393148599999989 ], [ -6.3951179, 53.3931093 ], [ -6.3943554, 53.3931007 ], [ -6.3938371, 53.3931421 ], [ -6.393466716582371, 53.393327915564072 ], [ -6.3931514, 53.3935168 ], [ -6.3916059, 53.3943673 ], [ -6.3914288, 53.3944076 ] ], [ [ -6.3843825, 53.3997564 ], [ -6.3792609, 53.4008669 ], [ -6.378184, 53.4011108 ], [ -6.3771746, 53.4013726 ], [ -6.3763908, 53.4016329 ], [ -6.3757972, 53.4018822 ], [ -6.3746486, 53.4024969 ], [ -6.3742688, 53.402755 ], [ -6.3738982, 53.4030631 ], [ -6.3735931, 53.4033415 ], [ -6.3734125, 53.4035532 ], [ -6.3732413, 53.4038279 ], [ -6.3729222, 53.4044464 ], [ -6.3724565, 53.4054132 ], [ -6.372132887226246, 53.405973706178258 ], [ -6.3718691, 53.406344899999986 ], [ -6.3714054, 53.4069327 ], [ -6.3711033, 53.407242899999986 ], [ -6.3705642, 53.4076581 ], [ -6.3703103, 53.4078207 ], [ -6.369924535712293, 53.408019881560683 ], [ -6.3699245, 53.4080199 ], [ -6.369833146406058, 53.408085751403952 ], [ -6.3694821, 53.4083388 ], [ -6.3694461, 53.408419 ], [ -6.3695357, 53.4086578 ], [ -6.3696966, 53.4087985 ], [ -6.3721265, 53.4097668 ], [ -6.3771363, 53.4112414 ], [ -6.3797086, 53.4119607 ], [ -6.3816845, 53.412387 ], [ -6.3837705, 53.4127701 ], [ -6.385061, 53.41296 ], [ -6.3862544, 53.4133054 ], [ -6.3864508, 53.4134225 ], [ -6.3866473, 53.4135847 ], [ -6.3867572, 53.4137697 ], [ -6.3866578, 53.4140667 ], [ -6.3859644, 53.4144733 ], [ -6.3847783, 53.4155313 ], [ -6.384655, 53.41568860000001 ], [ -6.384602, 53.4158705 ], [ -6.384642, 53.4160602 ], [ -6.3847183, 53.4161553 ], [ -6.3850035, 53.4163177 ], [ -6.3856034, 53.4165889 ], [ -6.3857547, 53.416699 ], [ -6.3859255, 53.4169014 ], [ -6.3859844, 53.4172896 ], [ -6.3861601, 53.4176103 ], [ -6.3862637, 53.417760799999989 ], [ -6.3863676, 53.4178627 ], [ -6.3867507, 53.418065 ], [ -6.3880818, 53.4184729 ], [ -6.3884701, 53.4186281 ], [ -6.3886237, 53.418730299999986 ], [ -6.3887238, 53.4188298 ], [ -6.3889015, 53.419113299999985 ], [ -6.3891012, 53.4195691 ], [ -6.3892769, 53.4196782 ], [ -6.3894864, 53.4197508 ], [ -6.3898837, 53.4197747 ], [ -6.3926883, 53.4197382 ], [ -6.3929166, 53.4197842 ], [ -6.3931849, 53.419884 ], [ -6.3934048, 53.4200377 ], [ -6.3934679, 53.4201273 ], [ -6.3935325, 53.4202939 ], [ -6.3935103, 53.4204855 ], [ -6.3933973, 53.4206581 ], [ -6.3931925, 53.4208138 ], [ -6.3922426, 53.421217499999976 ], [ -6.391925, 53.4213799 ], [ -6.3917223, 53.4214998 ], [ -6.3908935, 53.4220849 ], [ -6.3906341, 53.4221893 ], [ -6.3903916, 53.422222499999982 ], [ -6.3902285, 53.422217 ], [ -6.3900118, 53.422173 ], [ -6.388674, 53.4216155 ], [ -6.388281851388663, 53.421432754250432 ], [ -6.3877157, 53.4211942 ], [ -6.387427, 53.4211538 ], [ -6.3872626, 53.4211685 ], [ -6.3868562, 53.421238699999989 ], [ -6.3865958, 53.4212412 ], [ -6.3860719, 53.4210926 ], [ -6.3851082, 53.420792199999987 ], [ -6.3849133, 53.4207196 ], [ -6.3848103, 53.420668199999987 ], [ -6.3847162, 53.4205401 ], [ -6.3847127, 53.4204679 ], [ -6.3847631, 53.4201179 ], [ -6.3847433, 53.4199986 ], [ -6.3847008, 53.4198675 ], [ -6.3845734, 53.4197274 ], [ -6.3844477, 53.4195415 ], [ -6.3842523, 53.41939 ], [ -6.3840885, 53.4193122 ], [ -6.3838986, 53.4192589 ], [ -6.3835923, 53.4192262 ], [ -6.3827303, 53.41928 ], [ -6.382231, 53.4192519 ], [ -6.3818408, 53.4192735 ], [ -6.3815032, 53.4193293 ], [ -6.3810746, 53.4195885 ], [ -6.380479, 53.4201016 ], [ -6.3796255, 53.4211217 ], [ -6.3793377, 53.4215095 ], [ -6.379127125232116, 53.421837127370246 ], [ -6.3787386, 53.4222872 ], [ -6.3787338, 53.4230204 ], [ -6.378702, 53.4233891 ], [ -6.3786802, 53.4234549 ], [ -6.3786212, 53.4235584 ], [ -6.3774771, 53.4251508 ], [ -6.377323, 53.4252357 ], [ -6.3770948, 53.4252731 ], [ -6.3762306, 53.4252188 ], [ -6.3756315, 53.425227 ], [ -6.3752543, 53.4252109 ], [ -6.3747641, 53.42514760000001 ], [ -6.3744243, 53.425135 ], [ -6.3740509, 53.4252003 ], [ -6.3736457, 53.4253353 ], [ -6.3733094, 53.4255462 ], [ -6.3730734, 53.4257292 ], [ -6.3728839, 53.425784 ], [ -6.3721662, 53.4257835 ], [ -6.3718459, 53.4258204 ], [ -6.371584, 53.425909 ], [ -6.3713324, 53.426068299999983 ], [ -6.3708614, 53.4265642 ], [ -6.3706239, 53.4267715 ], [ -6.3705626, 53.4268547 ], [ -6.3703495, 53.4268876 ], [ -6.3647596, 53.4247037 ], [ -6.3644385, 53.4245554 ], [ -6.3634439, 53.423988199999982 ], [ -6.3626322, 53.4232665 ], [ -6.362506, 53.4231741 ], [ -6.3623922, 53.4229002 ], [ -6.3619969, 53.4217479 ], [ -6.3618592, 53.4212495 ], [ -6.3618118, 53.4206078 ], [ -6.3618662, 53.4185757 ], [ -6.3618541, 53.4171216 ], [ -6.3614723, 53.4167609 ], [ -6.3605436, 53.4159872 ], [ -6.359982, 53.4156612 ], [ -6.3594914, 53.4154835 ], [ -6.3589316, 53.4153731 ], [ -6.3583555, 53.4153406 ], [ -6.357435, 53.4150926 ], [ -6.3564875, 53.414622 ], [ -6.3559848, 53.4145313 ], [ -6.3547548, 53.4144044 ], [ -6.3534813, 53.4141518 ], [ -6.3528023, 53.4139881 ], [ -6.3508207, 53.4134667 ], [ -6.3475361, 53.4126426 ], [ -6.346412, 53.4124005 ], [ -6.3457244, 53.4123525 ], [ -6.3453385, 53.4122058 ], [ -6.345064, 53.4119275 ], [ -6.3450048, 53.4117284 ], [ -6.3449985, 53.411591 ], [ -6.3450928, 53.4112928 ], [ -6.3457379, 53.4100152 ], [ -6.3458595, 53.4095129 ], [ -6.3457307, 53.4090266 ], [ -6.3450244, 53.4083427 ], [ -6.3448516, 53.4082094 ], [ -6.3443482, 53.4076036 ], [ -6.3439229, 53.4067757 ], [ -6.3432029, 53.4057136 ], [ -6.3427773, 53.4054419 ], [ -6.3415238, 53.4050486 ], [ -6.3406439, 53.4045853 ], [ -6.3399039, 53.4041127 ], [ -6.3348242, 53.400684 ], [ -6.3338045, 53.3999206 ], [ -6.3331464, 53.3993053 ], [ -6.332738, 53.3988307 ], [ -6.3322749, 53.3980734 ], [ -6.3321716, 53.397818 ], [ -6.331972, 53.3975474 ], [ -6.3299845, 53.3962657 ], [ -6.3289718, 53.3957236 ], [ -6.3282041, 53.3953581 ], [ -6.3259344, 53.3947266 ], [ -6.3247552, 53.3944462 ], [ -6.3242259, 53.3942696 ], [ -6.3236479, 53.3939087 ], [ -6.3231459, 53.3933105 ], [ -6.3228516, 53.3931323 ], [ -6.3215902, 53.392533 ], [ -6.3207347, 53.3921799 ], [ -6.3202311, 53.3920258 ], [ -6.3196295, 53.3917454 ], [ -6.3193346, 53.3914796 ], [ -6.3193839, 53.3912452 ], [ -6.3196725, 53.3908477 ], [ -6.318354, 53.3904904 ], [ -6.3153544, 53.3898842 ], [ -6.3133817, 53.3894357 ], [ -6.3124509, 53.3892089 ], [ -6.3126804, 53.3869969 ], [ -6.3127746, 53.3850689 ], [ -6.3127428, 53.3846986 ], [ -6.3126277, 53.3843845 ], [ -6.3125364, 53.3842206 ], [ -6.3121521, 53.3837496 ], [ -6.3125842, 53.3836494 ], [ -6.3128162, 53.3836185 ], [ -6.3131668, 53.3836423 ], [ -6.3138491, 53.3837515 ], [ -6.3146828, 53.3839302 ], [ -6.3155922, 53.3841691 ], [ -6.3177204, 53.3826351 ], [ -6.3171976, 53.3822394 ], [ -6.3167829, 53.3818485 ], [ -6.3161423, 53.3811966 ], [ -6.3156265, 53.3805669 ], [ -6.3152565, 53.379918 ], [ -6.314907, 53.3794441 ], [ -6.3146625, 53.3792362 ], [ -6.3143061, 53.3790133 ], [ -6.3138378, 53.3787884 ], [ -6.3130698, 53.378556 ], [ -6.3121493, 53.3783371 ], [ -6.3115149, 53.37817 ], [ -6.3109951, 53.3779906 ], [ -6.3103395, 53.3776274 ], [ -6.3099757, 53.3773867 ], [ -6.3094877, 53.3771891 ], [ -6.3092825, 53.3770097 ], [ -6.3092112, 53.3767788 ], [ -6.3076753, 53.3766332 ], [ -6.3073934, 53.3765752 ], [ -6.3062475, 53.3762501 ], [ -6.3052177, 53.3759773 ], [ -6.3045683, 53.3758459 ], [ -6.3033629, 53.3757119 ], [ -6.3027211, 53.3756979 ], [ -6.3005502, 53.3758031 ], [ -6.2998487, 53.3758241 ], [ -6.2998018, 53.3750418 ], [ -6.2998577, 53.3740094 ], [ -6.2999074, 53.3739219 ], [ -6.2998678, 53.3738334 ], [ -6.2999209, 53.3730037 ], [ -6.2999482, 53.3728007 ], [ -6.2999181, 53.3723538 ], [ -6.2995992, 53.3724075 ] ] ] } },
{ "type": "Feature", "properties": { "id": null, "route no": "L64" }, "geometry": { "type": "MultiLineString", "coordinates": [ [ [ -6.4879152, 53.4245389 ], [ -6.4869913, 53.424345 ], [ -6.4860494, 53.4241398 ], [ -6.485024, 53.4238685 ], [ -6.4841996, 53.4236203 ], [ -6.4825889, 53.4230889 ], [ -6.4815877, 53.4228082 ], [ -6.4802954, 53.4224181 ], [ -6.4798644, 53.4222533 ], [ -6.4793918, 53.4220103 ], [ -6.4788407, 53.421616 ], [ -6.4782005, 53.4210521 ], [ -6.4776589, 53.42062 ], [ -6.476486, 53.4198126 ], [ -6.4761897, 53.4195868 ], [ -6.4760492, 53.4195258 ], [ -6.4757858, 53.4194863 ], [ -6.4753886, 53.4193993 ], [ -6.4748051, 53.4191715 ], [ -6.474144, 53.4189927 ], [ -6.4738765, 53.4188791 ], [ -6.4734102, 53.4186353 ], [ -6.4727122, 53.4183877 ], [ -6.4717475, 53.4180406 ], [ -6.4710282, 53.4178378 ], [ -6.4692345, 53.4173178 ], [ -6.4669956, 53.4166964 ], [ -6.4661475, 53.4164417 ], [ -6.4656944, 53.4162655 ], [ -6.4651719, 53.41617119999998 ], [ -6.4644396, 53.4161721 ], [ -6.4636519, 53.416080699999988 ], [ -6.4628018, 53.4160192 ], [ -6.4620661, 53.4160037 ], [ -6.4606679, 53.4159981 ], [ -6.460017, 53.4159836 ], [ -6.4594798, 53.4159592 ], [ -6.4587028, 53.4159015 ], [ -6.4580436, 53.4158012 ], [ -6.4574435, 53.4157069 ], [ -6.4564272, 53.4155253 ], [ -6.4544772, 53.4152015 ], [ -6.452532, 53.4149797 ], [ -6.4514886, 53.4148719 ], [ -6.450843, 53.4148344 ], [ -6.4506851, 53.4148389 ], [ -6.4503587, 53.4149002 ], [ -6.449701, 53.41448 ], [ -6.4492994, 53.4142019 ], [ -6.4485216, 53.4136547 ], [ -6.4481225, 53.4133345 ], [ -6.4479173, 53.4131478 ], [ -6.4472931, 53.4125345 ], [ -6.4468884, 53.412267 ], [ -6.4464359, 53.4121538 ], [ -6.446081, 53.4120556 ], [ -6.4448774, 53.4114235 ], [ -6.4440917, 53.4109686 ], [ -6.4440242, 53.4108357 ], [ -6.4434666, 53.4106479 ], [ -6.4432723, 53.410608 ], [ -6.4424309, 53.4105479 ], [ -6.4412798, 53.4104924 ], [ -6.4403165, 53.4104468 ], [ -6.4387744, 53.410414 ], [ -6.4381411, 53.4103985 ], [ -6.437768, 53.4103694 ], [ -6.4372948, 53.4103184 ], [ -6.4359437, 53.4100377 ], [ -6.4345378, 53.4097368 ], [ -6.4339206, 53.4096315 ], [ -6.4316571, 53.4093441 ], [ -6.4309834, 53.409221 ], [ -6.4302822, 53.4090573 ], [ -6.4295811, 53.4088374 ], [ -6.4287568, 53.4085245 ], [ -6.428167685272832, 53.408320802369225 ] ], [ [ -6.4281671, 53.4083206 ], [ -6.428167615487569, 53.408319702827505 ], [ -6.4283971, 53.4079203 ], [ -6.4285625, 53.4076869 ], [ -6.4289143, 53.4073403 ], [ -6.4291755, 53.4071512 ], [ -6.429723, 53.4068007 ], [ -6.4300375, 53.4066578 ], [ -6.4300899, 53.406492900000011 ], [ -6.4296902, 53.4058548 ], [ -6.4294409, 53.4055684 ], [ -6.4289772, 53.405117 ], [ -6.4286024, 53.4048343 ], [ -6.4280576, 53.4045208 ], [ -6.4272368, 53.4041601 ], [ -6.4266145, 53.4039524 ], [ -6.4260008, 53.4037935 ], [ -6.4254351, 53.4036709 ], [ -6.4251413, 53.4036115 ], [ -6.4247022, 53.4035492 ], [ -6.4240854, 53.4035134 ], [ -6.4234599, 53.4035026 ], [ -6.4227149, 53.4035292 ], [ -6.4223569, 53.4035607 ], [ -6.4216868, 53.403666 ], [ -6.4211011, 53.4037513 ], [ -6.4204493, 53.4038201 ], [ -6.4202016, 53.4038457 ], [ -6.4196145, 53.4038924 ], [ -6.4191396, 53.4038912 ], [ -6.4177314, 53.4039407 ], [ -6.4170429, 53.403950899999984 ], [ -6.4164567, 53.4039212 ], [ -6.4160447, 53.4038799 ], [ -6.4148304, 53.4036667 ], [ -6.4145013, 53.403592699999983 ], [ -6.4137574, 53.403376 ], [ -6.4135021, 53.403296899999987 ], [ -6.4130038, 53.4030934 ], [ -6.4127401, 53.4030221 ], [ -6.4125607, 53.402941 ], [ -6.4121369, 53.4026016 ], [ -6.4114907, 53.40211 ], [ -6.4111649, 53.4018215 ], [ -6.411005, 53.4016042 ] ], [ [ -6.411005, 53.4016042 ], [ -6.4099846, 53.4017802 ], [ -6.4090334, 53.4017666 ], [ -6.4082297, 53.4016553 ], [ -6.40742, 53.4014395 ], [ -6.40708, 53.40132160000001 ], [ -6.4052492, 53.4004671 ], [ -6.4035202, 53.4000079 ], [ -6.4011337, 53.3993925 ], [ -6.4006253, 53.3992333 ], [ -6.4002418, 53.3990704 ], [ -6.3999464, 53.3988992 ], [ -6.3997566, 53.3987278 ], [ -6.399585, 53.3985602 ], [ -6.3994404, 53.3983683 ], [ -6.3993468, 53.3981918 ], [ -6.3992782, 53.397989699999989 ], [ -6.399266, 53.3977229 ], [ -6.3992967, 53.3974801 ], [ -6.3994778, 53.3970571 ], [ -6.3997982, 53.3964128 ], [ -6.3999864, 53.3959869 ], [ -6.4000284, 53.3954826 ], [ -6.399931, 53.3951085 ], [ -6.3996026, 53.3945836 ], [ -6.3992101, 53.394223599999989 ], [ -6.3987583, 53.3939542 ], [ -6.398585, 53.3938632 ], [ -6.398060877827684, 53.39363524741718 ], [ -6.3975539, 53.3934344 ], [ -6.3969552, 53.3932393 ], [ -6.3964152, 53.393148599999989 ], [ -6.3951179, 53.3931093 ], [ -6.3943554, 53.3931007 ], [ -6.3938371, 53.3931421 ], [ -6.393466716582371, 53.393327915564072 ], [ -6.3931514, 53.3935168 ], [ -6.3916059, 53.3943673 ], [ -6.3914288, 53.3944076 ] ] ] } },
{ "type": "Feature", "properties": { "id": null, "route no": "P64" }, "geometry": { "type": "MultiLineString", "coordinates": [ [ [ -6.4879152, 53.4245389 ], [ -6.4869913, 53.424345 ], [ -6.4860494, 53.4241398 ], [ -6.485024, 53.4238685 ], [ -6.4841996, 53.4236203 ], [ -6.4825889, 53.4230889 ], [ -6.4815877, 53.4228082 ], [ -6.4802954, 53.4224181 ], [ -6.4798644, 53.4222533 ], [ -6.4793918, 53.4220103 ], [ -6.4788407, 53.421616 ], [ -6.4782005, 53.4210521 ], [ -6.4776589, 53.42062 ], [ -6.476486, 53.4198126 ], [ -6.4761897, 53.4195868 ], [ -6.4760492, 53.4195258 ], [ -6.4757858, 53.4194863 ], [ -6.4753886, 53.4193993 ], [ -6.4748051, 53.4191715 ], [ -6.474144, 53.4189927 ], [ -6.4738765, 53.4188791 ], [ -6.4734102, 53.4186353 ], [ -6.4727122, 53.4183877 ], [ -6.4717475, 53.4180406 ], [ -6.4710282, 53.4178378 ], [ -6.4692345, 53.4173178 ], [ -6.4669956, 53.4166964 ], [ -6.4661475, 53.4164417 ], [ -6.4656944, 53.4162655 ], [ -6.4651719, 53.41617119999998 ], [ -6.4644396, 53.4161721 ], [ -6.4636519, 53.416080699999988 ], [ -6.4628018, 53.4160192 ], [ -6.4620661, 53.4160037 ], [ -6.4606679, 53.4159981 ], [ -6.460017, 53.4159836 ], [ -6.4594798, 53.4159592 ], [ -6.4587028, 53.4159015 ], [ -6.4580436, 53.4158012 ], [ -6.4574435, 53.4157069 ], [ -6.4564272, 53.4155253 ], [ -6.4544772, 53.4152015 ], [ -6.452532, 53.4149797 ], [ -6.4514886, 53.4148719 ], [ -6.450843, 53.4148344 ], [ -6.4506851, 53.4148389 ], [ -6.4503587, 53.4149002 ], [ -6.449701, 53.41448 ], [ -6.4492994, 53.4142019 ], [ -6.4485216, 53.4136547 ], [ -6.4481225, 53.4133345 ], [ -6.4479173, 53.4131478 ], [ -6.4472931, 53.4125345 ], [ -6.4468884, 53.412267 ], [ -6.4464359, 53.4121538 ], [ -6.446081, 53.4120556 ], [ -6.4448774, 53.4114235 ], [ -6.4440917, 53.4109686 ], [ -6.4440242, 53.4108357 ], [ -6.4434666, 53.4106479 ], [ -6.4432723, 53.410608 ], [ -6.4424309, 53.4105479 ], [ -6.4412798, 53.4104924 ], [ -6.4403165, 53.4104468 ], [ -6.4387744, 53.410414 ], [ -6.4381411, 53.4103985 ], [ -6.437768, 53.4103694 ], [ -6.4372948, 53.4103184 ], [ -6.4359437, 53.4100377 ], [ -6.4345378, 53.4097368 ], [ -6.4339206, 53.4096315 ], [ -6.4316571, 53.4093441 ], [ -6.4309834, 53.409221 ], [ -6.4302822, 53.4090573 ], [ -6.4295811, 53.4088374 ], [ -6.4287568, 53.4085245 ], [ -6.428167685272832, 53.408320802369225 ], [ -6.4281671, 53.4083206 ], [ -6.4279924, 53.408604 ], [ -6.427741183279973, 53.408982830263049 ], [ -6.425103532891159, 53.408389553124529 ], [ -6.4222509, 53.4077279 ], [ -6.4182094, 53.4068368 ], [ -6.4150764, 53.4063224 ], [ -6.4134271, 53.406069 ], [ -6.4079127, 53.4051716 ], [ -6.4069258, 53.404882199999989 ], [ -6.4048424, 53.4043865 ], [ -6.4024528, 53.40319010000001 ], [ -6.399732493566901, 53.40174220654238 ], [ -6.3968221, 53.4001972 ], [ -6.391620513691247, 53.39743725413819 ] ] ] } },
{ "type": "Feature", "properties": { "id": null, "route no": "L80" }, "geometry": { "type": "MultiLineString", "coordinates": [ [ [ -6.2608947, 53.3862967 ], [ -6.2604621, 53.3865678 ], [ -6.260165, 53.386806 ], [ -6.2598281, 53.3868894 ], [ -6.2590582, 53.3868467 ], [ -6.2589716, 53.3868687 ], [ -6.2585405, 53.3868422 ], [ -6.2582095, 53.3867228 ], [ -6.2560344, 53.3859231 ], [ -6.2558027, 53.3858487 ], [ -6.2556458, 53.385848 ], [ -6.2554507, 53.3859083 ], [ -6.2550475, 53.38638 ], [ -6.2513787, 53.3850057 ], [ -6.2498808, 53.3844669 ], [ -6.2469878, 53.3833838 ], [ -6.2451124, 53.3826865 ], [ -6.2444585, 53.3824441 ], [ -6.243600965856715, 53.382140320974464 ], [ -6.2431116, 53.3819932 ], [ -6.2418138, 53.3816514 ], [ -6.2404665, 53.3813401 ], [ -6.2392206, 53.381049299999979 ], [ -6.2385302, 53.3817748 ], [ -6.2373679, 53.3833036 ], [ -6.236952, 53.383931099999984 ], [ -6.2365136, 53.3843923 ], [ -6.2359719, 53.384687099999987 ], [ -6.2353774, 53.3848914 ], [ -6.2333583, 53.3853548 ], [ -6.2326604, 53.385486 ], [ -6.2318158, 53.3855892 ], [ -6.2312312, 53.385640699999989 ], [ -6.2304031, 53.385663 ], [ -6.2301442, 53.385665 ], [ -6.2290237, 53.3856809 ], [ -6.2289671, 53.386046 ], [ -6.2272814, 53.3882337 ], [ -6.2272009, 53.3882907 ], [ -6.2267233, 53.3885301 ], [ -6.2258861, 53.3888569 ], [ -6.2255823, 53.3889628 ], [ -6.2253463, 53.3890504 ], [ -6.225212581097219, 53.389126723651906 ], [ -6.2249808, 53.3892894 ], [ -6.2248884, 53.3894414 ], [ -6.2248423, 53.3896923 ], [ -6.2248018, 53.3899083 ], [ -6.2246988, 53.3900419 ], [ -6.2246526, 53.3900906 ], [ -6.2245006, 53.390156 ], [ -6.2242667, 53.390171 ], [ -6.2240835, 53.3901603 ], [ -6.223994626713432, 53.390138653369782 ], [ -6.2239263, 53.3900913 ], [ -6.2239381, 53.3900375 ], [ -6.2240261, 53.3899785 ], [ -6.2241324, 53.3899661 ], [ -6.224514, 53.3899848 ], [ -6.2246258, 53.390000299999983 ], [ -6.2246988, 53.3900419 ] ], [ [ -6.186365811399408, 53.397562831463148 ], [ -6.186365811399409, 53.397562831463148 ], [ -6.1875563, 53.397757299999988 ], [ -6.188314, 53.3979276 ], [ -6.1896121, 53.398106699999985 ], [ -6.1907508, 53.398189299999977 ], [ -6.1925514, 53.3982637 ], [ -6.1931829, 53.3983258 ], [ -6.1938186, 53.3984155 ], [ -6.1944247, 53.3985455 ], [ -6.1954317, 53.3988003 ], [ -6.1966406, 53.3993041 ], [ -6.1983518, 53.4000445 ], [ -6.200229, 53.4007678 ], [ -6.2015731, 53.4012133 ], [ -6.2025207, 53.4015266 ], [ -6.2031028, 53.4016889 ], [ -6.2039268, 53.4018722 ], [ -6.2041811, 53.4019115 ], [ -6.2053385, 53.4020755 ], [ -6.2053477, 53.401492 ], [ -6.2053573, 53.4006867 ], [ -6.205381, 53.4003175 ], [ -6.2054249, 53.4000508 ], [ -6.2057381, 53.3992356 ], [ -6.2064597, 53.397495499999984 ], [ -6.2067358, 53.3975175 ], [ -6.2079654, 53.3977751 ], [ -6.2080552, 53.3976748 ], [ -6.209876, 53.3969821 ], [ -6.210398, 53.3967792 ], [ -6.2106244, 53.3966542 ], [ -6.2108327, 53.3965008 ], [ -6.2114035, 53.395877 ], [ -6.2119208, 53.3952204 ], [ -6.2125767, 53.3945268 ], [ -6.214012, 53.3951122 ], [ -6.2152114, 53.3956205 ], [ -6.2161951, 53.396041699999984 ], [ -6.2168298, 53.3963156 ], [ -6.2180479, 53.3967633 ], [ -6.2192342, 53.3971131 ], [ -6.2202433, 53.3973566 ], [ -6.2207584, 53.397473 ], [ -6.221397, 53.397578799999984 ], [ -6.2225083, 53.3977132 ], [ -6.223448, 53.3977985 ], [ -6.2239303, 53.3978188 ], [ -6.2239721, 53.3976211 ], [ -6.2242671, 53.396892 ], [ -6.2246909, 53.3961182 ], [ -6.2254521, 53.3950326 ], [ -6.2258112, 53.3945089 ], [ -6.224781, 53.3941075 ], [ -6.2237626, 53.393776299999971 ], [ -6.2227151, 53.3934785 ], [ -6.2216213, 53.3932092 ], [ -6.222353, 53.3921174 ], [ -6.2224667, 53.392055 ], [ -6.222948, 53.3920684 ], [ -6.223793, 53.3921236 ], [ -6.2239944, 53.3921628 ], [ -6.2242155, 53.3922951 ], [ -6.2242741, 53.3923462 ], [ -6.2244951, 53.392435699999986 ], [ -6.2255798, 53.3924847 ], [ -6.2257047, 53.39246959999997 ], [ -6.2258993, 53.392349599999982 ], [ -6.2259495, 53.3922083 ], [ -6.226051926875573, 53.391832375026631 ], [ -6.2260628, 53.3915259 ], [ -6.2259086, 53.391427 ], [ -6.2254097, 53.3914089 ], [ -6.2252584, 53.3913466 ], [ -6.2251716, 53.3905791 ], [ -6.2249834, 53.3903159 ], [ -6.2246526, 53.3900906 ] ], [ [ -6.1515373, 53.4025221 ], [ -6.1513867, 53.4027501 ], [ -6.1512929, 53.40289580000001 ], [ -6.1511922, 53.4029475 ], [ -6.150327941415767, 53.402861810335907 ], [ -6.1502349, 53.402806599999977 ], [ -6.150181350764349, 53.40275007063574 ], [ -6.1503155, 53.4023996 ], [ -6.1504101, 53.4023207 ], [ -6.1504938, 53.4022859 ], [ -6.1513281, 53.4023588 ], [ -6.151459, 53.402435799999978 ], [ -6.1519214, 53.402508099999984 ], [ -6.1542948, 53.4027598 ], [ -6.1556496, 53.4028923 ], [ -6.1579906, 53.402853299999983 ], [ -6.1598437, 53.402837 ], [ -6.1615887, 53.4027867 ], [ -6.1625415, 53.4027059 ], [ -6.1636735, 53.402619 ], [ -6.1646924, 53.4026121 ], [ -6.1670034, 53.4028455 ], [ -6.1704464, 53.4033426 ], [ -6.1759943, 53.4034666 ], [ -6.178445613476216, 53.404141626937637 ], [ -6.1794876, 53.4029682 ], [ -6.179877, 53.4025675 ], [ -6.1806995, 53.4019059 ], [ -6.1815208, 53.4013809 ], [ -6.1823485, 53.4009068 ], [ -6.1837698, 53.4000865 ], [ -6.1848766, 53.3992241 ], [ -6.1862447, 53.3977344 ], [ -6.186365811399409, 53.397562831463148 ] ] ] } },
{ "type": "Feature", "properties": { "id": null, "route no": "L81" }, "geometry": { "type": "MultiLineString", "coordinates": [ [ [ -6.221510338101232, 53.456390453272384 ], [ -6.221835, 53.4558649 ], [ -6.2220735, 53.45558 ], [ -6.2223601, 53.4552654 ], [ -6.2230983, 53.4545763 ], [ -6.2232812, 53.4546393 ], [ -6.223467, 53.4546531 ], [ -6.2237587, 53.4545951 ], [ -6.224923, 53.4542399 ], [ -6.2250932, 53.4541264 ], [ -6.225268, 53.4539523 ], [ -6.2261251, 53.453144 ], [ -6.2263798, 53.4529569 ], [ -6.2267926, 53.4527935 ], [ -6.22799, 53.4524102 ], [ -6.2282632, 53.4522548 ], [ -6.2289407, 53.4518532 ], [ -6.2290691, 53.4518986 ], [ -6.2293762, 53.4519443 ], [ -6.2295752, 53.4519363 ], [ -6.2297809, 53.451889099999988 ], [ -6.23008, 53.4518615 ], [ -6.230433, 53.4518682 ], [ -6.2307171, 53.4519042 ], [ -6.2318077, 53.4520019 ], [ -6.2328951, 53.452042400000011 ], [ -6.2340811, 53.45211840000001 ], [ -6.2347233, 53.452169499999989 ], [ -6.2356804, 53.4524028 ], [ -6.2367049, 53.4527084 ], [ -6.2378146, 53.45299 ], [ -6.2384459, 53.4531631 ], [ -6.2386441, 53.4531972 ], [ -6.2392087, 53.453256199999984 ], [ -6.2401425, 53.4533443 ], [ -6.2412509, 53.4537181 ], [ -6.2418314, 53.4538753 ], [ -6.2424342, 53.4539866 ], [ -6.2428236, 53.4539582 ], [ -6.2432844, 53.4538437 ], [ -6.2434209, 53.4538018 ], [ -6.2438, 53.453618 ], [ -6.2439394, 53.4535303 ], [ -6.2440432, 53.453409399999984 ], [ -6.2441106, 53.4532396 ], [ -6.244183, 53.4530413 ], [ -6.2448521, 53.4511934 ], [ -6.2449781, 53.4509016 ], [ -6.2450872, 53.4506489 ], [ -6.2451345, 53.4505957 ], [ -6.2450614, 53.4504436 ], [ -6.2448358, 53.4503243 ], [ -6.2446862, 53.4502508 ], [ -6.2441971, 53.4501284 ], [ -6.2431946, 53.4499657 ], [ -6.2423762, 53.4498214 ], [ -6.2417512, 53.4496915 ], [ -6.2410159, 53.4495126 ], [ -6.2404562, 53.4493401 ], [ -6.2399363, 53.449089 ], [ -6.2392246, 53.4487054 ], [ -6.2386198, 53.4483572 ], [ -6.2380167, 53.4478868 ], [ -6.237719, 53.447556599999984 ], [ -6.2375222, 53.4472268 ], [ -6.2377257, 53.447163 ], [ -6.238589, 53.446865299999985 ], [ -6.2389483, 53.4467064 ], [ -6.2391753, 53.446618 ], [ -6.2396065, 53.4464778 ], [ -6.2401667, 53.4462843 ], [ -6.2406809, 53.4460233 ], [ -6.2416691, 53.4455191 ], [ -6.2420381, 53.4453383 ], [ -6.2424868, 53.4451113 ], [ -6.2431574, 53.4446652 ], [ -6.2436552, 53.444305899999989 ], [ -6.244075, 53.4439724 ], [ -6.2444546, 53.4436989 ], [ -6.2459142, 53.4427403 ], [ -6.2473955, 53.441726 ], [ -6.2484119, 53.441045499999987 ], [ -6.2493546, 53.4403984 ], [ -6.2497984, 53.440099 ], [ -6.2502776, 53.4397738 ], [ -6.2508483, 53.4393397 ], [ -6.2507622, 53.4386623 ], [ -6.2505665, 53.43829370000001 ], [ -6.2499766, 53.4379533 ], [ -6.249527, 53.4377079 ], [ -6.2493683, 53.4375434 ], [ -6.2493504, 53.4372961 ], [ -6.2477707, 53.43721 ], [ -6.2466288, 53.4371503 ], [ -6.2457473, 53.4371435 ], [ -6.2449938, 53.4371897 ], [ -6.2437814, 53.437294299999984 ], [ -6.2430208, 53.4373491 ], [ -6.2419212, 53.4373396 ], [ -6.2405203, 53.4373137 ], [ -6.2396528, 53.4372438 ], [ -6.2389682, 53.437123199999988 ], [ -6.2383042, 53.4369482 ], [ -6.2377046, 53.436723499999985 ], [ -6.2372121, 53.4365029 ], [ -6.2366965, 53.436284499999985 ], [ -6.2363506, 53.4361478 ], [ -6.2356849, 53.4359542 ], [ -6.2348214, 53.4357998 ], [ -6.2342996, 53.4357436 ], [ -6.2329709, 53.4356991 ], [ -6.2326397, 53.4356881 ], [ -6.2322864, 53.4356576 ], [ -6.2318218, 53.4355874 ], [ -6.2311584, 53.4354114 ], [ -6.2306283, 53.435197 ], [ -6.230196, 53.4349555 ], [ -6.2297286, 53.434641 ], [ -6.2291961, 53.434261 ], [ -6.2290149, 53.4340437 ], [ -6.2289254, 53.4336781 ], [ -6.229433, 53.4330216 ], [ -6.229662, 53.4326303 ], [ -6.2299099, 53.4319523 ], [ -6.2300509, 53.43095790000001 ], [ -6.2298087, 53.4291313 ], [ -6.2297052, 53.4287944 ], [ -6.229573693583225, 53.428206966494365 ], [ -6.2295478, 53.42742590000001 ], [ -6.2294291, 53.4270484 ], [ -6.2292842, 53.4261781 ], [ -6.2292682, 53.4257658 ], [ -6.2293313, 53.4251648 ], [ -6.2298837, 53.4236545 ], [ -6.2301688, 53.4232021 ], [ -6.2327445, 53.4240837 ], [ -6.2340588, 53.4244805 ], [ -6.2343547, 53.4245033 ], [ -6.2354409, 53.4248392 ], [ -6.2356825, 53.424966099999985 ], [ -6.2357782, 53.4249881 ], [ -6.2361318, 53.4251497 ], [ -6.2368367, 53.425309 ], [ -6.2380582, 53.4255182 ], [ -6.239295562291337, 53.425859572396888 ], [ -6.2412322, 53.426442 ], [ -6.2416926, 53.4266895 ], [ -6.2417687, 53.4268802 ], [ -6.2417017, 53.4270716 ], [ -6.2414382, 53.4272558 ], [ -6.2413813, 53.4273004 ], [ -6.2413259, 53.427385 ], [ -6.2412945, 53.4274993 ], [ -6.2413787, 53.427631799999979 ], [ -6.2427784, 53.4285014 ], [ -6.2428302, 53.4285828 ], [ -6.242782, 53.4286379 ], [ -6.2427174, 53.4286624 ], [ -6.2422361, 53.428659599999982 ], [ -6.2421522, 53.4286791 ], [ -6.2420288, 53.4287425 ], [ -6.2419929, 53.428793199999987 ], [ -6.2420162, 53.4288418 ], [ -6.241962, 53.4291926 ], [ -6.2418258, 53.4293122 ], [ -6.2416269, 53.4293635 ], [ -6.2409348, 53.4293738 ], [ -6.2353115, 53.4286023 ], [ -6.234464, 53.4285223 ], [ -6.2338422, 53.428485 ], [ -6.232527, 53.4284523 ], [ -6.2315856, 53.428394 ], [ -6.2306908, 53.4283147 ], [ -6.2305478, 53.428319799999983 ], [ -6.229573693583225, 53.428206966494365 ] ], [ [ -6.2215079, 53.4563944 ], [ -6.221501221126364, 53.456392968620968 ], [ -6.2212592, 53.4563411 ], [ -6.220929, 53.4562515 ], [ -6.2207546, 53.4561876 ], [ -6.2205542, 53.4561008 ], [ -6.2201962, 53.4559231 ], [ -6.2197657, 53.455743799999986 ], [ -6.2195416, 53.4556789 ], [ -6.219426, 53.4556525 ], [ -6.219135, 53.4555806 ], [ -6.2189993, 53.4555335 ], [ -6.2187288, 53.4553862 ], [ -6.2184943, 53.4552076 ], [ -6.2183909, 53.4550415 ], [ -6.2183294, 53.4548875 ], [ -6.2182099, 53.4547241 ], [ -6.2180236, 53.4544863 ], [ -6.2176499, 53.4543603 ], [ -6.2169183, 53.4543228 ], [ -6.2154522, 53.4542784 ], [ -6.2131488, 53.4540974 ], [ -6.2117737, 53.45403670000001 ], [ -6.2101318, 53.4539833 ], [ -6.2095279, 53.453954 ], [ -6.2088506, 53.4538905 ], [ -6.2066711, 53.4536907 ], [ -6.203828624307636, 53.453425782640977 ], [ -6.2033571, 53.453386 ], [ -6.202618101969719, 53.453321419252809 ], [ -6.2006494, 53.4531313 ], [ -6.1998812, 53.4530586 ], [ -6.1988154, 53.4529544 ], [ -6.1961231, 53.452702 ], [ -6.1941882, 53.452518899999987 ], [ -6.1935147, 53.4524364 ], [ -6.192935, 53.452331 ], [ -6.1926836, 53.4522818 ], [ -6.1921129, 53.4521507 ], [ -6.1912977, 53.4519096 ], [ -6.1900354, 53.4515601 ], [ -6.1895958, 53.4514384 ], [ -6.1874594, 53.4507708 ], [ -6.1867513, 53.4505304 ], [ -6.185808793981992, 53.450227322693777 ] ], [ [ -6.204790639889499, 53.447880185068314 ], [ -6.2047219, 53.4479927 ], [ -6.2042167, 53.4490759 ], [ -6.204086, 53.4493389 ], [ -6.2039171, 53.4498835 ], [ -6.2038194, 53.4503829 ], [ -6.2037797, 53.4510573 ], [ -6.2039532, 53.452264 ], [ -6.2038689, 53.4532972 ], [ -6.203828624307636, 53.453425782640977 ] ], [ [ -6.185808793981992, 53.45022732269377 ], [ -6.184936, 53.4512374 ], [ -6.1838533, 53.4522538 ], [ -6.1823228, 53.4539352 ], [ -6.1805881, 53.4557731 ], [ -6.177205, 53.454908099999983 ], [ -6.1768468, 53.45472 ], [ -6.1767432, 53.4546138 ], [ -6.1766193, 53.4543313 ], [ -6.1765054, 53.4540335 ], [ -6.1760679, 53.4536955 ], [ -6.1759005, 53.4535681 ], [ -6.1756367, 53.4533951 ], [ -6.1754078, 53.4533051 ], [ -6.1727423, 53.4523882 ], [ -6.1697173, 53.4513566 ], [ -6.1666218, 53.4502816 ], [ -6.1638062, 53.4493063 ], [ -6.1637126, 53.4492021 ], [ -6.1608163, 53.4496389 ], [ -6.1570014, 53.4502207 ], [ -6.1536218, 53.4507379 ], [ -6.1528893, 53.4473216 ], [ -6.1527897, 53.4467853 ], [ -6.1527119, 53.4459116 ], [ -6.1527332, 53.4453427 ], [ -6.1527046, 53.4449517 ], [ -6.152538, 53.4445785 ], [ -6.1517707, 53.4434758 ], [ -6.1512428, 53.4424801 ], [ -6.1512184, 53.4422403 ], [ -6.1514085, 53.4412554 ], [ -6.1514421, 53.4406837 ], [ -6.1515523, 53.4399551 ], [ -6.151726, 53.4392063 ], [ -6.1519671, 53.4378638 ], [ -6.1522741, 53.4367666 ], [ -6.1523689, 53.436455 ], [ -6.1529282, 53.4357655 ], [ -6.1531237, 53.435527 ], [ -6.1532095, 53.4352967 ], [ -6.1531563, 53.4349907 ], [ -6.1527864, 53.433919 ], [ -6.1508204, 53.4340273 ], [ -6.1499094, 53.4340564 ], [ -6.1476995, 53.4340745 ], [ -6.146676, 53.4340806 ], [ -6.1457039, 53.4341743 ], [ -6.1452504, 53.4342149 ], [ -6.1442737, 53.4342173 ], [ -6.1430821, 53.4341758 ], [ -6.1427128, 53.4342065 ], [ -6.1406107, 53.4346074 ], [ -6.1396537, 53.4347041 ], [ -6.136844, 53.4348541 ], [ -6.1333516, 53.4351608 ], [ -6.1321227, 53.4352508 ], [ -6.1309928, 53.4353188 ], [ -6.1302371, 53.4353247 ], [ -6.1300606, 53.435213 ], [ -6.1299487, 53.4347659 ], [ -6.1298252, 53.4345445 ], [ -6.1296608, 53.4344438 ], [ -6.1293887, 53.4343826 ], [ -6.1287063, 53.4343224 ], [ -6.1262609, 53.4340922 ], [ -6.125543, 53.4340167 ], [ -6.1243114, 53.4339845 ], [ -6.1240747, 53.4339552 ] ], [ [ -6.1501671, 53.4181995 ], [ -6.1491351, 53.4181274 ], [ -6.1484953, 53.418093 ], [ -6.1474363, 53.4180604 ], [ -6.1451898, 53.4180151 ], [ -6.1444247, 53.4179698 ], [ -6.143781, 53.4179031 ], [ -6.1430318, 53.417623 ], [ -6.1428399, 53.417465299999989 ], [ -6.1426103, 53.4173251 ], [ -6.1422027, 53.4171967 ], [ -6.1414783, 53.4169945 ], [ -6.1411645, 53.4169348 ], [ -6.140707, 53.4167935 ], [ -6.1402475, 53.4165245 ], [ -6.13955, 53.4160109 ], [ -6.1392075, 53.4157064 ], [ -6.1382857, 53.4147323 ], [ -6.1376353, 53.4138053 ], [ -6.1374739, 53.4134733 ], [ -6.1370752, 53.41246610000001 ], [ -6.137047, 53.4121157 ], [ -6.1370637, 53.411900699999983 ], [ -6.137103, 53.4113129 ], [ -6.1370427, 53.4108339 ], [ -6.1368755, 53.4102812 ], [ -6.136646, 53.4096919 ], [ -6.1363023, 53.4090536 ], [ -6.1358148, 53.4081657 ], [ -6.135624, 53.407681 ], [ -6.1355111, 53.4074266 ], [ -6.1352363, 53.4070513 ], [ -6.1341542, 53.4059156 ], [ -6.1320523, 53.4036075 ], [ -6.1316465, 53.403139 ], [ -6.1313737, 53.402815199999985 ], [ -6.1313269, 53.4027526 ], [ -6.1311341, 53.4024334 ], [ -6.1310063, 53.4021707 ], [ -6.1308652, 53.4020201 ], [ -6.1304058, 53.401662499999986 ], [ -6.1296598, 53.400818 ], [ -6.1294146, 53.4005895 ], [ -6.1283883, 53.399816599999987 ], [ -6.1278802, 53.3993525 ], [ -6.1271574, 53.3984381 ], [ -6.1269582, 53.398470599999989 ], [ -6.1268092, 53.3984425 ], [ -6.126572, 53.3982121 ], [ -6.1259956, 53.3974586 ], [ -6.1253649, 53.396570799999985 ], [ -6.1248353, 53.3960471 ], [ -6.1238041, 53.3952082 ], [ -6.1226891, 53.3944125 ], [ -6.1206363, 53.3934427 ], [ -6.1194706, 53.3929427 ], [ -6.1168928, 53.3918745 ], [ -6.1167152, 53.391802299999988 ], [ -6.1166064, 53.3918481 ], [ -6.1162278, 53.391845899999986 ] ], [ [ -6.1240747, 53.4339552 ], [ -6.1242895, 53.43362960000001 ], [ -6.1246876, 53.432545 ], [ -6.1248375, 53.4322014 ], [ -6.1250773, 53.4318792 ], [ -6.1264616, 53.4304669 ], [ -6.1293643, 53.4276713 ], [ -6.13127, 53.4258798 ], [ -6.1335112, 53.4237188 ], [ -6.1343693, 53.422898 ], [ -6.1358568, 53.4219476 ], [ -6.140149, 53.4193864 ], [ -6.1427112, 53.4178552 ], [ -6.1430318, 53.417623 ] ] ] } },
{ "type": "Feature", "properties": { "id": null, "route no": "L85" }, "geometry": { "type": "MultiLineString", "coordinates": [ [ [ -6.2284419, 53.43442 ], [ -6.2287421, 53.4338742 ], [ -6.2289254, 53.4336781 ], [ -6.229433, 53.4330216 ], [ -6.229662, 53.4326303 ], [ -6.2299099, 53.4319523 ], [ -6.2300509, 53.43095790000001 ], [ -6.2298087, 53.4291313 ], [ -6.2297052, 53.4287944 ], [ -6.229573693583225, 53.428206966494365 ], [ -6.2295478, 53.42742590000001 ], [ -6.2294291, 53.4270484 ], [ -6.2292842, 53.4261781 ], [ -6.2292682, 53.4257658 ], [ -6.2293313, 53.4251648 ], [ -6.2298837, 53.4236545 ], [ -6.2301688, 53.4232021 ], [ -6.2327445, 53.4240837 ], [ -6.2340588, 53.4244805 ], [ -6.2343547, 53.4245033 ], [ -6.2354409, 53.4248392 ], [ -6.2356825, 53.424966099999985 ], [ -6.2357782, 53.4249881 ], [ -6.2361318, 53.4251497 ], [ -6.2368367, 53.425309 ], [ -6.2380582, 53.4255182 ], [ -6.239295562291337, 53.425859572396888 ], [ -6.2412322, 53.426442 ], [ -6.2416926, 53.4266895 ], [ -6.2417687, 53.4268802 ], [ -6.2417017, 53.4270716 ], [ -6.2414382, 53.4272558 ], [ -6.2413813, 53.4273004 ], [ -6.2413259, 53.427385 ], [ -6.2412945, 53.4274993 ], [ -6.2413787, 53.427631799999979 ], [ -6.2427784, 53.4285014 ], [ -6.2428302, 53.4285828 ], [ -6.242782, 53.4286379 ], [ -6.2427174, 53.4286624 ], [ -6.2422361, 53.428659599999982 ], [ -6.2421522, 53.4286791 ], [ -6.2420288, 53.4287425 ], [ -6.2419929, 53.428793199999987 ], [ -6.2420162, 53.4288418 ], [ -6.241962, 53.4291926 ], [ -6.2418258, 53.4293122 ], [ -6.2416269, 53.4293635 ], [ -6.2409348, 53.4293738 ], [ -6.2353115, 53.4286023 ], [ -6.234464, 53.4285223 ], [ -6.2338422, 53.428485 ], [ -6.232527, 53.4284523 ], [ -6.2315856, 53.428394 ], [ -6.2306908, 53.4283147 ], [ -6.2305478, 53.428319799999983 ], [ -6.229573693583225, 53.428206966494365 ] ], [ [ -6.2284419, 53.43442 ], [ -6.2279162, 53.435255599999984 ], [ -6.2276859, 53.4357512 ], [ -6.2275851, 53.4361912 ], [ -6.2275336, 53.4370686 ], [ -6.2276839, 53.440043 ], [ -6.227889, 53.4424854 ], [ -6.2279036, 53.4427343 ], [ -6.2283143, 53.444313 ], [ -6.228279614526494, 53.444824341934591 ], [ -6.228186, 53.4462044 ], [ -6.2281914, 53.4467871 ], [ -6.2280378, 53.4473481 ], [ -6.2277626, 53.447959 ], [ -6.2274557, 53.4484248 ], [ -6.2273307, 53.448575 ], [ -6.2267342, 53.4491581 ], [ -6.2261516, 53.4495463 ], [ -6.2255426, 53.4500255 ] ], [ [ -6.2255426, 53.4500255 ], [ -6.2255598, 53.4505172 ], [ -6.225626, 53.4508957 ], [ -6.2254836, 53.4512781 ], [ -6.2242684, 53.4529868 ], [ -6.2235272, 53.4540665 ], [ -6.2231139, 53.4545595 ], [ -6.2220735, 53.45558 ], [ -6.221835, 53.4558649 ], [ -6.221510338101231, 53.456390453272384 ], [ -6.2215079, 53.4563944 ], [ -6.2211319, 53.4570839 ], [ -6.2206383, 53.457983099999986 ], [ -6.2202207, 53.4587362 ], [ -6.2201456, 53.4588577 ], [ -6.2198284, 53.4592753 ] ], [ [ -6.2198284, 53.4592753 ], [ -6.2196399, 53.4593058 ], [ -6.219491, 53.4593556 ], [ -6.2193622, 53.4594267 ], [ -6.2191881, 53.4595578 ], [ -6.2190831, 53.4596816 ], [ -6.2190055, 53.4598183 ], [ -6.2188944, 53.4602646 ], [ -6.218738, 53.4608216 ], [ -6.2186938, 53.460992 ], [ -6.2185488, 53.4613955 ], [ -6.2184148, 53.4617496 ], [ -6.2183428, 53.461992199999983 ], [ -6.2182494, 53.4623316 ], [ -6.218133, 53.4627718 ], [ -6.2180969, 53.4629182 ], [ -6.2180473, 53.4630345 ], [ -6.2179686, 53.4631753 ], [ -6.2178445, 53.4632658 ], [ -6.2176087, 53.4633895 ], [ -6.2168839, 53.4636823 ], [ -6.216677307491412, 53.463771684992068 ], [ -6.2162876, 53.4639733 ], [ -6.2161778, 53.4640863 ], [ -6.2160659, 53.4642678 ], [ -6.2160485, 53.4644332 ], [ -6.2161061, 53.4647582 ], [ -6.2161476, 53.465023599999981 ], [ -6.2156603, 53.4650503 ], [ -6.2151411, 53.4651757 ], [ -6.2149588, 53.4653559 ], [ -6.2148501, 53.4662344 ], [ -6.2147176, 53.4666642 ], [ -6.2144308, 53.467171 ], [ -6.2132862, 53.46875 ], [ -6.2116577, 53.4709905 ], [ -6.2105622, 53.4724944 ], [ -6.2089695, 53.4742176 ], [ -6.2076181, 53.4756411 ], [ -6.20533701265757, 53.478051253615412 ], [ -6.2048147, 53.4786031 ], [ -6.2042485, 53.4790438 ], [ -6.2038591, 53.4797073 ], [ -6.1963101, 53.4899597 ], [ -6.1961441, 53.4904861 ], [ -6.1961294, 53.4916879 ], [ -6.1960427, 53.4926299 ], [ -6.1957448, 53.4933739 ], [ -6.1948767, 53.4945241 ], [ -6.1942616, 53.4954637 ], [ -6.1940035, 53.4962054 ], [ -6.1940032, 53.496793299999986 ], [ -6.1941044, 53.497460599999989 ], [ -6.1942585, 53.498380099999984 ], [ -6.1942511, 53.4987535 ], [ -6.1939276, 53.5004541 ], [ -6.1934375, 53.501424900000011 ], [ -6.19272, 53.5021689 ], [ -6.1911664, 53.5026268 ], [ -6.1906646, 53.5028985 ], [ -6.190362, 53.50309140000001 ], [ -6.190028, 53.5034 ], [ -6.1895456, 53.5037433 ], [ -6.1886149, 53.5042318 ], [ -6.1874398, 53.5048284 ], [ -6.1870653, 53.5050948 ], [ -6.1867783, 53.5054548 ], [ -6.1862198, 53.5064533 ], [ -6.1858645, 53.50683320000001 ], [ -6.185247, 53.5072122 ], [ -6.184724, 53.5075655 ], [ -6.1841841, 53.5081817 ], [ -6.1835528, 53.5085857 ], [ -6.1813041, 53.5095402 ], [ -6.1796443, 53.5100133 ], [ -6.1789347, 53.51022480000001 ], [ -6.178588, 53.5103996 ], [ -6.1783017, 53.5106377 ], [ -6.1776419, 53.5115106 ], [ -6.1774113, 53.5117478 ], [ -6.17543, 53.5133185 ], [ -6.1744133, 53.513982199999987 ], [ -6.1735864, 53.5144594 ], [ -6.1732821, 53.5146709 ], [ -6.1730236, 53.5149136 ], [ -6.1729083, 53.5150726 ], [ -6.1726822, 53.5154344 ], [ -6.1723473, 53.5161064 ], [ -6.1722442, 53.5162392 ], [ -6.1710548, 53.5172603 ], [ -6.1697612, 53.5187857 ], [ -6.1693306, 53.5193156 ], [ -6.1691935, 53.5195399 ], [ -6.1691018, 53.5198308 ], [ -6.1690132, 53.5200035 ], [ -6.1688586, 53.5201812 ], [ -6.1685982, 53.5204291 ], [ -6.168386, 53.5209253 ], [ -6.1683723, 53.5212389 ], [ -6.1681554, 53.5218036 ], [ -6.1678422, 53.5227432 ], [ -6.1676396, 53.5235021 ], [ -6.1676041, 53.5236106 ], [ -6.1675317, 53.5237065 ], [ -6.1671744, 53.5238622 ], [ -6.1665355, 53.5240229 ], [ -6.1661361, 53.524279 ], [ -6.1659225, 53.5244869 ], [ -6.1657886, 53.5247159 ], [ -6.1655246, 53.5254076 ], [ -6.1655033, 53.525485 ], [ -6.1654377, 53.525552 ], [ -6.1647935, 53.5253717 ], [ -6.1635377, 53.524996899999984 ], [ -6.1621715, 53.5246035 ], [ -6.1599039, 53.5240772 ], [ -6.1577849, 53.5236574 ], [ -6.1572727, 53.5235642 ], [ -6.1566208, 53.523296 ], [ -6.1560246, 53.5229465 ], [ -6.1558152, 53.522863 ], [ -6.1555148, 53.5227846 ], [ -6.1515959, 53.5221116 ], [ -6.1508536, 53.5220307 ], [ -6.1504442, 53.522005099999987 ], [ -6.1492164, 53.5219934 ], [ -6.1485355, 53.521981 ], [ -6.1478537, 53.5219374 ], [ -6.1470662, 53.5218321 ], [ -6.1456707, 53.5215278 ], [ -6.1449603, 53.5214039 ], [ -6.1431137, 53.5212066 ], [ -6.1421681, 53.5210952 ], [ -6.1406063, 53.5209011 ], [ -6.1394258, 53.5206901 ], [ -6.1388877, 53.52056360000001 ], [ -6.1381578, 53.520319 ], [ -6.1361543, 53.51976 ], [ -6.1357359, 53.519644799999988 ], [ -6.1339716, 53.519264399999983 ], [ -6.1331978, 53.5190387 ], [ -6.1319858, 53.518742 ], [ -6.1317014, 53.5187056 ], [ -6.1311131, 53.5186532 ], [ -6.1297847, 53.5186716 ], [ -6.129162, 53.5186739 ], [ -6.1287118, 53.5186314 ], [ -6.1284714, 53.5185828 ], [ -6.1278093, 53.5183546 ], [ -6.1272706, 53.5182032 ], [ -6.1270839, 53.5181744 ], [ -6.1268283, 53.5181436 ], [ -6.1262477, 53.5181438 ], [ -6.1257745, 53.5181554 ], [ -6.1249943, 53.5180324 ], [ -6.1224359, 53.5177404 ], [ -6.1215277, 53.5176833 ], [ -6.1213472, 53.5176725 ], [ -6.1198029, 53.5177453 ], [ -6.1179441, 53.5180373 ], [ -6.117088, 53.5183196 ], [ -6.1167009, 53.5185252 ], [ -6.1150795, 53.5195793 ], [ -6.1147147, 53.5197245 ], [ -6.1143017, 53.51986 ], [ -6.1129008, 53.5201822 ], [ -6.106925, 53.5213305 ], [ -6.1028745, 53.52213960000001 ], [ -6.1010279, 53.5227741 ], [ -6.1005076, 53.5228829 ], [ -6.0995782, 53.522845899999986 ], [ -6.0978022, 53.522756699999988 ], [ -6.0966341, 53.5226228 ], [ -6.0913116, 53.5218784 ], [ -6.0911786, 53.5221546 ], [ -6.0911408, 53.5222955 ], [ -6.0911294, 53.5224974 ], [ -6.0911804, 53.5229799 ], [ -6.0913173, 53.52377220000001 ], [ -6.0913502, 53.5239978 ], [ -6.0913614, 53.5243414 ], [ -6.0913319, 53.5244679 ], [ -6.091223, 53.5248254 ], [ -6.0911776, 53.525018 ], [ -6.091149, 53.5258096 ], [ -6.0911621, 53.5262898 ], [ -6.0911796, 53.5269352 ], [ -6.0912068, 53.527937599999987 ], [ -6.0912736, 53.528558599999982 ], [ -6.091424, 53.52948390000001 ], [ -6.0914931, 53.5307763 ], [ -6.0914987, 53.5308496 ], [ -6.0914786, 53.5318202 ], [ -6.0911992, 53.5324983 ], [ -6.0904214, 53.5341666 ], [ -6.0901582, 53.5347516 ], [ -6.0900955, 53.53505 ], [ -6.0900987, 53.535402 ], [ -6.0902248, 53.535866799999987 ], [ -6.0906405, 53.537164399999988 ], [ -6.0907483, 53.5373939 ], [ -6.0908379, 53.5374915 ], [ -6.0922715, 53.5388334 ], [ -6.0961526, 53.5423074 ], [ -6.0992534, 53.5451199 ], [ -6.1008292, 53.5464934 ], [ -6.100969, 53.5466443 ], [ -6.1011633, 53.546922 ], [ -6.1012111, 53.5470188 ], [ -6.1018896, 53.5501104 ], [ -6.1021421, 53.5515623 ], [ -6.1021484, 53.55191820000001 ], [ -6.10162, 53.5563604 ], [ -6.101713, 53.5568355 ], [ -6.1027125, 53.5589037 ], [ -6.1032317, 53.559571899999987 ], [ -6.1036468, 53.5601186 ], [ -6.1038221, 53.5604788 ], [ -6.1038221, 53.5609937 ], [ -6.1037473, 53.5614084 ], [ -6.1030164, 53.5636804 ], [ -6.1018957, 53.567890399999989 ], [ -6.1012699, 53.5696952 ], [ -6.1011287, 53.570059099999987 ], [ -6.1007768, 53.5706462 ], [ -6.1005925, 53.5709916 ], [ -6.1005365, 53.5712024 ], [ -6.100525, 53.5713349 ], [ -6.1005618, 53.5716214 ], [ -6.1007769, 53.5720484 ], [ -6.1032315, 53.5739653 ], [ -6.1041208, 53.5747051 ], [ -6.1042176, 53.57481 ], [ -6.1044474, 53.5752705 ], [ -6.1052924, 53.57669 ], [ -6.1058983, 53.5777892 ], [ -6.1063864, 53.5788684 ], [ -6.1067342, 53.5798854 ], [ -6.1069866, 53.5805955 ], [ -6.1071525, 53.580664599999984 ], [ -6.1076801, 53.5805646 ], [ -6.1082461, 53.5804798 ], [ -6.1091138, 53.5803569 ], [ -6.1093681, 53.5803167 ], [ -6.1096123, 53.5802562 ], [ -6.1097325, 53.5802056 ], [ -6.1099047, 53.5800579 ], [ -6.1103228, 53.5796233 ], [ -6.1105555, 53.5793401 ], [ -6.1138485, 53.5757882 ], [ -6.1140629, 53.5756803 ], [ -6.1143257, 53.5757293 ], [ -6.1146188, 53.5758129 ], [ -6.1150851, 53.5759324 ], [ -6.1153261, 53.5759828 ], [ -6.1155399, 53.575994799999982 ], [ -6.1157143, 53.5759847 ], [ -6.117169, 53.5758089 ], [ -6.1176494, 53.5757796 ], [ -6.1182051, 53.5758202 ], [ -6.1209568, 53.5764483 ], [ -6.1218294, 53.5766574 ], [ -6.1223293, 53.5767975 ], [ -6.1229967, 53.5770699 ], [ -6.1246054, 53.5778111 ], [ -6.1258366, 53.5783993 ], [ -6.1271845, 53.5789557 ], [ -6.1282467, 53.579312 ], [ -6.1292203, 53.5795925 ], [ -6.1289591, 53.5798795 ], [ -6.1286435, 53.5801163 ], [ -6.128305, 53.5802837 ], [ -6.1271681, 53.5806853 ], [ -6.1264519, 53.58105 ], [ -6.1259414, 53.5813773 ], [ -6.1254881, 53.5817791 ], [ -6.1249795, 53.5822741 ] ], [ [ -6.1249795, 53.582274099999978 ], [ -6.1248966, 53.5823719 ], [ -6.124723, 53.582818 ], [ -6.1244674, 53.5835362 ], [ -6.1244169, 53.5836114 ], [ -6.124969, 53.583755 ], [ -6.1260938, 53.5842948 ], [ -6.126186, 53.5843289 ], [ -6.1280803, 53.584988899999985 ], [ -6.128459, 53.5851321 ], [ -6.1293202, 53.5854724 ], [ -6.1297156, 53.585626 ], [ -6.1299621, 53.5856911 ], [ -6.1301714, 53.5857276 ], [ -6.1303611, 53.5857405 ], [ -6.130554, 53.5857285 ], [ -6.1310524, 53.5856595 ], [ -6.131112, 53.5856556 ], [ -6.1317091, 53.5856357 ], [ -6.132119, 53.5856855 ], [ -6.1332015, 53.5860018 ], [ -6.1351086, 53.5863211 ], [ -6.136142, 53.5863481 ], [ -6.1379462, 53.5863752 ], [ -6.1392235, 53.5865037 ], [ -6.1403709, 53.5864767 ], [ -6.1416005, 53.5865141 ], [ -6.1423023, 53.5863938 ], [ -6.1428889, 53.5862015 ], [ -6.1437826, 53.58578 ], [ -6.1439193, 53.5855233 ], [ -6.1445303, 53.585568699999989 ], [ -6.1452917, 53.5855208 ], [ -6.1468683, 53.5855829 ], [ -6.148112, 53.5853774 ], [ -6.1483209, 53.5854076 ], [ -6.1496192, 53.5859653 ], [ -6.1506321, 53.586558599999989 ], [ -6.1511625, 53.5868862 ], [ -6.1517183, 53.5872455 ], [ -6.1520003, 53.58746 ], [ -6.1529892, 53.5883617 ], [ -6.1598968, 53.5949254 ], [ -6.1613791, 53.5965278 ], [ -6.164864515569331, 53.600363776389202 ], [ -6.165371, 53.6008972 ], [ -6.1657718, 53.6013092 ], [ -6.1663453, 53.6018541 ], [ -6.1670455, 53.6024784 ], [ -6.1674437, 53.6028227 ], [ -6.1676191, 53.60296 ], [ -6.1681007, 53.6032689 ], [ -6.1695551, 53.604246 ], [ -6.1715199, 53.605487599999982 ], [ -6.172443, 53.6060251 ], [ -6.1728006, 53.605828399999986 ], [ -6.1729942, 53.6057603 ], [ -6.17314, 53.605742 ], [ -6.17329, 53.6057408 ], [ -6.1744575, 53.6058005 ], [ -6.1757297, 53.6058559 ], [ -6.1769576, 53.6059246 ], [ -6.178272, 53.6060347 ], [ -6.1800071, 53.6061907 ], [ -6.1808276, 53.6062488 ], [ -6.1815425, 53.6062093 ], [ -6.1818095, 53.6062228 ], [ -6.1821775, 53.6063163 ], [ -6.1825022, 53.6063873 ], [ -6.18372, 53.606518 ], [ -6.184027, 53.6055413 ], [ -6.1845611, 53.6037473 ] ] ] } },
{ "type": "Feature", "properties": { "id": null, "route no": "X85" }, "geometry": { "type": "MultiLineString", "coordinates": [ [ [ -6.207490532354153, 53.440040504526948 ], [ -6.206058055919701, 53.442916361588452 ], [ -6.204715375639341, 53.445756714538597 ], [ -6.2038304, 53.447607 ], [ -6.2032941, 53.448914 ], [ -6.202958912955697, 53.449947509021726 ], [ -6.20278305626461, 53.450773190373106 ], [ -6.202624430217713, 53.451959625080477 ], [ -6.2026029, 53.4530736 ], [ -6.202824965055154, 53.454217354711467 ], [ -6.2037373, 53.4584003 ], [ -6.2038179, 53.4609773 ], [ -6.203085393447135, 53.465288493186989 ], [ -6.202808932772409, 53.466855324276196 ], [ -6.2024709, 53.4690174 ], [ -6.2024182, 53.470405 ], [ -6.2026504, 53.4726831 ], [ -6.204008300369615, 53.475562502357569 ], [ -6.20533701265757, 53.478051253615412 ], [ -6.2048147, 53.4786031 ], [ -6.2042485, 53.4790438 ] ], [ [ -6.2042485, 53.479043799999985 ], [ -6.2038591, 53.4797073 ], [ -6.1963101, 53.4899597 ], [ -6.1961441, 53.4904861 ], [ -6.1960427, 53.4926299 ], [ -6.1957448, 53.4933739 ], [ -6.1948767, 53.4945241 ], [ -6.1942616, 53.4954637 ], [ -6.1940035, 53.4962054 ], [ -6.1940032, 53.496793299999986 ], [ -6.1941044, 53.497460599999989 ], [ -6.1942585, 53.498380099999984 ], [ -6.1942511, 53.4987535 ], [ -6.1939276, 53.5004541 ], [ -6.1934375, 53.501424900000011 ], [ -6.19272, 53.5021689 ], [ -6.1911664, 53.5026268 ], [ -6.1906646, 53.5028985 ], [ -6.190362, 53.50309140000001 ], [ -6.190028, 53.5034 ], [ -6.1895456, 53.5037433 ], [ -6.1886149, 53.5042318 ], [ -6.1874398, 53.5048284 ], [ -6.1870653, 53.5050948 ], [ -6.1867783, 53.5054548 ], [ -6.1862198, 53.5064533 ], [ -6.1858645, 53.50683320000001 ], [ -6.185247, 53.5072122 ], [ -6.184724, 53.5075655 ], [ -6.1841841, 53.5081817 ], [ -6.1835528, 53.5085857 ], [ -6.1813041, 53.5095402 ], [ -6.1796443, 53.5100133 ], [ -6.1789347, 53.51022480000001 ], [ -6.178588, 53.5103996 ], [ -6.1783017, 53.5106377 ], [ -6.1776419, 53.5115106 ], [ -6.1774113, 53.5117478 ], [ -6.17543, 53.5133185 ], [ -6.1744133, 53.513982199999987 ], [ -6.1735864, 53.5144594 ], [ -6.1732821, 53.5146709 ], [ -6.1730236, 53.5149136 ], [ -6.1729083, 53.5150726 ], [ -6.1726822, 53.5154344 ], [ -6.1723473, 53.5161064 ], [ -6.1722442, 53.5162392 ], [ -6.1710548, 53.5172603 ], [ -6.1697612, 53.5187857 ], [ -6.1693306, 53.5193156 ], [ -6.1691935, 53.5195399 ], [ -6.1691018, 53.5198308 ], [ -6.1690132, 53.5200035 ], [ -6.1688586, 53.5201812 ], [ -6.1685982, 53.5204291 ], [ -6.168386, 53.5209253 ], [ -6.1683723, 53.5212389 ], [ -6.1681554, 53.5218036 ], [ -6.1678422, 53.5227432 ], [ -6.1676396, 53.5235021 ], [ -6.1676041, 53.5236106 ], [ -6.1675317, 53.5237065 ], [ -6.1671744, 53.5238622 ], [ -6.1665355, 53.5240229 ], [ -6.1661361, 53.524279 ], [ -6.1659225, 53.5244869 ], [ -6.1657886, 53.5247159 ], [ -6.1655246, 53.5254076 ], [ -6.1655033, 53.525485 ], [ -6.1654377, 53.525552 ], [ -6.1647935, 53.5253717 ], [ -6.1635377, 53.524996899999984 ], [ -6.1621715, 53.5246035 ], [ -6.1599039, 53.5240772 ], [ -6.1577849, 53.5236574 ], [ -6.1572727, 53.5235642 ], [ -6.1566208, 53.523296 ], [ -6.1560246, 53.5229465 ], [ -6.1558152, 53.522863 ], [ -6.1555148, 53.5227846 ], [ -6.1515959, 53.5221116 ], [ -6.1508536, 53.5220307 ], [ -6.1504442, 53.522005099999987 ], [ -6.1492164, 53.5219934 ], [ -6.1485355, 53.521981 ], [ -6.1478537, 53.5219374 ], [ -6.1470662, 53.5218321 ], [ -6.1456707, 53.5215278 ], [ -6.1449603, 53.5214039 ], [ -6.1431137, 53.5212066 ], [ -6.1421681, 53.5210952 ], [ -6.1406063, 53.5209011 ], [ -6.1394258, 53.5206901 ], [ -6.1388877, 53.52056360000001 ], [ -6.1381578, 53.520319 ], [ -6.1361543, 53.51976 ], [ -6.1357359, 53.519644799999988 ], [ -6.1339716, 53.519264399999983 ], [ -6.1331978, 53.5190387 ], [ -6.1319858, 53.518742 ], [ -6.1317014, 53.5187056 ], [ -6.1311131, 53.5186532 ], [ -6.1297847, 53.5186716 ], [ -6.129162, 53.5186739 ], [ -6.1287118, 53.5186314 ], [ -6.1284714, 53.5185828 ], [ -6.1278093, 53.5183546 ], [ -6.1272706, 53.5182032 ], [ -6.1270839, 53.5181744 ], [ -6.1268283, 53.5181436 ], [ -6.1262477, 53.5181438 ], [ -6.1257745, 53.5181554 ], [ -6.1249943, 53.5180324 ], [ -6.1224359, 53.5177404 ], [ -6.1215277, 53.5176833 ], [ -6.1213472, 53.5176725 ], [ -6.1198029, 53.5177453 ], [ -6.1179441, 53.5180373 ], [ -6.117088, 53.5183196 ], [ -6.1167009, 53.5185252 ], [ -6.1150795, 53.5195793 ], [ -6.1147147, 53.5197245 ], [ -6.1143017, 53.51986 ], [ -6.1129008, 53.5201822 ], [ -6.106925, 53.5213305 ], [ -6.1028745, 53.52213960000001 ], [ -6.1010279, 53.5227741 ], [ -6.1005076, 53.5228829 ], [ -6.0995782, 53.522845899999986 ], [ -6.0978022, 53.522756699999988 ], [ -6.0966341, 53.5226228 ], [ -6.0913116, 53.5218784 ], [ -6.0911786, 53.5221546 ], [ -6.0911408, 53.5222955 ], [ -6.0911294, 53.5224974 ], [ -6.0911804, 53.5229799 ], [ -6.0913173, 53.52377220000001 ], [ -6.0913502, 53.5239978 ], [ -6.0913614, 53.5243414 ], [ -6.0913319, 53.5244679 ], [ -6.091223, 53.5248254 ], [ -6.0911776, 53.525018 ], [ -6.091149, 53.5258096 ], [ -6.0911621, 53.5262898 ], [ -6.0911796, 53.5269352 ], [ -6.0912068, 53.527937599999987 ], [ -6.0912736, 53.528558599999982 ], [ -6.091424, 53.52948390000001 ], [ -6.0914931, 53.5307763 ], [ -6.0914987, 53.5308496 ], [ -6.0914786, 53.5318202 ], [ -6.0911992, 53.5324983 ], [ -6.0904214, 53.5341666 ], [ -6.0901582, 53.5347516 ], [ -6.0900955, 53.53505 ], [ -6.0900987, 53.535402 ], [ -6.0902248, 53.535866799999987 ], [ -6.0906405, 53.537164399999988 ], [ -6.0907483, 53.5373939 ], [ -6.0908379, 53.5374915 ], [ -6.0922715, 53.5388334 ], [ -6.0961526, 53.5423074 ], [ -6.0992534, 53.5451199 ], [ -6.1008292, 53.5464934 ], [ -6.100969, 53.5466443 ], [ -6.1011633, 53.546922 ], [ -6.1012111, 53.5470188 ], [ -6.1018896, 53.5501104 ], [ -6.1021421, 53.5515623 ], [ -6.1021484, 53.55191820000001 ], [ -6.10162, 53.5563604 ], [ -6.101713, 53.5568355 ], [ -6.1027125, 53.5589037 ], [ -6.1032317, 53.559571899999987 ], [ -6.1036468, 53.5601186 ], [ -6.1038221, 53.5604788 ], [ -6.1038221, 53.5609937 ], [ -6.1037473, 53.5614084 ], [ -6.1030164, 53.5636804 ], [ -6.1018957, 53.567890399999989 ], [ -6.1012699, 53.5696952 ], [ -6.1011287, 53.570059099999987 ], [ -6.1007768, 53.5706462 ], [ -6.1005925, 53.5709916 ], [ -6.1005365, 53.5712024 ], [ -6.100525, 53.5713349 ], [ -6.1005618, 53.5716214 ], [ -6.1007769, 53.5720484 ], [ -6.1032315, 53.5739653 ], [ -6.1041208, 53.5747051 ], [ -6.1042176, 53.57481 ], [ -6.1044474, 53.5752705 ], [ -6.1052924, 53.57669 ], [ -6.1058983, 53.5777892 ], [ -6.1063864, 53.5788684 ], [ -6.1067342, 53.5798854 ], [ -6.1069866, 53.5805955 ], [ -6.1071525, 53.580664599999984 ], [ -6.1076801, 53.5805646 ], [ -6.1082461, 53.5804798 ], [ -6.1091138, 53.5803569 ], [ -6.1093681, 53.5803167 ], [ -6.1096123, 53.5802562 ], [ -6.1097325, 53.5802056 ], [ -6.1099047, 53.5800579 ], [ -6.1103228, 53.5796233 ], [ -6.1105555, 53.5793401 ], [ -6.1138485, 53.5757882 ], [ -6.1140629, 53.5756803 ], [ -6.1143257, 53.5757293 ], [ -6.1146188, 53.5758129 ], [ -6.1150851, 53.5759324 ], [ -6.1153261, 53.5759828 ], [ -6.1155399, 53.575994799999982 ], [ -6.1157143, 53.5759847 ], [ -6.117169, 53.5758089 ], [ -6.1176494, 53.5757796 ], [ -6.1182051, 53.5758202 ], [ -6.1209568, 53.5764483 ], [ -6.1218294, 53.5766574 ], [ -6.1223293, 53.5767975 ], [ -6.1229967, 53.5770699 ], [ -6.1246054, 53.5778111 ], [ -6.1258366, 53.5783993 ], [ -6.1271845, 53.5789557 ], [ -6.1282467, 53.579312 ], [ -6.1292203, 53.5795925 ], [ -6.1289591, 53.5798795 ], [ -6.1286435, 53.5801163 ], [ -6.128305, 53.5802837 ], [ -6.1271681, 53.5806853 ], [ -6.1264519, 53.58105 ], [ -6.1259414, 53.5813773 ], [ -6.1254881, 53.5817791 ], [ -6.1249795, 53.5822741 ] ] ] } },
{ "type": "Feature", "properties": { "id": null, "route no": "L83" }, "geometry": { "type": "MultiLineString", "coordinates": [ [ [ -6.2284419, 53.43442 ], [ -6.2287421, 53.4338742 ], [ -6.2289254, 53.4336781 ], [ -6.229433, 53.4330216 ], [ -6.229662, 53.4326303 ], [ -6.2299099, 53.4319523 ], [ -6.2300509, 53.43095790000001 ], [ -6.2298087, 53.4291313 ], [ -6.2297052, 53.4287944 ], [ -6.229573693583225, 53.428206966494365 ], [ -6.2295478, 53.42742590000001 ], [ -6.2294291, 53.4270484 ], [ -6.2292842, 53.4261781 ], [ -6.2292682, 53.4257658 ], [ -6.2293313, 53.4251648 ], [ -6.2298837, 53.4236545 ], [ -6.2301688, 53.4232021 ], [ -6.2327445, 53.4240837 ], [ -6.2340588, 53.4244805 ], [ -6.2343547, 53.4245033 ], [ -6.2354409, 53.4248392 ], [ -6.2356825, 53.424966099999985 ], [ -6.2357782, 53.4249881 ], [ -6.2361318, 53.4251497 ], [ -6.2368367, 53.425309 ], [ -6.2380582, 53.4255182 ], [ -6.239295562291337, 53.425859572396888 ], [ -6.2412322, 53.426442 ], [ -6.2416926, 53.4266895 ], [ -6.2417687, 53.4268802 ], [ -6.2417017, 53.4270716 ], [ -6.2414382, 53.4272558 ], [ -6.2413813, 53.4273004 ], [ -6.2413259, 53.427385 ], [ -6.2412945, 53.4274993 ], [ -6.2413787, 53.427631799999979 ], [ -6.2427784, 53.4285014 ], [ -6.2428302, 53.4285828 ], [ -6.242782, 53.4286379 ], [ -6.2427174, 53.4286624 ], [ -6.2422361, 53.428659599999982 ], [ -6.2421522, 53.4286791 ], [ -6.2420288, 53.4287425 ], [ -6.2419929, 53.428793199999987 ], [ -6.2420162, 53.4288418 ], [ -6.241962, 53.4291926 ], [ -6.2418258, 53.4293122 ], [ -6.2416269, 53.4293635 ], [ -6.2409348, 53.4293738 ], [ -6.2353115, 53.4286023 ], [ -6.234464, 53.4285223 ], [ -6.2338422, 53.428485 ], [ -6.232527, 53.4284523 ], [ -6.2315856, 53.428394 ], [ -6.2306908, 53.4283147 ], [ -6.2305478, 53.428319799999983 ], [ -6.229573693583225, 53.428206966494365 ] ], [ [ -6.2284419, 53.43442 ], [ -6.2279162, 53.435255599999984 ], [ -6.2276859, 53.4357512 ], [ -6.2275851, 53.4361912 ], [ -6.2275336, 53.4370686 ], [ -6.2276839, 53.440043 ], [ -6.227889, 53.4424854 ], [ -6.2279036, 53.4427343 ], [ -6.2283143, 53.444313 ], [ -6.228279614526494, 53.444824341934591 ], [ -6.228186, 53.4462044 ], [ -6.2281914, 53.4467871 ], [ -6.2280378, 53.4473481 ], [ -6.2277626, 53.447959 ], [ -6.2274557, 53.4484248 ], [ -6.2273307, 53.448575 ], [ -6.2267342, 53.4491581 ], [ -6.2261516, 53.4495463 ], [ -6.2255426, 53.4500255 ] ], [ [ -6.2255426, 53.4500255 ], [ -6.2255598, 53.4505172 ], [ -6.225626, 53.4508957 ], [ -6.2254836, 53.4512781 ], [ -6.2242684, 53.4529868 ], [ -6.2235272, 53.4540665 ], [ -6.2231139, 53.4545595 ], [ -6.2220735, 53.45558 ], [ -6.221835, 53.4558649 ], [ -6.221510338101231, 53.456390453272384 ], [ -6.2215079, 53.4563944 ], [ -6.2211319, 53.4570839 ], [ -6.2206383, 53.457983099999986 ], [ -6.2202207, 53.4587362 ], [ -6.2201456, 53.4588577 ], [ -6.2198284, 53.4592753 ] ], [ [ -6.2198284, 53.4592753 ], [ -6.2196399, 53.4593058 ], [ -6.219491, 53.4593556 ], [ -6.2193622, 53.4594267 ], [ -6.2191881, 53.4595578 ], [ -6.2190831, 53.4596816 ], [ -6.2190055, 53.4598183 ], [ -6.2188944, 53.4602646 ], [ -6.218738, 53.4608216 ], [ -6.2186938, 53.460992 ], [ -6.2185488, 53.4613955 ], [ -6.2184148, 53.4617496 ], [ -6.2183428, 53.461992199999983 ], [ -6.2182494, 53.4623316 ], [ -6.218133, 53.4627718 ], [ -6.2180969, 53.4629182 ], [ -6.2180473, 53.4630345 ], [ -6.2179686, 53.4631753 ], [ -6.2178445, 53.4632658 ], [ -6.2176087, 53.4633895 ], [ -6.2168839, 53.4636823 ], [ -6.216677307491412, 53.463771684992068 ], [ -6.2162876, 53.4639733 ], [ -6.2161778, 53.4640863 ], [ -6.2160659, 53.4642678 ], [ -6.2160485, 53.4644332 ], [ -6.2161061, 53.4647582 ], [ -6.2161476, 53.465023599999981 ], [ -6.2156603, 53.4650503 ], [ -6.2151411, 53.4651757 ], [ -6.2149588, 53.4653559 ], [ -6.2148501, 53.4662344 ], [ -6.2147176, 53.4666642 ], [ -6.2144308, 53.467171 ], [ -6.2132862, 53.46875 ], [ -6.2116577, 53.4709905 ], [ -6.2105622, 53.4724944 ], [ -6.2089695, 53.4742176 ], [ -6.2076181, 53.4756411 ], [ -6.20533701265757, 53.478051253615412 ], [ -6.2048147, 53.4786031 ], [ -6.2042485, 53.4790438 ] ], [ [ -6.2042485, 53.479043799999985 ], [ -6.2029431, 53.4788314 ], [ -6.2008637, 53.4784126 ], [ -6.1997201, 53.4781871 ], [ -6.1990521, 53.4780791 ], [ -6.1982841, 53.478057599999985 ], [ -6.1975248, 53.478124 ], [ -6.1970888, 53.4782183 ], [ -6.1953953, 53.4789683 ], [ -6.1922487, 53.4804205 ], [ -6.1899501, 53.4814969 ], [ -6.1876871, 53.4825471 ], [ -6.1868905, 53.4826865 ], [ -6.1853369, 53.4827881 ], [ -6.1842469, 53.4827801 ], [ -6.1822976, 53.4827145 ], [ -6.1808317, 53.4825768 ], [ -6.1776557, 53.4819568 ], [ -6.1749924, 53.481261 ], [ -6.171763, 53.4807402 ], [ -6.1665754, 53.4796542 ], [ -6.1663093, 53.4799074 ], [ -6.1658041, 53.4801027 ], [ -6.1637611, 53.4802281 ], [ -6.1623098, 53.4803262 ], [ -6.1610867, 53.480705799999988 ], [ -6.158519, 53.4815353 ], [ -6.1561238, 53.4824425 ], [ -6.1557312, 53.4826211 ], [ -6.154919, 53.4830652 ], [ -6.1546146, 53.4832548 ], [ -6.1544584, 53.4834027 ], [ -6.1541978, 53.4839777 ], [ -6.1540889, 53.4842787 ], [ -6.1539184, 53.4846964 ], [ -6.1537343, 53.484883 ], [ -6.1520673, 53.4852963 ], [ -6.1517562, 53.4853454 ], [ -6.1513716, 53.4853465 ], [ -6.1507958, 53.4852806 ], [ -6.1503683, 53.4852813 ], [ -6.1498541, 53.4853041 ], [ -6.1497704, 53.4853256 ], [ -6.1493823, 53.485588 ], [ -6.1491606, 53.485751799999989 ], [ -6.1488753, 53.4860567 ], [ -6.148676, 53.486397 ], [ -6.1484571, 53.4869789 ], [ -6.1482527, 53.4879049 ], [ -6.1481853, 53.4881018 ], [ -6.1479964, 53.488264 ], [ -6.1477583, 53.4883589 ], [ -6.1467239, 53.4885713 ], [ -6.1439676, 53.4890934 ], [ -6.143435, 53.4891904 ], [ -6.1431819, 53.4892658 ], [ -6.142659, 53.489491899999983 ], [ -6.1416829, 53.489942299999989 ], [ -6.1414469, 53.4900791 ], [ -6.1408367, 53.4904328 ], [ -6.1399317, 53.4910269 ], [ -6.1388716, 53.4917515 ], [ -6.1385401, 53.4919963 ], [ -6.1382942, 53.4921396 ], [ -6.138052, 53.4922296 ], [ -6.137779, 53.492297299999983 ], [ -6.1373883, 53.492384 ], [ -6.1367808, 53.4924687 ], [ -6.1363337, 53.4925204 ], [ -6.1355783, 53.4925203 ], [ -6.1352664, 53.4925116 ], [ -6.1345115, 53.4924957 ], [ -6.1341568, 53.4924715 ], [ -6.1337064, 53.492402099999985 ], [ -6.1333803, 53.4923942 ], [ -6.132581, 53.492471 ], [ -6.1319513, 53.4925405 ], [ -6.1303483, 53.49272340000001 ], [ -6.1301695, 53.4927298 ], [ -6.1298419, 53.492694299999989 ], [ -6.129664, 53.4926595 ], [ -6.1291924, 53.4924684 ], [ -6.1285963, 53.4927465 ], [ -6.1280047, 53.4929359 ], [ -6.1274743, 53.4930356 ], [ -6.1265049, 53.4931467 ], [ -6.1234281, 53.4934189 ], [ -6.1191791, 53.4936988 ], [ -6.1177683, 53.493789699999986 ], [ -6.1174567, 53.4937608 ], [ -6.1164702, 53.4935212 ], [ -6.1158479, 53.4932902 ], [ -6.1153699, 53.4932198 ], [ -6.1144763, 53.4931896 ], [ -6.1139003, 53.4932218 ], [ -6.1127074, 53.49338 ], [ -6.1123535, 53.4934033 ], [ -6.1114717, 53.4934062 ], [ -6.1093303, 53.4934169 ], [ -6.1092423, 53.493514 ], [ -6.1092439, 53.4936059 ], [ -6.1093265, 53.4937195 ], [ -6.1104782, 53.4944525 ], [ -6.1106622, 53.4943688 ], [ -6.1112767, 53.4942388 ], [ -6.1113722, 53.4944372 ], [ -6.1115828, 53.4946409 ], [ -6.1117022, 53.4947196 ], [ -6.1118135, 53.4947847 ], [ -6.112671, 53.49503570000001 ], [ -6.1130518, 53.495234 ], [ -6.1134813, 53.4956194 ], [ -6.1139738, 53.49606 ], [ -6.1143966, 53.4965013 ], [ -6.1146948, 53.496847099999989 ], [ -6.1147576, 53.497004 ], [ -6.1147681, 53.4972688 ], [ -6.1147873, 53.4975798 ], [ -6.1148002, 53.4977418 ], [ -6.1148703, 53.4981365 ], [ -6.1149799, 53.4983777 ], [ -6.1150988, 53.4985517 ], [ -6.1153142, 53.4987187 ], [ -6.116486, 53.4993219 ], [ -6.1173448, 53.4997367 ], [ -6.1175386, 53.4998114 ], [ -6.1183507, 53.4999985 ], [ -6.1185652, 53.5000759 ] ], [ [ -6.1144763, 53.4931896 ], [ -6.1141987, 53.4925864 ], [ -6.1137783, 53.4918027 ], [ -6.1132105, 53.4909602 ], [ -6.1131643, 53.4908266 ], [ -6.1131795, 53.490701 ], [ -6.1133196, 53.4903653 ], [ -6.1141706, 53.4884924 ] ], [ [ -6.1120948, 53.4934396 ], [ -6.1116461, 53.4936346 ], [ -6.1114947, 53.493737 ], [ -6.1113035, 53.4939866 ], [ -6.1112767, 53.4942388 ] ], [ [ -6.1093303, 53.4934169 ], [ -6.1086979, 53.4933127 ], [ -6.1079167, 53.4932252 ], [ -6.1060405, 53.4931164 ] ] ] } },
{ "type": "Feature", "properties": { "id": null, "route no": "X83" }, "geometry": { "type": "MultiLineString", "coordinates": [ [ [ -6.207490532354153, 53.440040504526948 ], [ -6.206058055919701, 53.442916361588452 ], [ -6.204715375639341, 53.445756714538597 ], [ -6.2038304, 53.447607 ], [ -6.2032941, 53.448914 ], [ -6.202958912955697, 53.449947509021726 ], [ -6.20278305626461, 53.450773190373106 ], [ -6.202624430217713, 53.451959625080477 ], [ -6.2026029, 53.4530736 ], [ -6.202824965055154, 53.454217354711467 ], [ -6.2037373, 53.4584003 ], [ -6.2038179, 53.4609773 ], [ -6.203085393447135, 53.465288493186989 ], [ -6.202808932772409, 53.466855324276196 ], [ -6.2024709, 53.4690174 ], [ -6.2024182, 53.470405 ], [ -6.2026504, 53.4726831 ], [ -6.204008300369615, 53.475562502357569 ], [ -6.20533701265757, 53.478051253615412 ], [ -6.2048147, 53.4786031 ], [ -6.2042485, 53.4790438 ] ], [ [ -6.2042485, 53.479043799999985 ], [ -6.2029431, 53.4788314 ], [ -6.2008637, 53.4784126 ], [ -6.1997201, 53.4781871 ], [ -6.1990521, 53.4780791 ], [ -6.1982841, 53.478057599999985 ], [ -6.1975248, 53.478124 ], [ -6.1970888, 53.4782183 ], [ -6.1953953, 53.4789683 ], [ -6.1922487, 53.4804205 ], [ -6.1899501, 53.4814969 ], [ -6.1876871, 53.4825471 ], [ -6.1868905, 53.4826865 ], [ -6.1853369, 53.4827881 ], [ -6.1842469, 53.4827801 ], [ -6.1822976, 53.4827145 ], [ -6.1808317, 53.4825768 ], [ -6.1776557, 53.4819568 ], [ -6.1749924, 53.481261 ], [ -6.171763, 53.4807402 ], [ -6.1665754, 53.4796542 ], [ -6.1663093, 53.4799074 ], [ -6.1658041, 53.4801027 ], [ -6.1637611, 53.4802281 ], [ -6.1623098, 53.4803262 ], [ -6.1610867, 53.480705799999988 ], [ -6.158519, 53.4815353 ], [ -6.1561238, 53.4824425 ], [ -6.1557312, 53.4826211 ], [ -6.154919, 53.4830652 ], [ -6.1546146, 53.4832548 ], [ -6.1544584, 53.4834027 ], [ -6.1541978, 53.4839777 ], [ -6.1540889, 53.4842787 ], [ -6.1539184, 53.4846964 ], [ -6.1537343, 53.484883 ], [ -6.1520673, 53.4852963 ], [ -6.1517562, 53.4853454 ], [ -6.1513716, 53.4853465 ], [ -6.1507958, 53.4852806 ], [ -6.1503683, 53.4852813 ], [ -6.1498541, 53.4853041 ], [ -6.1497704, 53.4853256 ], [ -6.1493823, 53.485588 ], [ -6.1491606, 53.485751799999989 ], [ -6.1488753, 53.4860567 ], [ -6.148676, 53.486397 ], [ -6.1484571, 53.4869789 ], [ -6.1482527, 53.4879049 ], [ -6.1481853, 53.4881018 ], [ -6.1479964, 53.488264 ], [ -6.1477583, 53.4883589 ], [ -6.1467239, 53.4885713 ], [ -6.1439676, 53.4890934 ], [ -6.143435, 53.4891904 ], [ -6.1431819, 53.4892658 ], [ -6.142659, 53.489491899999983 ], [ -6.1416829, 53.489942299999989 ], [ -6.1414469, 53.4900791 ], [ -6.1408367, 53.4904328 ], [ -6.1399317, 53.4910269 ], [ -6.1388716, 53.4917515 ], [ -6.1385401, 53.4919963 ], [ -6.1382942, 53.4921396 ], [ -6.138052, 53.4922296 ], [ -6.137779, 53.492297299999983 ], [ -6.1373883, 53.492384 ], [ -6.1367808, 53.4924687 ], [ -6.1363337, 53.4925204 ], [ -6.1355783, 53.4925203 ], [ -6.1352664, 53.4925116 ], [ -6.1345115, 53.4924957 ], [ -6.1341568, 53.4924715 ], [ -6.1337064, 53.492402099999985 ], [ -6.1333803, 53.4923942 ], [ -6.132581, 53.492471 ], [ -6.1319513, 53.4925405 ], [ -6.1303483, 53.49272340000001 ], [ -6.1301695, 53.4927298 ], [ -6.1298419, 53.492694299999989 ], [ -6.129664, 53.4926595 ], [ -6.1291924, 53.4924684 ], [ -6.1285963, 53.4927465 ], [ -6.1280047, 53.4929359 ], [ -6.1274743, 53.4930356 ], [ -6.1265049, 53.4931467 ], [ -6.1234281, 53.4934189 ], [ -6.1191791, 53.4936988 ], [ -6.1177683, 53.493789699999986 ], [ -6.1174567, 53.4937608 ], [ -6.1164702, 53.4935212 ], [ -6.1158479, 53.4932902 ], [ -6.1153699, 53.4932198 ], [ -6.1144763, 53.4931896 ], [ -6.1139003, 53.4932218 ], [ -6.1127074, 53.49338 ], [ -6.1123535, 53.4934033 ], [ -6.1112269, 53.4934055 ], [ -6.1093303, 53.4934169 ], [ -6.1086979, 53.4933127 ], [ -6.1079167, 53.4932252 ], [ -6.1060405, 53.4931164 ] ], [ [ -6.1120948, 53.4934396 ], [ -6.1116461, 53.4936346 ], [ -6.1114947, 53.493737 ], [ -6.1113035, 53.4939866 ], [ -6.1112767, 53.4942388 ], [ -6.1113722, 53.4944372 ], [ -6.1115828, 53.4946409 ], [ -6.1117022, 53.4947196 ], [ -6.1118135, 53.4947847 ], [ -6.112671, 53.49503570000001 ], [ -6.1130518, 53.495234 ], [ -6.1134813, 53.4956194 ], [ -6.1139738, 53.49606 ], [ -6.1143966, 53.4965013 ], [ -6.1146948, 53.496847099999989 ], [ -6.1147576, 53.497004 ], [ -6.1147681, 53.4972688 ], [ -6.1147873, 53.4975798 ], [ -6.1148002, 53.4977418 ], [ -6.1148703, 53.4981365 ], [ -6.1149799, 53.4983777 ], [ -6.1150988, 53.4985517 ], [ -6.1153142, 53.4987187 ], [ -6.116486, 53.4993219 ], [ -6.1173448, 53.4997367 ], [ -6.1175386, 53.4998114 ], [ -6.1183507, 53.4999985 ], [ -6.1185652, 53.5000759 ] ] ] } },
{ "type": "Feature", "properties": { "id": null, "route no": "L82" }, "geometry": { "type": "MultiLineString", "coordinates": [ [ [ -6.2385495, 53.4670473 ], [ -6.2385495, 53.4670473 ], [ -6.2391475, 53.4667281 ], [ -6.2394813, 53.4664301 ], [ -6.2396562, 53.4661523 ], [ -6.2397254, 53.4658534 ], [ -6.2397087, 53.4655482 ], [ -6.2396218, 53.4651139 ], [ -6.2394122, 53.463964 ], [ -6.2393843, 53.4637313 ], [ -6.2393859, 53.4636154 ], [ -6.2394041, 53.4633981 ], [ -6.2394524, 53.4631211 ], [ -6.2395843, 53.4627852 ], [ -6.2397388, 53.4625052 ], [ -6.2399568, 53.4622319 ], [ -6.2408565, 53.4611302 ], [ -6.242166, 53.4594927 ], [ -6.2445928, 53.459822199999984 ], [ -6.2453545, 53.4599189 ], [ -6.2460999, 53.4600103 ], [ -6.2465782, 53.4600672 ], [ -6.2470462, 53.4600844 ], [ -6.2477612, 53.4600539 ], [ -6.2482056, 53.4599924 ], [ -6.2486639, 53.4598965 ], [ -6.2492676, 53.45976 ], [ -6.2497711, 53.4596628 ], [ -6.2502538, 53.4596005 ], [ -6.2507548, 53.4595538 ], [ -6.25121, 53.4595357 ], [ -6.252223, 53.459569 ], [ -6.2523865, 53.4594688 ], [ -6.25241, 53.459189 ], [ -6.2523693, 53.458975100000011 ], [ -6.2522534, 53.4586658 ], [ -6.2523633, 53.4585078 ], [ -6.2526124, 53.458441 ], [ -6.2529487, 53.4583873 ], [ -6.2534795, 53.458359 ], [ -6.253961185230096, 53.458332578051539 ], [ -6.2549509, 53.4582846 ], [ -6.2553052, 53.4582908 ], [ -6.2562249, 53.4584401 ], [ -6.2569601, 53.4585133 ], [ -6.2578551, 53.4585982 ], [ -6.2584895, 53.4585997 ], [ -6.2588362, 53.4585514 ], [ -6.2599091, 53.4583736 ], [ -6.2607587, 53.458217 ], [ -6.2617491, 53.4581269 ], [ -6.2625463, 53.4581399 ], [ -6.2634538, 53.4581904 ], [ -6.2653302, 53.458269 ], [ -6.2658363, 53.4583035 ], [ -6.2661541, 53.4583601 ], [ -6.2668469, 53.4585058 ], [ -6.2674312, 53.4585654 ], [ -6.2675009, 53.458583899999986 ], [ -6.2673467, 53.4581244 ], [ -6.2671958, 53.4578063 ], [ -6.2668644, 53.4573347 ], [ -6.2665993, 53.4571326 ], [ -6.2660446, 53.4569041 ], [ -6.2656427, 53.4566677 ], [ -6.2654819, 53.4565019 ], [ -6.265262450945165, 53.455924846208859 ], [ -6.2650983, 53.4554925 ], [ -6.2650096, 53.4552154 ], [ -6.2648819, 53.454823 ], [ -6.264746, 53.4548358 ], [ -6.2644832, 53.4548314 ], [ -6.2640529, 53.4547895 ] ], [ [ -6.2198284, 53.4592753 ], [ -6.2222995, 53.4592967 ], [ -6.2227804, 53.4593878 ], [ -6.2231761, 53.459506 ], [ -6.2243426, 53.4600807 ], [ -6.224707130416197, 53.460207281317977 ], [ -6.2260646, 53.460604 ], [ -6.2280386, 53.461172 ], [ -6.2297989, 53.4616788 ], [ -6.2312564, 53.4621372 ], [ -6.2318046, 53.462349 ], [ -6.2320765, 53.4624827 ], [ -6.2325784, 53.4627957 ], [ -6.2329213, 53.4630636 ], [ -6.2350333, 53.4647589 ], [ -6.2355535, 53.465038 ], [ -6.2358571, 53.465166199999985 ], [ -6.2364919, 53.4654039 ], [ -6.2369101, 53.4655905 ], [ -6.237255, 53.4658088 ], [ -6.2374345, 53.4659542 ], [ -6.2378006, 53.4663362 ], [ -6.2385495, 53.4670473 ] ], [ [ -6.2284419, 53.43442 ], [ -6.2284419, 53.43442 ], [ -6.2279162, 53.435255599999984 ], [ -6.2276859, 53.4357512 ], [ -6.2275851, 53.4361912 ], [ -6.2275336, 53.4370686 ], [ -6.2276839, 53.440043 ], [ -6.227889, 53.4424854 ], [ -6.2279036, 53.4427343 ], [ -6.2283143, 53.444313 ], [ -6.228279614526494, 53.444824341934591 ], [ -6.228186, 53.4462044 ], [ -6.2281914, 53.4467871 ], [ -6.2280378, 53.4473481 ], [ -6.2277626, 53.447959 ], [ -6.2274557, 53.4484248 ], [ -6.2273307, 53.448575 ], [ -6.2267342, 53.4491581 ], [ -6.2261516, 53.4495463 ], [ -6.2255426, 53.4500255 ] ], [ [ -6.2284419, 53.43442 ], [ -6.2284365, 53.4340538 ], [ -6.2281092, 53.4338823 ], [ -6.2274555, 53.4336107 ], [ -6.2264662, 53.4332761 ], [ -6.2250506, 53.432825 ], [ -6.2239613, 53.4325772 ], [ -6.2227942, 53.4323757 ], [ -6.2213906, 53.4322349 ], [ -6.2200209, 53.4321393 ], [ -6.2178891, 53.4319817 ], [ -6.2166998, 53.4318293 ], [ -6.215557, 53.4315681 ], [ -6.2149554, 53.4313757 ], [ -6.2142479, 53.4311169 ], [ -6.2139517, 53.4309617 ], [ -6.2134697, 53.4306033 ], [ -6.213242, 53.4303596 ], [ -6.213036, 53.4298482 ], [ -6.2130187, 53.429613 ], [ -6.2130616, 53.4293778 ], [ -6.2132588, 53.4288423 ], [ -6.2133313, 53.4285666 ], [ -6.2133474, 53.4284078 ], [ -6.2133414, 53.428265 ], [ -6.2132744, 53.4279331 ], [ -6.2130501, 53.426436 ], [ -6.2128722, 53.4252486 ], [ -6.2126992, 53.4239534 ], [ -6.2126787, 53.4236046 ], [ -6.21275, 53.4232559 ], [ -6.213034, 53.4223453 ], [ -6.2134318, 53.4216014 ], [ -6.2135363, 53.4213137 ], [ -6.2137295, 53.420386 ], [ -6.2138091, 53.420053 ], [ -6.2138599, 53.4194799 ], [ -6.2138773, 53.4188496 ], [ -6.2137934, 53.4186029 ], [ -6.2135747, 53.4184284 ], [ -6.2133353, 53.4183547 ], [ -6.2131619, 53.4182855 ], [ -6.2130827, 53.418064 ], [ -6.2130876, 53.4176671 ], [ -6.2129735, 53.4170573 ], [ -6.2129333, 53.416712 ], [ -6.2129444, 53.4164656 ], [ -6.2130657, 53.4159891 ], [ -6.2132043, 53.4155921 ], [ -6.213541, 53.4150054 ], [ -6.2136262, 53.4148259 ], [ -6.2139312, 53.4142522 ], [ -6.2140025, 53.4139617 ], [ -6.21405, 53.4136158 ], [ -6.2141788, 53.4132475 ], [ -6.2145586, 53.4126901 ], [ -6.2148552, 53.4122255 ], [ -6.2151421, 53.412015599999989 ], [ -6.2157749, 53.4117582 ], [ -6.216455, 53.4114936 ], [ -6.2168226, 53.4113454 ], [ -6.2170797, 53.4110939 ], [ -6.217145, 53.4109037 ], [ -6.2171045, 53.4107074 ], [ -6.2167724, 53.4105554 ], [ -6.2158586, 53.4103329 ], [ -6.214549039172037, 53.410047669817779 ], [ -6.2142908, 53.409878599999985 ], [ -6.2143539, 53.4095829 ], [ -6.2145306, 53.4088697 ], [ -6.2146336, 53.4083408 ], [ -6.2147144, 53.40809 ], [ -6.2148881, 53.4078531 ], [ -6.2156117, 53.4072453 ], [ -6.2159951, 53.4068897 ], [ -6.2161324, 53.4067277 ], [ -6.2162125, 53.4065794 ], [ -6.2162383, 53.4063048 ], [ -6.2161296, 53.4060456 ], [ -6.2158922, 53.4058069 ], [ -6.2154946, 53.4055631 ], [ -6.2152114, 53.405390800000013 ], [ -6.2150197, 53.4052391 ], [ -6.2148624, 53.4050276 ], [ -6.214705084254185, 53.404532596210558 ], [ -6.2145878, 53.4040454 ], [ -6.2145878, 53.4038561 ], [ -6.2146307, 53.4036975 ], [ -6.2147165, 53.4035662 ], [ -6.2150261, 53.403323699999987 ], [ -6.2152927, 53.4031582 ], [ -6.2156907, 53.402864 ], [ -6.2159872, 53.4027051 ], [ -6.2161927, 53.402508099999984 ], [ -6.2164633, 53.4021419 ], [ -6.2165933, 53.4019203 ], [ -6.2166461, 53.4017659 ], [ -6.2166341, 53.4016143 ], [ -6.2165358, 53.401362499999983 ], [ -6.2161837, 53.4007259 ], [ -6.2155255, 53.3995976 ], [ -6.2148684, 53.3986659 ], [ -6.2147629, 53.398333 ], [ -6.2147951, 53.3981336 ], [ -6.2149331, 53.397774399999989 ], [ -6.2154095, 53.3970261 ], [ -6.2156283, 53.3966591 ], [ -6.2160088, 53.3963057 ], [ -6.2161951, 53.396041699999984 ], [ -6.2152114, 53.3956205 ], [ -6.21401200000019, 53.395112200000078 ], [ -6.214012, 53.3951122 ], [ -6.2144389, 53.3946326 ], [ -6.2145324, 53.3942908 ], [ -6.2146892, 53.3934054 ], [ -6.2149488, 53.3918466 ], [ -6.2171835, 53.392217499999973 ], [ -6.2183079, 53.3924424 ], [ -6.2193842, 53.3926679 ], [ -6.2204797, 53.39292809999997 ], [ -6.2216213, 53.3932092 ], [ -6.222353, 53.3921174 ], [ -6.2224667, 53.392055 ], [ -6.222948, 53.3920684 ], [ -6.223793, 53.3921236 ], [ -6.2239944, 53.3921628 ], [ -6.2242155, 53.3922951 ], [ -6.2244951, 53.392435699999986 ], [ -6.2255798, 53.3924847 ], [ -6.2258993, 53.392349599999982 ], [ -6.2259495, 53.3922083 ], [ -6.2260639, 53.3917918 ], [ -6.2260628, 53.3915259 ], [ -6.2259086, 53.391427 ], [ -6.2254097, 53.3914089 ], [ -6.2252584, 53.3913466 ], [ -6.2251945, 53.390696400000017 ], [ -6.2251716, 53.3905791 ], [ -6.2249834, 53.3903159 ], [ -6.2246526, 53.3900906 ], [ -6.2245006, 53.390156 ], [ -6.2242667, 53.390171 ], [ -6.2240835, 53.3901603 ], [ -6.223994626713432, 53.390138653369782 ], [ -6.2239263, 53.3900913 ], [ -6.2239381, 53.3900375 ], [ -6.2240261, 53.3899785 ], [ -6.2241324, 53.3899661 ], [ -6.224514, 53.3899848 ], [ -6.2246258, 53.390000299999983 ], [ -6.2246988, 53.3900419 ], [ -6.2246526, 53.3900906 ] ], [ [ -6.2255426, 53.4500255 ], [ -6.2255598, 53.4505172 ], [ -6.225626, 53.4508957 ], [ -6.2254836, 53.4512781 ], [ -6.2242684, 53.4529868 ], [ -6.2235272, 53.4540665 ], [ -6.2231139, 53.4545595 ], [ -6.2220735, 53.45558 ], [ -6.221835, 53.4558649 ], [ -6.221510338101231, 53.456390453272384 ], [ -6.2215079, 53.4563944 ], [ -6.2211319, 53.4570839 ], [ -6.2206383, 53.457983099999986 ], [ -6.2202207, 53.4587362 ], [ -6.2201456, 53.4588577 ], [ -6.2198284, 53.4592753 ] ], [ [ -6.2161951, 53.396041699999984 ], [ -6.21401200000019, 53.395112200000078 ], [ -6.214012, 53.3951122 ], [ -6.214186, 53.3949591 ], [ -6.2144389, 53.3946326 ] ], [ [ -6.2146892, 53.3934054 ], [ -6.2148252, 53.3925889 ], [ -6.2149488, 53.3918466 ] ] ] } },
{ "type": "Feature", "properties": { "id": null, "route no": "L91" }, "geometry": { "type": "MultiLineString", "coordinates": [ [ [ -6.2575057, 53.3527174 ], [ -6.2573769, 53.3527453 ], [ -6.2560402, 53.3530263 ], [ -6.2544091, 53.3507411 ], [ -6.2537277, 53.349763 ], [ -6.253385937434611, 53.349422813886655 ], [ -6.2529822, 53.349466 ], [ -6.2526202, 53.3494521 ], [ -6.2523156, 53.349402799999979 ], [ -6.2520576, 53.3493852 ], [ -6.2518069, 53.3493947 ], [ -6.2513645, 53.3495185 ], [ -6.2510792, 53.3497427 ], [ -6.2508236, 53.3501081 ], [ -6.2500633, 53.3513668 ], [ -6.2503298, 53.3514111 ], [ -6.2504867, 53.351415 ], [ -6.2506263, 53.3513849 ], [ -6.2507582, 53.3513344 ], [ -6.2522145, 53.3511009 ], [ -6.2523007, 53.3510508 ], [ -6.2530002, 53.3509413 ], [ -6.2531516, 53.350939 ], [ -6.253572, 53.3508659 ], [ -6.2537052, 53.3508663 ], [ -6.2544091, 53.3507411 ] ], [ [ -6.2350226, 53.3502136 ], [ -6.2352851, 53.3487024 ], [ -6.2355385, 53.3472502 ], [ -6.2335541, 53.3471091 ], [ -6.2302482, 53.3468678 ], [ -6.2285237, 53.3467443 ], [ -6.2278574, 53.346791099999983 ], [ -6.2275659, 53.3468825 ], [ -6.2273893, 53.3470128 ], [ -6.2271916, 53.3473034 ], [ -6.2270605, 53.3481808 ], [ -6.2269657, 53.3488113 ], [ -6.22702, 53.3496912 ], [ -6.2280666, 53.3497543 ], [ -6.2293542, 53.3498489 ], [ -6.2317366, 53.3500009 ], [ -6.2350226, 53.3502136 ], [ -6.239657, 53.3505347 ], [ -6.2404981, 53.3505881 ], [ -6.2407131, 53.3505996 ], [ -6.2408709, 53.3505883 ], [ -6.2410338, 53.3505379 ], [ -6.2420337, 53.3512711 ], [ -6.2435436, 53.3523743 ], [ -6.2466905, 53.354701499999983 ], [ -6.2497737, 53.357014799999988 ], [ -6.2505572, 53.3566365 ], [ -6.2510108, 53.3564077 ], [ -6.251199, 53.356321399999985 ], [ -6.2516983, 53.356118 ], [ -6.2530251, 53.3556546 ], [ -6.2568923, 53.3542062 ], [ -6.2577172, 53.3540051 ], [ -6.2581941, 53.3538836 ], [ -6.2575057, 53.3527174 ] ] ] } },
{ "type": "Feature", "properties": { "id": null, "route no": "71" }, "geometry": { "type": "MultiLineString", "coordinates": [ [ [ -6.272838085530731, 53.338978678017355 ], [ -6.2733736, 53.339125 ], [ -6.2747397, 53.3393866 ], [ -6.2749707, 53.3391386 ], [ -6.2751176, 53.3390491 ], [ -6.2753174, 53.3389762 ], [ -6.2756472, 53.3389196 ], [ -6.2772969, 53.3388555 ], [ -6.2778357, 53.3388105 ], [ -6.2787004, 53.3387942 ], [ -6.2791689, 53.3387412 ], [ -6.2794651, 53.3386606 ], [ -6.278735, 53.3376317 ], [ -6.2795649, 53.3366246 ], [ -6.2790975, 53.3355842 ], [ -6.2787333, 53.3348468 ], [ -6.278733, 53.3347513 ], [ -6.2788039, 53.3347157 ], [ -6.2789789, 53.3346809 ], [ -6.2810708, 53.3344212 ], [ -6.2815851, 53.334329499999988 ], [ -6.2824453, 53.3341384 ], [ -6.2829993, 53.3340324 ], [ -6.282971, 53.3339229 ], [ -6.2829743, 53.3337892 ], [ -6.2830845, 53.3335538 ], [ -6.2830125, 53.3334419 ], [ -6.2824684, 53.3328892 ], [ -6.2824863, 53.3328031 ], [ -6.2825081, 53.3327688 ], [ -6.2831089, 53.3323984 ], [ -6.2833374, 53.3320801 ], [ -6.2835836, 53.3316489 ], [ -6.2839403, 53.3308622 ], [ -6.2843409, 53.3297911 ], [ -6.2844274, 53.3296467 ], [ -6.2846484, 53.3294103 ], [ -6.2855216, 53.3288253 ], [ -6.2874081, 53.3277109 ], [ -6.2885808, 53.3272457 ], [ -6.2933647, 53.3263898 ], [ -6.296767, 53.325765 ], [ -6.299556, 53.3251302 ], [ -6.3004248, 53.3249082 ], [ -6.302011, 53.3248473 ], [ -6.3088912, 53.325287899999985 ], [ -6.3123924, 53.325146599999982 ], [ -6.3135059, 53.3250699 ], [ -6.315111, 53.3248816 ], [ -6.3157064, 53.3248389 ], [ -6.3161293, 53.3248513 ], [ -6.3169699, 53.3249671 ], [ -6.3173603, 53.3248701 ], [ -6.3177756, 53.3244481 ], [ -6.3188723, 53.3234824 ], [ -6.3192941, 53.323182 ], [ -6.3200135, 53.322833099999983 ], [ -6.3197012, 53.3225881 ], [ -6.3190952, 53.3220776 ], [ -6.3187799, 53.3218666 ], [ -6.3182223, 53.3215517 ], [ -6.3176985, 53.321327899999986 ], [ -6.3170444, 53.3209986 ], [ -6.3162468, 53.3205078 ], [ -6.3159722, 53.3203145 ], [ -6.3155824, 53.3198724 ], [ -6.3151753, 53.3193122 ], [ -6.3150514, 53.3191161 ], [ -6.315002, 53.3189089 ], [ -6.3150113, 53.3188538 ], [ -6.315323, 53.317979 ], [ -6.3154686, 53.3176269 ], [ -6.3156047, 53.3174736 ], [ -6.3160038, 53.3172348 ], [ -6.3165191, 53.3169886 ], [ -6.3167223, 53.3167959 ], [ -6.3169354, 53.3162889 ], [ -6.3174144, 53.3163543 ], [ -6.3188817, 53.3164627 ], [ -6.321675, 53.3166348 ], [ -6.3267566, 53.3170315 ], [ -6.3279161, 53.3170807 ], [ -6.3312612, 53.3171183 ], [ -6.3346012, 53.3171176 ], [ -6.3351929, 53.3169359 ], [ -6.3354562, 53.3169138 ], [ -6.3357585, 53.316945599999983 ], [ -6.3362149, 53.317122 ], [ -6.3364895, 53.3171779 ], [ -6.3366965, 53.317193499999988 ], [ -6.3373111, 53.3171402 ], [ -6.3393611, 53.3168964 ], [ -6.3434136, 53.3163758 ], [ -6.3438504, 53.3163334 ], [ -6.3443513, 53.3163168 ], [ -6.3446846, 53.3163276 ], [ -6.3459046, 53.316474 ], [ -6.3464177, 53.3165201 ], [ -6.3470815, 53.3165075 ], [ -6.3476075, 53.3164523 ], [ -6.3481165, 53.3163478 ], [ -6.348734, 53.3161852 ], [ -6.3514046, 53.3154088 ], [ -6.3530629, 53.3148805 ], [ -6.3535927, 53.3147531 ], [ -6.3543738, 53.3146173 ], [ -6.3549599, 53.314481499999985 ], [ -6.3556877, 53.3142345 ], [ -6.3587569, 53.3131241 ], [ -6.3586931, 53.3128972 ], [ -6.3571639, 53.3120893 ], [ -6.3557022, 53.3113575 ], [ -6.3534348, 53.3103642 ], [ -6.3532893, 53.3101968 ], [ -6.3534751, 53.3100618 ], [ -6.3541202, 53.309672799999987 ], [ -6.3543784, 53.309485199999983 ], [ -6.3554172, 53.308660399999987 ], [ -6.3564246, 53.3076982 ], [ -6.3571567, 53.3070489 ], [ -6.3589289, 53.3062237 ], [ -6.3622948, 53.3047077 ], [ -6.364217, 53.3039252 ], [ -6.3658407, 53.3033986 ], [ -6.3659501, 53.30354160000001 ], [ -6.3659629, 53.3036652 ], [ -6.3657924, 53.304341 ], [ -6.365748, 53.3045759 ], [ -6.3657753, 53.3047803 ], [ -6.365888744015344, 53.305165089450746 ], [ -6.3660199, 53.3054363 ], [ -6.3662451, 53.3057436 ], [ -6.3664041, 53.3059054 ], [ -6.3665801, 53.3060389 ], [ -6.3668743, 53.3062451 ], [ -6.3671979, 53.3064241 ], [ -6.3695488, 53.3075315 ], [ -6.370153, 53.3071206 ], [ -6.3702618, 53.3070703 ], [ -6.3711904, 53.3068491 ], [ -6.3714534, 53.3068304 ], [ -6.3725211, 53.3069611 ], [ -6.3728611, 53.3069856 ], [ -6.3732058, 53.3069867 ], [ -6.3734948, 53.3069769 ], [ -6.3738277, 53.3069316 ], [ -6.374214, 53.3068363 ], [ -6.3744066, 53.3067741 ], [ -6.3747691, 53.3065763 ], [ -6.3749778, 53.30640420000001 ], [ -6.3752448, 53.3060994 ], [ -6.3753322, 53.305967499999987 ], [ -6.3754066, 53.3057569 ], [ -6.3754455, 53.3055138 ], [ -6.3755448, 53.3052443 ], [ -6.3756856, 53.3050303 ], [ -6.3760597, 53.304676099999988 ], [ -6.3779968, 53.3034461 ], [ -6.3772394, 53.3029592 ], [ -6.3779122, 53.30259 ], [ -6.3798512, 53.3015942 ], [ -6.3819179, 53.3004225 ], [ -6.3825535, 53.3001453 ], [ -6.383311, 53.299944 ], [ -6.3841967, 53.299656 ], [ -6.3844283, 53.2995636 ], [ -6.385208, 53.2991877 ], [ -6.3862847, 53.2984293 ], [ -6.3872872, 53.2976693 ], [ -6.3877987, 53.2972549 ], [ -6.3880072, 53.2970572 ], [ -6.3882396, 53.2966282 ], [ -6.3882224, 53.2962497 ], [ -6.3881074, 53.2960088 ], [ -6.3878064, 53.2956463 ], [ -6.3891559, 53.2952175 ], [ -6.3892819, 53.2949902 ], [ -6.3887075, 53.2944321 ], [ -6.3874536, 53.2920555 ], [ -6.3873551, 53.2918027 ], [ -6.3873916, 53.2916201 ], [ -6.3877167, 53.2909363 ], [ -6.3877796, 53.290701699999985 ], [ -6.3877962, 53.2904431 ], [ -6.3877618, 53.2902391 ], [ -6.387643, 53.289897 ], [ -6.3876264, 53.2896322 ], [ -6.388081, 53.2884614 ], [ -6.3881795, 53.2882879 ], [ -6.3882714, 53.288162 ], [ -6.3885263, 53.2879367 ], [ -6.3889167, 53.28776 ], [ -6.389422, 53.2875887 ], [ -6.3893745, 53.2875071 ], [ -6.3893356, 53.2872944 ], [ -6.3894749, 53.2867342 ], [ -6.3894737, 53.2865857 ], [ -6.3894051, 53.286143 ], [ -6.3893803, 53.2860799 ], [ -6.3894908, 53.286047299999986 ], [ -6.3903304, 53.2858811 ], [ -6.390543, 53.2858717 ], [ -6.3907225, 53.2858819 ], [ -6.3910633, 53.2859382 ], [ -6.3913898, 53.2860555 ], [ -6.3918432, 53.2863491 ], [ -6.3942148, 53.285209 ], [ -6.3925839, 53.284106 ], [ -6.389465164107794, 53.28226707439206 ], [ -6.3881713, 53.2815547 ], [ -6.387645, 53.281911 ], [ -6.3867673, 53.282455 ], [ -6.386235, 53.2827604 ], [ -6.3852278, 53.283213 ], [ -6.384036198387475, 53.283584568471987 ], [ -6.3828598, 53.2838818 ], [ -6.381619762547873, 53.284076648810156 ], [ -6.3798234, 53.2842396 ], [ -6.3798584, 53.2844003 ], [ -6.3798539, 53.2844744 ], [ -6.3797706, 53.2845775 ], [ -6.3788154, 53.284931 ], [ -6.3777289, 53.2854328 ], [ -6.3771835, 53.2855928 ], [ -6.3765831, 53.285687 ], [ -6.375918752107868, 53.285719011326222 ], [ -6.3753554, 53.2856756 ], [ -6.374984, 53.2854801 ], [ -6.3746229, 53.2853128 ], [ -6.3743179, 53.2852049 ], [ -6.3741308, 53.2852832 ], [ -6.3740943, 53.2853429 ], [ -6.3740953, 53.2854257 ], [ -6.3741652, 53.2857797 ], [ -6.3742018, 53.2858786 ], [ -6.3728011, 53.2860562 ], [ -6.3726954, 53.2860571 ], [ -6.3726198, 53.2860151 ], [ -6.3725761, 53.2859534 ], [ -6.3724171, 53.2854745 ], [ -6.3724619, 53.2853942 ], [ -6.3725434, 53.2853296 ], [ -6.3725249, 53.2852129 ], [ -6.3730284, 53.2851935 ], [ -6.3732469, 53.2852081 ], [ -6.3733824, 53.2852268 ], [ -6.3737792, 53.2853613 ], [ -6.373916, 53.2853554 ], [ -6.3741308, 53.2852832 ] ], [ [ -6.2728378, 53.3389786 ], [ -6.2725064, 53.33885320000001 ], [ -6.2711784, 53.3384637 ], [ -6.2707238, 53.338356299999987 ], [ -6.2702076, 53.3382799 ], [ -6.2694946, 53.338207 ], [ -6.2692976, 53.338149699999988 ], [ -6.268632, 53.3378222 ], [ -6.2682952, 53.3377323 ], [ -6.2677822, 53.3376537 ], [ -6.2669677, 53.3376141 ], [ -6.26635, 53.3376002 ], [ -6.2657909, 53.3376182 ], [ -6.2660887, 53.3383958 ], [ -6.2661097, 53.3384454 ], [ -6.2661082, 53.3385366 ], [ -6.2659588, 53.3391577 ], [ -6.2658639, 53.3395894 ], [ -6.2656081, 53.3406939 ], [ -6.2654321, 53.3413598 ], [ -6.2653904, 53.3414822 ], [ -6.2653163, 53.3415661 ], [ -6.2651333, 53.3417124 ], [ -6.2647743, 53.3420481 ], [ -6.264678, 53.3421572 ], [ -6.2646287, 53.3422258 ], [ -6.2645185, 53.3424536 ], [ -6.2644655, 53.3426122 ], [ -6.2644369, 53.3427788 ], [ -6.2644034, 53.3430052 ], [ -6.2644007, 53.3430989 ], [ -6.2644526, 53.3438435 ], [ -6.2644509, 53.3441775 ], [ -6.2648459, 53.3441726 ], [ -6.2658996, 53.3441785 ], [ -6.2662859, 53.3441788 ], [ -6.2665451, 53.3441717 ], [ -6.2668041, 53.344155 ], [ -6.2672337, 53.3441129 ], [ -6.2678446, 53.3440409 ], [ -6.2686141, 53.3438813 ], [ -6.2697876, 53.34366510000001 ], [ -6.2699738, 53.3436179 ], [ -6.2700343, 53.343591399999987 ], [ -6.2700666, 53.343567299999989 ], [ -6.2701456, 53.3434258 ], [ -6.2702637, 53.343259199999984 ], [ -6.2703649, 53.3432018 ], [ -6.2704309, 53.3431669 ], [ -6.2705743, 53.3431117 ], [ -6.2707474, 53.3430738 ], [ -6.2715144, 53.3429834 ], [ -6.2717973, 53.3429543 ], [ -6.271811663138553, 53.344195244699513 ], [ -6.272079604546092, 53.344829387793737 ], [ -6.2720865, 53.3449816 ], [ -6.2721569, 53.345431 ], [ -6.2721661, 53.345492 ], [ -6.2722095, 53.3455759 ], [ -6.271657, 53.3456123 ], [ -6.2711315, 53.3456621 ], [ -6.2707329, 53.3457175 ], [ -6.2698187, 53.3458366 ], [ -6.2690483, 53.3459463 ], [ -6.2680916, 53.3460682 ], [ -6.2678881, 53.3460812 ], [ -6.2668561, 53.3461542 ], [ -6.2657034, 53.3462557 ], [ -6.2651481, 53.3463085 ], [ -6.2643329, 53.346394599999989 ], [ -6.2632694, 53.3466111 ], [ -6.2610363, 53.3471379 ], [ -6.260058584901054, 53.347353911534192 ], [ -6.259268284901054, 53.347556311534184 ], [ -6.2576656, 53.3479096 ], [ -6.2557574, 53.3482121 ], [ -6.254944750987478, 53.348279695758883 ], [ -6.2549447, 53.3482797 ], [ -6.254944700141579, 53.348279741602383 ] ], [ [ -6.2549447, 53.348279700000113 ], [ -6.254944668967894, 53.348279702476823 ], [ -6.2547718, 53.3482935 ], [ -6.2517847, 53.3483088 ], [ -6.251544789676332, 53.348302794823454 ], [ -6.2517484, 53.3476298 ], [ -6.2518394, 53.3474856 ], [ -6.2518627, 53.3474638 ], [ -6.2519482, 53.3474143 ], [ -6.252021, 53.3473996 ], [ -6.2523711, 53.3474042 ], [ -6.2546525, 53.3474788 ], [ -6.2549998, 53.3474793 ], [ -6.2559632, 53.3474902 ], [ -6.2563669, 53.3474614 ], [ -6.2570619, 53.347364300000017 ], [ -6.2572232, 53.3473354 ], [ -6.2573289, 53.3473126 ], [ -6.2579048, 53.3472074 ], [ -6.2586329, 53.3470459 ], [ -6.258907943161416, 53.346983220797789 ], [ -6.2590596, 53.346945199999979 ], [ -6.2618852, 53.3462881 ], [ -6.2625499, 53.3461483 ], [ -6.2629556, 53.3460563 ], [ -6.2634759, 53.3459631 ], [ -6.2650575, 53.3457101 ], [ -6.2674313, 53.3453625 ], [ -6.2676306, 53.3453413 ], [ -6.2699886, 53.3451298 ], [ -6.271889098471259, 53.344990600111963 ], [ -6.2720865, 53.3449816 ] ], [ [ -6.265790892332651, 53.337618173737468 ], [ -6.2657909, 53.3376182 ] ], [ [ -6.251544789676332, 53.348302794823454 ], [ -6.2512373, 53.3482866 ], [ -6.2355385, 53.3472502 ], [ -6.2285237, 53.3467443 ], [ -6.2278574, 53.346791099999983 ], [ -6.2275659, 53.3468825 ], [ -6.2273893, 53.3470128 ], [ -6.2271916, 53.3473034 ], [ -6.2269657, 53.3488113 ], [ -6.22702, 53.3496912 ], [ -6.2264365, 53.3506425 ], [ -6.2252569, 53.3522416 ], [ -6.2249473, 53.3525043 ], [ -6.2253469, 53.3527258 ], [ -6.2269597, 53.353685 ], [ -6.2292111, 53.354984399999985 ], [ -6.2333072, 53.3516439 ], [ -6.2350226, 53.3502136 ], [ -6.2355385, 53.3472502 ] ], [ [ -6.254732294495208, 53.34919608032191 ], [ -6.254732294495079, 53.349196080322123 ], [ -6.2547325, 53.3491959 ], [ -6.254732294495208, 53.34919608032191 ] ] ] } },
{ "type": "Feature", "properties": { "id": null, "route no": "21" }, "geometry": { "type": "MultiLineString", "coordinates": [ [ [ -6.2298176, 53.3643593 ], [ -6.2305584, 53.3643355 ], [ -6.2309918, 53.3642942 ], [ -6.2318186, 53.364153 ], [ -6.2326121, 53.36396 ], [ -6.233877486670856, 53.363606539732707 ], [ -6.2359122, 53.3629931 ], [ -6.2364135, 53.362774100000017 ], [ -6.2370715, 53.362276799999989 ], [ -6.2376588, 53.3617555 ], [ -6.2390322, 53.3606157 ], [ -6.2400422, 53.3596846 ], [ -6.2411673, 53.3586285 ], [ -6.242178, 53.3579009 ], [ -6.2439701, 53.3567252 ], [ -6.2454358, 53.3557265 ], [ -6.2461809, 53.355159 ], [ -6.2466905, 53.354701499999983 ], [ -6.2482417, 53.3532579 ], [ -6.2492873, 53.352375 ], [ -6.2496651, 53.3519532 ], [ -6.2500633, 53.3513668 ] ], [ [ -6.1948343, 53.391473199999986 ], [ -6.1957937, 53.3907699 ], [ -6.1967179, 53.3900139 ], [ -6.1975106, 53.3893778 ], [ -6.199089, 53.3880822 ], [ -6.1998045, 53.3875166 ], [ -6.2010707, 53.3866551 ], [ -6.2012496, 53.3865348 ], [ -6.2018084, 53.3859866 ], [ -6.202215, 53.3854647 ], [ -6.2026691, 53.3847204 ], [ -6.2030919, 53.3840936 ], [ -6.203433, 53.383714 ], [ -6.2038636, 53.3834347 ], [ -6.2045134, 53.3831322 ], [ -6.2049054, 53.3830129 ], [ -6.20531527273252, 53.382976822071768 ], [ -6.2055133, 53.3829361 ], [ -6.2062368, 53.3827194 ], [ -6.2066547, 53.3825525 ], [ -6.2071648, 53.382267 ], [ -6.20748, 53.3820444 ], [ -6.2078727, 53.3817432 ], [ -6.2082938, 53.3814123 ], [ -6.2086539, 53.381121 ], [ -6.2089901, 53.3808551 ], [ -6.2097378, 53.380295 ], [ -6.2099629, 53.3801446 ], [ -6.2105571, 53.3797962 ], [ -6.2111193, 53.3794637 ], [ -6.2122777, 53.378827299999983 ], [ -6.2127798, 53.3785797 ], [ -6.2131872, 53.378415399999987 ], [ -6.2141135, 53.3780799 ], [ -6.2145596, 53.3778982 ], [ -6.2148518, 53.3777296 ], [ -6.2153418, 53.3773956 ], [ -6.216217, 53.3768452 ], [ -6.2171093, 53.3763819 ], [ -6.2177354, 53.376064699999986 ], [ -6.2180995, 53.3758794 ], [ -6.218782, 53.3754956 ], [ -6.2199037, 53.3745121 ], [ -6.2203594, 53.3739673 ], [ -6.2208849, 53.3735563 ], [ -6.2210669, 53.37343090000001 ], [ -6.2214925, 53.3731575 ], [ -6.222582606054277, 53.372120808076559 ], [ -6.224755520788282, 53.369921396587337 ], [ -6.225705059514699, 53.369009982771743 ], [ -6.2263526, 53.368501199999976 ], [ -6.2273532, 53.3678049 ], [ -6.2277239, 53.3674803 ], [ -6.2278836, 53.3673136 ], [ -6.2283054, 53.3667262 ], [ -6.2288907, 53.3658899 ], [ -6.229060902939383, 53.365553481785597 ], [ -6.2292127, 53.3651874 ], [ -6.2292855, 53.3648599 ], [ -6.2294875, 53.364615 ], [ -6.2298176, 53.3643593 ] ], [ [ -6.2071037, 53.4609301 ], [ -6.2074626, 53.4609366 ], [ -6.2092293, 53.4608522 ], [ -6.2103186, 53.460771699999988 ], [ -6.2124375, 53.460618 ], [ -6.2125862, 53.4607785 ], [ -6.2128007, 53.46098580000001 ], [ -6.2130152, 53.4613737 ], [ -6.2138849, 53.4633777 ], [ -6.2144097, 53.4645559 ], [ -6.2146083, 53.4648952 ], [ -6.2151058, 53.465038599999986 ], [ -6.2156603, 53.4650503 ], [ -6.2161476, 53.465023599999981 ], [ -6.2161061, 53.4647582 ], [ -6.2160485, 53.4644332 ], [ -6.2160659, 53.4642678 ], [ -6.2161778, 53.4640863 ], [ -6.2162876, 53.4639733 ], [ -6.216677307491412, 53.463771684992068 ], [ -6.2168839, 53.4636823 ], [ -6.2176087, 53.4633895 ], [ -6.2178445, 53.4632658 ], [ -6.2179686, 53.4631753 ], [ -6.2180473, 53.4630345 ], [ -6.2180969, 53.4629182 ], [ -6.218133, 53.4627718 ], [ -6.2182494, 53.4623316 ], [ -6.2183428, 53.461992199999983 ], [ -6.2184148, 53.4617496 ], [ -6.2185488, 53.4613955 ], [ -6.2186938, 53.460992 ], [ -6.218738, 53.4608216 ], [ -6.2188944, 53.4602646 ], [ -6.2190055, 53.4598183 ], [ -6.2190831, 53.4596816 ], [ -6.2191881, 53.4595578 ], [ -6.2193622, 53.4594267 ], [ -6.219491, 53.4593556 ], [ -6.2196399, 53.4593058 ], [ -6.2198284, 53.4592753 ], [ -6.2201456, 53.4588577 ], [ -6.220217719741488, 53.45873563255148 ], [ -6.2206383, 53.457983099999986 ], [ -6.2211319, 53.4570839 ], [ -6.2215079, 53.4563944 ], [ -6.221501221126365, 53.456392968620968 ], [ -6.2212592, 53.4563411 ], [ -6.220929, 53.4562515 ], [ -6.2207546, 53.4561876 ], [ -6.2205542, 53.4561008 ], [ -6.2201962, 53.4559231 ], [ -6.2197657, 53.455743799999986 ], [ -6.2195416, 53.4556789 ], [ -6.219426, 53.4556525 ], [ -6.219135, 53.4555806 ], [ -6.2189993, 53.4555335 ], [ -6.2187288, 53.4553862 ], [ -6.2184943, 53.4552076 ], [ -6.2183909, 53.4550415 ], [ -6.2183294, 53.4548875 ], [ -6.2182099, 53.4547241 ], [ -6.2180236, 53.4544863 ], [ -6.2176499, 53.4543603 ], [ -6.2169183, 53.4543228 ], [ -6.2154522, 53.4542784 ], [ -6.2131488, 53.4540974 ], [ -6.2117737, 53.45403670000001 ], [ -6.2101318, 53.4539833 ], [ -6.2095279, 53.453954 ], [ -6.2088506, 53.4538905 ], [ -6.2066711, 53.4536907 ], [ -6.203828624307636, 53.453425782640977 ], [ -6.2038689, 53.4532972 ], [ -6.2039532, 53.452264 ], [ -6.2037797, 53.4510573 ], [ -6.2038194, 53.4503829 ], [ -6.2039171, 53.4498835 ], [ -6.204086, 53.4493389 ], [ -6.2042167, 53.4490759 ], [ -6.2047219, 53.4479927 ], [ -6.204790639889499, 53.447880185068314 ], [ -6.204597, 53.4478483 ], [ -6.204098494753065, 53.447729054727048 ], [ -6.2031409, 53.4474725 ], [ -6.2024598, 53.4472369 ], [ -6.20189, 53.4469939 ], [ -6.2008657, 53.446453 ], [ -6.2003758, 53.4461697 ], [ -6.1998168, 53.445923 ], [ -6.1986044, 53.4454561 ], [ -6.1979481, 53.4451308 ], [ -6.1968216, 53.4445185 ], [ -6.1963042, 53.4442275 ], [ -6.1959438, 53.4439868 ], [ -6.1955553, 53.4436134 ], [ -6.1947099, 53.4427338 ], [ -6.1942965, 53.4422641 ], [ -6.1942346, 53.442164 ], [ -6.1938835, 53.4415176 ], [ -6.1931966, 53.440642799999985 ], [ -6.1922884, 53.4396249 ], [ -6.1921308, 53.4394879 ], [ -6.190726, 53.4383454 ], [ -6.1905476, 53.4382337 ], [ -6.190239, 53.438076100000011 ], [ -6.1900225, 53.4379888 ], [ -6.1898152, 53.4379488 ], [ -6.1890042, 53.4378979 ], [ -6.1879181, 53.437855399999989 ], [ -6.1874985, 53.4377094 ], [ -6.187004, 53.4374793 ], [ -6.1863249, 53.4370693 ], [ -6.185845, 53.4367443 ], [ -6.1855907, 53.436467 ], [ -6.1854479, 53.4362172 ], [ -6.1852938, 53.436013699999982 ], [ -6.1851507, 53.4358855 ], [ -6.184822, 53.4356954 ], [ -6.184126, 53.4353553 ], [ -6.1827201, 53.4344983 ], [ -6.1820424, 53.4341325 ], [ -6.1806885, 53.4335804 ], [ -6.1803019, 53.4335295 ], [ -6.1798008, 53.43349 ], [ -6.1789221, 53.433411 ], [ -6.1780722, 53.433332 ], [ -6.1773754, 53.4332659 ], [ -6.176713213725191, 53.433220200462188 ], [ -6.1767131, 53.4332212 ] ], [ [ -6.1863734, 53.397571 ], [ -6.1869716, 53.3968986 ], [ -6.18835, 53.395201299999982 ], [ -6.189011, 53.3946189 ], [ -6.1902264, 53.393718 ], [ -6.1912035, 53.393231 ], [ -6.193071, 53.3924037 ], [ -6.1948343, 53.3914732 ] ], [ [ -6.186365811399409, 53.397562831463148 ], [ -6.1862447, 53.3977344 ], [ -6.1848766, 53.3992241 ], [ -6.1837698, 53.4000865 ], [ -6.1823485, 53.4009068 ], [ -6.1815208, 53.4013809 ], [ -6.1806995, 53.4019059 ], [ -6.179877, 53.4025675 ], [ -6.1794876, 53.4029682 ], [ -6.178445613476216, 53.404141626937637 ], [ -6.1776742, 53.4061245 ], [ -6.1776219, 53.406621 ], [ -6.1777216, 53.4070221 ], [ -6.17816, 53.408784 ], [ -6.1782162, 53.4094875 ], [ -6.1784126, 53.4098578 ], [ -6.1787737, 53.4105118 ], [ -6.1793182, 53.4111512 ], [ -6.1794905, 53.4114856 ], [ -6.1795847, 53.41179540000001 ], [ -6.1795601, 53.41222710000001 ], [ -6.1793164, 53.4127486 ], [ -6.1788272, 53.4136701 ], [ -6.1785973, 53.4142048 ], [ -6.1782379, 53.414803 ], [ -6.1780924, 53.415195799999985 ], [ -6.1780392, 53.4159766 ], [ -6.1780124, 53.4163694 ], [ -6.1778838, 53.4169328 ], [ -6.1776404, 53.4176489 ], [ -6.1773588, 53.4186317 ], [ -6.1772138, 53.4192497 ], [ -6.1770195, 53.420027399999988 ], [ -6.1766209, 53.420761 ], [ -6.1764725, 53.4212258 ], [ -6.1763696, 53.4219718 ], [ -6.1762733, 53.4226789 ], [ -6.1762877, 53.423099699999987 ], [ -6.1763395, 53.4238771 ], [ -6.1763803, 53.425169 ], [ -6.1764753, 53.4255301 ], [ -6.1767854, 53.426372199999989 ], [ -6.1768628, 53.4265479 ], [ -6.1776622, 53.4277008 ], [ -6.1777973, 53.427954 ], [ -6.1779664, 53.4285031 ], [ -6.1779496, 53.428859 ], [ -6.1778772, 53.4292561 ], [ -6.1777699, 53.429782699999983 ], [ -6.1775965, 53.4306911 ], [ -6.1775273, 53.4309484 ], [ -6.1774217, 53.4312405 ], [ -6.1771876, 53.4317017 ], [ -6.1768486, 53.4324483 ], [ -6.1767643, 53.4327712 ], [ -6.176713213725191, 53.433220200462188 ] ], [ [ -6.2500633, 53.3513668 ], [ -6.2503298, 53.3514111 ], [ -6.2504867, 53.351415 ], [ -6.2506263, 53.3513849 ], [ -6.2507582, 53.3513344 ], [ -6.2511944, 53.35126180000001 ], [ -6.2522145, 53.3511009 ], [ -6.2523007, 53.3510508 ], [ -6.2524118, 53.3510339 ], [ -6.2530002, 53.3509413 ], [ -6.2531516, 53.350939 ], [ -6.253572, 53.3508659 ], [ -6.2537052, 53.3508663 ], [ -6.2544091, 53.3507411 ], [ -6.2553821, 53.35056860000001 ], [ -6.2575357, 53.3502487 ], [ -6.2581183, 53.3501521 ], [ -6.2582119, 53.3501328 ], [ -6.2577977, 53.3491586 ], [ -6.2576428, 53.3488041 ], [ -6.2576196, 53.348751 ], [ -6.2570952, 53.3488295 ], [ -6.2568531, 53.3488627 ], [ -6.2560057, 53.349004199999989 ], [ -6.2550595, 53.3491738 ], [ -6.254935838910751, 53.349198997795085 ], [ -6.254732294495079, 53.349196080322123 ], [ -6.2546639, 53.3491951 ], [ -6.2544556, 53.3491884 ], [ -6.254395, 53.349195 ], [ -6.2535621, 53.3493945 ], [ -6.253385937434611, 53.349422813886655 ], [ -6.2532535, 53.3494441 ], [ -6.2529822, 53.349466 ], [ -6.2526202, 53.3494521 ], [ -6.2523156, 53.3494028 ], [ -6.2520576, 53.3493852 ], [ -6.2518069, 53.3493947 ], [ -6.2515118, 53.349457 ], [ -6.2513645, 53.3495185 ], [ -6.2510792, 53.3497427 ], [ -6.2508236, 53.3501081 ], [ -6.2500633, 53.3513668 ] ] ] } },
{ "type": "Feature", "properties": { "id": null, "route no": "20" }, "geometry": { "type": "MultiLineString", "coordinates": [ [ [ -6.2298176, 53.3643593 ], [ -6.2305584, 53.3643355 ], [ -6.2309918, 53.3642942 ], [ -6.2318186, 53.364153 ], [ -6.2326121, 53.36396 ], [ -6.233877486670856, 53.363606539732707 ], [ -6.2359122, 53.3629931 ], [ -6.2364135, 53.362774100000017 ], [ -6.2370715, 53.362276799999989 ], [ -6.2376588, 53.3617555 ], [ -6.2390322, 53.3606157 ], [ -6.2400422, 53.3596846 ], [ -6.2411673, 53.3586285 ], [ -6.242178, 53.3579009 ], [ -6.2439701, 53.3567252 ], [ -6.2454358, 53.3557265 ], [ -6.2461809, 53.355159 ], [ -6.2466905, 53.354701499999983 ], [ -6.2482417, 53.3532579 ], [ -6.2492873, 53.352375 ], [ -6.2496651, 53.3519532 ], [ -6.2500633, 53.3513668 ] ], [ [ -6.1948343, 53.391473199999986 ], [ -6.1957937, 53.3907699 ], [ -6.1967179, 53.3900139 ], [ -6.1975106, 53.3893778 ], [ -6.199089, 53.3880822 ], [ -6.1998045, 53.3875166 ], [ -6.2010707, 53.3866551 ], [ -6.2012496, 53.3865348 ], [ -6.2018084, 53.3859866 ], [ -6.202215, 53.3854647 ], [ -6.2026691, 53.3847204 ], [ -6.2030919, 53.3840936 ], [ -6.203433, 53.383714 ], [ -6.2038636, 53.3834347 ], [ -6.2045134, 53.3831322 ], [ -6.2049054, 53.3830129 ], [ -6.20531527273252, 53.382976822071768 ], [ -6.2055133, 53.3829361 ], [ -6.2062368, 53.3827194 ], [ -6.2066547, 53.3825525 ], [ -6.2071648, 53.382267 ], [ -6.20748, 53.3820444 ], [ -6.2078727, 53.3817432 ], [ -6.2082938, 53.3814123 ], [ -6.2086539, 53.381121 ], [ -6.2089901, 53.3808551 ], [ -6.2097378, 53.380295 ], [ -6.2099629, 53.3801446 ], [ -6.2105571, 53.3797962 ], [ -6.2111193, 53.3794637 ], [ -6.2122777, 53.378827299999983 ], [ -6.2127798, 53.3785797 ], [ -6.2131872, 53.378415399999987 ], [ -6.2141135, 53.3780799 ], [ -6.2145596, 53.3778982 ], [ -6.2148518, 53.3777296 ], [ -6.2153418, 53.3773956 ], [ -6.216217, 53.3768452 ], [ -6.2171093, 53.3763819 ], [ -6.2177354, 53.376064699999986 ], [ -6.2180995, 53.3758794 ], [ -6.218782, 53.3754956 ], [ -6.2199037, 53.3745121 ], [ -6.2203594, 53.3739673 ], [ -6.2208849, 53.3735563 ], [ -6.2210669, 53.37343090000001 ], [ -6.2214925, 53.3731575 ], [ -6.222582606054277, 53.372120808076559 ], [ -6.224755520788282, 53.369921396587337 ], [ -6.225705059514699, 53.369009982771743 ], [ -6.2263526, 53.368501199999976 ], [ -6.2273532, 53.3678049 ], [ -6.2277239, 53.3674803 ], [ -6.2278836, 53.3673136 ], [ -6.2283054, 53.3667262 ], [ -6.2288907, 53.3658899 ], [ -6.229060902939383, 53.365553481785597 ], [ -6.2292127, 53.3651874 ], [ -6.2292855, 53.3648599 ], [ -6.2294875, 53.364615 ], [ -6.2298176, 53.3643593 ] ], [ [ -6.1863734, 53.397571 ], [ -6.1869716, 53.3968986 ], [ -6.18835, 53.395201299999982 ], [ -6.189011, 53.3946189 ], [ -6.1902264, 53.393718 ], [ -6.1912035, 53.393231 ], [ -6.193071, 53.3924037 ], [ -6.1948343, 53.3914732 ] ], [ [ -6.186365811399409, 53.397562831463148 ], [ -6.1862447, 53.3977344 ], [ -6.1848766, 53.3992241 ], [ -6.1837698, 53.4000865 ], [ -6.1823485, 53.4009068 ], [ -6.1815208, 53.4013809 ], [ -6.1806995, 53.4019059 ], [ -6.179877, 53.4025675 ], [ -6.1794876, 53.4029682 ], [ -6.178445613476216, 53.404141626937637 ], [ -6.1776742, 53.4061245 ], [ -6.1776219, 53.406621 ], [ -6.1777216, 53.4070221 ], [ -6.17816, 53.408784 ], [ -6.1782162, 53.4094875 ], [ -6.1784126, 53.4098578 ], [ -6.1787737, 53.4105118 ], [ -6.1793182, 53.4111512 ], [ -6.1794905, 53.4114856 ], [ -6.1795847, 53.41179540000001 ], [ -6.1795601, 53.41222710000001 ], [ -6.1793164, 53.4127486 ], [ -6.1788272, 53.4136701 ], [ -6.1785973, 53.4142048 ], [ -6.1782379, 53.414803 ], [ -6.1780924, 53.415195799999985 ], [ -6.1780392, 53.4159766 ], [ -6.1780124, 53.4163694 ], [ -6.1778838, 53.4169328 ], [ -6.1776404, 53.4176489 ], [ -6.1773588, 53.4186317 ], [ -6.1772138, 53.4192497 ], [ -6.1770195, 53.420027399999988 ], [ -6.1766209, 53.420761 ], [ -6.1764725, 53.4212258 ], [ -6.1763696, 53.4219718 ], [ -6.1762733, 53.4226789 ], [ -6.1762877, 53.423099699999987 ], [ -6.1763395, 53.4238771 ], [ -6.1763803, 53.425169 ], [ -6.1764753, 53.4255301 ], [ -6.1767854, 53.426372199999989 ], [ -6.1768628, 53.4265479 ], [ -6.1776622, 53.4277008 ], [ -6.1777973, 53.427954 ], [ -6.1779664, 53.4285031 ], [ -6.1779496, 53.428859 ], [ -6.1778772, 53.4292561 ], [ -6.1777699, 53.429782699999983 ], [ -6.1775965, 53.4306911 ], [ -6.1775273, 53.4309484 ], [ -6.1774217, 53.4312405 ], [ -6.1771876, 53.4317017 ], [ -6.1768486, 53.4324483 ], [ -6.1767643, 53.4327712 ], [ -6.176713213725191, 53.433220200462188 ], [ -6.1767131, 53.4332212 ], [ -6.1768572, 53.4342987 ], [ -6.1769224, 53.4348256 ], [ -6.1770573, 53.4355014 ], [ -6.1770972, 53.4357734 ], [ -6.1770727, 53.4360031 ], [ -6.176946, 53.4365147 ], [ -6.1769186, 53.4367139 ], [ -6.1769448, 53.43829370000001 ], [ -6.1769508, 53.4386554 ], [ -6.176964, 53.4395391 ], [ -6.176856483231954, 53.439780307055813 ], [ -6.1766118, 53.4401872 ], [ -6.1760287, 53.4409611 ], [ -6.1757658, 53.4412125 ], [ -6.1751533, 53.441609 ], [ -6.1749045, 53.4417657 ], [ -6.1743624, 53.442328199999984 ], [ -6.173896, 53.4431233 ], [ -6.173448, 53.4438888 ], [ -6.1733083, 53.4443175 ], [ -6.1733254, 53.444918 ], [ -6.1733325, 53.4451683 ], [ -6.1732458, 53.4453572 ], [ -6.172807945820384, 53.445900643129981 ], [ -6.1728079, 53.4459007 ], [ -6.1746455, 53.4465201 ], [ -6.180376, 53.448449 ], [ -6.1858089, 53.4502272 ], [ -6.185808793981992, 53.45022732269377 ], [ -6.184936, 53.4512374 ], [ -6.1838533, 53.4522538 ], [ -6.1823228, 53.4539352 ], [ -6.1805881, 53.4557731 ], [ -6.177205, 53.454908099999983 ], [ -6.1768468, 53.45472 ], [ -6.1767432, 53.4546138 ], [ -6.1766193, 53.4543313 ], [ -6.1765054, 53.4540335 ], [ -6.1760679, 53.4536955 ], [ -6.1759005, 53.4535681 ], [ -6.1756367, 53.4533951 ], [ -6.1754078, 53.4533051 ], [ -6.1727423, 53.4523882 ], [ -6.1697173, 53.4513566 ], [ -6.1666218, 53.4502816 ], [ -6.1638062, 53.4493063 ], [ -6.1637126, 53.4492021 ], [ -6.1608163, 53.4496389 ], [ -6.1570014, 53.4502207 ], [ -6.1536218, 53.4507379 ], [ -6.1525856, 53.4508876 ], [ -6.1517292, 53.4509931 ], [ -6.1509219, 53.450963 ], [ -6.149795, 53.4508928 ], [ -6.1493896, 53.45091 ], [ -6.1485179, 53.4511405 ], [ -6.1482536, 53.4511818 ], [ -6.1474966, 53.4511704 ], [ -6.1459395, 53.4510989 ], [ -6.1453087, 53.4510305 ], [ -6.1448701, 53.4509359 ], [ -6.1440215, 53.45074 ], [ -6.1432522, 53.450614499999986 ], [ -6.1429703, 53.4505357 ], [ -6.1422469, 53.4503064 ], [ -6.1414062, 53.4500907 ], [ -6.1410993, 53.4499858 ], [ -6.1394447, 53.4493011 ], [ -6.1390827, 53.4491621 ], [ -6.1384792, 53.448981399999987 ], [ -6.1375529, 53.448765 ], [ -6.136407, 53.4483512 ] ], [ [ -6.2500633, 53.3513668 ], [ -6.2503298, 53.3514111 ], [ -6.2504867, 53.351415 ], [ -6.2506263, 53.3513849 ], [ -6.2507582, 53.3513344 ], [ -6.2511944, 53.35126180000001 ], [ -6.2522145, 53.3511009 ], [ -6.2523007, 53.3510508 ], [ -6.2524118, 53.3510339 ], [ -6.2530002, 53.3509413 ], [ -6.2531516, 53.350939 ], [ -6.253572, 53.3508659 ], [ -6.2537052, 53.3508663 ], [ -6.2544091, 53.3507411 ], [ -6.2553821, 53.35056860000001 ], [ -6.2575357, 53.3502487 ], [ -6.2581183, 53.3501521 ], [ -6.2582119, 53.3501328 ], [ -6.2577977, 53.3491586 ], [ -6.2576428, 53.3488041 ], [ -6.2576196, 53.348751 ], [ -6.2570952, 53.3488295 ], [ -6.2568531, 53.3488627 ], [ -6.2560057, 53.349004199999989 ], [ -6.2550595, 53.3491738 ], [ -6.254935838910751, 53.349198997795085 ], [ -6.254732294495079, 53.349196080322123 ], [ -6.2546639, 53.3491951 ], [ -6.2544556, 53.3491884 ], [ -6.254395, 53.349195 ], [ -6.2535621, 53.3493945 ], [ -6.253385937434611, 53.349422813886655 ], [ -6.2532535, 53.3494441 ], [ -6.2529822, 53.349466 ], [ -6.2526202, 53.3494521 ], [ -6.2523156, 53.3494028 ], [ -6.2520576, 53.3493852 ], [ -6.2518069, 53.3493947 ], [ -6.2515118, 53.349457 ], [ -6.2513645, 53.3495185 ], [ -6.2510792, 53.3497427 ], [ -6.2508236, 53.3501081 ], [ -6.2500633, 53.3513668 ] ] ] } },
{ "type": "Feature", "properties": { "id": null, "route no": "L44" }, "geometry": { "type": "MultiLineString", "coordinates": [ [ [ -6.6145071, 53.1337407 ], [ -6.6147955, 53.1332095 ], [ -6.6149013, 53.1334715 ], [ -6.6149436, 53.1336521 ], [ -6.6149442, 53.1337427 ], [ -6.6145071, 53.1337407 ], [ -6.6143544, 53.1337221 ], [ -6.6134036, 53.1335142 ], [ -6.6116096, 53.1330633 ], [ -6.6113187, 53.1329641 ], [ -6.6109247, 53.132762699999986 ], [ -6.6106295, 53.1325632 ], [ -6.6105317, 53.1325 ], [ -6.6103632, 53.1324473 ], [ -6.6100347, 53.1323865 ], [ -6.6098311, 53.1323727 ], [ -6.6092753, 53.1322816 ], [ -6.6084716, 53.1321192 ], [ -6.6081058, 53.132014 ], [ -6.6078935, 53.1319239 ], [ -6.607483, 53.1316484 ], [ -6.607182, 53.1313429 ], [ -6.6067275, 53.1311622 ], [ -6.6049329, 53.1307222 ], [ -6.6031721, 53.1307061 ], [ -6.6028337, 53.130689399999987 ], [ -6.6011483, 53.130466 ], [ -6.596396, 53.1299218 ], [ -6.5926399, 53.1295453 ], [ -6.5908744, 53.1294918 ], [ -6.5892517, 53.1293721 ], [ -6.58781, 53.1287974 ], [ -6.5859883, 53.128155 ], [ -6.5852327, 53.127975 ], [ -6.5844871, 53.12786 ], [ -6.5841877, 53.1278489 ], [ -6.5829837, 53.127907 ], [ -6.5801193, 53.129704 ], [ -6.5791746, 53.1300872 ], [ -6.5777423, 53.130503299999987 ], [ -6.5776639, 53.1305049 ], [ -6.577325, 53.1303929 ], [ -6.5764563, 53.1301793 ], [ -6.5758987, 53.1300231 ], [ -6.5756653, 53.1302372 ], [ -6.5753645, 53.1304889 ], [ -6.5705572, 53.1337261 ], [ -6.5683965, 53.1351039 ], [ -6.5667675, 53.136147 ], [ -6.5662156, 53.136406 ], [ -6.5649369, 53.1368293 ], [ -6.5624767, 53.1376648 ], [ -6.5620826, 53.1378879 ], [ -6.5618144, 53.1381547 ], [ -6.5616595, 53.13845160000001 ], [ -6.5614703, 53.1390501 ], [ -6.5612777, 53.1396062 ], [ -6.5607775, 53.1406243 ], [ -6.5582261, 53.1452514 ], [ -6.5565569, 53.148753 ], [ -6.5557198, 53.1503956 ], [ -6.5555132, 53.1507495 ], [ -6.5553227, 53.1510751 ], [ -6.5544307, 53.1525586 ], [ -6.5535933, 53.1540454 ], [ -6.5520262, 53.1573913 ], [ -6.5516215, 53.1588954 ], [ -6.55147, 53.1592163 ], [ -6.5513146, 53.1594203 ], [ -6.5510195, 53.1596574 ], [ -6.5506496, 53.1598556 ], [ -6.5501558, 53.1600325 ], [ -6.5495086, 53.1602543 ], [ -6.5492568, 53.1603593 ], [ -6.5482306, 53.1609282 ], [ -6.5472669, 53.161518 ], [ -6.5444232, 53.1632729 ], [ -6.5426085, 53.1645633 ], [ -6.5418396, 53.1650872 ], [ -6.5405957, 53.1658084 ], [ -6.5381454, 53.1671143 ], [ -6.537441, 53.167469899999986 ], [ -6.5362254, 53.1680295 ], [ -6.5356131, 53.1683604 ], [ -6.5352823, 53.1686041 ], [ -6.5350123, 53.1688567 ], [ -6.5341641, 53.1696369 ], [ -6.533212286780764, 53.17033938231377 ], [ -6.529612, 53.1731316 ], [ -6.528236651349976, 53.174588334311395 ], [ -6.5268832, 53.1761566 ], [ -6.526055550887168, 53.177529669978981 ], [ -6.5236793, 53.181448 ], [ -6.520875437287994, 53.184718752649971 ], [ -6.5126745, 53.1910154 ], [ -6.5113331227632, 53.192396669115652 ], [ -6.509492819247702, 53.195255116572326 ], [ -6.5064154, 53.1975809 ], [ -6.5037733, 53.2000483 ], [ -6.495315666239434, 53.205656214763557 ], [ -6.4889161, 53.2089088 ], [ -6.482126824378379, 53.213534463558766 ], [ -6.480593238115468, 53.214146702023449 ], [ -6.476333276274041, 53.215167080021445 ], [ -6.474765610316395, 53.216024178757912 ], [ -6.471562119011644, 53.219064700231677 ], [ -6.469483257633027, 53.2206154871295 ], [ -6.469074301296251, 53.221431668207352 ], [ -6.468051910454308, 53.22292115858091 ], [ -6.466382005412468, 53.224594222978979 ], [ -6.463076275023523, 53.227817748128835 ], [ -6.461270051202757, 53.22944982022485 ], [ -6.459838704024039, 53.230449433663424 ], [ -6.45912303043468, 53.231000231095678 ], [ -6.457384966003376, 53.231836613647005 ], [ -6.45602177821412, 53.233407336720646 ], [ -6.45485454866957, 53.235391057210151 ], [ -6.454420032561743, 53.236390531936628 ], [ -6.454368913019646, 53.236635297700104 ], [ -6.455749140656269, 53.238771839412713 ], [ -6.4557985, 53.2393019 ], [ -6.4556353, 53.2401594 ], [ -6.4557872, 53.2411897 ], [ -6.455677822210816, 53.241935034836771 ], [ -6.455727, 53.2424118 ], [ -6.4559472, 53.2433038 ], [ -6.4562598, 53.244267 ], [ -6.456291005057747, 53.245282742519677 ], [ -6.4563466, 53.246221 ], [ -6.4563222, 53.2469671 ], [ -6.4561029, 53.2476154 ], [ -6.4555642, 53.2485623 ], [ -6.4526524, 53.25192890000001 ], [ -6.4518802, 53.2523689 ], [ -6.4513764, 53.2527261 ], [ -6.4511855, 53.2531097 ], [ -6.4510832, 53.2535048 ], [ -6.4509339, 53.253713 ], [ -6.4506214, 53.2539864 ], [ -6.449562, 53.2550208 ], [ -6.448652, 53.255475899999986 ], [ -6.4485202, 53.2556877 ], [ -6.4481543, 53.2565885 ], [ -6.4481724, 53.2572739 ], [ -6.4479824, 53.257818499999985 ], [ -6.4476726, 53.258168099999985 ], [ -6.4471388, 53.2586174 ], [ -6.4468357, 53.2590478 ], [ -6.4459488, 53.2610276 ], [ -6.4453913, 53.2615095 ], [ -6.4449091, 53.2620993 ], [ -6.4443182, 53.262423 ], [ -6.443503846377646, 53.26302501305689 ], [ -6.4429691, 53.2635007 ], [ -6.4427288, 53.2639834 ], [ -6.4423945, 53.2645458 ], [ -6.4421202, 53.2647916 ], [ -6.4409853, 53.2655589 ], [ -6.4397336, 53.2666775 ], [ -6.438727, 53.26722 ], [ -6.4376726, 53.2678897 ], [ -6.43662, 53.2687137 ], [ -6.4350839, 53.2699768 ], [ -6.4336106, 53.2710063 ], [ -6.4320673, 53.2722374 ], [ -6.4313121, 53.2728712 ], [ -6.431042224234448, 53.2730780074262 ], [ -6.4307127, 53.2732615 ], [ -6.4301292, 53.2734272 ], [ -6.4297282, 53.2735021 ], [ -6.4284119, 53.2736474 ], [ -6.4257918, 53.2739823 ], [ -6.4250189, 53.2741089 ], [ -6.4243158, 53.2742796 ], [ -6.4233823, 53.274629 ], [ -6.4229763, 53.274816199999989 ], [ -6.422247385082443, 53.275254553262606 ], [ -6.421788897178616, 53.275452476290482 ], [ -6.42134, 53.2755625 ], [ -6.4210036, 53.2755726 ], [ -6.417601, 53.275348 ], [ -6.4169369, 53.2752868 ], [ -6.4138447, 53.2748555 ], [ -6.4101321, 53.274563 ], [ -6.4055347, 53.274222 ], [ -6.4048233, 53.2742117 ], [ -6.40346, 53.27432 ], [ -6.402855, 53.27444 ], [ -6.4024184, 53.2746039 ], [ -6.4016673, 53.2749365 ], [ -6.40127, 53.2750963 ], [ -6.4007075, 53.27540960000001 ], [ -6.3999785, 53.2757779 ], [ -6.3997027, 53.2759792 ], [ -6.3994193, 53.2764313 ], [ -6.399285, 53.27671 ], [ -6.3990283, 53.276965 ], [ -6.3987967, 53.2771133 ], [ -6.3983244, 53.2773133 ], [ -6.3963817, 53.2780478 ], [ -6.3918681, 53.279579499999983 ], [ -6.3902296, 53.2801909 ], [ -6.387645, 53.281911 ], [ -6.3867673, 53.282455 ], [ -6.386235, 53.2827604 ], [ -6.3852278, 53.283213 ], [ -6.384036198387475, 53.283584568471987 ], [ -6.3828598, 53.2838818 ], [ -6.381619762547873, 53.284076648810156 ], [ -6.3798234, 53.2842396 ], [ -6.3798584, 53.2844003 ], [ -6.3798539, 53.2844744 ], [ -6.3797706, 53.2845775 ], [ -6.3788154, 53.284931 ], [ -6.3777289, 53.2854328 ], [ -6.3771835, 53.2855928 ], [ -6.3765831, 53.285687 ], [ -6.375918752107868, 53.285719011326222 ], [ -6.3753554, 53.2856756 ], [ -6.374984, 53.2854801 ], [ -6.3746229, 53.2853128 ], [ -6.3743179, 53.2852049 ], [ -6.3741308, 53.2852832 ], [ -6.3740943, 53.2853429 ], [ -6.3740953, 53.2854257 ], [ -6.3741652, 53.2857797 ], [ -6.3742018, 53.2858786 ], [ -6.3728011, 53.2860562 ], [ -6.3726954, 53.2860571 ], [ -6.3726198, 53.2860151 ], [ -6.3725761, 53.2859534 ], [ -6.3724171, 53.2854745 ], [ -6.3724619, 53.2853942 ], [ -6.3725434, 53.2853296 ], [ -6.3725249, 53.2852129 ], [ -6.3730284, 53.2851935 ], [ -6.3732469, 53.2852081 ], [ -6.3733824, 53.2852268 ], [ -6.3737792, 53.2853613 ], [ -6.373916, 53.2853554 ], [ -6.3741308, 53.2852832 ] ] ] } },
{ "type": "Feature", "properties": { "id": null, "route no": "L63" }, "geometry": { "type": "MultiLineString", "coordinates": [ [ [ -6.420838, 53.4204823 ], [ -6.4204064, 53.4204215 ], [ -6.4198429, 53.4204135 ], [ -6.418876, 53.4203999 ], [ -6.4179426, 53.4203855 ], [ -6.417996, 53.4189806 ], [ -6.4180179, 53.4182581 ], [ -6.4180678, 53.4175999 ], [ -6.418109, 53.4174393 ], [ -6.4182612, 53.4171816 ], [ -6.4183766, 53.4170603 ], [ -6.4186492, 53.4168449 ], [ -6.4189893, 53.4166611 ], [ -6.4194194, 53.4165166 ], [ -6.4196694, 53.416424 ], [ -6.41997, 53.4163406 ], [ -6.4204366, 53.4161579 ], [ -6.4206442, 53.4160507 ], [ -6.4207885, 53.415947 ], [ -6.4209592, 53.4157875 ], [ -6.421514, 53.4152891 ], [ -6.4217184, 53.4151054 ], [ -6.4225783, 53.4142237 ], [ -6.423311, 53.413406 ], [ -6.4236576, 53.4131063 ], [ -6.4240523, 53.412829899999984 ], [ -6.424842, 53.4123213 ], [ -6.4249308, 53.4122302 ], [ -6.424838, 53.4120768 ], [ -6.4232695, 53.411720699999989 ], [ -6.4220708, 53.4114529 ], [ -6.4204494, 53.4110924 ], [ -6.419313, 53.4108748 ], [ -6.4150986, 53.4102643 ], [ -6.4138393, 53.4100795 ], [ -6.4124104, 53.4098146 ], [ -6.4098815, 53.409103 ], [ -6.4094611, 53.4089816 ], [ -6.4068437, 53.40857530000001 ], [ -6.4062795, 53.4085004 ], [ -6.4041292, 53.4081652 ], [ -6.4022256, 53.4078715 ], [ -6.4006712, 53.4076047 ], [ -6.3995641, 53.4073279 ], [ -6.3991915, 53.4072268 ], [ -6.3985947, 53.407083 ], [ -6.3978528, 53.4069047 ], [ -6.3972334, 53.4067362 ], [ -6.3963246, 53.4064506 ], [ -6.3957866, 53.4062698 ], [ -6.3954912, 53.4061641 ], [ -6.3949729, 53.4059671 ], [ -6.3942184, 53.4056418 ], [ -6.3941542, 53.4054808 ], [ -6.3942594, 53.4054036 ], [ -6.3949704, 53.4049147 ], [ -6.3953588, 53.4045908 ], [ -6.3956062, 53.4042933 ], [ -6.3958758, 53.4039649 ], [ -6.3962423, 53.4037113 ], [ -6.3964649, 53.4033997 ], [ -6.3968676, 53.4026805 ], [ -6.3968666, 53.4024833 ], [ -6.3967621, 53.4022699 ], [ -6.3940794, 53.4009585 ], [ -6.3934945, 53.4006088 ], [ -6.3921623, 53.399621499999981 ], [ -6.3919502, 53.3994168 ], [ -6.3912469, 53.3984096 ], [ -6.3908435, 53.3980133 ], [ -6.3914788, 53.397721 ], [ -6.3914788, 53.397721 ], [ -6.391669459708997, 53.397621712362529 ] ], [ [ -6.391669459708994, 53.397621712362529 ], [ -6.392042315107382, 53.397430629261081 ], [ -6.3922535, 53.3973224 ], [ -6.3924914, 53.3971404 ], [ -6.3928795, 53.3968361 ], [ -6.3941822, 53.3961162 ], [ -6.3953756, 53.3954969 ], [ -6.3960616, 53.3951177 ], [ -6.3969201, 53.39454 ], [ -6.397958, 53.393732899999989 ], [ -6.398060877827684, 53.39363524741718 ], [ -6.3975539, 53.3934344 ], [ -6.3969552, 53.3932393 ], [ -6.3964152, 53.393148599999989 ], [ -6.3951179, 53.3931093 ], [ -6.3943554, 53.3931007 ], [ -6.3938371, 53.3931421 ], [ -6.393466716582371, 53.393327915564072 ], [ -6.3931514, 53.3935168 ], [ -6.3916059, 53.3943673 ], [ -6.3914288, 53.3944076 ] ] ] } },
{ "type": "Feature", "properties": { "id": null, "route no": "P44" }, "geometry": { "type": "MultiLineString", "coordinates": [ [ [ -6.6145071, 53.1337407 ], [ -6.6147955, 53.1332095 ], [ -6.6149013, 53.1334715 ], [ -6.6149436, 53.1336521 ], [ -6.6149442, 53.1337427 ], [ -6.6145071, 53.1337407 ], [ -6.6143544, 53.1337221 ], [ -6.6134036, 53.1335142 ], [ -6.6116096, 53.1330633 ], [ -6.6113187, 53.1329641 ], [ -6.6109247, 53.132762699999986 ], [ -6.6106295, 53.1325632 ], [ -6.6105317, 53.1325 ], [ -6.6103632, 53.1324473 ], [ -6.6100347, 53.1323865 ], [ -6.6098311, 53.1323727 ], [ -6.6092753, 53.1322816 ], [ -6.6084716, 53.1321192 ], [ -6.6081058, 53.132014 ], [ -6.6078935, 53.1319239 ], [ -6.607483, 53.1316484 ], [ -6.607182, 53.1313429 ], [ -6.6067275, 53.1311622 ], [ -6.6049329, 53.1307222 ], [ -6.6031721, 53.1307061 ], [ -6.6028337, 53.130689399999987 ], [ -6.6011483, 53.130466 ], [ -6.596396, 53.1299218 ], [ -6.5926399, 53.1295453 ], [ -6.5908744, 53.1294918 ], [ -6.5892517, 53.1293721 ], [ -6.58781, 53.1287974 ], [ -6.5859883, 53.128155 ], [ -6.5852327, 53.127975 ], [ -6.5844871, 53.12786 ], [ -6.5841877, 53.1278489 ], [ -6.5829837, 53.127907 ], [ -6.5801193, 53.129704 ], [ -6.5791746, 53.1300872 ], [ -6.5777423, 53.130503299999987 ], [ -6.5776639, 53.1305049 ], [ -6.577325, 53.1303929 ], [ -6.5764563, 53.1301793 ], [ -6.5758987, 53.1300231 ], [ -6.5756653, 53.1302372 ], [ -6.5753645, 53.1304889 ], [ -6.5705572, 53.1337261 ], [ -6.5683965, 53.1351039 ], [ -6.5667675, 53.136147 ], [ -6.5662156, 53.136406 ], [ -6.5649369, 53.1368293 ], [ -6.5624767, 53.1376648 ], [ -6.5620826, 53.1378879 ], [ -6.5618144, 53.1381547 ], [ -6.5616595, 53.13845160000001 ], [ -6.5614703, 53.1390501 ], [ -6.5612777, 53.1396062 ], [ -6.5607775, 53.1406243 ], [ -6.5582261, 53.1452514 ], [ -6.5565569, 53.148753 ], [ -6.5557198, 53.1503956 ], [ -6.5555132, 53.1507495 ], [ -6.5553227, 53.1510751 ], [ -6.5544307, 53.1525586 ], [ -6.5535933, 53.1540454 ], [ -6.5520262, 53.1573913 ], [ -6.5516215, 53.1588954 ], [ -6.55147, 53.1592163 ], [ -6.5513146, 53.1594203 ], [ -6.5510195, 53.1596574 ], [ -6.5506496, 53.1598556 ], [ -6.5501558, 53.1600325 ], [ -6.5495086, 53.1602543 ], [ -6.5492568, 53.1603593 ], [ -6.5482306, 53.1609282 ], [ -6.5472669, 53.161518 ], [ -6.5444232, 53.1632729 ], [ -6.5426085, 53.1645633 ], [ -6.5418396, 53.1650872 ], [ -6.5405957, 53.1658084 ], [ -6.5381454, 53.1671143 ], [ -6.537441, 53.167469899999986 ], [ -6.5362254, 53.1680295 ], [ -6.5356131, 53.1683604 ], [ -6.5352823, 53.1686041 ], [ -6.5350123, 53.1688567 ], [ -6.5341641, 53.1696369 ], [ -6.533212286780764, 53.17033938231377 ], [ -6.529612, 53.1731316 ], [ -6.528236651349976, 53.174588334311395 ], [ -6.5268832, 53.1761566 ], [ -6.526055550887168, 53.177529669978981 ], [ -6.5236793, 53.181448 ], [ -6.520875437287994, 53.184718752649971 ], [ -6.5126745, 53.1910154 ], [ -6.5113331227632, 53.192396669115652 ], [ -6.509492819247702, 53.195255116572326 ], [ -6.5064154, 53.1975809 ], [ -6.5037733, 53.2000483 ], [ -6.495315666239434, 53.205656214763557 ], [ -6.4889161, 53.2089088 ], [ -6.482126824378379, 53.213534463558766 ], [ -6.480593238115468, 53.214146702023449 ], [ -6.476333276274041, 53.215167080021445 ], [ -6.474765610316395, 53.216024178757912 ], [ -6.471562119011644, 53.219064700231677 ], [ -6.469483257633027, 53.2206154871295 ], [ -6.469074301296251, 53.221431668207352 ], [ -6.468051910454308, 53.22292115858091 ], [ -6.466382005412468, 53.224594222978979 ], [ -6.463076275023523, 53.227817748128835 ], [ -6.461270051202757, 53.22944982022485 ], [ -6.459838704024039, 53.230449433663424 ], [ -6.45912303043468, 53.231000231095678 ], [ -6.457384966003376, 53.231836613647005 ], [ -6.45602177821412, 53.233407336720646 ], [ -6.45485454866957, 53.235391057210151 ], [ -6.454420032561743, 53.236390531936628 ], [ -6.454368913019646, 53.236635297700104 ], [ -6.455749140656269, 53.238771839412713 ], [ -6.4557985, 53.2393019 ], [ -6.4556353, 53.2401594 ], [ -6.455697254138115, 53.240576923485889 ], [ -6.4557872, 53.2411897 ], [ -6.455677822210816, 53.241935034836771 ], [ -6.455727, 53.2424118 ], [ -6.4559472, 53.2433038 ], [ -6.4562598, 53.244267 ], [ -6.456291005057747, 53.245282742519677 ], [ -6.4563466, 53.246221 ], [ -6.4563222, 53.2469671 ], [ -6.4561029, 53.2476154 ], [ -6.4555642, 53.2485623 ], [ -6.4541002, 53.2502422 ], [ -6.4526524, 53.25192890000001 ], [ -6.4518802, 53.2523689 ], [ -6.4513764, 53.2527261 ], [ -6.4511855, 53.2531097 ], [ -6.4510832, 53.2535048 ], [ -6.4509339, 53.253713 ], [ -6.4506214, 53.2539864 ], [ -6.449562, 53.2550208 ], [ -6.448652, 53.255475899999986 ], [ -6.4485202, 53.2556877 ], [ -6.4481543, 53.2565885 ], [ -6.4481724, 53.2572739 ], [ -6.4479824, 53.257818499999985 ], [ -6.4476726, 53.258168099999985 ], [ -6.4471388, 53.2586174 ], [ -6.4468357, 53.2590478 ], [ -6.4459488, 53.2610276 ], [ -6.4453913, 53.2615095 ], [ -6.4449091, 53.2620993 ], [ -6.4443182, 53.262423 ], [ -6.443503846377646, 53.26302501305689 ], [ -6.4429691, 53.2635007 ], [ -6.4427288, 53.2639834 ], [ -6.4423945, 53.2645458 ], [ -6.4421202, 53.2647916 ], [ -6.4409853, 53.2655589 ], [ -6.4397336, 53.2666775 ], [ -6.438727, 53.26722 ], [ -6.4376726, 53.2678897 ], [ -6.43662, 53.2687137 ], [ -6.4350839, 53.2699768 ], [ -6.4336106, 53.2710063 ], [ -6.4320673, 53.2722374 ], [ -6.4313121, 53.2728712 ], [ -6.431042224234448, 53.2730780074262 ], [ -6.4307127, 53.2732615 ], [ -6.4301292, 53.2734272 ], [ -6.4297282, 53.2735021 ], [ -6.4284119, 53.2736474 ], [ -6.4257918, 53.2739823 ], [ -6.4250189, 53.2741089 ], [ -6.4243158, 53.2742796 ], [ -6.4233823, 53.274629 ], [ -6.4229763, 53.274816199999989 ], [ -6.422247385082443, 53.275254553262606 ], [ -6.421788897178616, 53.275452476290482 ], [ -6.42134, 53.2755625 ], [ -6.4210036, 53.2755726 ], [ -6.417601, 53.275348 ], [ -6.4169369, 53.2752868 ], [ -6.4138447, 53.2748555 ], [ -6.4101321, 53.274563 ], [ -6.4074317, 53.2743622 ], [ -6.4055347, 53.274222 ], [ -6.4048233, 53.2742117 ], [ -6.40346, 53.27432 ], [ -6.402855, 53.27444 ], [ -6.4024184, 53.2746039 ], [ -6.4016673, 53.2749365 ], [ -6.40127, 53.2750963 ], [ -6.4007075, 53.27540960000001 ], [ -6.3999785, 53.2757779 ], [ -6.3997027, 53.2759792 ], [ -6.3994193, 53.2764313 ], [ -6.399285, 53.27671 ], [ -6.3990283, 53.276965 ], [ -6.3987967, 53.2771133 ], [ -6.3983244, 53.2773133 ], [ -6.3972208, 53.2777384 ], [ -6.3963817, 53.2780478 ], [ -6.3954773, 53.278348200000011 ] ] ] } },
{ "type": "Feature", "properties": { "id": null, "route no": "P43" }, "geometry": { "type": "MultiLineString", "coordinates": [ [ [ -6.4918663, 53.1073456 ], [ -6.4917162, 53.107064 ], [ -6.4917035, 53.107025 ], [ -6.491772, 53.1069753 ], [ -6.4922062, 53.1068185 ], [ -6.4926837, 53.1066929 ], [ -6.4933811, 53.106593 ], [ -6.4934937, 53.106593 ], [ -6.4944271, 53.1067508 ], [ -6.4955485, 53.106869 ], [ -6.4957414, 53.10687 ], [ -6.496085, 53.106819 ], [ -6.4962993, 53.1068136 ], [ -6.4968575, 53.1067112 ], [ -6.4970955, 53.1066268 ], [ -6.4973939, 53.1064696 ], [ -6.497943, 53.1062219 ], [ -6.4982506, 53.1060958 ], [ -6.4987873, 53.1058213 ], [ -6.4988344, 53.1055953 ], [ -6.4989807, 53.1054095 ], [ -6.4991024, 53.1051954 ], [ -6.4991839, 53.1047508 ], [ -6.499413, 53.103653 ], [ -6.499781, 53.102843 ], [ -6.5001529, 53.1024241 ], [ -6.500644, 53.102 ], [ -6.501195, 53.101622 ], [ -6.502895, 53.100825 ], [ -6.5039211, 53.1004859 ], [ -6.5056199, 53.0996741 ], [ -6.5070116, 53.0992404 ], [ -6.5079889, 53.098702 ], [ -6.508691, 53.098212 ], [ -6.510127, 53.096905 ], [ -6.5118326, 53.0961922 ], [ -6.5136123, 53.0958907 ], [ -6.516285, 53.095963 ], [ -6.5193979, 53.0958095 ], [ -6.5206567, 53.0958451 ], [ -6.5224294, 53.0957618 ], [ -6.5229841, 53.0957717 ], [ -6.5239363, 53.0958692 ], [ -6.5249359, 53.0960314 ], [ -6.5249575, 53.1007658 ], [ -6.5250356, 53.1067635 ], [ -6.5268399, 53.1095212 ], [ -6.5277823, 53.1113973 ], [ -6.5282544, 53.1126987 ], [ -6.5285425, 53.113785 ], [ -6.5298866, 53.1147027 ], [ -6.5313069, 53.1150969 ], [ -6.5333228, 53.115438 ], [ -6.5365144, 53.1159828 ], [ -6.5373871, 53.1161751 ], [ -6.5382474, 53.1164922 ], [ -6.5388502, 53.1169087 ], [ -6.53906, 53.1172084 ], [ -6.5391457, 53.1177665 ], [ -6.5390286, 53.1181279 ], [ -6.5385788, 53.1187298 ], [ -6.5357189, 53.1212491 ], [ -6.532617, 53.123957 ], [ -6.531934, 53.1247911 ], [ -6.5315158, 53.1257522 ], [ -6.530842, 53.127613 ], [ -6.530503, 53.128043 ], [ -6.5276069, 53.129633 ], [ -6.5264607, 53.1300586 ], [ -6.5261725, 53.1302222 ], [ -6.5259861, 53.1303698 ], [ -6.5257665, 53.1306671 ], [ -6.5255853, 53.1312504 ], [ -6.5247152, 53.1336033 ], [ -6.523863, 53.1364039 ], [ -6.5238219, 53.1366559 ], [ -6.5238554, 53.1371339 ], [ -6.5243238, 53.1387501 ], [ -6.5245266, 53.1394193 ], [ -6.5245747, 53.1398119 ], [ -6.5260822, 53.1431707 ], [ -6.527764, 53.1454727 ], [ -6.5286422, 53.1468823 ], [ -6.529696, 53.1478404 ], [ -6.53158, 53.1490029 ], [ -6.5339766, 53.149692 ], [ -6.5351554, 53.1497943 ], [ -6.5361678, 53.1491921 ], [ -6.5364782, 53.1488811 ], [ -6.5366444, 53.1487676 ], [ -6.5369074, 53.1486691 ], [ -6.537144, 53.1486329 ], [ -6.5411838, 53.1487078 ], [ -6.5427644, 53.1489009 ], [ -6.5553227, 53.1510751 ], [ -6.5544307, 53.1525586 ], [ -6.5535933, 53.1540454 ], [ -6.5520262, 53.1573913 ], [ -6.5516215, 53.1588954 ], [ -6.55147, 53.1592163 ], [ -6.5513146, 53.1594203 ], [ -6.5510195, 53.1596574 ], [ -6.5506496, 53.1598556 ], [ -6.5501558, 53.1600325 ], [ -6.5495086, 53.1602543 ], [ -6.5492568, 53.1603593 ], [ -6.5482306, 53.1609282 ], [ -6.5472669, 53.161518 ], [ -6.5444232, 53.1632729 ], [ -6.5426085, 53.1645633 ], [ -6.5418396, 53.1650872 ], [ -6.5405957, 53.1658084 ], [ -6.5381454, 53.1671143 ], [ -6.537441, 53.167469899999986 ], [ -6.5362254, 53.1680295 ], [ -6.5356131, 53.1683604 ], [ -6.5352823, 53.1686041 ], [ -6.5350123, 53.1688567 ], [ -6.5341641, 53.1696369 ], [ -6.533212286780764, 53.17033938231377 ], [ -6.529612, 53.1731316 ], [ -6.528236651349976, 53.174588334311395 ], [ -6.5268832, 53.1761566 ], [ -6.526055550887168, 53.177529669978981 ], [ -6.5236793, 53.181448 ], [ -6.520875437287994, 53.184718752649971 ], [ -6.5126745, 53.1910154 ], [ -6.5113331227632, 53.192396669115652 ], [ -6.509492819247702, 53.195255116572326 ], [ -6.5064154, 53.1975809 ], [ -6.5037733, 53.2000483 ], [ -6.495315666239434, 53.205656214763557 ], [ -6.4889161, 53.2089088 ], [ -6.482126824378379, 53.213534463558766 ], [ -6.480593238115468, 53.214146702023449 ], [ -6.476333276274041, 53.215167080021445 ], [ -6.474765610316395, 53.216024178757912 ], [ -6.471562119011644, 53.219064700231677 ], [ -6.469483257633027, 53.2206154871295 ], [ -6.469074301296251, 53.221431668207352 ], [ -6.468051910454308, 53.22292115858091 ], [ -6.466382005412468, 53.224594222978979 ], [ -6.463076275023523, 53.227817748128835 ], [ -6.461270051202757, 53.22944982022485 ], [ -6.459838704024039, 53.230449433663424 ], [ -6.45912303043468, 53.231000231095678 ], [ -6.457384966003376, 53.231836613647005 ], [ -6.45602177821412, 53.233407336720646 ], [ -6.45485454866957, 53.235391057210151 ], [ -6.454420032561743, 53.236390531936628 ], [ -6.454368913019646, 53.236635297700104 ], [ -6.455749140656269, 53.238771839412713 ], [ -6.4557985, 53.2393019 ], [ -6.4556353, 53.2401594 ], [ -6.4557872, 53.2411897 ], [ -6.455677822210816, 53.241935034836771 ], [ -6.455727, 53.2424118 ], [ -6.4559472, 53.2433038 ], [ -6.4562598, 53.244267 ], [ -6.456291005057747, 53.245282742519677 ], [ -6.4563466, 53.246221 ], [ -6.4563222, 53.2469671 ], [ -6.4561029, 53.2476154 ], [ -6.4555642, 53.2485623 ], [ -6.4526524, 53.25192890000001 ], [ -6.4518802, 53.2523689 ], [ -6.4513764, 53.2527261 ], [ -6.4511855, 53.2531097 ], [ -6.4510832, 53.2535048 ], [ -6.4509339, 53.253713 ], [ -6.4506214, 53.2539864 ], [ -6.449562, 53.2550208 ], [ -6.448652, 53.255475899999986 ], [ -6.4485202, 53.2556877 ], [ -6.4481543, 53.2565885 ], [ -6.4481724, 53.2572739 ], [ -6.4479824, 53.257818499999985 ], [ -6.4476726, 53.258168099999985 ], [ -6.4471388, 53.2586174 ], [ -6.4468357, 53.2590478 ], [ -6.4459488, 53.2610276 ], [ -6.4453913, 53.2615095 ], [ -6.4449091, 53.2620993 ], [ -6.4443182, 53.262423 ], [ -6.443503846377646, 53.26302501305689 ], [ -6.4429691, 53.2635007 ], [ -6.4427288, 53.2639834 ], [ -6.4423945, 53.2645458 ], [ -6.4421202, 53.2647916 ], [ -6.4409853, 53.2655589 ], [ -6.4397336, 53.2666775 ], [ -6.438727, 53.26722 ], [ -6.4376726, 53.2678897 ], [ -6.43662, 53.2687137 ], [ -6.4350839, 53.2699768 ], [ -6.4336106, 53.2710063 ], [ -6.4320673, 53.2722374 ], [ -6.4313121, 53.2728712 ], [ -6.431042224234448, 53.2730780074262 ], [ -6.4307127, 53.2732615 ], [ -6.4301292, 53.2734272 ], [ -6.4297282, 53.2735021 ], [ -6.4284119, 53.2736474 ], [ -6.4257918, 53.2739823 ], [ -6.4250189, 53.2741089 ], [ -6.4243158, 53.2742796 ], [ -6.4233823, 53.274629 ], [ -6.4229763, 53.274816199999989 ], [ -6.422247385082443, 53.275254553262606 ], [ -6.421788897178616, 53.275452476290482 ], [ -6.42134, 53.2755625 ], [ -6.4210036, 53.2755726 ], [ -6.417601, 53.275348 ], [ -6.4169369, 53.2752868 ], [ -6.4138447, 53.2748555 ], [ -6.4101321, 53.274563 ], [ -6.4055347, 53.274222 ], [ -6.4048233, 53.2742117 ], [ -6.40346, 53.27432 ], [ -6.402855, 53.27444 ], [ -6.4024184, 53.2746039 ], [ -6.4016673, 53.2749365 ], [ -6.40127, 53.2750963 ], [ -6.4007075, 53.27540960000001 ], [ -6.3999785, 53.2757779 ], [ -6.3997027, 53.2759792 ], [ -6.3994193, 53.2764313 ], [ -6.399285, 53.27671 ], [ -6.3990283, 53.276965 ], [ -6.3987967, 53.2771133 ], [ -6.3983244, 53.2773133 ], [ -6.3972208, 53.2777384 ], [ -6.3963817, 53.2780478 ], [ -6.3954773, 53.278348200000011 ] ] ] } },
{ "type": "Feature", "properties": { "id": null, "route no": "80" }, "geometry": { "type": "MultiLineString", "coordinates": [ [ [ -6.2910682, 53.347586299999982 ], [ -6.2904809, 53.3474581 ], [ -6.2895197, 53.3472391 ], [ -6.2887359, 53.3471447 ], [ -6.2839099, 53.3469895 ], [ -6.2828815, 53.3469042 ], [ -6.2828364, 53.3469154 ], [ -6.282512, 53.3468793 ], [ -6.281881, 53.3467915 ], [ -6.2803228, 53.3466344 ] ] ] } },
{ "type": "Feature", "properties": { "id": null, "route no": "80" }, "geometry": { "type": "MultiLineString", "coordinates": [ [ [ -6.2803228, 53.346634399999985 ], [ -6.2790093, 53.3463833 ], [ -6.2782047, 53.3462246 ], [ -6.2774435, 53.3460737 ], [ -6.2765851, 53.3459106 ], [ -6.2759037, 53.34583090000001 ], [ -6.2758012, 53.3458195 ], [ -6.2756299, 53.34580829999998 ], [ -6.2756646, 53.3457297 ], [ -6.2757492, 53.3455374 ], [ -6.2758419, 53.3453249 ], [ -6.2758661, 53.3452765 ] ] ] } },
{ "type": "Feature", "properties": { "id": null, "route no": "80" }, "geometry": { "type": "MultiLineString", "coordinates": [ [ [ -6.2928272, 53.3479916 ], [ -6.2932329, 53.3480305 ], [ -6.2950049, 53.3481289 ], [ -6.2960402, 53.3481769 ], [ -6.3058314, 53.348352 ], [ -6.3069316, 53.3483243 ], [ -6.3083471, 53.3482391 ], [ -6.308807, 53.3482246 ], [ -6.3091864, 53.3482029 ], [ -6.3103511, 53.3481023 ], [ -6.3112135, 53.348007 ], [ -6.3116052, 53.3479611 ], [ -6.3119666, 53.347908499999988 ], [ -6.3131315, 53.347739 ], [ -6.3151293, 53.3474003 ], [ -6.3182081, 53.3468581 ], [ -6.3196879, 53.3466577 ], [ -6.3207241, 53.3465542 ], [ -6.321847, 53.346477599999986 ], [ -6.3226483, 53.3464438 ], [ -6.3248368, 53.3463899 ], [ -6.3254937, 53.3463514 ], [ -6.3268187, 53.346224 ], [ -6.3296401, 53.3463182 ], [ -6.3343702, 53.346564399999984 ], [ -6.3369407, 53.3467477 ], [ -6.3380549, 53.3468525 ], [ -6.3389477, 53.3469528 ], [ -6.3396931, 53.3471141 ], [ -6.3401782, 53.3472605 ], [ -6.3408718, 53.3475418 ], [ -6.3417487, 53.3479197 ], [ -6.3425097, 53.3482497 ], [ -6.3426207, 53.3482673 ], [ -6.3426739, 53.3482768 ], [ -6.3428668, 53.3482815 ], [ -6.34403, 53.3481703 ], [ -6.3450747, 53.3480356 ], [ -6.3453181, 53.3479861 ], [ -6.3457838, 53.3478503 ], [ -6.3461281, 53.3477773 ] ] ] } },
{ "type": "Feature", "properties": { "id": null, "route no": "80" }, "geometry": { "type": "MultiLineString", "coordinates": [ [ [ -6.3461281, 53.3477773 ], [ -6.3461806, 53.3478235 ], [ -6.3462904, 53.347885 ], [ -6.347042, 53.3485593 ], [ -6.347184, 53.3486907 ], [ -6.3482968, 53.3494284 ], [ -6.3495113, 53.3501121 ], [ -6.3500423, 53.3502991 ], [ -6.3506442, 53.3505111 ], [ -6.3511228, 53.3506653 ], [ -6.3519191, 53.3508739 ], [ -6.3527215, 53.3510483 ], [ -6.3536318, 53.3512201 ], [ -6.3555204, 53.3518582 ], [ -6.3581065, 53.3527408 ], [ -6.3588992, 53.352972699999988 ], [ -6.3598253, 53.353156 ], [ -6.3607388, 53.3532703 ], [ -6.3621475, 53.3532674 ], [ -6.3635737, 53.3533375 ], [ -6.3653561, 53.3535299 ], [ -6.3669992, 53.3538422 ], [ -6.372288, 53.3551152 ], [ -6.3728044, 53.3548114 ], [ -6.3734248, 53.3543653 ], [ -6.3749225, 53.353745699999983 ], [ -6.3771358, 53.3528836 ], [ -6.3776602, 53.35263 ], [ -6.3778599, 53.3524743 ], [ -6.3780764, 53.3522006 ], [ -6.3781563, 53.3519829 ], [ -6.3781553, 53.3517849 ], [ -6.3778137, 53.3503242 ], [ -6.3777048, 53.3498016 ], [ -6.3776767, 53.3495232 ], [ -6.3777502, 53.3491919 ], [ -6.3779449, 53.3487179 ], [ -6.3782394, 53.3482326 ], [ -6.3791352, 53.3473562 ], [ -6.3794576, 53.3469985 ], [ -6.3796716, 53.3465975 ], [ -6.3797605, 53.346274 ], [ -6.3796871, 53.345764899999985 ], [ -6.3795779, 53.3455935 ], [ -6.3799308, 53.3455815 ], [ -6.3804093, 53.3455763 ], [ -6.380713, 53.3456 ], [ -6.3813473, 53.3457466 ], [ -6.3822331, 53.3460522 ], [ -6.3826147, 53.3462268 ], [ -6.3832147, 53.3465561 ], [ -6.3841609, 53.3469867 ], [ -6.3848578, 53.3471774 ], [ -6.3858057, 53.3473163 ], [ -6.3884535, 53.3475445 ], [ -6.3889467, 53.3476025 ], [ -6.3895242, 53.3477055 ], [ -6.3899857, 53.3477406 ], [ -6.390128, 53.3490317 ], [ -6.390247, 53.3491318 ], [ -6.3908653, 53.3493373 ], [ -6.3928977, 53.3505227 ], [ -6.3934313, 53.3507834 ], [ -6.3937064, 53.3510051 ], [ -6.3940651, 53.3511487 ], [ -6.3949912, 53.3514635 ], [ -6.3953894, 53.3516858 ], [ -6.3957894, 53.3520546 ], [ -6.395995, 53.3524514 ], [ -6.3960426, 53.3526944 ], [ -6.3960451, 53.3530706 ], [ -6.3957913, 53.3534889 ], [ -6.394695, 53.3541032 ], [ -6.3940212, 53.354613 ], [ -6.3935856, 53.3548203 ], [ -6.3933462, 53.3549367 ], [ -6.3931125, 53.3548723 ], [ -6.3929984, 53.3548145 ], [ -6.3928573, 53.3547166 ], [ -6.3923055, 53.3543714 ], [ -6.3919133, 53.3541244 ], [ -6.3915702, 53.3539104 ], [ -6.3915387, 53.3538666 ], [ -6.3916377, 53.3537898 ], [ -6.3917031, 53.3537612 ], [ -6.3918403, 53.3537682 ], [ -6.3919553, 53.3538627 ], [ -6.3923738, 53.3541156 ], [ -6.3927543, 53.354345599999988 ], [ -6.3931231, 53.3545685 ], [ -6.3933084, 53.354691699999982 ], [ -6.3935856, 53.3548203 ] ] ] } }
]
}
