{"type": "FeatureCollection", "features": [{"type": "Feature", "geometry": {"type": "LineString", "coordinates": [[-6.29768299820611, 53.3722503308166], [-6.297186099999999, 53.372143900000005], [-6.2967942, 53.37205879999999], [-6.29608999588298, 53.3719101758278], [-6.295666200000001, 53.3718208], [-6.295408064555961, 53.37176519233331], [-6.29465949847502, 53.3716042159041], [-6.2933268, 53.371317700000006], [-6.292864699999999, 53.37122289999999], [-6.292343600000001, 53.3711393], [-6.29148903397887, 53.37100854052921], [-6.2909358, 53.37092410000001], [-6.290255000000001, 53.3708072], [-6.289994100000001, 53.370753799999996], [-6.289713599999999, 53.3706845], [-6.2893541, 53.37056230000001], [-6.2890998147818, 53.37045756199561], [-6.288924300000001, 53.370385600000006], [-6.2885198, 53.370176900000004], [-6.287553564997009, 53.36956408676569], [-6.286856000000001, 53.36912199999999], [-6.286620799999999, 53.36897900000001], [-6.2863619, 53.3688153], [-6.286059700000001, 53.3686134], [-6.2859177, 53.368519500000005], [-6.285180099999999, 53.36794590000001], [-6.284816300000001, 53.36764109999999], [-6.2845593, 53.3674129], [-6.284318299999999, 53.367170099999996], [-6.283757800000001, 53.366579699999996], [-6.282158899999999, 53.36461280000001], [-6.281954698143451, 53.36434067616239], [-6.281774700000001, 53.3641011], [-6.2815913000000005, 53.36385670000001], [-6.2815535, 53.3638089], [-6.279265, 53.3609049], [-6.279065800000001, 53.3606414], [-6.2789041, 53.3604282], [-6.278867559779039, 53.3603799481987], [-6.2787537, 53.360229999999994], [-6.2779926999999995, 53.359224], [-6.2777568, 53.35891090000001], [-6.2775057, 53.3585753], [-6.2774219, 53.35846349999999], [-6.2773893, 53.3584103], [-6.2773648, 53.3583652], [-6.2773288, 53.3583049], [-6.277319500000001, 53.35824010000001], [-6.277306, 53.358168000000006], [-6.2772904, 53.35801670000001], [-6.277310099999999, 53.357549000000006], [-6.2773114, 53.35749520000001], [-6.27731832690568, 53.3571972538642], [-6.277320400000001, 53.3571083], [-6.2773241, 53.3568257], [-6.2773245, 53.35679029999999], [-6.277274800000002, 53.356482], [-6.2771867, 53.356309700000004], [-6.2761463000000015, 53.3550057], [-6.276014300000002, 53.3548503], [-6.2758662, 53.354676399999995], [-6.275718100000001, 53.35450269999999], [-6.275525600000001, 53.35427589999999], [-6.275422800000001, 53.3541449], [-6.275338200000001, 53.3540549], [-6.275235, 53.3539942], [-6.275165300000001, 53.3539697], [-6.275067599999999, 53.35393650000001], [-6.2749844, 53.35391969999999], [-6.2748935, 53.35390339999999], [-6.2747051, 53.35389850000001], [-6.274496700000001, 53.3539337], [-6.2742885, 53.35397710000001], [-6.2742576, 53.3539844], [-6.2737932, 53.3540939], [-6.273358645744889, 53.35420049224579]]}, "properties": {"mode": "luas", "agency": "LUAS", "short": "Green"}}, {"type": "Feature", "geometry": {"type": "LineString", "coordinates": [[-6.273358645744889, 53.35420049224579], [-6.2732995, 53.354214999999996], [-6.273160699999999, 53.35425010000001], [-6.2729675, 53.354297], [-6.272864000000001, 53.354320099999995], [-6.272471300000001, 53.3544159], [-6.2723045, 53.3544514], [-6.272235000000001, 53.3544592], [-6.272082100000002, 53.3544634], [-6.271954199999999, 53.354436400000004], [-6.2718101, 53.3543923], [-6.271679000000001, 53.3543357], [-6.271178700000001, 53.3541171], [-6.270908900000001, 53.3539997], [-6.2706139, 53.35387070000001], [-6.2700013000000006, 53.3536027], [-6.268749800000001, 53.35305580000001], [-6.268484100000002, 53.352939899999996], [-6.268368699999999, 53.3528902], [-6.268085500000001, 53.3527533], [-6.267303999999999, 53.3523235], [-6.266832700000001, 53.35205599999999], [-6.266726600000001, 53.35200089999999], [-6.2663641000000005, 53.3518127], [-6.2659255, 53.3515702], [-6.265563600000001, 53.3513704], [-6.265534141907831, 53.3513533024157], [-6.265219300000001, 53.35117329999999], [-6.265019000000001, 53.3510702], [-6.2649302, 53.3510554], [-6.2648902, 53.351052], [-6.2648349, 53.351053], [-6.264794900000001, 53.3510576], [-6.264751100000001, 53.3510666], [-6.2646936, 53.35108170000001], [-6.264503600000001, 53.3511557], [-6.2641871, 53.35129260000001], [-6.263815899999999, 53.3514707], [-6.263672700000001, 53.3515432], [-6.263477400000001, 53.3516422], [-6.2631974, 53.3517921], [-6.263000400000001, 53.3519107], [-6.262641800000001, 53.3520905], [-6.262523200000001, 53.35214990000001], [-6.261920600000002, 53.35244900000001], [-6.261673200000001, 53.3525728], [-6.261624300000001, 53.35259670000001], [-6.2615384999999995, 53.3526358], [-6.2615055, 53.35264690000001], [-6.2613994, 53.3526827], [-6.261271400000001, 53.35271730000001], [-6.2612408, 53.352732100000004], [-6.2611996, 53.3527517], [-6.2609157, 53.352875], [-6.260907348024065, 53.35287861835699]]}, "properties": {"mode": "luas", "agency": "LUAS", "short": "Green"}}, {"type": "Feature", "geometry": {"type": "LineString", "coordinates": [[-6.260907348024065, 53.35287861835699], [-6.2604649, 53.3530703], [-6.260191000000001, 53.353189], [-6.260124000000001, 53.3532166], [-6.2600708, 53.35323649999999], [-6.259938700000001, 53.353285799999995], [-6.2598383, 53.3533038], [-6.2597496999999995, 53.3533023], [-6.2596735, 53.35328629999999], [-6.2596137, 53.3532591], [-6.2595508, 53.353225300000005], [-6.259513500000001, 53.3531929], [-6.259481900000001, 53.3531503], [-6.2591311, 53.3523809], [-6.2590821, 53.3522739], [-6.2588929, 53.3518614], [-6.258762300000001, 53.3515438], [-6.258656500000001, 53.3512958], [-6.2586356, 53.3512475], [-6.2582994, 53.35046869999999], [-6.258182100000001, 53.35019690000001], [-6.2581589, 53.350143], [-6.2581021, 53.3500114], [-6.258000000000001, 53.34976600000001], [-6.25778017259743, 53.34923758302391], [-6.257757300000001, 53.349183200000006], [-6.257629, 53.3488613], [-6.257614899999999, 53.34880780000001], [-6.2575993, 53.3487542], [-6.257611900000001, 53.3487287], [-6.257631070984852, 53.34869232830679], [-6.257641699999999, 53.34865630000001], [-6.2576417, 53.3486367], [-6.25764180289742, 53.34861117229909], [-6.257632900000001, 53.3485658], [-6.257591400000001, 53.34845380000001], [-6.257537500000001, 53.34830840000001], [-6.2574194, 53.3480899], [-6.2573989, 53.34803250000001], [-6.257387800000001, 53.3479981], [-6.2573793, 53.34796180000001], [-6.2573634, 53.347883], [-6.257353200000001, 53.347838100000004], [-6.2572818, 53.3474214], [-6.2572778, 53.34732360000001], [-6.257274599999999, 53.3470786], [-6.257240299999999, 53.3468978], [-6.2572178, 53.346779000000005], [-6.2571956, 53.3466616], [-6.257042700000001, 53.34600859999999], [-6.257035600000001, 53.3459495], [-6.2570255999999995, 53.34589760000001], [-6.2570228000000006, 53.3458648], [-6.2570469, 53.3457824], [-6.257079500000001, 53.34574340000001], [-6.257120800000001, 53.345704], [-6.2572288, 53.3456269], [-6.257357200000001, 53.3455926], [-6.257496700000001, 53.345555299999994], [-6.257702899999999, 53.3455155], [-6.2578632, 53.3454632], [-6.2581076, 53.3453834], [-6.2582748, 53.3453267], [-6.258292535545869, 53.3453206322226], [-6.2584177, 53.3452782], [-6.258613200000001, 53.345204], [-6.2587761, 53.3451156], [-6.2589273, 53.3450262], [-6.2589621, 53.34500210000001], [-6.259002200000001, 53.344974400000005], [-6.259054999999999, 53.34493690000001], [-6.2590963, 53.3449041], [-6.259121999999999, 53.3448748], [-6.259335200000001, 53.344613200000005], [-6.259366100000001, 53.34456329999999], [-6.2593823, 53.344513], [-6.259385099999999, 53.34447500000001], [-6.259388300000001, 53.3444218], [-6.2593762, 53.34437350000001], [-6.259356800000001, 53.3443141], [-6.259335300000001, 53.34426609999999], [-6.2591948, 53.34403710000001], [-6.259172799999999, 53.3439755], [-6.259167699999999, 53.3439418], [-6.2591696, 53.3438815], [-6.259184500000001, 53.3437598], [-6.2592209, 53.3436049], [-6.2592345, 53.34342569999999], [-6.259244500000001, 53.34335], [-6.2592419, 53.34330700000001], [-6.2592269, 53.34328], [-6.2592027, 53.343261000000005], [-6.259153500000001, 53.34323890000001], [-6.2590356, 53.3432091], [-6.2580276, 53.342992], [-6.2579548, 53.34297709999999], [-6.257890599999998, 53.34295650000001], [-6.2578509, 53.34294020000001], [-6.2578287, 53.34292270000001], [-6.2577797, 53.342883199999996], [-6.2577596, 53.3428511], [-6.2577448, 53.3428166], [-6.257746499999999, 53.34277790000001], [-6.2577542, 53.3427454], [-6.257919412190579, 53.342168871508704], [-6.257946499999999, 53.3420744], [-6.2580416, 53.34174229999999], [-6.2581734, 53.34127920000001], [-6.258205600000001, 53.3411745], [-6.258419100000001, 53.3404797], [-6.258493199999999, 53.3402385], [-6.2585097, 53.3401852], [-6.2585919, 53.339890800000006], [-6.2586791, 53.3395785], [-6.258693300000001, 53.3395558], [-6.258707800000002, 53.33953269999999], [-6.2587612, 53.3394983], [-6.258831100000001, 53.339474599999996], [-6.2589052, 53.33945729999999], [-6.258983299999999, 53.3394491], [-6.2590906, 53.33945570000001], [-6.2592362, 53.3394785], [-6.2594448, 53.339534], [-6.259611400000001, 53.3395798], [-6.2601961, 53.33974070000001], [-6.260315200000001, 53.3397721], [-6.260400700000001, 53.3397926], [-6.260468, 53.33980360000001], [-6.2605389, 53.3398101], [-6.2605908, 53.33980619999999], [-6.260673500000001, 53.339788399999996], [-6.2607126, 53.3397686], [-6.2607571, 53.3397401], [-6.2608049, 53.33969590000001], [-6.2608422, 53.3396489], [-6.2611276, 53.339291], [-6.26123116211826, 53.3391611521893], [-6.2613147, 53.3390566], [-6.261520199999999, 53.338797199999995], [-6.261700600000001, 53.338569199999995], [-6.261756499999999, 53.33849870000001], [-6.2622377, 53.337889100000005], [-6.262315999999999, 53.3377942], [-6.262344500000001, 53.33776350000001], [-6.2623654, 53.3377424], [-6.2623942999999995, 53.33771740000001], [-6.262420900000001, 53.33769490000001], [-6.262497000000001, 53.33764], [-6.2625535999999995, 53.3375975], [-6.262575100000001, 53.337578699999995], [-6.262621, 53.33753500000001], [-6.2626544, 53.33750390000001], [-6.262683700000001, 53.3374717], [-6.262783400000001, 53.33733959999999], [-6.2628553, 53.33722240000001], [-6.2629086, 53.337119], [-6.263062099999999, 53.33679570000001], [-6.2631295, 53.336634499999995], [-6.263187900000001, 53.3364315], [-6.2632289000000005, 53.3362451], [-6.263261400000001, 53.33603209999999], [-6.263275000000001, 53.335908399999994], [-6.263280999999999, 53.3357366], [-6.263272, 53.335614], [-6.2632451, 53.3354047], [-6.263206900000001, 53.3351715], [-6.263167600000002, 53.334903499999996], [-6.263149900000001, 53.33481], [-6.2631366, 53.3347216], [-6.263111300000001, 53.3346268], [-6.263078499999999, 53.33451970000001], [-6.2630300000000005, 53.3343862], [-6.262896200000001, 53.334087999999994], [-6.2628072, 53.33386230000001], [-6.262724742154891, 53.3336463449786], [-6.2627173323886804, 53.3336273779898], [-6.262706999999999, 53.3336003], [-6.2626171, 53.3333651], [-6.262531900000001, 53.333133499999995], [-6.262471999999999, 53.33299860000001], [-6.2624459, 53.3329569], [-6.2624117, 53.33292490000001], [-6.2623378999999995, 53.3328792], [-6.2622824, 53.3328525], [-6.262242400000001, 53.3328384], [-6.2621878, 53.3328228], [-6.2621287, 53.332813599999994], [-6.2620841, 53.3328093], [-6.261983500000001, 53.33280899999999], [-6.2618077, 53.3328119], [-6.2614124, 53.33282059999999], [-6.260910000000001, 53.33283089999999], [-6.2608349, 53.33283010000001], [-6.2607608, 53.3328231], [-6.260676900000001, 53.332805199999996], [-6.2606185, 53.3327873], [-6.260571100000001, 53.3327669], [-6.260520100000001, 53.3327325], [-6.2604904999999995, 53.33271030000001], [-6.260465100000001, 53.332680199999984], [-6.2604486, 53.33266040000001], [-6.260434100000001, 53.33261369999999], [-6.260402899999999, 53.332500700000004], [-6.2603665, 53.3323664], [-6.260334800000001, 53.33225480000001], [-6.2603205, 53.332219499999994], [-6.260296300000002, 53.33217669999999], [-6.260262099999999, 53.3321326], [-6.260178300000001, 53.332051400000005], [-6.260119200000001, 53.33199749999999], [-6.2600616, 53.331958], [-6.260001, 53.3319237], [-6.2599385, 53.3318941], [-6.2598519, 53.33186229999999], [-6.2596741, 53.3318115], [-6.2595234, 53.33177139999999], [-6.2594101, 53.331736899999996], [-6.259334000000001, 53.331706399999995], [-6.2592768, 53.3316787], [-6.2592161, 53.3316404], [-6.2591609, 53.33159950000001], [-6.259108500000001, 53.3315475], [-6.259063900000001, 53.3314855], [-6.259023, 53.33139969999999], [-6.2588939, 53.3310538], [-6.2588517, 53.3309679], [-6.2588006, 53.330874099999996], [-6.25877177153064, 53.3308263781375], [-6.258749, 53.330789], [-6.258703800000001, 53.33071979999999], [-6.2586196, 53.3306023], [-6.258576500000001, 53.3305469], [-6.2584985, 53.33045659999999], [-6.2584029, 53.33035949999999], [-6.2583465, 53.33030339999999], [-6.258230599999999, 53.33019190000001], [-6.258101300000001, 53.330065899999994], [-6.257934700000002, 53.329900900000005], [-6.257861000000001, 53.3298224], [-6.257835099999999, 53.3297922], [-6.2577436, 53.32969090000001], [-6.257637700000001, 53.3295663], [-6.257519000000001, 53.329421100000005], [-6.257472000000001, 53.3293644], [-6.257391900000002, 53.32926], [-6.257348400000001, 53.3292004], [-6.257303, 53.329138400000005], [-6.257246599999999, 53.329058100000005], [-6.2571804, 53.32895950000001], [-6.257131899999999, 53.328881], [-6.2570439, 53.3287334], [-6.256999300000001, 53.328656], [-6.2569286, 53.3285279], [-6.2569043, 53.3284807], [-6.256865900000001, 53.32840920000001], [-6.2568344, 53.3283449], [-6.2568101, 53.32829480000001], [-6.256784900000001, 53.328239800000006], [-6.2567484, 53.32815949999999], [-6.2567266, 53.3281105], [-6.2566992, 53.3280479], [-6.2566572, 53.3279465], [-6.256639800000001, 53.3279008], [-6.256624799999999, 53.32786020000001], [-6.2566011, 53.3277957], [-6.256569399999999, 53.3277055], [-6.256533700000001, 53.32760170000001], [-6.256511800000001, 53.32752849999999], [-6.256490200000001, 53.327459399999995], [-6.256465499999999, 53.3273709], [-6.256433800000001, 53.327264], [-6.256396200000001, 53.327132299999995], [-6.256351799999999, 53.32697410000001], [-6.2562742, 53.32668269999999], [-6.256152000000001, 53.326274], [-6.256129199999999, 53.3261976], [-6.25611355558088, 53.326140842490894], [-6.2560933, 53.32606849999999], [-6.255777999999999, 53.32494690000001], [-6.2557368, 53.3247974], [-6.255652, 53.32451330000001], [-6.255592400000001, 53.3243041], [-6.255176199999999, 53.32282120000001], [-6.2549411, 53.3219722], [-6.254712100000001, 53.32114850000001], [-6.2547042, 53.321120199999996], [-6.254690400000002, 53.3210663], [-6.2546528530937, 53.320928689899596], [-6.254629700000001, 53.3208449], [-6.2545603000000005, 53.3206055], [-6.254467600000001, 53.3202861], [-6.254009500000001, 53.318609900000006], [-6.2539424, 53.3183655], [-6.253893800000001, 53.3181913], [-6.2536071, 53.3171502], [-6.2534857, 53.3167015], [-6.2534261, 53.3164812], [-6.25340222836552, 53.3163958931172], [-6.253358400000001, 53.316239899999985], [-6.253077700000001, 53.3152398], [-6.252976100000001, 53.314866300000006], [-6.2527324, 53.31402349999999], [-6.252523199999998, 53.31324870000001], [-6.252261800000001, 53.3123054], [-6.2522268, 53.31217910000001], [-6.252087100000001, 53.31167920000001], [-6.251959900000002, 53.31121269999999], [-6.251876800000002, 53.3108938], [-6.2518129, 53.3105862], [-6.251797599999999, 53.310511600000005], [-6.251784200000001, 53.310424299999994], [-6.251774799999999, 53.310362600000005], [-6.251743500000001, 53.3101492], [-6.2517091, 53.30991469999999], [-6.2516759, 53.30969], [-6.251673390219731, 53.3096723883979], [-6.251593799999999, 53.309135000000005], [-6.2515495, 53.30872229999999], [-6.251477100000001, 53.30802599999999], [-6.2514221, 53.307606899999996], [-6.2513777, 53.307293599999994], [-6.2513265, 53.30689], [-6.251284900000002, 53.30656239999999], [-6.2512009, 53.305845600000005], [-6.251008699999999, 53.304226], [-6.250796700000001, 53.3024306], [-6.2507225, 53.301783500000006], [-6.250718696944029, 53.30174701804021], [-6.2507018, 53.301591], [-6.250650899999999, 53.30120560000001], [-6.2506103, 53.300901], [-6.2505849, 53.3006455], [-6.250562899999999, 53.30045239999999], [-6.250489599999999, 53.29995], [-6.2503527000000005, 53.2993098], [-6.250109700000001, 53.29851109999999], [-6.249998800000001, 53.29820529999999], [-6.249861000000001, 53.29788109999999], [-6.2495644, 53.297266699999994], [-6.249281300000001, 53.2967631], [-6.2488505, 53.29610290000001], [-6.2482784, 53.2953292], [-6.248036700000001, 53.295011], [-6.2478074, 53.29471039999999], [-6.247415500000001, 53.2942905], [-6.247025600000001, 53.2939409], [-6.246575700000001, 53.2935672], [-6.245333600000001, 53.292560400000006], [-6.24515037246801, 53.292411696673305], [-6.2451244, 53.2923909], [-6.244860499999999, 53.292191300000006], [-6.244455900000001, 53.2918852], [-6.243812600000001, 53.2914161], [-6.243242300000001, 53.29100139999999], [-6.242860000000001, 53.290707399999995], [-6.241575600000001, 53.2897198], [-6.241021699999999, 53.28930210000001], [-6.240015900000001, 53.2885485], [-6.239533100000001, 53.2881797], [-6.2389551, 53.28774440000001], [-6.2386064, 53.2874702], [-6.238344500000001, 53.28726569999999], [-6.2376314, 53.28672610000001], [-6.2368308, 53.28616490000001], [-6.2366891207483395, 53.286069104047606], [-6.236537600000001, 53.28596000000001], [-6.236462500000001, 53.28591109999999], [-6.236280799999999, 53.2857955], [-6.2360716, 53.2856824], [-6.235825000000001, 53.2855662], [-6.2357562, 53.28553530000001], [-6.235381200000001, 53.28536710000001], [-6.234835400000001, 53.28511700000001], [-6.234414799999999, 53.2849446], [-6.2339585, 53.28477540000001], [-6.2335164, 53.2846308], [-6.2330434, 53.28448939999999], [-6.232308, 53.284285499999996], [-6.231833100000001, 53.284162599999995], [-6.231174900000001, 53.28400749999999], [-6.2298199, 53.28371479999999], [-6.229168100000001, 53.2835996], [-6.2281515999999995, 53.28344510000001], [-6.2277236, 53.28338750000001], [-6.226902899999999, 53.28327920000001], [-6.226652, 53.283250499999994], [-6.226348000000001, 53.2832134], [-6.2259262, 53.283167999999996], [-6.225351100000001, 53.2831156], [-6.225052100000001, 53.283092999999994], [-6.224759799999999, 53.283071], [-6.224285999999999, 53.2830381], [-6.224193699999999, 53.2830317], [-6.22411928008834, 53.2830265807158], [-6.2236537, 53.282994900000006], [-6.223484699999999, 53.282982800000006], [-6.2229587, 53.2829393], [-6.2225348, 53.2828937], [-6.221949000000001, 53.282819800000006], [-6.221095700000001, 53.2826903], [-6.220445500000001, 53.282566400000015], [-6.2198658, 53.2824488], [-6.219499000000001, 53.2823661], [-6.2192272000000015, 53.2822997], [-6.218676, 53.2821584], [-6.218332000000001, 53.282063799999996], [-6.2179282, 53.281943999999996], [-6.217067100000002, 53.28166850000001], [-6.216172600000001, 53.28137250000001], [-6.215170200000001, 53.2810451], [-6.214256899999999, 53.280748], [-6.2128742, 53.280289100000005], [-6.2116755999999995, 53.2798834], [-6.211093000000001, 53.279692999999995], [-6.2109757, 53.27965820000001], [-6.210863800000001, 53.279625499999995], [-6.210747300000001, 53.2795875], [-6.210620600000001, 53.279547], [-6.21035294264808, 53.2794614214137], [-6.2101537, 53.27939779999999], [-6.2097277, 53.2792638], [-6.209571500000001, 53.2792155], [-6.208674200000001, 53.2789378], [-6.208071899999999, 53.2787493], [-6.207528800000001, 53.2785644], [-6.205884, 53.2780259], [-6.2057012, 53.2779476], [-6.2052043, 53.277795700000006], [-6.205087600000001, 53.2777555], [-6.2049041, 53.2776924], [-6.204638665585141, 53.277604734054904], [-6.2043538, 53.2775108], [-6.204275582399243, 53.27748388097161]]}, "properties": {"mode": "luas", "agency": "LUAS", "short": "Green"}}, {"type": "Feature", "geometry": {"type": "LineString", "coordinates": [[-6.204275582399243, 53.27748388097161], [-6.204246000000001, 53.2774737], [-6.204077900000001, 53.2774013], [-6.2039732, 53.2773466], [-6.203770400000001, 53.2772779], [-6.203647800000001, 53.277221100000006], [-6.203580400000001, 53.2771782], [-6.203523, 53.2771293], [-6.203477699999999, 53.27707949999999], [-6.2034393, 53.277017], [-6.203421700000001, 53.2769733], [-6.2034117, 53.2769265], [-6.2034051, 53.276856499999994], [-6.2033919, 53.2765981], [-6.203384300000001, 53.2764794], [-6.203379300000001, 53.2764321], [-6.2033621000000005, 53.276268599999995], [-6.2033125, 53.2759614], [-6.2032796999999995, 53.275679499999995], [-6.203276099999999, 53.27552510000001], [-6.2032906, 53.275352100000006], [-6.203296899999999, 53.27532140000001], [-6.2033325, 53.2751475], [-6.2033670999999995, 53.2750377], [-6.2034435, 53.2748495], [-6.203503499999999, 53.274736399999995], [-6.203632699999999, 53.27453070000001], [-6.203831400000001, 53.27426950000001], [-6.203883900000001, 53.27420310000001], [-6.203917500000001, 53.274152400000006], [-6.203934300000001, 53.274125700000006], [-6.203956300000001, 53.2740699], [-6.203969700000001, 53.2740159], [-6.203972300000001, 53.2739573], [-6.203969400000001, 53.273921599999994], [-6.203965000000001, 53.27389779999999], [-6.2039402, 53.273849799999994], [-6.203881100000001, 53.273765000000004], [-6.2038512, 53.2737336], [-6.2038082, 53.2736943], [-6.2037132, 53.2736341], [-6.203638100000001, 53.27359920000001], [-6.2035475, 53.2735669], [-6.2034211, 53.2735335], [-6.2032824, 53.2734988], [-6.2025958999999995, 53.2733346], [-6.2016186, 53.273103], [-6.201202800000001, 53.2730074], [-6.2010901, 53.272976500000006], [-6.200969399999999, 53.27293000000001], [-6.200861500000001, 53.272871900000005], [-6.200807200000001, 53.272833], [-6.2007381, 53.2727716], [-6.200688500000001, 53.27270579999999], [-6.200665000000001, 53.2726573], [-6.200646899999999, 53.272607199999996], [-6.200639699999998, 53.2725688], [-6.200637499999999, 53.2725238], [-6.2006408, 53.27249380000001], [-6.2006491, 53.272451200000006], [-6.200660100000002, 53.272422799999994], [-6.2006789, 53.2723858], [-6.200707100000001, 53.27234060000001], [-6.2007617, 53.27227549999999], [-6.2008374, 53.27219850000001], [-6.2009252, 53.2721157], [-6.2010537, 53.27198979999999], [-6.2012347000000005, 53.2718174], [-6.2013557, 53.271711800000006], [-6.201522400000001, 53.27159389999999], [-6.2016957, 53.27147140000001], [-6.201925900000001, 53.27132410000001], [-6.202473899999999, 53.27096939999999], [-6.203294499999999, 53.2704377], [-6.2034387, 53.2703435], [-6.203801464696511, 53.2701142601634], [-6.203825000000001, 53.2700995], [-6.2041121, 53.2699043], [-6.204386100000001, 53.269716900000006], [-6.204644, 53.26949460000001], [-6.2047533, 53.26937950000001], [-6.204858300000001, 53.2692558], [-6.204992800000001, 53.2690963], [-6.205056500000001, 53.2690213], [-6.205125, 53.2689525], [-6.205251800000001, 53.2688391], [-6.2053305, 53.2687729], [-6.2054485, 53.2686828], [-6.2055578, 53.2686073], [-6.2057007, 53.268525399999994], [-6.205817900000001, 53.26846630000001], [-6.2059555, 53.268398299999994], [-6.2060943, 53.26833900000001], [-6.2062399, 53.26828130000001], [-6.2063491, 53.2682454], [-6.206481900000001, 53.2682046], [-6.2066011, 53.268172500000006], [-6.20675, 53.2681366], [-6.206929500000001, 53.2681017], [-6.2071427, 53.26806299999999], [-6.207307, 53.268029], [-6.2075752, 53.2679708], [-6.2077234, 53.267936999999996], [-6.2079116, 53.2678882], [-6.208137500000001, 53.267816700000004], [-6.2084377, 53.267699], [-6.208595099999999, 53.26762930000001], [-6.2087642, 53.2675343], [-6.2088618, 53.267475], [-6.2089828, 53.26738439999999], [-6.209115400000001, 53.2672754], [-6.209246599999999, 53.26714900000001], [-6.2094259, 53.266950300000005], [-6.209647400000001, 53.26668349999999], [-6.209720100000001, 53.266597899999994], [-6.20998615045004, 53.266286660463685], [-6.210174900000002, 53.266055699999995], [-6.2104298, 53.26574860000001], [-6.210533100000002, 53.2656098], [-6.210613600000002, 53.265487099999994], [-6.2106632, 53.2653868], [-6.210699399999999, 53.2652841], [-6.2107329, 53.26512770000001], [-6.2107732, 53.2648694], [-6.2107893, 53.26476029999999], [-6.2108174, 53.2645582], [-6.2108442, 53.26437690000001], [-6.2108777, 53.2641331], [-6.210899199999999, 53.26390440000001], [-6.2108952, 53.2637585], [-6.210869700000001, 53.2636093], [-6.210836200000001, 53.263501], [-6.210787900000001, 53.2633871], [-6.2107235, 53.2632707], [-6.2106297, 53.263132799999994], [-6.210499600000001, 53.2629892], [-6.2103574, 53.2628575], [-6.2101643000000015, 53.26271800000001], [-6.2100235, 53.262631], [-6.209847800000001, 53.2625392], [-6.2096444, 53.262449999999994], [-6.209355000000001, 53.26234499999999], [-6.208951899999999, 53.2622003], [-6.208310200000001, 53.26197650000002], [-6.207309600000001, 53.261624999999995], [-6.206993, 53.261516199999996], [-6.2067046999999995, 53.26141710000001], [-6.2064198, 53.26131710000001], [-6.206376200000001, 53.261301800000005], [-6.205939600000001, 53.26114399999999], [-6.20587675995805, 53.2611212221176], [-6.205504800000001, 53.2609871], [-6.205375599999999, 53.2609416], [-6.2050499, 53.2608132], [-6.204629699999999, 53.2606238], [-6.204016500000001, 53.260339699999996], [-6.203694500000001, 53.26019610000001], [-6.2034598, 53.26010250000001], [-6.2031487, 53.25998699999999], [-6.202841300000002, 53.2598782], [-6.2023482, 53.259718299999996], [-6.201951599999999, 53.259587700000004], [-6.2015331, 53.2594375], [-6.200741700000001, 53.2591263], [-6.200336, 53.2589674], [-6.1997992, 53.25875299999999], [-6.199277099999999, 53.2585549], [-6.1992222, 53.25853579999999], [-6.1990618, 53.25848], [-6.1988541, 53.258416100000005], [-6.198381667001771, 53.25827075711929], [-6.1979442, 53.2581445], [-6.197254, 53.257945299999996], [-6.196893799999999, 53.2578474], [-6.196393500000001, 53.2577147], [-6.1959285, 53.25759860000001], [-6.195462000000001, 53.25749230000001], [-6.1949507, 53.2573827], [-6.1943049, 53.257241199999996], [-6.193246000000001, 53.25701050000001], [-6.1921853, 53.2567787], [-6.191291999999999, 53.25658709999999], [-6.1901913, 53.25634550000001], [-6.1898948, 53.2562835], [-6.189560000000001, 53.25621160000001], [-6.1887249, 53.2560277], [-6.1878541, 53.25583520000001], [-6.187025700000001, 53.255649999999996], [-6.1862339, 53.2554596], [-6.185880699999999, 53.255374999999994], [-6.1853281, 53.25524780000001], [-6.185169899999998, 53.2552114], [-6.1850028, 53.25517070000001], [-6.184441903056691, 53.255033916848106], [-6.184424, 53.2550296], [-6.1840839999999995, 53.2549513], [-6.1839563, 53.2549219], [-6.1837272, 53.25486849999999], [-6.1834852, 53.2548174], [-6.1833231, 53.2547908], [-6.183197699999999, 53.2547732], [-6.1830997, 53.254764099999996], [-6.182964400000001, 53.25475209999999], [-6.1828524, 53.2547449], [-6.1827006, 53.254739099999995], [-6.1825696, 53.2547367], [-6.1823458, 53.254739099999995], [-6.182121100000001, 53.25475099999999], [-6.1819043, 53.25477130000001], [-6.181688099999998, 53.254798900000004], [-6.181496200000001, 53.2548327], [-6.1813738, 53.2548562], [-6.1812797, 53.2548778], [-6.1811413, 53.2549127], [-6.181009899999999, 53.254949800000006], [-6.1808493, 53.25500250000001], [-6.180717899999999, 53.2550499], [-6.180624700000001, 53.2550857], [-6.1803336, 53.2552087], [-6.180036899999999, 53.2553442], [-6.179828700000002, 53.2554395], [-6.1796312, 53.255525500000005], [-6.179452300000001, 53.25559700000001], [-6.179295700000001, 53.25565389999999], [-6.1791501, 53.25570069999999], [-6.179060500000001, 53.2557264], [-6.1789721, 53.2557503], [-6.1789018, 53.2557676], [-6.1787127, 53.2558099], [-6.1785298, 53.2558432], [-6.17841, 53.2558613], [-6.1782981, 53.25587660000001], [-6.1781746, 53.2558889], [-6.178098899999999, 53.255895599999995], [-6.1779947, 53.255903100000005], [-6.1777989, 53.2559101], [-6.177586599999999, 53.25591180000001], [-6.1772758, 53.25589930000001], [-6.1769779, 53.25586830000001], [-6.1767141, 53.2558285], [-6.1764726, 53.25577890000001], [-6.176238999999999, 53.25571910000001], [-6.176022499999999, 53.255655], [-6.175727700000001, 53.2555559], [-6.175648000000001, 53.255528], [-6.1752005, 53.2553711], [-6.174764399999999, 53.25522800000001], [-6.1743534, 53.2550933], [-6.174207700000001, 53.25504779999999], [-6.173940400000001, 53.25496820000001], [-6.1735197, 53.25485089999999], [-6.173082100000001, 53.2547347], [-6.1727697, 53.254660599999994], [-6.1726368, 53.254630399999996], [-6.1723633, 53.25457000000001], [-6.1721202, 53.25451259999999], [-6.1717414, 53.2544247], [-6.171579189202152, 53.2543919058299], [-6.1711317, 53.2543018], [-6.170778300000001, 53.2542284], [-6.1704565, 53.2541538], [-6.1703707, 53.25413390000001], [-6.1699586, 53.25403550000001], [-6.169506100000002, 53.2539337], [-6.169429699999999, 53.2539165], [-6.169033300000001, 53.253825199999994], [-6.168876400000001, 53.2537891], [-6.1678974, 53.2535677], [-6.167070800000001, 53.2533681], [-6.166599800000001, 53.2532544], [-6.1662101, 53.253162100000004], [-6.1659662, 53.2531103], [-6.165616600000001, 53.25304020000001], [-6.1653452, 53.2529901], [-6.164945300000001, 53.25292269999999], [-6.1642440999999994, 53.2528145], [-6.163870900000001, 53.25276770000001], [-6.1634961, 53.252728899999994], [-6.1633444000000015, 53.2527131], [-6.1630667, 53.2526915], [-6.162700900000002, 53.252667599999995], [-6.1620964, 53.25265110000001], [-6.1616495, 53.2526382], [-6.1611557, 53.2526244], [-6.160739800000001, 53.252614], [-6.160343400000002, 53.25260110000001], [-6.160163500000001, 53.2525917], [-6.159940599999999, 53.2525754], [-6.159740300000001, 53.25255020000001], [-6.159510299999999, 53.25250840000001], [-6.159235400000001, 53.2524426], [-6.1590084, 53.252374700000004], [-6.158818800000001, 53.2523064], [-6.1584932000000006, 53.2521605], [-6.158280599999999, 53.25204790000001], [-6.157705400000001, 53.251718499999996], [-6.1574896, 53.25160290000001], [-6.1573278, 53.251524100000005], [-6.156935200000001, 53.2513531], [-6.1565861, 53.2512201], [-6.1561727, 53.25106319999999], [-6.1557852, 53.2509125], [-6.155417000000002, 53.250771], [-6.1549992, 53.2506093], [-6.15498161240704, 53.2506025048287], [-6.1545647, 53.2504426], [-6.154075800000001, 53.2502554], [-6.153931700000001, 53.2502025], [-6.153638100000001, 53.2500911], [-6.153147800000002, 53.249900800000006], [-6.1525683, 53.2496814], [-6.151957000000001, 53.249445], [-6.151270700000001, 53.24918379999999], [-6.151142, 53.24913430000001], [-6.1507088, 53.248964099999995], [-6.150079400000001, 53.24872280000001], [-6.1496717, 53.2485671], [-6.149390100000001, 53.2484564], [-6.149180900000001, 53.2483633], [-6.148985100000001, 53.2482606], [-6.148798300000001, 53.248139300000005], [-6.148684499999999, 53.2480514], [-6.1486069, 53.247983000000005], [-6.1485256, 53.24790890000001], [-6.1484100999999995, 53.24778030000001], [-6.1483517999999995, 53.24770180000001], [-6.148302400000001, 53.2476311], [-6.1482379, 53.2475054], [-6.148169000000001, 53.24734219999999], [-6.148107999999999, 53.247180500000006], [-6.148031099999999, 53.246977300000005], [-6.147990700000001, 53.2468796], [-6.147945699999999, 53.24680159999999], [-6.1479080999999995, 53.2467405], [-6.1478543, 53.2466617], [-6.147749900000001, 53.2465357], [-6.147685000000001, 53.2464706], [-6.1476152, 53.24640420000001], [-6.1475605, 53.2463576], [-6.147493100000001, 53.24630380000001], [-6.147446600000002, 53.24626799999999], [-6.147334200000002, 53.246191799999984], [-6.1472608, 53.246145600000006], [-6.147099, 53.24605110000001], [-6.1468375, 53.2459039], [-6.146401, 53.2456637], [-6.146295000000001, 53.2456054], [-6.146229000000001, 53.24556150000001], [-6.1462043, 53.2455475], [-6.145872724950351, 53.245356321955306], [-6.145503500000001, 53.2451438], [-6.1452836, 53.2450122], [-6.145007400000001, 53.244826], [-6.144816900000001, 53.24468960000001], [-6.1446398, 53.244553100000005], [-6.1445139, 53.24444880000001], [-6.144350200000002, 53.244305999999995], [-6.144221100000001, 53.2441928], [-6.1441276, 53.24410360000001], [-6.1440433, 53.2440158], [-6.1438755, 53.24383420000001], [-6.1438002, 53.243748499999995], [-6.143695300000001, 53.24361629999999], [-6.1436151, 53.2435085], [-6.143518799999998, 53.2433704], [-6.143447300000001, 53.24326190000001], [-6.143355999999999, 53.24311269999999], [-6.1432733, 53.24295980000001], [-6.1432049, 53.2428181], [-6.143143500000002, 53.2426869], [-6.1431003, 53.24259490000001], [-6.143055800000001, 53.24249969999999], [-6.143018200000001, 53.24242490000001], [-6.142909900000001, 53.24218710000001], [-6.142852500000002, 53.2420601], [-6.1427649991135, 53.2418738858819]]}, "properties": {"mode": "luas", "agency": "LUAS", "short": "Green"}}, {"type": "Feature", "geometry": {"type": "LineString", "coordinates": [[-6.22918486349515, 53.3483017995902], [-6.229262100000001, 53.3483063], [-6.229669900000001, 53.3483329], [-6.229777900000001, 53.3483399], [-6.2298365, 53.34834339999999], [-6.230293, 53.348371099999994], [-6.230639700000001, 53.34839579999999], [-6.2307078, 53.34839830000001], [-6.230914038645971, 53.3484128800526], [-6.2310337, 53.34842020000001], [-6.231204800000001, 53.3484313], [-6.231419200000001, 53.348446], [-6.2315031845420705, 53.3484517980564], [-6.2318169, 53.34847090000001], [-6.232014699999999, 53.3484831], [-6.232504016203479, 53.34851528228061], [-6.233353700000001, 53.3485697], [-6.2334064667683196, 53.3485731657795], [-6.234650036396699, 53.34865490037631], [-6.2351458, 53.34868540000001], [-6.2352859, 53.3486944], [-6.235315718171741, 53.3486966105869], [-6.235423400000001, 53.348702], [-6.2360036419119504, 53.3487358969381], [-6.2363878, 53.3487555], [-6.236520200000001, 53.3487623], [-6.236704261638962, 53.348773307726994], [-6.23712386897247, 53.348798334358904], [-6.237159299999999, 53.3488005], [-6.237517200000001, 53.3488193], [-6.23758092876303, 53.3488227505983], [-6.2377754, 53.34883030000001], [-6.237908967359931, 53.348836138966796], [-6.238467538029591, 53.3488663480253], [-6.238652999999999, 53.34888060000001], [-6.238740900000001, 53.3488885], [-6.238830050801721, 53.3488960141063], [-6.239007700000001, 53.348907700000005], [-6.23939826749709, 53.348939340147496], [-6.2394789, 53.348944599999996], [-6.2399314, 53.34898260000001], [-6.2399981, 53.3489882], [-6.240169923303311, 53.349003702756505], [-6.240640700000001, 53.3490421], [-6.2408293, 53.34905440000001], [-6.2409688999999995, 53.3490631], [-6.24103260446041, 53.3490676224694], [-6.241095200000001, 53.3490716], [-6.2413692, 53.349090100000005], [-6.2417657, 53.34911400000001], [-6.2419541, 53.3491259], [-6.242050629057501, 53.3491325565374], [-6.242987799999999, 53.3492061], [-6.243034300000001, 53.349209], [-6.24330238030496, 53.3492253172738], [-6.2433914, 53.349230799999994], [-6.2437607, 53.3492534], [-6.24379203211191, 53.349255376042194], [-6.244438818829629, 53.349283216017696], [-6.2448506, 53.349311700000015], [-6.244887200000001, 53.3493141], [-6.245032391932159, 53.349324657256105], [-6.245269700000001, 53.34933910000001], [-6.245652499999999, 53.349364400000006], [-6.245728799999999, 53.3493716], [-6.245829, 53.3493837], [-6.245873100000001, 53.349388], [-6.245921122543491, 53.3493946210912], [-6.2459513, 53.349396500000005], [-6.246005500000001, 53.349401199999996], [-6.2463114, 53.3494215], [-6.24641014920688, 53.3494303373692], [-6.2465534, 53.3494397], [-6.2467075, 53.34944980000001], [-6.2470738, 53.34947369999999], [-6.2471453000000015, 53.3494782], [-6.247588400000001, 53.3495095], [-6.247643645853, 53.3495126561805], [-6.247678785112159, 53.34951474287491], [-6.2479577, 53.349532399999994], [-6.248039400000001, 53.3495378], [-6.24813548492588, 53.3495440534981], [-6.248204600000001, 53.34954870000001], [-6.248419300000001, 53.349562899999995], [-6.2486974, 53.3495774], [-6.24875766978926, 53.34958121916011], [-6.249018000000001, 53.34959779999999], [-6.249116068261919, 53.349605578504004], [-6.249176100000001, 53.3496093], [-6.2492534, 53.3496159], [-6.2493148128535605, 53.34962544129969], [-6.249374636673631, 53.3496398589853], [-6.249432400000001, 53.34965720000001], [-6.2494815, 53.34967780000001], [-6.249528800000001, 53.3497017], [-6.249590499999999, 53.3497367], [-6.249649700000001, 53.3497674], [-6.249691900000001, 53.3497907], [-6.2497387, 53.349813], [-6.249799, 53.3498388], [-6.2498353, 53.3498515], [-6.24994538088682, 53.34988894221871], [-6.250038399999999, 53.34990810000001], [-6.25009985646315, 53.349919572910586]]}, "properties": {"mode": "luas", "agency": "LUAS", "short": "Red"}}, {"type": "Feature", "geometry": {"type": "LineString", "coordinates": [[-6.25009985646315, 53.349919572910586], [-6.250108364087961, 53.3499211611412], [-6.250164382444621, 53.3499315729942], [-6.250230214566101, 53.349953492861], [-6.25029143600497, 53.3499865726491], [-6.250334236492279, 53.35001861861361], [-6.2503782626219, 53.350068062102004], [-6.250403469286579, 53.350118884787605], [-6.25041476443253, 53.35015849903451], [-6.250417200000001, 53.350181899999995], [-6.25041540153786, 53.3502006902775], [-6.2504074, 53.3502286], [-6.250400531239401, 53.35025454181031], [-6.2503228, 53.3503654], [-6.25029394384699, 53.35040942267139], [-6.250266500000002, 53.350445799999996], [-6.25020116718891, 53.3505486250523], [-6.2501393, 53.3506416], [-6.250126784762351, 53.35066125775359], [-6.250114800000001, 53.35067960000001], [-6.249970200000002, 53.3509039], [-6.24994701621261, 53.350944908995295], [-6.249893681552629, 53.3509406193025], [-6.249922500000001, 53.3508988], [-6.2500648, 53.350681599999994], [-6.250099200000001, 53.35063], [-6.250168538968161, 53.35052459371511], [-6.250223000000002, 53.3504372], [-6.25024691954534, 53.3503994299704], [-6.250329921856141, 53.35026886089481], [-6.25035765813574, 53.3502144012946], [-6.250387672911439, 53.35015975534451], [-6.2504157618604115, 53.3501223915988], [-6.250444982132448, 53.3500974768703], [-6.250533839778631, 53.3500257434879], [-6.25063300248155, 53.349976864729], [-6.25080350203052, 53.349940306662006], [-6.25089922766097, 53.34994102230141], [-6.2509741582744205, 53.349944753173], [-6.25106212835463, 53.349954985111104], [-6.2514363, 53.3500432], [-6.25157632018834, 53.3500770321492], [-6.25181546530132, 53.350134945813195], [-6.2518746, 53.350149699999996], [-6.252011859097161, 53.350177735057194], [-6.252052900000001, 53.3501854], [-6.252109000000001, 53.3501897], [-6.252142586201711, 53.35018818169989], [-6.252177400000001, 53.350185], [-6.25220947329817, 53.35017929985099], [-6.25223885006043, 53.3501719229313], [-6.2522771, 53.3501588], [-6.252325800000001, 53.3501347], [-6.2523482, 53.350118200000004], [-6.252369500000002, 53.35009709999999], [-6.2523844, 53.35008020000001], [-6.252398900000001, 53.350060000000006], [-6.252434609353039, 53.3500037590731], [-6.252508799999999, 53.349890800000004], [-6.2526277, 53.3497057], [-6.2526533843352405, 53.3496759472612], [-6.252673200000001, 53.3496473], [-6.2526923, 53.34962980000001], [-6.252711900000001, 53.3496146], [-6.2527348, 53.349601], [-6.2527849, 53.3495774], [-6.2528235, 53.34956330000001], [-6.252861299999999, 53.349551899999994], [-6.2528958, 53.3495443], [-6.252941099999999, 53.34953620000001], [-6.253051100000002, 53.34952499999999], [-6.25310230383633, 53.3495213580181], [-6.2532603, 53.349509000000005], [-6.253393531710631, 53.3494972139588], [-6.253477300000001, 53.34949039999999], [-6.253595, 53.3494751], [-6.253720600715081, 53.349458465827205], [-6.2538772, 53.3494242], [-6.253995200000001, 53.3493938], [-6.25420112354653, 53.349333440014405], [-6.254526300000001, 53.34923040000001], [-6.254625600000001, 53.349204799999995], [-6.254663900000001, 53.3491951], [-6.254758400000001, 53.349171], [-6.254795980321121, 53.3491627824654], [-6.254992999999999, 53.349112], [-6.255027899999999, 53.3491048], [-6.255263900000001, 53.349055899999996], [-6.255309754899271, 53.3490483188338], [-6.256350200000002, 53.3488654], [-6.256629169551031, 53.3488197125282], [-6.2571985, 53.3487255], [-6.2574937, 53.34867929999999], [-6.257589600000001, 53.3486641], [-6.257641699999999, 53.34865630000001], [-6.25771715211409, 53.34864458457171], [-6.2578039, 53.3486318], [-6.257911300000001, 53.3486156], [-6.2581626, 53.3485778], [-6.2584618140264, 53.348531061491116], [-6.258550100000001, 53.348518799999994], [-6.25888311402781, 53.348474183695195], [-6.258977399999999, 53.3484593], [-6.2593559, 53.348403600000005], [-6.2594535294505995, 53.34838883493651], [-6.259495799999999, 53.34838129999999], [-6.259636499999999, 53.34836469999999], [-6.259666900000001, 53.348361199999985], [-6.2597139, 53.3483552], [-6.2597617, 53.34834920000001], [-6.25980017145876, 53.3483441324721], [-6.259958499999999, 53.348328599999995], [-6.259997700000002, 53.3483244], [-6.260302700000001, 53.348294], [-6.26040883516635, 53.3482838223757], [-6.260678700000001, 53.3482551], [-6.261148300000001, 53.348209], [-6.261493198233841, 53.348176051426904], [-6.2617528, 53.3481498], [-6.261804799999999, 53.3481447], [-6.2621667, 53.3481083], [-6.262209000000001, 53.3481032], [-6.2625875, 53.34805730000001], [-6.2632562, 53.347976], [-6.26329632107998, 53.347972584562], [-6.26349, 53.347948099999996], [-6.263610437853021, 53.347938013149694], [-6.263650599999999, 53.3479336], [-6.2637524916891305, 53.3479289907736], [-6.263828500000001, 53.3479258], [-6.264233099999999, 53.34785010000001], [-6.26426627335316, 53.3478464086497], [-6.264347600000001, 53.3478325], [-6.2646152, 53.347791900000004], [-6.264859, 53.3477551], [-6.2649032, 53.34774850000001], [-6.2652271, 53.347699600000006], [-6.26527915521675, 53.34769122608], [-6.265482200000001, 53.3476588], [-6.265512895096279, 53.3476526350457], [-6.2657271, 53.34762320000001], [-6.2660117, 53.3475807], [-6.2661033, 53.347568], [-6.266200899999999, 53.34755470000001], [-6.266254817890571, 53.3475483359643], [-6.2664711, 53.3475176], [-6.2669648, 53.34744599999999], [-6.26720111308683, 53.3474073386426], [-6.2672354, 53.3474023], [-6.267349200000001, 53.347384100000006], [-6.2674529, 53.34736959999999], [-6.2676025, 53.34735220000001], [-6.26763666107985, 53.3473517400963], [-6.267808600000001, 53.34733440000001], [-6.267918110239341, 53.3473301724994], [-6.2679956, 53.34732100000001], [-6.2681664, 53.3473113], [-6.268246920857291, 53.34730646455511], [-6.268292399999999, 53.3473004], [-6.268358200000001, 53.3472914], [-6.268408299999998, 53.3472846], [-6.268599779863919, 53.34726115502969], [-6.2686685, 53.34724820000001], [-6.26886753685059, 53.3472202952616], [-6.269081100000001, 53.347185100000004], [-6.2695995, 53.3471087], [-6.2698536, 53.34706979999999], [-6.269890524058881, 53.347067057855796], [-6.2699979, 53.3470504], [-6.270259327591181, 53.3470204365319], [-6.2706301, 53.3469813], [-6.270778906060541, 53.34697076565191], [-6.270813, 53.34696430000001], [-6.271091500000001, 53.3469302], [-6.271379943879131, 53.34689331103459], [-6.271545500000001, 53.34687470000001], [-6.271782600000001, 53.34684899999999], [-6.27195068175812, 53.3468352491443], [-6.2720205, 53.346823500000006], [-6.2723192999999995, 53.34679199999999], [-6.272455034768689, 53.34678124055271], [-6.272562943567491, 53.34677024534621], [-6.2726708, 53.346768899999994], [-6.272756300000001, 53.34677129999999], [-6.272809400000001, 53.346776900000016], [-6.2728844, 53.3467847], [-6.273005855517419, 53.34679572395649], [-6.273074599999999, 53.346802399999994], [-6.273144600000001, 53.346808900000006], [-6.273657513291921, 53.3468618789545], [-6.2736853, 53.346864800000006], [-6.273750898807371, 53.346874277813995], [-6.2738645, 53.3468881], [-6.274144700000001, 53.34691939999999], [-6.274466279398561, 53.3469660427271], [-6.2746122, 53.3469813], [-6.274921043777289, 53.347030336544], [-6.275066700000001, 53.3470493], [-6.275131227582248, 53.34706055320331], [-6.275234200000001, 53.3470698], [-6.27528978642591, 53.34707567418828], [-6.275419199999999, 53.3470783], [-6.27548385187371, 53.34708084855059], [-6.2757404, 53.34707830000001], [-6.27592628843879, 53.34708004578561], [-6.2764417, 53.34707469999999], [-6.276787199999999, 53.3470747], [-6.276874177964549, 53.347077850887295], [-6.276913200000002, 53.34707709999999], [-6.276986600000001, 53.3470808], [-6.2770779, 53.34708559999999], [-6.277269, 53.34709529999999], [-6.277341900000001, 53.347100100000006], [-6.27747345512065, 53.3471090013937], [-6.277641, 53.34711840000001], [-6.2777873, 53.3471286], [-6.27807557307438, 53.34714543743141], [-6.27809496587893, 53.3471466217513], [-6.27820298195202, 53.3471552254256], [-6.278338699999999, 53.34714970000001], [-6.278494700000001, 53.3471463], [-6.2785903, 53.3471439], [-6.278681699999999, 53.347136600000006], [-6.2787283, 53.3471332], [-6.2787813, 53.3471293], [-6.278907300000001, 53.347120800000006], [-6.27905068637787, 53.3471193405195], [-6.2791574, 53.347116], [-6.279236700000002, 53.34711600000001], [-6.2793139, 53.3471172], [-6.27944257835254, 53.34712235122701], [-6.279653400000001, 53.3471329], [-6.2798302, 53.347145100000006], [-6.279891416555941, 53.3471517960208], [-6.2800456, 53.3471608], [-6.280170400000001, 53.3471737], [-6.280222500000002, 53.3471791], [-6.280462399999999, 53.34720320000001], [-6.28049452307903, 53.34720743576351], [-6.280714799999999, 53.3472334], [-6.280913699999999, 53.347251899999996], [-6.2811595, 53.3472749], [-6.28135527283943, 53.3472902378913], [-6.2816759, 53.3473247], [-6.281730700000001, 53.34733069999999], [-6.282239, 53.3473866], [-6.2823541, 53.3473978], [-6.2824626, 53.3474096], [-6.28250645625481, 53.34741838076171], [-6.282799999999999, 53.3474484], [-6.283012006744989, 53.34747513841451], [-6.2832655, 53.347512699999996], [-6.2835095, 53.3475528], [-6.2836419, 53.34757400000001], [-6.283962799999999, 53.34762680000001], [-6.2842575, 53.3476717], [-6.284426353103779, 53.3476990442027], [-6.2844688999999985, 53.3477021], [-6.284498000000002, 53.3477065], [-6.284735200000001, 53.3477421], [-6.2848877000000005, 53.34776260000001], [-6.28499849589292, 53.34778077857731], [-6.2850523, 53.34778210000001], [-6.285149900000001, 53.347789399999996], [-6.2852087, 53.3477928], [-6.2852759, 53.3477967], [-6.285357900000002, 53.347800899999996], [-6.285416200000001, 53.3478039], [-6.2855605, 53.34781000000001], [-6.2858004, 53.3478185], [-6.2859105150195695, 53.347823242670394], [-6.286150000000001, 53.34783190000001], [-6.2863326, 53.3478377], [-6.286735800000001, 53.34785029999999], [-6.286914300000001, 53.3478562], [-6.28693224521337, 53.3478572344143], [-6.287014171761541, 53.3478622262402], [-6.2871189, 53.3478638], [-6.2874061999999995, 53.3478744], [-6.287792400000001, 53.3478877], [-6.287899497379451, 53.34788878176279], [-6.2882966, 53.3479035], [-6.2884101999999995, 53.3479075], [-6.289079200000001, 53.3479314], [-6.28953462486, 53.34794900493691], [-6.289567, 53.3479484], [-6.28982597806875, 53.34795283015221], [-6.289945199999999, 53.347948699999996], [-6.2900488, 53.347946], [-6.2903517, 53.34793630000001], [-6.29051249969959, 53.34792899986191], [-6.290741900000001, 53.3479278], [-6.291032600000001, 53.3479302], [-6.291218459294761, 53.34793023538819], [-6.2912542, 53.34793020000001], [-6.2913721, 53.34793140000001], [-6.29145057036725, 53.3479301104045], [-6.2915408, 53.34792170000001], [-6.29161274748982, 53.347909737688795], [-6.291677, 53.3478865], [-6.291731900000001, 53.347861], [-6.291774600000001, 53.3478295], [-6.2918051, 53.3477979], [-6.291824083526019, 53.34777480721089], [-6.291839599999999, 53.3477397], [-6.2918437, 53.3477093], [-6.291843300000001, 53.3476488], [-6.29182863453497, 53.3475272780552], [-6.291805038264161, 53.34736099342899], [-6.29178060691167, 53.347188115296404], [-6.291776574483748, 53.347162615283594], [-6.29175919164865, 53.3470936556218], [-6.291732435570329, 53.347010240691894], [-6.29172404497926, 53.3469728048279], [-6.2917168145074, 53.346912125077], [-6.291695499483261, 53.3467559927219], [-6.291686055608801, 53.3466932788131], [-6.291660332643005, 53.346522613392494]]}, "properties": {"mode": "luas", "agency": "LUAS", "short": "Red"}}, {"type": "Feature", "geometry": {"type": "LineString", "coordinates": [[-6.291660332643005, 53.346522613392494], [-6.291629956404241, 53.3463210730351], [-6.291622227613509, 53.34621200516491], [-6.291621482406191, 53.346127555342605], [-6.291601192087881, 53.345988003023095], [-6.291500073049331, 53.345377283499694], [-6.29135407961646, 53.3444986316375], [-6.29122348592473, 53.343746947358206], [-6.291201163902701, 53.3435948241433], [-6.291185771768862, 53.343500402896694], [-6.291159926421369, 53.3434450718046], [-6.291076335158971, 53.3433726320514], [-6.29099369212708, 53.3432908762745], [-6.2909795878558805, 53.3432134042363], [-6.29099311786674, 53.34314259853941], [-6.29103652640113, 53.3430860028626], [-6.291104800878009, 53.343032196999594], [-6.29119998509515, 53.34299069527891], [-6.29132878194677, 53.34295778479369], [-6.29170067138556, 53.3428801943556], [-6.291882956789411, 53.3428455366307], [-6.29219771212929, 53.342774414266], [-6.293163354695239, 53.34256550355881], [-6.293343420183551, 53.342523031261], [-6.29342911626523, 53.34248298213111], [-6.29350285635018, 53.342405008385406], [-6.293535711191791, 53.3423292388783], [-6.2935293749161305, 53.3422671532243], [-6.293490168150251, 53.3421906598167], [-6.2934150463163006, 53.3420660230526], [-6.293256491787111, 53.3418084097357], [-6.29316987339356, 53.3416677488533], [-6.293081119299231, 53.3415838849671], [-6.29299707153957, 53.3415470331585], [-6.292899081337911, 53.341522892178794], [-6.292774480947901, 53.34151459903621], [-6.29264091849706, 53.34153223370541], [-6.29251011498159, 53.3415538342589], [-6.29237894686849, 53.34157901773911], [-6.292268461063691, 53.341584452153405], [-6.292138697967981, 53.341564732792904], [-6.292053320647789, 53.3415409585245], [-6.2919793326335, 53.34149700844251], [-6.291910017402661, 53.341438213263295], [-6.291849473550139, 53.341355371274204], [-6.291139116297601, 53.3402572888558], [-6.290749921042621, 53.33964088511081], [-6.29071501159928, 53.33955330803381], [-6.29068891512153, 53.33943979771529], [-6.290689352569489, 53.3393422643205], [-6.29069935137602, 53.3392439988494], [-6.290724950384859, 53.339177407101296], [-6.29075628551871, 53.3391165976521], [-6.29079787037707, 53.339046809625906], [-6.290842222942561, 53.33898089807781], [-6.29092712708544, 53.33888642835981], [-6.29101567085399, 53.3388183434848], [-6.291116475432621, 53.3387525912912], [-6.29126261029233, 53.338673468571], [-6.29142324988407, 53.33860422206791], [-6.291578601092951, 53.338557350264104], [-6.29168162303973, 53.33853195643681], [-6.29183180443572, 53.3385062947288], [-6.292047853891181, 53.3384785259716], [-6.292336873631708, 53.3384439624524], [-6.292766553381291, 53.338395517715], [-6.29371725879094, 53.33828847869089], [-6.29617396535463, 53.33800870615191], [-6.297378902332361, 53.33787889065349], [-6.29794062478163, 53.3378184391485], [-6.29854766768666, 53.33777191174881], [-6.2988799123402, 53.337744562194], [-6.299660572812611, 53.3376564848325], [-6.302062991069261, 53.33738407064661], [-6.304548973513539, 53.33709206516371], [-6.30475543358284, 53.3370666247594], [-6.305003776775859, 53.3370305609993], [-6.3053199516837095, 53.336974472558204], [-6.305656927343861, 53.33690034491641], [-6.306175651704061, 53.3367652665857], [-6.30639478478815, 53.3367083649458], [-6.30656401730623, 53.3366787889226], [-6.3067961821272, 53.33664780096921], [-6.307234023365721, 53.3366015131046], [-6.30733848279238, 53.336590529403104], [-6.30772556886467, 53.336546347578995], [-6.30901625511343, 53.3364099291675], [-6.310568662753119, 53.33622855541831], [-6.311285578382831, 53.33614934143281], [-6.312726836266439, 53.3359799308919], [-6.313309244395761, 53.335909190979194], [-6.315080254473651, 53.3356942584804], [-6.31749176779553, 53.3354218741935], [-6.31826615800102, 53.335338965325], [-6.319505416384719, 53.3352064005367], [-6.32185648537796, 53.33494299129241], [-6.323247234513711, 53.3347763144894], [-6.32468130842054, 53.33461585661961], [-6.325752146350571, 53.3344798914825], [-6.326249000000001, 53.3344105], [-6.3268743999999995, 53.334320799999986], [-6.326996899999999, 53.33430370000001], [-6.3274085, 53.3342488], [-6.327529294034279, 53.3342311991578], [-6.3277470909625, 53.3341995990728], [-6.3279281, 53.3341738], [-6.327998729609441, 53.334161809960406], [-6.3280525, 53.33415250000001], [-6.328134399999999, 53.334135200000006], [-6.3281843, 53.33411939999999], [-6.328234500000001, 53.3341032], [-6.328307500000001, 53.3340749], [-6.328353700000001, 53.33405019999999], [-6.328401000000001, 53.334027999999996], [-6.328430839428779, 53.33401408487019], [-6.328467400000001, 53.333986200000005], [-6.3284907, 53.3339675], [-6.3285211, 53.33394369999999], [-6.3285538, 53.3339109], [-6.328573300000002, 53.33389139999999], [-6.3285959, 53.3338653], [-6.3286204, 53.333836999999995], [-6.328703400000001, 53.3337343], [-6.3287992, 53.3336203], [-6.329000400000001, 53.3333697], [-6.32910671210921, 53.3332213404191], [-6.329157799999999, 53.333139900000006], [-6.329267100000001, 53.3329711], [-6.32943811682347, 53.3326731538134], [-6.329487100000001, 53.3325838], [-6.329536700000001, 53.33249589999999], [-6.3296504, 53.3323079], [-6.329702699937571, 53.3322276620526], [-6.3297276, 53.332185], [-6.3298336, 53.3320386], [-6.32989954387821, 53.3319552273803], [-6.329915400000001, 53.33193049999999], [-6.330002500000001, 53.3318207], [-6.330119200000001, 53.331683], [-6.330196140144251, 53.331595305864006], [-6.330211799999999, 53.3315788], [-6.3302989, 53.3314828], [-6.330430399999999, 53.33135380000001], [-6.3304680909609505, 53.331324491832795], [-6.3305779, 53.3312249], [-6.3307053, 53.3311136], [-6.330829278723151, 53.331009235950695], [-6.330958700000002, 53.3308981], [-6.3311425, 53.3307443], [-6.3313772, 53.3305577], [-6.331468308568151, 53.3304870271677], [-6.331501899999999, 53.33045359999999], [-6.331609200000001, 53.33037350000001], [-6.331833131130221, 53.33022817937249], [-6.3320196, 53.3301171], [-6.33220213703095, 53.330021894986], [-6.3325024, 53.3298745], [-6.3328175, 53.329732], [-6.33287384533271, 53.329705475601806], [-6.3329677, 53.32966389999999], [-6.333720099999999, 53.3293235], [-6.33382427370442, 53.32927777918739], [-6.3338548999999995, 53.3292644], [-6.33399413916653, 53.32920252441849], [-6.334069500000001, 53.3291652], [-6.3343324, 53.3290438], [-6.3344094, 53.3290087], [-6.334573000000001, 53.328943], [-6.334854699999999, 53.32883340000001], [-6.334917699999999, 53.3288101], [-6.335062500000001, 53.3287581], [-6.335145404818851, 53.328732591953], [-6.3352959, 53.32868119999999], [-6.335548000000001, 53.3286035], [-6.3358337, 53.3285226], [-6.336012000000002, 53.3284793], [-6.3363245, 53.3284025], [-6.3365713, 53.328343200000006], [-6.33674104934516, 53.3283029673161], [-6.3370004, 53.3282431], [-6.3373758, 53.32815180000001], [-6.3377300000000005, 53.3280653], [-6.338054500000001, 53.32798600000001], [-6.33840284004317, 53.3279038363918], [-6.338483699999999, 53.327883400000005], [-6.338827000000001, 53.327802500000004], [-6.339120600000001, 53.327734500000005], [-6.3394251, 53.3276592], [-6.339869, 53.32754940000001], [-6.339958432003121, 53.3275290138424], [-6.340177499999999, 53.32747330000001], [-6.340570399999999, 53.3273731], [-6.3412369, 53.32721539999999], [-6.341575656059991, 53.32713381678819], [-6.3417144, 53.32709450000001], [-6.342277700000001, 53.326955100000006], [-6.3425364, 53.3268885], [-6.342766, 53.32682750000001], [-6.342891899999999, 53.3267941], [-6.343039399999999, 53.3267525], [-6.343095800000002, 53.3267365], [-6.343542300000001, 53.326611199999995], [-6.343727309532718, 53.326557224062206], [-6.3437502, 53.3265506], [-6.3440989, 53.3264537], [-6.344225465506441, 53.3264200441231], [-6.344571000000001, 53.3263223], [-6.344812400000001, 53.32625509999999], [-6.345305799999999, 53.32611730000001], [-6.34582276701964, 53.325973553873396], [-6.3458556999999995, 53.3259619], [-6.3460886, 53.3258907], [-6.3461857, 53.325860999999996], [-6.3467697, 53.3256773], [-6.3473069, 53.325505], [-6.347338075997971, 53.32549776576799], [-6.347797299999999, 53.3253361], [-6.3483406, 53.3251422], [-6.349042202465719, 53.32489359617178], [-6.3491183, 53.32486380000001], [-6.349988699999999, 53.3245497], [-6.350795, 53.3242581], [-6.351037246942222, 53.324169366599406], [-6.351599, 53.32396390000001], [-6.351677499999999, 53.3239354], [-6.351873400000001, 53.3238642], [-6.3519789, 53.32382499999999], [-6.3522741047615305, 53.3237191577712], [-6.3528303, 53.3235156], [-6.353063700000001, 53.3234322], [-6.35335118659197, 53.323327952421394], [-6.353869999999999, 53.32313520000001], [-6.354089880315691, 53.32305985073171], [-6.354665200000001, 53.3228503], [-6.355007900000001, 53.32272780000001], [-6.35514062278306, 53.3226818034027], [-6.3554406, 53.32257320000001], [-6.356244700000001, 53.3222776], [-6.35639017320969, 53.32223021143071], [-6.3568942, 53.3220467], [-6.3575710098231095, 53.32180617948271], [-6.357857300000001, 53.32169970000001], [-6.35942168408489, 53.32114238165881], [-6.359498599999999, 53.32111249999999], [-6.3602541, 53.3208407], [-6.3609793985964505, 53.320585419466894], [-6.3611531999999995, 53.32052], [-6.3619981, 53.320216800000004], [-6.362761400000001, 53.3199368], [-6.362856877780731, 53.3199038305553], [-6.363942799999999, 53.3195073], [-6.364280900000001, 53.3193859], [-6.364359729384719, 53.3193617715068], [-6.3645725, 53.31928030000001], [-6.364775699999999, 53.319210399999996], [-6.36481858278855, 53.31919510250081], [-6.3649591, 53.3191496], [-6.365119358880091, 53.3191026254393], [-6.365277200000001, 53.3190666], [-6.3654395643370005, 53.3190370919346], [-6.3656593, 53.3189993], [-6.36579283379592, 53.31898406449209], [-6.365853699999999, 53.31897810000001], [-6.366021599999999, 53.318965], [-6.366193899999999, 53.3189597], [-6.3664789, 53.3189584], [-6.366761600000001, 53.31895970000001], [-6.36686764197872, 53.3189594639798], [-6.366998000000001, 53.31895840000001], [-6.367263100000001, 53.3189491], [-6.367308006817901, 53.3189460377518], [-6.367567900000001, 53.3189293], [-6.36778504184732, 53.3189105429315], [-6.3679943, 53.3188832], [-6.368118, 53.318863400000005], [-6.36817303547202, 53.31885488087249], [-6.368206300000001, 53.3188462], [-6.368251600000002, 53.318838199999995], [-6.3684098, 53.31880300000001], [-6.3685708, 53.31876290000001], [-6.368721000000001, 53.3187213], [-6.3688161999999995, 53.3186908], [-6.3688658, 53.318675600000006], [-6.3689516, 53.3186443], [-6.369073700000002, 53.3186011], [-6.3691729000000015, 53.318561800000005], [-6.369263039894491, 53.3185213613255], [-6.369335200000001, 53.31848889999999], [-6.3694385, 53.31843049999999], [-6.369496100000001, 53.31839600000001], [-6.369562222778091, 53.31835276064129], [-6.369577900000001, 53.31833420000001], [-6.36964852704986, 53.31827222816269], [-6.369714699999999, 53.3181965], [-6.369759000000001, 53.318139599999995], [-6.369892200000001, 53.3179577], [-6.369914874461571, 53.3179290374416], [-6.370015900000001, 53.3177906], [-6.370054, 53.3177391], [-6.3700658, 53.3177212], [-6.370083900000001, 53.3176884], [-6.3700958, 53.31764960000001], [-6.3701034, 53.3176159], [-6.3701052, 53.31758], [-6.3701061, 53.3175534], [-6.370101400000001, 53.317523699999995], [-6.370091800000001, 53.3174927], [-6.3700725, 53.31744230000001], [-6.370053206720189, 53.317390784478306], [-6.3699319, 53.317072399999994], [-6.36985406167901, 53.31687421882221], [-6.3698479, 53.3168536], [-6.36980496123674, 53.316742526622306], [-6.369737599999999, 53.31656840000001], [-6.369726469377204, 53.31653999776628]]}, "properties": {"mode": "luas", "agency": "LUAS", "short": "Red"}}, {"type": "Feature", "geometry": {"type": "LineString", "coordinates": [[-6.369726469377204, 53.31653999776628], [-6.3696999000000005, 53.3164722], [-6.369673400000001, 53.3164082], [-6.369642500000001, 53.3163561], [-6.369600500000001, 53.3163046], [-6.369532900000001, 53.316238999999996], [-6.369506900000001, 53.3162186], [-6.3694792, 53.3161942], [-6.3694214, 53.31615409999999], [-6.369389600000001, 53.3161317], [-6.3693588722667105, 53.3161183038439], [-6.3693034, 53.3160862], [-6.3692284, 53.31605420000001], [-6.3691543, 53.316026799999996], [-6.36909370160355, 53.31601131020099], [-6.369068100000001, 53.3160004], [-6.36879421087316, 53.3159330296873], [-6.368160199999999, 53.3157827], [-6.36797324427575, 53.3157404133296], [-6.36757799360878, 53.3156475678786], [-6.36733953725821, 53.3155865631619], [-6.36708792066449, 53.31550063552731], [-6.366827629531399, 53.31537502122939], [-6.366651390120819, 53.3152561797377], [-6.366265532612621, 53.3148811947993], [-6.365625017891359, 53.3142626617706], [-6.365016532099971, 53.313668641825], [-6.36457511626067, 53.31328519540801], [-6.363594312954539, 53.3125607399933], [-6.3630752354641, 53.31217163861069], [-6.3629380021724815, 53.31203916968361], [-6.362715655047269, 53.3118173566859], [-6.362047940862541, 53.3109707390293], [-6.3614891221748895, 53.3102256386952], [-6.361017386076371, 53.309614991608896], [-6.360570320249589, 53.309100788931204], [-6.360259371596549, 53.30879327597349], [-6.359441118723481, 53.3080745874738], [-6.35910282472712, 53.3077893785675], [-6.358897420994511, 53.307555036907694], [-6.358820708140541, 53.3074134872582], [-6.35876148831662, 53.307221947932], [-6.3587482729685405, 53.307041312435295], [-6.3587592779146105, 53.306929867837], [-6.35879703982375, 53.3068036465851], [-6.358865079534481, 53.3066560318447], [-6.35895722399639, 53.3065186282301], [-6.35904622323282, 53.3064111393776], [-6.359193844567979, 53.306283179833606], [-6.3593522143456305, 53.3061725956285], [-6.3595457384496195, 53.306056524662], [-6.35971337672506, 53.305978096422606], [-6.359940380066399, 53.30587176170331], [-6.360133986483, 53.3057849109], [-6.360735710413679, 53.305503347318506], [-6.361412232305821, 53.3051944253005], [-6.362416650180561, 53.3047434767218], [-6.36309100736042, 53.304455955359806], [-6.36370718590741, 53.304219036052004], [-6.36412383834718, 53.3040650735034], [-6.36472761730234, 53.3038557560535], [-6.365103545261214, 53.3037302061997]]}, "properties": {"mode": "luas", "agency": "LUAS", "short": "Red"}}, {"type": "Feature", "geometry": {"type": "LineString", "coordinates": [[-6.365103545261214, 53.3037302061997], [-6.36519456117275, 53.3036998090358], [-6.365440129054771, 53.3036206058017], [-6.365796966940651, 53.30350563094291], [-6.36631901207755, 53.30333267669891], [-6.36766280154155, 53.30290224566489], [-6.368369508017641, 53.3026682632919], [-6.368853314024579, 53.30249986875201], [-6.369579301079832, 53.302229348241795], [-6.3700631507242305, 53.3020287662366], [-6.3707409116097695, 53.301737820872304], [-6.37122396927389, 53.301514910988004], [-6.372200123763401, 53.301061802100904], [-6.372683391799579, 53.3008351186101], [-6.37309099555051, 53.3006460136305], [-6.37319102344303, 53.3005858371467], [-6.37327733713612, 53.3005062929425], [-6.373334544821791, 53.30040332666961], [-6.373382752879981, 53.300297073095706], [-6.37342806571302, 53.3002198442078], [-6.37350676873755, 53.3001532441968], [-6.373783313154581, 53.2999567719957], [-6.37437672177837, 53.2995697568771], [-6.374627610045571, 53.2994117458191], [-6.37469682815057, 53.29934669531141], [-6.374754758265419, 53.2992681173341], [-6.374822149928389, 53.2991896964477], [-6.37485304007785, 53.2991669955507], [-6.374970981190999, 53.2990805525961], [-6.375205008318329, 53.2989331777108], [-6.37560509954899, 53.29869237474859], [-6.37580755470094, 53.2985794754057], [-6.37590816222038, 53.2985284874776], [-6.376061758369021, 53.29846958666601], [-6.376167099999999, 53.2984291], [-6.376248900000001, 53.2983979], [-6.376310599999999, 53.2983734], [-6.376370900000001, 53.2983438], [-6.376454100000002, 53.2982937], [-6.376516975503021, 53.29825366805029], [-6.3768387, 53.29806059999999], [-6.37688030685077, 53.2980359158962], [-6.377213300000001, 53.2978286], [-6.3773676, 53.2977391], [-6.377468, 53.2976836], [-6.37752941797708, 53.297655454822504], [-6.3775804, 53.2976272], [-6.377689800000001, 53.29757790000001], [-6.377804779970021, 53.297533909502896], [-6.377941500000002, 53.2974802], [-6.37804227069432, 53.2974467064642], [-6.378127300000001, 53.2974212], [-6.378275599999999, 53.2973809], [-6.3784255000000005, 53.29734330000001], [-6.37857588512281, 53.297311873627294], [-6.3786652, 53.29729319999999], [-6.378912426217901, 53.297237542682005], [-6.3790983, 53.29719729999999], [-6.379556900000001, 53.2970964], [-6.380113500000001, 53.29697290000001], [-6.3807612545433, 53.296830428141995], [-6.381182300000001, 53.296740500000006], [-6.3822083, 53.296519200000006], [-6.382871334875671, 53.29638097030279], [-6.382973800000001, 53.296363], [-6.3832221, 53.2963092], [-6.383308240462769, 53.29629104631681], [-6.383557, 53.296239], [-6.38360512697453, 53.29622805934379], [-6.3836825, 53.296210699999996], [-6.38380982390509, 53.296173932097496], [-6.38397263762761, 53.29611894550191], [-6.384081200000001, 53.296072699999996], [-6.384139988139599, 53.29604254394471], [-6.384199400000001, 53.296012], [-6.384274499999999, 53.2959671], [-6.3843463, 53.2959169], [-6.38437352523353, 53.295896574061196], [-6.384412600000001, 53.295867400000006], [-6.384488800000001, 53.29579350000001], [-6.384495342892896, 53.295786156161434]]}, "properties": {"mode": "luas", "agency": "LUAS", "short": "Red"}}, {"type": "Feature", "geometry": {"type": "LineString", "coordinates": [[-6.384495342892896, 53.295786156161434], [-6.384551700000002, 53.295722899999994], [-6.3846125, 53.295637000000006], [-6.384624453411511, 53.2956196083482], [-6.3846531, 53.2955776], [-6.38471132307419, 53.2954676176275], [-6.384752500000001, 53.295389500000006], [-6.3849005, 53.295096400000006], [-6.3850340999999995, 53.29482300000001], [-6.3850761, 53.29473], [-6.3850993, 53.2946672], [-6.385119199999999, 53.2945993], [-6.385131900000001, 53.2945418], [-6.385138499999999, 53.2944837], [-6.3851407, 53.2944236], [-6.3851341, 53.2943681], [-6.3851241, 53.294312], [-6.3851076, 53.2942519], [-6.385083300000001, 53.2941873], [-6.385053399999999, 53.294127200000005], [-6.3850418, 53.2941089], [-6.385012500000001, 53.294062499999995], [-6.384984000000002, 53.2940254], [-6.384957300000001, 53.29399049999999], [-6.3848701000000005, 53.2939001], [-6.384797200000001, 53.293834700000005], [-6.3846259000000005, 53.2937038], [-6.384364799999999, 53.293515899999996], [-6.3841202, 53.2933347], [-6.384068190266321, 53.29329626653621], [-6.384023999999999, 53.293263700000004], [-6.383830900000001, 53.29312120000001], [-6.3836761, 53.29300680000001], [-6.383598980380289, 53.292950180653], [-6.383352500000001, 53.2927698], [-6.382960400000001, 53.292489200000006], [-6.382573146021269, 53.292214295541704], [-6.382548400000001, 53.2921968], [-6.3824312, 53.2921137], [-6.3821309, 53.291901], [-6.3816971, 53.2916041], [-6.381457420039091, 53.2914359177292], [-6.381275099999999, 53.29130820000002], [-6.3809526, 53.2910785], [-6.3808972, 53.2910376], [-6.3805315, 53.290767599999995], [-6.380350456584271, 53.2906318588056], [-6.380131999999999, 53.290463800000005], [-6.3799374, 53.29031040000001], [-6.3796772, 53.290097300000006], [-6.379575316494251, 53.290012112422794], [-6.379382500000001, 53.2898515], [-6.379057900000001, 53.28958219999999], [-6.378879998558291, 53.28942621622021], [-6.3788124999999996, 53.28936730000001], [-6.3788013016396805, 53.2893582258035], [-6.378600600000001, 53.2891965], [-6.3784746000000005, 53.28908839999999], [-6.3783460526192295, 53.2889658953871], [-6.3783156, 53.288937100000005], [-6.3781975000000015, 53.2888124], [-6.378170973804941, 53.2887803135957], [-6.3781111, 53.2887084], [-6.378025382509091, 53.2886052205115], [-6.377822800000001, 53.288362000000006], [-6.377668249401671, 53.2881758215332], [-6.377635700000001, 53.2881367], [-6.377526399999999, 53.2880053], [-6.377498278248181, 53.28797073219899], [-6.377408400000001, 53.28786099999999], [-6.3773761, 53.28782410000001], [-6.3773548563324205, 53.287799581059], [-6.377310900000001, 53.287755100000005], [-6.37726657955038, 53.2877149889633], [-6.3772225, 53.2876779], [-6.377190499999999, 53.28765479999999], [-6.37716303639273, 53.2876356968523], [-6.3771099, 53.2875992], [-6.377050200000001, 53.2875663], [-6.376990599999999, 53.2875352], [-6.37695534600827, 53.28751790557449], [-6.3769033, 53.28749410000001], [-6.3767961, 53.2874491], [-6.3767476, 53.28743080000001], [-6.3767119, 53.287420000000004], [-6.3766603, 53.2874019], [-6.3764737, 53.2873563], [-6.37644303537747, 53.28734953239581], [-6.376345800000001, 53.2873285], [-6.3762747, 53.28731630000001], [-6.37622102388907, 53.2873090835802], [-6.376180400000001, 53.287304999999996], [-6.3761426, 53.28730089999999], [-6.376070200000001, 53.28729460000001], [-6.37603799308106, 53.287292497482305], [-6.3760013, 53.2872902], [-6.375940099999999, 53.2872875], [-6.3758962, 53.2872861], [-6.3758274, 53.2872854], [-6.375765, 53.287286099999996], [-6.375707300000001, 53.287287600000006], [-6.3756318, 53.28729190000001], [-6.375565699999999, 53.287297599999995], [-6.375496100000001, 53.2873034], [-6.375437300000001, 53.2873113], [-6.3753581, 53.2873242], [-6.375321536496369, 53.28733153216561], [-6.375283699999999, 53.2873393], [-6.3751815999999994, 53.287362099999996], [-6.375073900000001, 53.2873869], [-6.375045760038871, 53.28739443981271], [-6.3749637, 53.2874167], [-6.374769346824639, 53.28746523542431], [-6.374689300010121, 53.28748521897519], [-6.37466281045446, 53.2874919880244]]}, "properties": {"mode": "luas", "agency": "LUAS", "short": "Red"}}, {"type": "Feature", "geometry": {"type": "LineString", "coordinates": [[-6.38467091643269, 53.29603232102204], [-6.3847924072651, 53.2960028851888], [-6.3861321710494, 53.2957023858395], [-6.38798244185226, 53.2952793048942], [-6.389399484627439, 53.294927215331306], [-6.39081115218907, 53.29456538997611], [-6.39155931819588, 53.2943837256559], [-6.393978953127691, 53.29384383699449], [-6.3947861816842, 53.29366694464719], [-6.395144923293631, 53.293589581817706], [-6.3956415177791, 53.2934796157658], [-6.39589325252213, 53.2934254108642], [-6.39683586117743, 53.29322266472739], [-6.39728423610504, 53.2931241090005], [-6.399421055768019, 53.2926529380453], [-6.401480118720589, 53.29220702736259], [-6.403164246813479, 53.2918135344189], [-6.40381078189536, 53.2916440243742], [-6.404648048909549, 53.2914484440756], [-6.405339711537971, 53.291298501983896], [-6.406512340134931, 53.2910400277196], [-6.406729982141471, 53.290992109627005], [-6.407239107151411, 53.2908825411129], [-6.408405141877101, 53.2906243904999], [-6.409654415571299, 53.290348673050104], [-6.41161215369797, 53.2899121433024], [-6.413690986909461, 53.2894536072499], [-6.415744924214689, 53.288992360868605], [-6.417061269314851, 53.28870194588999], [-6.4174583173906, 53.2886165214969], [-6.417599658048269, 53.288580242753106], [-6.417810107380001, 53.288512689215395], [-6.41793770847619, 53.288457137085], [-6.418072629302911, 53.2883914148293], [-6.418201847018781, 53.2883209964927], [-6.418326069194339, 53.2882371870026], [-6.41844195400116, 53.288141846298], [-6.41855673339404, 53.28805770368971], [-6.41887144658121, 53.2878246064568], [-6.41928342242559, 53.2875195756051], [-6.41979716553931, 53.28713979884651], [-6.42045976811016, 53.2866473211794], [-6.421095249490969, 53.2861460637564], [-6.42152633946998, 53.28577757216771], [-6.421595836229491, 53.285708732337305], [-6.42212851911843, 53.2851684291765], [-6.42256565348896, 53.2847063849638], [-6.422691495654661, 53.284573904594396], [-6.422767282668751, 53.284505285798296], [-6.42284377972954, 53.2844599752818], [-6.422965218247479, 53.2844042014565], [-6.423129708789349, 53.28435560734349], [-6.423387091594781, 53.28431963384109], [-6.42358295011591, 53.2843021694253], [-6.4242964586919395, 53.2842475562135], [-6.424731481067162, 53.284219108124894], [-6.425005839048101, 53.2842012438256], [-6.42543729096869, 53.2841796645302], [-6.425747399756429, 53.2841793433056], [-6.426343261382301, 53.2841740656352], [-6.428380447508911, 53.284134003526106], [-6.428657957946922, 53.2841165265627], [-6.42899769484042, 53.2840703132212], [-6.429376367594081, 53.28401045558031], [-6.42975279141849, 53.2839749695378], [-6.429906932679132, 53.2839672650646], [-6.43021016418338, 53.283974152032194], [-6.43073958367363, 53.28400679016389], [-6.43120192898245, 53.28402115641169], [-6.431690437393191, 53.28402331565279], [-6.432090838808951, 53.284029927596], [-6.43222810838416, 53.28403475204939], [-6.432416375032881, 53.2840638426432], [-6.432604943532661, 53.2841219800254], [-6.432789363510351, 53.28422231243311], [-6.432896447893301, 53.28431237574029], [-6.433009782643701, 53.2844015798121], [-6.43315357276046, 53.2844685707692], [-6.433364657662619, 53.2845210255095], [-6.433526039489699, 53.2845360448256], [-6.433702026475719, 53.28453099082251], [-6.433952006608361, 53.284505972080304], [-6.434201466735699, 53.2844847102023], [-6.434491318540801, 53.2844686422662], [-6.434768788140551, 53.28448216402231], [-6.435252420504659, 53.284501846961], [-6.435787101186301, 53.2845131622967], [-6.436094584780889, 53.2845089466806], [-6.436232410842321, 53.2845081226204], [-6.43640711237155, 53.2845161443764], [-6.43704590207663, 53.28458360859409], [-6.43751538507392, 53.2846355977016], [-6.43776767440007, 53.2846638310496]]}, "properties": {"mode": "luas", "agency": "LUAS", "short": "Red"}}, {"type": "Feature", "geometry": {"type": "LineString", "coordinates": [[-6.074137896318802, 53.38905980037091], [-6.074372600000001, 53.3890966], [-6.0760781, 53.3893476], [-6.077246500000001, 53.389534499999996], [-6.078192399999999, 53.3896876], [-6.0791907, 53.38984060000001], [-6.079979099999999, 53.38996830000001], [-6.0808894, 53.3901121], [-6.0818084, 53.390261800000005], [-6.082819400000001, 53.3904191], [-6.083554000000001, 53.3905315], [-6.084095699999999, 53.3906119], [-6.084452400000001, 53.3906576], [-6.084604700000001, 53.3906736], [-6.0850429, 53.3907176], [-6.0854981, 53.39076570000001], [-6.085920700000002, 53.39080299999999], [-6.0871132, 53.3908875], [-6.0882902, 53.3909704], [-6.089712500000001, 53.39107270000001], [-6.0904926, 53.391129], [-6.091108300000001, 53.391176699999995], [-6.091774099999999, 53.3912163], [-6.0923436, 53.39125210000001], [-6.092903100000001, 53.3912796], [-6.0938156, 53.3913179], [-6.0945776, 53.3913466], [-6.0953357, 53.391370499999994], [-6.0956104, 53.3913801], [-6.096811700000001, 53.391416], [-6.0981572, 53.391459], [-6.0995191, 53.39150430000001], [-6.1001774, 53.39152229999999], [-6.1014735, 53.391561], [-6.102739400000002, 53.3915961], [-6.1041656, 53.39164050000001], [-6.105403, 53.39167650000001], [-6.106714900000001, 53.39171720000001], [-6.107996700000001, 53.39175310000001], [-6.1092785, 53.391791], [-6.110527000000001, 53.3918297], [-6.1114725000000005, 53.3918571], [-6.1120646999999995, 53.3918743], [-6.1122863, 53.39188260000001], [-6.113539500000001, 53.3919225], [-6.114680100000001, 53.39195459999999]]}, "properties": {"mode": "rail", "agency": "Iarnr\u00f3d \u00c9ireann", "short": "DART"}}, {"type": "Feature", "geometry": {"type": "LineString", "coordinates": [[-6.41271140003467, 54.0010863389575], [-6.412733500000001, 54.0007248], [-6.4127399, 54.0003565], [-6.4127735999999995, 53.9998292], [-6.412758, 53.9993079], [-6.412738100000001, 53.9991197], [-6.412721099999999, 53.9988703], [-6.4126741, 53.99861959999999], [-6.412591, 53.998223499999995], [-6.412484400000001, 53.997782300000004], [-6.4123846, 53.9973753], [-6.4122847, 53.9970061], [-6.4121531, 53.996493400000006], [-6.4121299, 53.9964029], [-6.4116664000000005, 53.9946427], [-6.411318200000001, 53.993350799999995], [-6.411181899999999, 53.9928444], [-6.410881099999999, 53.9916948], [-6.410399700000001, 53.989877299999996], [-6.410272299999999, 53.9893277], [-6.4101784, 53.9888033], [-6.410124499999999, 53.988351300000005], [-6.410101400000001, 53.9876456], [-6.4101422999999995, 53.98669700000001], [-6.410214800000001, 53.9856422], [-6.4103731, 53.983711799999995], [-6.410467, 53.98233489999999], [-6.410657400000001, 53.9796314], [-6.4106762, 53.9793345], [-6.410737899999999, 53.978726], [-6.410856000000001, 53.97794210000001], [-6.410948200000001, 53.977524700000004], [-6.411068600000001, 53.977067], [-6.411238899999999, 53.9765181], [-6.4114416, 53.97598940000001], [-6.411636800000001, 53.975573399999995], [-6.411945000000001, 53.9749942], [-6.4126352, 53.973838099999995], [-6.413399199999999, 53.972567100000006], [-6.4138262, 53.9718715], [-6.4144757, 53.97079730000001], [-6.415371100000001, 53.96930150000001], [-6.416570199999998, 53.96732920000001], [-6.417400800000001, 53.9659305], [-6.4178468, 53.9650603], [-6.418087400000001, 53.96443570000001], [-6.418253699999999, 53.963805799999996], [-6.418367000000001, 53.9630448], [-6.4183865, 53.962715800000005], [-6.418393600000001, 53.9623868], [-6.418264400000001, 53.957878099999995], [-6.418262699999999, 53.9577562], [-6.418110800000001, 53.95202449999999], [-6.4180906, 53.95121699999999], [-6.4180478999999995, 53.950252799999994], [-6.417982800000001, 53.9495052], [-6.4179402, 53.94921690000001], [-6.4178141, 53.9485936], [-6.417537600000001, 53.9476736], [-6.417211299999999, 53.9467812], [-6.4160592, 53.9436186], [-6.415977299999999, 53.9433992], [-6.410141100000001, 53.9274429], [-6.410103899999998, 53.927339700000005], [-6.409765900000001, 53.926401999999996], [-6.409537599999999, 53.92568300000001], [-6.4093395, 53.92481600000001], [-6.409250999999999, 53.924114800000005], [-6.409228, 53.9236094], [-6.4092255, 53.923386], [-6.409254699999999, 53.922558900000006], [-6.4092991, 53.9221499], [-6.409378000000001, 53.921646], [-6.409450799999999, 53.921304899999996], [-6.409544200000001, 53.9209435], [-6.409722600000001, 53.9203962], [-6.409975000000001, 53.91979990000001], [-6.4100918, 53.9195503], [-6.410339699999999, 53.919050500000004], [-6.4106305, 53.91850719999999], [-6.4112926, 53.9173055], [-6.4130324000000005, 53.91415330000001], [-6.413463400000001, 53.91337570000001], [-6.4144860999999995, 53.9115291], [-6.415804500000002, 53.90913369999999], [-6.416641500000001, 53.9076191], [-6.417611299999998, 53.9058531], [-6.4187066, 53.9038682], [-6.419489800000001, 53.902453], [-6.419996600000001, 53.901537], [-6.420716400000001, 53.9001852], [-6.421025800000001, 53.8996713], [-6.421720500000001, 53.8984016], [-6.421879800000002, 53.89811069999999], [-6.4220232, 53.897854200000005], [-6.4231646, 53.8957855], [-6.423881299999999, 53.8944893], [-6.424392700000001, 53.89355809999999], [-6.4250315, 53.8924037], [-6.4256314, 53.89131080000001], [-6.426134, 53.8904119], [-6.426482599999999, 53.889766300000005], [-6.426905500000001, 53.88897060000001], [-6.4272152, 53.88830730000001], [-6.427600899999999, 53.88739259999999], [-6.428006100000001, 53.8861838], [-6.4283633, 53.88498280000001], [-6.4286256, 53.8837636], [-6.428826000000001, 53.8820805], [-6.428865, 53.880838], [-6.428819200000001, 53.879675999999996], [-6.428785700000001, 53.87923549999999], [-6.428772500000001, 53.87911510000001], [-6.4287065000000005, 53.8785392], [-6.428559, 53.877139799999995], [-6.4283176, 53.8748312], [-6.4283041999999995, 53.87468570000001], [-6.428199600000001, 53.8736958], [-6.427899200000001, 53.8708683], [-6.4278845, 53.870660099999995], [-6.4277839, 53.8698024], [-6.426898699999999, 53.8615035], [-6.4266734, 53.8603566], [-6.4263006, 53.85905950000001], [-6.426043100000001, 53.85838089999999], [-6.4257293, 53.8576627], [-6.425608600000002, 53.857401599999996], [-6.4253189, 53.8568274], [-6.424297, 53.855166300000015], [-6.4231061, 53.85362219999999], [-6.422786900000001, 53.8532567], [-6.4216175, 53.8520369], [-6.4211159, 53.851573300000005], [-6.420273699999999, 53.850834400000004], [-6.418852, 53.849720500000004], [-6.4173849, 53.84870310000001], [-6.416113600000001, 53.84792780000001], [-6.4151819, 53.847391], [-6.413684800000002, 53.8466059], [-6.4115294, 53.8454899], [-6.410734800000002, 53.8450806], [-6.4093953, 53.844392600000006], [-6.408393700000001, 53.843854900000004], [-6.4077053, 53.8434958], [-6.4058349, 53.84252479999999], [-6.405043700000001, 53.8421281], [-6.403546799999999, 53.8413512], [-6.4025912, 53.8408595], [-6.4016303, 53.84034890000001], [-6.4007225000000005, 53.8398164], [-6.400457000000001, 53.8396545], [-6.4002093, 53.839491699999996], [-6.3993847000000015, 53.838938299999995], [-6.399159900000001, 53.838779499999994], [-6.398834299999999, 53.83853309999999], [-6.398144200000001, 53.8379787], [-6.3975927, 53.8374693], [-6.396511800000001, 53.83641519999999], [-6.3962301, 53.83613820000001], [-6.394752199999999, 53.83469000000001], [-6.3941942, 53.83414830000001], [-6.393999399999999, 53.833951], [-6.393298700000001, 53.833269599999994], [-6.393097900000002, 53.833073999999996], [-6.3912444, 53.83126730000001], [-6.3907634, 53.8307944], [-6.389815099999999, 53.8298598], [-6.389227400000001, 53.8292887], [-6.3888902000000005, 53.8289546], [-6.388675600000001, 53.82874720000001], [-6.388513999999999, 53.8285938], [-6.388282, 53.828379999999996], [-6.387884399999999, 53.828021400000004], [-6.387637, 53.82781279999999], [-6.387241499999999, 53.8274921], [-6.3868704, 53.8272026], [-6.3864971, 53.8269301], [-6.386240899999999, 53.82676060000001], [-6.385825600000001, 53.8264816], [-6.3853948, 53.8262052], [-6.385001600000001, 53.82596659999999], [-6.3844493, 53.82565499999999], [-6.3840848, 53.8254529], [-6.383665099999999, 53.8252351], [-6.3831946, 53.82500559999999], [-6.3827196, 53.82478400000001], [-6.382293300000001, 53.824587099999995], [-6.3818581, 53.82440059999999], [-6.381429599999999, 53.82422720000001], [-6.381069500000001, 53.8240864], [-6.380618800000001, 53.82391560000001], [-6.380283100000001, 53.823792999999995], [-6.3798368000000005, 53.82364040000001], [-6.3792757, 53.8234579], [-6.378800700000001, 53.82330009999999], [-6.3783369, 53.8231515], [-6.3776586, 53.82292590000001], [-6.376737500000001, 53.8226234], [-6.375946700000002, 53.8223639], [-6.375292800000001, 53.8221539], [-6.3745749, 53.8219179], [-6.373664800000001, 53.8216219], [-6.372940200000001, 53.8213833], [-6.3722819, 53.82116940000001], [-6.371519800000001, 53.8209164], [-6.370508000000001, 53.82058519999999], [-6.3695438, 53.8202684], [-6.368509899999999, 53.8199306], [-6.368189599999999, 53.8198315], [-6.3678804000000016, 53.8197376], [-6.3674518, 53.819611099999996], [-6.366954799999999, 53.81947029999999], [-6.3664865, 53.8193477], [-6.3659254, 53.8192108], [-6.3654305, 53.8190981], [-6.365096900000001, 53.81902379999999], [-6.364699299999999, 53.818943], [-6.364330400000001, 53.8188686], [-6.363926, 53.818795600000016], [-6.363585900000001, 53.8187356], [-6.3629387, 53.8186313], [-6.3623732, 53.8185439], [-6.361615399999999, 53.81843310000001], [-6.359865900000001, 53.8181683], [-6.3582643, 53.8179284], [-6.3574380999999995, 53.8177966], [-6.356492700000001, 53.81765839999999], [-6.3549287, 53.8174198], [-6.3542527, 53.81731800000001], [-6.3534133, 53.81719150000001], [-6.3524192, 53.817044200000005], [-6.350698399999999, 53.81678200000001], [-6.348796400000001, 53.8164951], [-6.346900999999999, 53.8162121], [-6.345122700000001, 53.8159395], [-6.3442656, 53.8158104], [-6.343342200000001, 53.8156709], [-6.342993200000001, 53.8156148], [-6.342473999999999, 53.815522200000004], [-6.3419329, 53.8154257], [-6.341424800000001, 53.8153253], [-6.340945400000001, 53.8152222], [-6.340441799999999, 53.8151075], [-6.3399359, 53.814988799999995], [-6.339463199999998, 53.814861], [-6.338937399999999, 53.8147123], [-6.3384271, 53.81456490000001], [-6.337923400000001, 53.8144084], [-6.3375015, 53.8142689], [-6.336863100000001, 53.81404839999999], [-6.336370500000001, 53.813860600000005], [-6.335752000000001, 53.813616700000004], [-6.335383000000001, 53.8134641], [-6.33497, 53.8132841], [-6.3346055, 53.8131198], [-6.3342321, 53.81294630000001], [-6.3337395, 53.8127103], [-6.333408199999999, 53.812542], [-6.332835300000002, 53.8122392], [-6.332420000000001, 53.812010900000004], [-6.3321218, 53.8118375], [-6.331628300000001, 53.81153340000001], [-6.331067700000002, 53.811180199999995], [-6.3308102, 53.8110076], [-6.3305313, 53.8108081], [-6.330193300000001, 53.810557800000005], [-6.329801699999999, 53.8102585], [-6.3295013, 53.81001940000001], [-6.3291365, 53.80971050000001], [-6.328715399999999, 53.809332000000005], [-6.3284096, 53.80904060000001], [-6.3280797, 53.8087064], [-6.327806099999999, 53.808413400000006], [-6.327562100000001, 53.8081346], [-6.327352800000001, 53.807886], [-6.327194600000002, 53.80768479999999], [-6.327049700000001, 53.807496400000005], [-6.326867400000002, 53.8072477], [-6.326666200000001, 53.8069642], [-6.3264597, 53.8066458], [-6.326250500000001, 53.806295799999994], [-6.326073400000002, 53.805978999999994], [-6.325899100000001, 53.80563849999999], [-6.3257541999999995, 53.8053249], [-6.3256228, 53.8050065], [-6.3254994, 53.8046865], [-6.325373400000001, 53.8043048], [-6.3252634, 53.80393569999999], [-6.3250845, 53.8032548], [-6.324783999999999, 53.8020389], [-6.324474800000001, 53.8008256], [-6.324165499999999, 53.7996201], [-6.323887200000001, 53.798545], [-6.3236486, 53.7976291], [-6.323330500000001, 53.7964026], [-6.32302, 53.7952011], [-6.3228295, 53.794472299999995], [-6.322639100000002, 53.7937293], [-6.322456700000001, 53.7930147], [-6.3223655, 53.79266930000001], [-6.322284999999999, 53.7923144], [-6.3222073000000005, 53.791942099999986], [-6.322159, 53.791706000000005], [-6.322126800000001, 53.7914176], [-6.322094600000001, 53.79114980000001], [-6.3220785, 53.79095180000001], [-6.322062400000001, 53.79057310000001], [-6.322040500000001, 53.789796100000004], [-6.322007400000002, 53.788616999999995], [-6.3219967, 53.7878834], [-6.3219833, 53.78714020000001], [-6.3219725, 53.7864097], [-6.321956500000001, 53.785683899999995], [-6.321937699999999, 53.7849502], [-6.3219215, 53.7842181], [-6.321902800000002, 53.7834954], [-6.321886700000001, 53.782813999999995], [-6.321856800000001, 53.78172670000001], [-6.321838099999999, 53.78095460000001], [-6.3218146, 53.779930099999994], [-6.321807799999999, 53.77972590000001], [-6.321804200000001, 53.779561], [-6.321800500000001, 53.77942169999999], [-6.321786800000001, 53.778641199999996], [-6.3217771, 53.77815280000001], [-6.321751400000001, 53.7770616], [-6.321733599999999, 53.77633840000001], [-6.321701999999999, 53.774686200000005], [-6.3216882000000005, 53.774090300000005], [-6.3216902, 53.77384030000001], [-6.321694100000002, 53.773594899999985], [-6.321699999999999, 53.773403300000005], [-6.3217175, 53.7731825], [-6.3217349, 53.7729907], [-6.3217644, 53.7727561], [-6.321804600000002, 53.77249700000001], [-6.321840300000001, 53.7723078], [-6.3219187, 53.7719487], [-6.3219817, 53.7716935], [-6.3220623, 53.771410200000005], [-6.3221185, 53.77123329999999], [-6.322189300000001, 53.77102510000001], [-6.3223174, 53.7706686], [-6.3224290000000005, 53.7703951], [-6.322652100000001, 53.7698788], [-6.3229923, 53.769114300000005], [-6.323373, 53.7682816], [-6.324621100000001, 53.7655298], [-6.3248121, 53.765096400000004], [-6.325168699999999, 53.76430810000001], [-6.3258437, 53.762821800000005], [-6.327219100000001, 53.759805], [-6.3276667, 53.758801500000004], [-6.327765800000001, 53.75856960000001], [-6.327843100000001, 53.758364900000004], [-6.328319600000001, 53.757098000000006], [-6.328662100000001, 53.75618320000001], [-6.329535600000002, 53.753842], [-6.3296566, 53.75352049999999], [-6.330372999999999, 53.7516012], [-6.330652199999999, 53.7508563], [-6.3309524, 53.750045199999995], [-6.331347200000001, 53.7490049], [-6.332678100000001, 53.7454505], [-6.333146, 53.744187000000004], [-6.333382600000001, 53.7435612], [-6.333787700000001, 53.7424796], [-6.334115099999999, 53.7416027], [-6.3343662, 53.74093229999999], [-6.3345845, 53.74033829999999], [-6.3349293, 53.739422000000005], [-6.335189800000001, 53.73872339999999], [-6.336823700000001, 53.7343734], [-6.3370578, 53.7337409], [-6.337170600000001, 53.733440400000006], [-6.337264500000001, 53.7331782], [-6.337341899999999, 53.73296], [-6.337412499999999, 53.732743], [-6.337501200000001, 53.7324599], [-6.337551699999999, 53.7322635], [-6.337618, 53.7319825], [-6.337675400000001, 53.7317172], [-6.3377197999999995, 53.7314682], [-6.337754000000001, 53.7312351], [-6.3377817, 53.7310184], [-6.337807800000001, 53.7307824], [-6.337822500000001, 53.7305398], [-6.3378322, 53.73033170000001], [-6.337837100000001, 53.73008130000001], [-6.337837100000001, 53.72984240000001], [-6.3378339, 53.72959770000001], [-6.3378094, 53.7286777], [-6.3377655, 53.7271218], [-6.337731300000001, 53.7258087], [-6.337695200000001, 53.724514899999996], [-6.3376807, 53.7240165], [-6.337667499999999, 53.7235115], [-6.337656600000001, 53.7230561], [-6.3376457, 53.722621200000006], [-6.337636599999999, 53.722225], [-6.337627500000001, 53.7218472], [-6.337618800000001, 53.7214675], [-6.337591099999999, 53.7208675], [-6.337578, 53.7203796], [-6.3375658, 53.719997899999996], [-6.3375635, 53.719853799999996], [-6.3375525, 53.71942239999999], [-6.3375481, 53.7191336], [-6.337549199999999, 53.7189852], [-6.3375514, 53.7188721], [-6.3375579, 53.718722400000004], [-6.337560000000001, 53.7186649], [-6.337560000000001, 53.7185942], [-6.3375645, 53.71843140000001], [-6.3375628, 53.71838880000001], [-6.3375617, 53.7183298], [-6.3375484, 53.7175291], [-6.337501999999999, 53.716146200000004], [-6.3374926, 53.7158641], [-6.337490400000001, 53.71574450000001], [-6.3374882, 53.71550460000001], [-6.3374914, 53.7153059], [-6.337493600000001, 53.71486989999999], [-6.3374841592302, 53.71451088045999], [-6.3374793, 53.7143302], [-6.3374591, 53.7141302], [-6.337449561025051, 53.7140333844802], [-6.337429700000002, 53.71391349999999], [-6.3373894, 53.713660999999995], [-6.337372800000002, 53.71357410000001], [-6.3373446, 53.713469800000006], [-6.337307100000001, 53.7133665], [-6.337273399999999, 53.713291], [-6.337244600000001, 53.7132356], [-6.3372124, 53.71318089999999], [-6.3371795, 53.71313020000001], [-6.337136000000001, 53.71306890000001], [-6.337099800000001, 53.71301890000001], [-6.3370582, 53.71296889999999], [-6.3370126, 53.71291810000001], [-6.336956300000001, 53.712859399999985], [-6.336895900000001, 53.7128007], [-6.3368234999999995, 53.7127356], [-6.3367672, 53.7126856], [-6.336646400000002, 53.7125935], [-6.3365633, 53.7125372], [-6.336481200000001, 53.7124855], [-6.3363393, 53.712395900000004], [-6.336198499999999, 53.7123149], [-6.33614530238384, 53.71228592289291], [-6.336062158381942, 53.71224112299726]]}, "properties": {"mode": "rail", "agency": "Iarnr\u00f3d \u00c9ireann", "short": "rail"}}, {"type": "Feature", "geometry": {"type": "LineString", "coordinates": [[-6.336062158381942, 53.71224112299726], [-6.336043, 53.7122308], [-6.3358995, 53.712161699999996], [-6.335785700000001, 53.712109], [-6.3357385, 53.7120871], [-6.335681403100171, 53.71206321371151], [-6.3355883, 53.7120244], [-6.335467599999999, 53.71197599999999], [-6.3353374, 53.71192679999999], [-6.335183299999999, 53.711872799999995], [-6.3350197, 53.7118204], [-6.3348682, 53.71177680000001], [-6.334653600000001, 53.7117204], [-6.334483199999999, 53.7116783], [-6.334333100000001, 53.7116498], [-6.3341909, 53.711623599999996], [-6.334063499999999, 53.7116045], [-6.333886500000001, 53.71158230000001], [-6.333743000000001, 53.7115696], [-6.333573899999999, 53.7115577], [-6.3333661999999995, 53.7115477], [-6.3332092, 53.7115442], [-6.333032200000001, 53.71154339999999], [-6.332860400000002, 53.7115456], [-6.332600200000001, 53.7115531], [-6.3322685, 53.71156280000001], [-6.331967500000001, 53.7115731], [-6.3314624, 53.711581300000006], [-6.3310985, 53.7115856], [-6.3307565, 53.7115877], [-6.330417199999999, 53.7115883], [-6.330180900000001, 53.711583700000006], [-6.329910100000001, 53.7115782], [-6.3291967, 53.7115557], [-6.3287784, 53.711539399999985], [-6.3287467, 53.7115381], [-6.328516100000002, 53.711527], [-6.328247799999999, 53.711512000000006], [-6.3279984, 53.71149530000001], [-6.3276569, 53.71147390000001], [-6.327592, 53.711469900000004], [-6.327319800000001, 53.7114477], [-6.3268584, 53.71140569999999], [-6.326426500000001, 53.7113611], [-6.326064500000002, 53.71131909999999], [-6.3256138, 53.7112651], [-6.325184799999999, 53.7112111], [-6.324203300000001, 53.7110818], [-6.322397700000001, 53.7108461], [-6.3216974, 53.7107532], [-6.320959599999998, 53.7106604], [-6.319061600000001, 53.7104023], [-6.3183171, 53.7103004], [-6.3176787, 53.7102167], [-6.317351800000001, 53.71017090000001], [-6.316307499999999, 53.71001969999999], [-6.3156779, 53.70991510000001], [-6.3151108, 53.709823], [-6.314613100000001, 53.70973399999999], [-6.3142508, 53.7096634], [-6.313564500000001, 53.7095249], [-6.312764800000001, 53.709362799999994], [-6.3123606, 53.7092804], [-6.311719999999999, 53.7091444], [-6.311092600000001, 53.70900189999999], [-6.3107524, 53.7089222], [-6.3102532, 53.708803200000006], [-6.309787, 53.7086881], [-6.3093872, 53.70858609999999], [-6.308894600000001, 53.7084606], [-6.3083865, 53.70832589999999], [-6.307573500000001, 53.7081089], [-6.306906500000001, 53.7079337], [-6.3064624, 53.707816], [-6.305881500000001, 53.7076578], [-6.305284900000001, 53.707497], [-6.304896199999999, 53.707395], [-6.3043461999999995, 53.7072459], [-6.303473599999999, 53.70701450000001], [-6.302857299999999, 53.70684580000001], [-6.302077500000002, 53.7066366], [-6.3014899, 53.7064797], [-6.300900100000001, 53.70632020000001], [-6.3002063999999995, 53.70613579999999], [-6.299462000000001, 53.705935700000005], [-6.298947299999999, 53.7057984], [-6.2985187, 53.70568600000001], [-6.297765100000001, 53.70548440000001], [-6.297075600000001, 53.70530350000001], [-6.2962624, 53.705087], [-6.29534, 53.704834], [-6.2943029, 53.704553999999995], [-6.2935643, 53.7043579], [-6.2928602, 53.704171599999995], [-6.292298, 53.704021899999994], [-6.2917158, 53.7038625], [-6.290869799999999, 53.703639599999995], [-6.2902148, 53.70346080000001], [-6.289709000000001, 53.70332729999999], [-6.2889122, 53.7031119], [-6.288219000000001, 53.7029234], [-6.2873712, 53.7026983], [-6.2867053, 53.702519900000006], [-6.285972100000001, 53.70232179999999], [-6.285522600000001, 53.702200000000005], [-6.284836799999999, 53.70201910000001], [-6.2844001, 53.7018996], [-6.283958000000001, 53.7017822], [-6.2835504, 53.7016766], [-6.2832175999999995, 53.7015851], [-6.2829396000000015, 53.7015085], [-6.2822371, 53.7013228], [-6.281405400000001, 53.7010967], [-6.2808271, 53.700946699999996], [-6.2802556, 53.700791900000006], [-6.2797696, 53.7006611], [-6.279241700000001, 53.7005198], [-6.2786982, 53.7003734], [-6.278163700000002, 53.70023290000001], [-6.2775283, 53.7000653], [-6.277025700000002, 53.6999275], [-6.276652400000001, 53.699826200000004], [-6.276382400000001, 53.6997568], [-6.275722700000001, 53.69958110000001], [-6.2750133, 53.69938189999999], [-6.274574800000002, 53.6992569], [-6.2741363, 53.699125499999994], [-6.273448600000001, 53.69891869999999], [-6.2729883, 53.6987744], [-6.272284000000001, 53.69854170000001], [-6.271740300000001, 53.698357599999994], [-6.271136299999999, 53.69815100000001], [-6.2704351, 53.6979021], [-6.2701711, 53.697798799999994], [-6.269082, 53.6973751], [-6.268544899999999, 53.6971598], [-6.267765400000001, 53.696833600000005], [-6.267476, 53.69671199999999], [-6.267093900000001, 53.696544599999996], [-6.266581399999999, 53.696311800000004], [-6.2660686, 53.6960716], [-6.2655034, 53.6958056], [-6.2648362, 53.6954773], [-6.264169099999999, 53.69513990000001], [-6.2637162, 53.694903100000005], [-6.262759700000001, 53.6943839], [-6.262313499999999, 53.6941314], [-6.2617679, 53.6938228], [-6.2613194000000005, 53.6935546], [-6.2608555, 53.6932656], [-6.2605419, 53.6930694], [-6.2602348, 53.692870500000005], [-6.259954300000001, 53.69268349999999], [-6.2595544, 53.69241540000001], [-6.2591988, 53.69217470000001], [-6.2588608, 53.691937900000006], [-6.258527100000001, 53.6916933], [-6.258140600000001, 53.6914095], [-6.257591800000001, 53.6910066], [-6.257160200000001, 53.69067880000001], [-6.2565967, 53.6902546], [-6.256009, 53.68981869999999], [-6.2556231, 53.68953330000001], [-6.255419500000001, 53.6893838], [-6.2551802, 53.6891997], [-6.2549424, 53.68902030000001], [-6.2546379, 53.6887889], [-6.254338300000001, 53.6885671], [-6.253779800000001, 53.6881505], [-6.2531936, 53.6877195], [-6.2526204, 53.6872894], [-6.2520325, 53.6868516], [-6.251483800000001, 53.68644559999999], [-6.250979000000001, 53.6860705], [-6.250383000000001, 53.68562980000001], [-6.249785400000001, 53.685193000000005], [-6.2491731, 53.6847349], [-6.248627600000001, 53.684330800000005], [-6.2480463, 53.6838882], [-6.247579, 53.6835381], [-6.247140899999999, 53.6832093], [-6.246382100000001, 53.6826488], [-6.2458545, 53.6822545], [-6.245465300000001, 53.681965199999986], [-6.245120100000001, 53.6817027], [-6.2447261, 53.681401], [-6.244572999999999, 53.6812775], [-6.244224400000001, 53.680990099999995], [-6.2438683, 53.680682399999995], [-6.243660600000001, 53.680491399999994], [-6.2434132, 53.680250599999994], [-6.243192200000001, 53.6800269], [-6.242964800000001, 53.6797901], [-6.242688600000001, 53.679489100000005], [-6.24258270593198, 53.67936731739861], [-6.242390399999998, 53.679146300000006], [-6.242200399999999, 53.6789056], [-6.242094400000001, 53.6787669], [-6.241915199999999, 53.678520799999994], [-6.241824799999999, 53.678396000000006], [-6.241634900000001, 53.6781244], [-6.2414472, 53.677842999999996], [-6.2412659999999995, 53.677548699999996], [-6.2408839, 53.6769127], [-6.2394126, 53.6745169], [-6.2371903, 53.6708632], [-6.2368828, 53.67036490000001], [-6.236811900000001, 53.67025000000001], [-6.2364658, 53.66968920000001], [-6.236116699999999, 53.669116], [-6.235487200000001, 53.6680729], [-6.233996100000001, 53.66563459999999], [-6.233772900000001, 53.66527330000001], [-6.2334756, 53.66479330000001], [-6.2331737, 53.66431140000001], [-6.233028300000001, 53.6640721], [-6.232922600000001, 53.6638974], [-6.2325806, 53.66334219999999], [-6.232267700000001, 53.6628239], [-6.232107600000001, 53.6625693], [-6.231941900000001, 53.6622918], [-6.2317663, 53.662009700000006], [-6.231600600000001, 53.66173679999999], [-6.2314194, 53.66144160000001], [-6.2312416, 53.66114840000001], [-6.231058, 53.6608473], [-6.2308347, 53.660479], [-6.230513200000001, 53.65995370000001], [-6.2304017, 53.659773400000006], [-6.2299852, 53.65908900000001], [-6.229022699999999, 53.657514], [-6.226950400000001, 53.65411520000001], [-6.225542300000002, 53.651824399999995], [-6.224735099999998, 53.6504764], [-6.2226388, 53.6470498], [-6.221996200000001, 53.6459965], [-6.22109, 53.644517500000006], [-6.220978499999999, 53.6443447], [-6.2209239, 53.6442567], [-6.220432499999999, 53.6434258], [-6.219602999999999, 53.64205350000001], [-6.2193853, 53.6417033], [-6.219185700000001, 53.6413804], [-6.218080600000001, 53.63956579999999], [-6.217835400000001, 53.63916109999999], [-6.2175658, 53.6387237], [-6.217378100000002, 53.638412], [-6.2171505, 53.63803080000001], [-6.2170273, 53.6378366], [-6.2169662, 53.6377404], [-6.2167905, 53.63747430000001], [-6.2165541, 53.637139], [-6.2163619, 53.636877], [-6.216107899999999, 53.6365365], [-6.215921899999999, 53.636308299999996], [-6.2157187, 53.6360686], [-6.215400600000001, 53.6357136], [-6.214874700000001, 53.6351557], [-6.2143601, 53.634637], [-6.214039800000001, 53.63434099999999], [-6.2137298, 53.6340841], [-6.2134554, 53.633866600000005], [-6.2133316, 53.6337736], [-6.2131824, 53.6336451], [-6.2130423, 53.633515599999996], [-6.2128876, 53.6333715], [-6.2124679, 53.6330401], [-6.2119422, 53.6326485], [-6.2115799, 53.6323904], [-6.2111845, 53.63212190000001], [-6.210670899999999, 53.63179329999999], [-6.21004, 53.6314144], [-6.209607000000001, 53.631166799999995], [-6.2091166000000015, 53.6308891], [-6.208573200000001, 53.6305995], [-6.208085, 53.630356], [-6.207098899999999, 53.62987720000001], [-6.206073900000002, 53.6293756], [-6.205515, 53.6291044], [-6.204887600000002, 53.6287992], [-6.2041144, 53.6284285], [-6.2030519, 53.6279202], [-6.201885500000001, 53.6273543], [-6.200666099999999, 53.626766100000005], [-6.1994246, 53.62616870000001], [-6.198340000000001, 53.62561839999999], [-6.197907000000001, 53.6253905], [-6.196937299999999, 53.6248442], [-6.196265699999999, 53.62444200000001], [-6.1956958, 53.62408560000001], [-6.195265000000001, 53.6238026], [-6.194772399999999, 53.623472500000005], [-6.194297399999999, 53.623133], [-6.1939687999999995, 53.6229007], [-6.193292800000001, 53.6223794], [-6.1929526, 53.6221069], [-6.192352399999999, 53.621597400000006], [-6.1919702, 53.62126069999999], [-6.191634400000002, 53.62095279999999], [-6.191285400000001, 53.6206135], [-6.1907587, 53.6200895], [-6.190476299999999, 53.619807], [-6.1903502, 53.619681], [-6.1897791, 53.61910760000001], [-6.189233499999999, 53.6185507], [-6.188606100000001, 53.617912499999996], [-6.188045, 53.61733340000001], [-6.187685000000001, 53.6169705], [-6.187097499999999, 53.61638450000001], [-6.186710799999998, 53.61599999999999], [-6.1865325, 53.6158258], [-6.185976000000001, 53.615237], [-6.185372800000001, 53.61462130000001], [-6.185308600000001, 53.6145556], [-6.1851993, 53.6144442], [-6.184849800000001, 53.614089699999994], [-6.184494400000001, 53.6137265], [-6.184201900000001, 53.6134467], [-6.183854499999999, 53.6131269], [-6.183350300000001, 53.6126932], [-6.183098400000001, 53.6124848], [-6.182757100000001, 53.61221489999999], [-6.182523000000001, 53.612035999999996], [-6.1823134, 53.6118867], [-6.182203090604701, 53.611807894992495], [-6.182115399999999, 53.61174569999999], [-6.181812800000001, 53.6115406], [-6.181512400000001, 53.6113426], [-6.181153500000001, 53.6111211], [-6.181093, 53.6110829], [-6.181049599999999, 53.6110556], [-6.180869600000001, 53.61094550000001], [-6.1806465, 53.61081180000001], [-6.180343800000001, 53.610628399999996], [-6.1800512, 53.6104449], [-6.1797551, 53.6102522], [-6.179138700000001, 53.6098741], [-6.178234500000001, 53.6093204], [-6.1775776, 53.6089221], [-6.176961000000001, 53.60854210000001], [-6.1761623, 53.6080488], [-6.175447300000001, 53.6076095], [-6.174614000000001, 53.607101099999994], [-6.173094900000001, 53.60616410000001], [-6.172206999999999, 53.605617900000006], [-6.1714702, 53.6051699], [-6.1708171, 53.6047694], [-6.170238499999999, 53.60441310000001], [-6.1697364, 53.6041033], [-6.169234199999999, 53.603784899999994], [-6.168706599999999, 53.60343830000001], [-6.1682627, 53.6031339], [-6.167653500000001, 53.60267859999999], [-6.1673677, 53.6024545], [-6.1669833999999994, 53.60214640000001], [-6.166615, 53.6018268], [-6.166334100000001, 53.60156670000001], [-6.165812700000001, 53.6010776], [-6.1653797, 53.60063819999999], [-6.1649776, 53.60020310000001], [-6.1645828, 53.59977659999999], [-6.164087099999999, 53.59923959999999], [-6.163552300000001, 53.59865940000001], [-6.162920500000001, 53.5979752], [-6.1623022, 53.59730520000001], [-6.1617144, 53.5966682], [-6.161411800000001, 53.5963457], [-6.1611511, 53.596065], [-6.160812999999999, 53.5957061], [-6.160379800000001, 53.5952421], [-6.1596132, 53.59441220000001], [-6.159131600000001, 53.5939113], [-6.158646600000001, 53.593441], [-6.158207, 53.593026699999996], [-6.157579700000002, 53.59243669999999], [-6.1568838, 53.59179290000001], [-6.156503900000001, 53.591432399999995], [-6.156108400000001, 53.591060000000006], [-6.1556092, 53.5905906], [-6.1554478999999995, 53.59042800000001], [-6.1551475, 53.5901487], [-6.154422900000002, 53.5894813], [-6.153751399999999, 53.58885850000001], [-6.153402400000001, 53.588533299999995], [-6.1531307, 53.58828030000001], [-6.152779400000001, 53.5879669], [-6.1521564999999985, 53.5874384], [-6.1517434, 53.58712239999999], [-6.1515088, 53.58695920000001], [-6.1514076, 53.586889], [-6.151158, 53.5867211], [-6.1507537, 53.5864628], [-6.150468699999999, 53.586295], [-6.150079999999999, 53.586074700000005], [-6.1495034, 53.5857665], [-6.149200800000001, 53.5856157], [-6.1488009, 53.585428199999996], [-6.148104100000001, 53.5851241], [-6.147879999999999, 53.58502630000001], [-6.1475215, 53.5848755], [-6.147201100000001, 53.5847527], [-6.1462652, 53.5843887], [-6.145417100000001, 53.5840765], [-6.1448769, 53.5838811], [-6.143938000000001, 53.5835664], [-6.143381300000001, 53.583371], [-6.1428092, 53.58319269999999], [-6.142097900000001, 53.5829671], [-6.1416015, 53.5828168], [-6.1409008, 53.58260899999999], [-6.1396464, 53.5822568], [-6.135823, 53.581196000000006], [-6.135646899999999, 53.58114710000001], [-6.132975999999999, 53.5804081], [-6.130604100000001, 53.5797517], [-6.130158900000001, 53.57962280000001], [-6.129645900000001, 53.5794629], [-6.129025100000001, 53.5792635], [-6.128417600000001, 53.5790589], [-6.1278875, 53.5788622], [-6.1272931999999996, 53.5786366], [-6.126749800000001, 53.5784228], [-6.1261519, 53.578174], [-6.125616400000001, 53.5779425], [-6.1254111, 53.5778497], [-6.1249207, 53.57762009999999], [-6.124397199999999, 53.577367800000005], [-6.1238759, 53.5771001], [-6.123367699999999, 53.57683000000001], [-6.122976800000002, 53.5766175], [-6.122576899999999, 53.576388], [-6.121947400000002, 53.57600889999999], [-6.121353300000001, 53.5756284], [-6.1207325, 53.575208599999996], [-6.12022, 53.574836100000006], [-6.120138800000001, 53.5747752], [-6.1197369, 53.574473899999994], [-6.119321, 53.5741403], [-6.1191691149613705, 53.574013009448], [-6.1191546, 53.57400090000001], [-6.1189805, 53.5738551], [-6.118604900000001, 53.57352870000001], [-6.118354199999999, 53.57329690000001], [-6.1180726, 53.5730286], [-6.1178457, 53.5728109], [-6.117504500000001, 53.57246550000001], [-6.117236800000001, 53.5721706], [-6.1169301, 53.57181349999999], [-6.116760700000001, 53.57161490000001], [-6.116619300000001, 53.57144290000001], [-6.116564100000001, 53.5713663], [-6.116503300000001, 53.5712701], [-6.116383700000001, 53.57112109999999], [-6.116283000000001, 53.570998200000005], [-6.116201000000001, 53.5708793], [-6.1160137, 53.5706006], [-6.115831700000001, 53.5703067], [-6.1156808, 53.5700723], [-6.115538900000001, 53.5698108], [-6.115344200000001, 53.5693938], [-6.115129500000001, 53.568850299999994], [-6.115052099999999, 53.5686288], [-6.114954899999999, 53.568349000000005], [-6.114750000000001, 53.5675799], [-6.1143236000000005, 53.56547549999999], [-6.1141236, 53.56444289999999], [-6.1134189, 53.560911600000004], [-6.1124641, 53.5562303], [-6.112363, 53.55560090000001], [-6.112310500000001, 53.554959399999994], [-6.112317099999999, 53.5544397], [-6.112363300000001, 53.553883199999994], [-6.1125459, 53.553035099999995], [-6.1126284, 53.552777299999995], [-6.112767500000001, 53.5523757], [-6.112895700000001, 53.552073899999996], [-6.113174, 53.5515437], [-6.1134965, 53.5510187], [-6.113883099999999, 53.5504701], [-6.1144088000000005, 53.54982309999999], [-6.1148175, 53.5493913], [-6.116100899999999, 53.5480696], [-6.116748600000001, 53.547410299999996], [-6.1171519000000005, 53.5470101], [-6.118047299999998, 53.5461215], [-6.120740100000002, 53.5434385], [-6.123342400000001, 53.540839399999996], [-6.126030100000001, 53.5381209], [-6.127432199999999, 53.5367454], [-6.129258300000001, 53.534910999999994], [-6.130537, 53.5336363], [-6.132350100000001, 53.5318284], [-6.133962900000002, 53.530206700000015], [-6.135601500000001, 53.52857089999999], [-6.136427900000001, 53.5277409], [-6.1387455, 53.5254247], [-6.142626699999999, 53.52154310000001], [-6.143161300000001, 53.521006], [-6.143388372580911, 53.52077783956419], [-6.1434347, 53.5207314], [-6.143647200000001, 53.52050030000001], [-6.143885300000001, 53.5202483], [-6.1439252, 53.5202027], [-6.1440361, 53.5200761], [-6.144370800000001, 53.51968049999999], [-6.144564000000002, 53.51943729999999], [-6.1447819, 53.5191494], [-6.1449595, 53.51891100000001], [-6.1451021, 53.5187117], [-6.145446299999999, 53.5181903], [-6.145692099999999, 53.51778980000001], [-6.145926500000001, 53.5173937], [-6.146032299999999, 53.5171935], [-6.1463172, 53.5166195], [-6.1465713, 53.516045500000004], [-6.146725900000001, 53.5156554], [-6.146856099999999, 53.5152779], [-6.147024100000001, 53.514744], [-6.147136799999999, 53.5142972], [-6.147203199999999, 53.5140118], [-6.147285000000002, 53.5135772], [-6.1474888, 53.5122542], [-6.1477875, 53.5102122], [-6.147805400000001, 53.51008290000001], [-6.147848299999999, 53.50978910000001], [-6.1480105, 53.50869639999999], [-6.148544, 53.5050466], [-6.148945500000001, 53.502366200000004], [-6.149046700000001, 53.50167939999999], [-6.149058700000001, 53.5015989], [-6.149259000000001, 53.5002819], [-6.149392099999999, 53.4993419], [-6.149621400000001, 53.497787], [-6.150062599999999, 53.49479049999999], [-6.150403200000001, 53.492523], [-6.1507369, 53.4902679], [-6.1509262, 53.4889991], [-6.1509325000000015, 53.4889567], [-6.1511533, 53.4874764], [-6.1513346, 53.48623820000001], [-6.15144283544471, 53.4854995769172], [-6.151477500000001, 53.4852621], [-6.151515100000001, 53.48498910000001], [-6.151659, 53.4839772], [-6.151808100000001, 53.482994100000006], [-6.151942700000001, 53.482032800000006], [-6.1520847000000005, 53.48108650000001], [-6.152233900000001, 53.480099], [-6.1523302, 53.479443999999994], [-6.152405400000001, 53.4789146], [-6.152484399999999, 53.47837679999999], [-6.1525675, 53.47782620000001], [-6.152646599999999, 53.4772825], [-6.152729100000001, 53.47675060000001], [-6.1527402, 53.476657499999995], [-6.152817799999999, 53.4761417], [-6.153072500000001, 53.4744225], [-6.153304500000001, 53.4728424], [-6.1535035, 53.47144680000001], [-6.153740000000001, 53.4698725], [-6.153928699999999, 53.46863280000001], [-6.154220799999999, 53.4666528], [-6.154452000000002, 53.4650831], [-6.154691499999998, 53.4634602], [-6.1549154, 53.4619443], [-6.155157599999999, 53.4602867], [-6.155294800000001, 53.4593712], [-6.1553544, 53.458985600000005], [-6.1554292, 53.45853050000001], [-6.155486300000001, 53.4581453], [-6.155517099999999, 53.4579114], [-6.155542800000001, 53.4577168], [-6.156021400000001, 53.4544377], [-6.156091900000001, 53.4539551], [-6.1561382, 53.4536298], [-6.1561868, 53.45328790000001], [-6.156342400000001, 53.4522527], [-6.156352900000001, 53.4521678], [-6.1565626, 53.4506919], [-6.15656897832846, 53.450648330668805], [-6.1566531, 53.4500744], [-6.156677300000001, 53.44991530000001], [-6.1567451, 53.44947019999999], [-6.156840400000001, 53.4488389], [-6.156924299999999, 53.4482574], [-6.1569769999999995, 53.44789500000001], [-6.1570261, 53.44755790000001], [-6.157107500000002, 53.44700350000001], [-6.1571258, 53.44680679999999], [-6.1571593, 53.446439399999996], [-6.157172699999999, 53.44613840000001], [-6.157170400000002, 53.445778700000005], [-6.1571545, 53.4455243], [-6.157116900000001, 53.445152099999994], [-6.1570499, 53.44476070000001], [-6.156865400000001, 53.4438617], [-6.156738200000001, 53.44322559999999], [-6.156450200000001, 53.441974], [-6.1562136999999995, 53.4407954], [-6.1558431, 53.43904220000001], [-6.155650199999999, 53.43812330000001], [-6.1554574, 53.4372368], [-6.155231799999999, 53.4361764], [-6.155105799999999, 53.435570999999996], [-6.154924500000001, 53.4346972], [-6.154769, 53.4339765], [-6.154609800000001, 53.4332527], [-6.1543987000000016, 53.4322554], [-6.1541878, 53.4312319], [-6.1540967, 53.430813400000005], [-6.154064999999999, 53.43066730000001], [-6.153989499999999, 53.4303199], [-6.153834000000001, 53.4296024], [-6.153633600000002, 53.4286485], [-6.1535836999999995, 53.4284109], [-6.153550300000001, 53.428252], [-6.153456099999999, 53.4278035], [-6.153166299999999, 53.4264342], [-6.1529426, 53.4253889], [-6.1528546, 53.4249842], [-6.152825000000001, 53.4248483], [-6.152738800000001, 53.4244522], [-6.1525278, 53.4234765], [-6.152326199999999, 53.4225051], [-6.152200999999999, 53.42191050000001], [-6.151996199999999, 53.4209726], [-6.151899800000001, 53.4205144], [-6.1518545, 53.4202986], [-6.1518312, 53.420188599999996], [-6.151647700000001, 53.4193399], [-6.151462100000001, 53.4184651], [-6.1514148, 53.4182493], [-6.15139446912785, 53.418157112936896], [-6.151340200000001, 53.4179121], [-6.1512979, 53.41768100000001], [-6.1511109, 53.416840799999996], [-6.1510357, 53.416475899999995], [-6.1507693, 53.41526139999999], [-6.1505146, 53.4140354], [-6.1502855, 53.412943], [-6.1500288, 53.4117779], [-6.149723000000001, 53.4103395], [-6.1496428, 53.40997209999999], [-6.1496008, 53.409777399999996], [-6.1495623, 53.4095903], [-6.149521300000001, 53.4093953], [-6.149404799999999, 53.40883310000001], [-6.149283199999999, 53.408264900000006], [-6.1491762, 53.407786400000006], [-6.1490691, 53.40728429999999], [-6.148982, 53.406880400000006], [-6.148959800000002, 53.40677720000001], [-6.148905399999999, 53.4065251], [-6.148822899999999, 53.40608120000001], [-6.148774899999999, 53.405742700000005], [-6.148754300000001, 53.405599200000005], [-6.148725699999999, 53.40527660000001], [-6.148703600000001, 53.4049961], [-6.148693, 53.4046459], [-6.148698400000002, 53.404322799999996], [-6.148719400000002, 53.40392980000001], [-6.1487523, 53.40361179999999], [-6.1487942, 53.403306199999996], [-6.148845100000001, 53.40301589999999], [-6.148967641702831, 53.4025074453657], [-6.1489751, 53.4024759], [-6.1490328, 53.4022277], [-6.1491090999999996, 53.40193790000001], [-6.1491897, 53.4016541], [-6.1492692, 53.401372900000005], [-6.149349800000001, 53.40109300000001], [-6.1494205, 53.40083880000001], [-6.149477700000001, 53.400633], [-6.1495245, 53.4004593], [-6.149615700000001, 53.4001322], [-6.1497122, 53.399788400000006], [-6.149808400000001, 53.39944140000001], [-6.149962299999999, 53.398913], [-6.150019800000002, 53.3987022], [-6.1501324, 53.39831110000001], [-6.150209799999999, 53.39807], [-6.150302400000001, 53.397805299999995], [-6.1503626, 53.3976415], [-6.1504626, 53.397397399999996], [-6.1505409, 53.397215], [-6.1506482, 53.396995999999994], [-6.1507983, 53.3966907], [-6.150877799999999, 53.396544500000005], [-6.150953900000001, 53.3964088], [-6.1510623, 53.396223], [-6.151197, 53.39600169999999], [-6.151279800000001, 53.395864], [-6.1513804, 53.39571190000001], [-6.151586900000001, 53.3954149], [-6.1517134, 53.395240699999995], [-6.151906599999999, 53.3949766], [-6.152142, 53.394683199999996], [-6.1523809, 53.39440260000001], [-6.1526257, 53.39412560000001], [-6.1528778, 53.39385000000001], [-6.153118999999999, 53.39360310000001], [-6.1533687, 53.39336260000001], [-6.1536484, 53.3931042], [-6.153924400000001, 53.3928615], [-6.1543294, 53.3925275], [-6.1546053, 53.39230069999999], [-6.1549499, 53.392039200000006], [-6.155332100000001, 53.39176170000001], [-6.155590361056211, 53.39157205937371], [-6.1559459, 53.3913111], [-6.155977200000001, 53.3912882], [-6.1562776, 53.3910651], [-6.1566813, 53.39078109999999], [-6.156987299999999, 53.3905771], [-6.157247, 53.3903702], [-6.1575049, 53.3901639], [-6.157586, 53.3901086], [-6.1580436999999995, 53.3897655], [-6.158586199999999, 53.3893612], [-6.1590831999999995, 53.38900610000001], [-6.1596437, 53.388582899999996], [-6.160298, 53.388099800000006], [-6.160652000000001, 53.3878457], [-6.1610061, 53.38759160000001], [-6.16105707007858, 53.38755518098719], [-6.161468300000001, 53.3872617], [-6.1616573, 53.387130500000005], [-6.162087600000001, 53.38683770000001], [-6.162424900000001, 53.38660149999999], [-6.162927899999999, 53.386299400000006], [-6.1634188000000005, 53.38600299999999], [-6.1639577, 53.3856988], [-6.1645051, 53.38539519999999], [-6.165026, 53.385136], [-6.1656994, 53.384800299999995], [-6.166292399999999, 53.38451970000001], [-6.167043799999999, 53.3842011], [-6.1676811, 53.38394480000001], [-6.1684061, 53.3836727], [-6.1692156, 53.3833834], [-6.169684199999999, 53.383218299999996], [-6.170251699999999, 53.38302610000001], [-6.170637200000001, 53.382891599999994], [-6.1713371000000015, 53.3826887], [-6.1719915, 53.382501299999994], [-6.172727000000001, 53.3823067], [-6.1731699, 53.382199400000005], [-6.1736186, 53.382089699999995], [-6.1739904, 53.38199769999999], [-6.1743799, 53.38191280000001], [-6.174791099999999, 53.381824400000006], [-6.1751273, 53.3817607], [-6.17581548726892, 53.38164432918191], [-6.175893299999999, 53.38163120000001], [-6.1761704, 53.38158430000001], [-6.1768731, 53.3814635], [-6.1788021, 53.3811471], [-6.178973999999999, 53.381116399999996], [-6.180704800000001, 53.3808207], [-6.1819682, 53.38060370000001], [-6.182814499999999, 53.3804658], [-6.184069999999999, 53.3802487], [-6.184894399999999, 53.380116699999995], [-6.1860254, 53.37992679999999], [-6.1869743999999995, 53.3797558], [-6.1874192, 53.3796673], [-6.1882931, 53.3794869], [-6.1891512, 53.3792852], [-6.1900449, 53.3790658], [-6.190556100000001, 53.3789269], [-6.1910112, 53.3787945], [-6.191350756196101, 53.3786899742596], [-6.191400100000001, 53.3786749], [-6.191841799999999, 53.378532400000005], [-6.1921275, 53.37843639999999], [-6.192541600000001, 53.37828749999999], [-6.192750400000001, 53.378207999999994], [-6.1930805, 53.3780842], [-6.193553400000001, 53.37788940000001], [-6.193936299999999, 53.3777276], [-6.194447599999999, 53.3775035], [-6.195106699999999, 53.377194800000005], [-6.1955484, 53.3769886], [-6.1957974, 53.376870499999995], [-6.196105300000001, 53.3767244], [-6.196591499999999, 53.3765024], [-6.196954000000001, 53.3763191], [-6.197549300000002, 53.37603910000001], [-6.1980006, 53.3758279], [-6.198579199999999, 53.3755615], [-6.1989957, 53.37536810000001], [-6.199396599999999, 53.3751741], [-6.199694300000001, 53.3750376], [-6.200063999999999, 53.37486400000001], [-6.2003879, 53.3747089], [-6.2008929, 53.3744685], [-6.2010147, 53.3744105], [-6.2015527, 53.374144199999996], [-6.201706099999999, 53.37406889999999], [-6.202322500000001, 53.3737879], [-6.202891300000001, 53.3735457], [-6.203619000000001, 53.3732525], [-6.204007300000001, 53.373097], [-6.204193266185471, 53.3730304039848], [-6.2044214, 53.372948799999996], [-6.204968600000001, 53.3727669], [-6.205565699999999, 53.372568099999995], [-6.206524299999999, 53.3722668], [-6.2071773, 53.37206509999999], [-6.2074154, 53.3719927], [-6.207939, 53.37183339999999], [-6.2084168, 53.3716949], [-6.209197500000001, 53.371462400000006], [-6.209724300000001, 53.3713053], [-6.2102306, 53.371153], [-6.210861900000001, 53.370966599999996], [-6.2114661, 53.3707723], [-6.2119738, 53.3705974], [-6.2124463, 53.3704232], [-6.212853599999999, 53.3702628], [-6.2132921, 53.37007570000001], [-6.213839199999999, 53.36983670000001], [-6.214548500000001, 53.3695174], [-6.215418200000001, 53.3690957], [-6.2162879, 53.368649], [-6.217255300000001, 53.3681326], [-6.217457200000001, 53.3680235], [-6.218470600000001, 53.3675177], [-6.2191021, 53.36717509999999], [-6.219609900000001, 53.366905], [-6.219938, 53.366731300000005], [-6.222824000000001, 53.36522840000001], [-6.224772, 53.3642139], [-6.225180599999999, 53.3640011], [-6.225776399999999, 53.363696100000006], [-6.2267708, 53.363183299999996], [-6.2268663812194, 53.3631351320811], [-6.227329, 53.36290240000001], [-6.227896600000001, 53.3626059], [-6.228702, 53.36218960000001], [-6.2294184, 53.3618304], [-6.230389800000001, 53.36132210000001], [-6.2311139, 53.3609399], [-6.2317367, 53.3606253], [-6.2323005, 53.36032980000001], [-6.233053000000001, 53.3599433], [-6.233594700000001, 53.3596641], [-6.233988300000001, 53.3594612], [-6.234542800000001, 53.3591678], [-6.235061000000001, 53.358891500000006], [-6.2356686, 53.35857910000001], [-6.236233299999999, 53.3582843], [-6.236587300000001, 53.3580954], [-6.236829000000001, 53.3579782], [-6.2371631, 53.35780260000001], [-6.237440300000002, 53.3576568], [-6.2377237, 53.35750920000001], [-6.2378399, 53.3574535], [-6.23865, 53.3570228], [-6.239333900000001, 53.35668189999999], [-6.239913400000001, 53.356375699999994], [-6.2402219, 53.356220400000005], [-6.240320200000001, 53.35617100000001], [-6.2408241, 53.3559654], [-6.240997420188351, 53.355898355347854]]}, "properties": {"mode": "rail", "agency": "Iarnr\u00f3d \u00c9ireann", "short": "rail"}}, {"type": "Feature", "geometry": {"type": "LineString", "coordinates": [[-6.240997420188351, 53.355898355347854], [-6.241352499999999, 53.355761], [-6.241508699999999, 53.355695600000004], [-6.2419493, 53.3555087], [-6.243059, 53.3549288], [-6.243196, 53.35485430000001], [-6.243643524524289, 53.3545646515749], [-6.2437445, 53.3544994], [-6.244081900000001, 53.35428209999999], [-6.244272499999999, 53.35418730000001], [-6.2446622075772495, 53.35398150620039], [-6.2447478, 53.3539363], [-6.2450816, 53.353760099999995], [-6.245714600000001, 53.3534975], [-6.246360999999999, 53.35325420000001], [-6.246616500000001, 53.35314050000001], [-6.246885400000001, 53.35301160000001], [-6.247016417008142, 53.35294629376662]]}, "properties": {"mode": "rail", "agency": "Iarnr\u00f3d \u00c9ireann", "short": "rail"}}, {"type": "Feature", "geometry": {"type": "LineString", "coordinates": [[-6.247016417008142, 53.35294629376662], [-6.2470798, 53.3529147], [-6.247386483959019, 53.3527760407914], [-6.247510200323508, 53.3527201731475], [-6.2475984, 53.3526803], [-6.247906900000002, 53.3525779], [-6.2482208, 53.35250090000001], [-6.2485909, 53.352421], [-6.2490752, 53.3522979], [-6.249328500000002, 53.352206499999994], [-6.249730799999999, 53.352065599999996], [-6.250009399999999, 53.3519491], [-6.250145200000001, 53.3518838], [-6.250179200000001, 53.351866], [-6.2508197, 53.35153089999999], [-6.251055699999999, 53.351402199999995], [-6.251603499999999, 53.3511183], [-6.252722200000001, 53.3505282], [-6.252863900000001, 53.35045240000001], [-6.253217200000001, 53.35025790000001], [-6.2532937, 53.350205], [-6.2534358, 53.35011870000001], [-6.2536866, 53.34994499999999], [-6.2538355999999995, 53.3498037], [-6.2539146, 53.349728799999994], [-6.254139900000001, 53.34947100000001], [-6.2542438, 53.34933860000001], [-6.2543713, 53.349121499999995], [-6.254442499999999, 53.34900110000001], [-6.254550300000001, 53.34870960000001], [-6.254580099999999, 53.34862999999999], [-6.2546169, 53.3484121], [-6.2546274, 53.348162900000005], [-6.2546264, 53.348112400000005], [-6.2546152, 53.3479879], [-6.2545961000000005, 53.34787550000001], [-6.254565199999999, 53.34774410000001], [-6.2545374, 53.3476604], [-6.2544893, 53.3475408], [-6.254409899999999, 53.3473683], [-6.254357737513961, 53.347264178182904], [-6.254317000000001, 53.34719530000002], [-6.2542816000000006, 53.3471318], [-6.254231000000001, 53.3470508], [-6.254161500000001, 53.34695649999999], [-6.254046800000001, 53.3468212], [-6.253926500000002, 53.3466882], [-6.2538235, 53.346589599999994], [-6.2536693, 53.34645510000001], [-6.2535378999999995, 53.346348600000006], [-6.2532258, 53.34609910000001], [-6.253087099999999, 53.34598900000001], [-6.252944799999999, 53.3458793], [-6.252838200000001, 53.3457847], [-6.252440400000002, 53.3454393], [-6.252408905841141, 53.3454125475245], [-6.252300300000001, 53.345321], [-6.25223878394723, 53.3452651648513], [-6.2521071, 53.34514610000001], [-6.251942800000001, 53.3449989], [-6.251607699999999, 53.3447014], [-6.251246500000001, 53.3443905], [-6.251182700000001, 53.34433969999999], [-6.251064600000001, 53.34425100000001], [-6.250753200000001, 53.34405970000001], [-6.250337, 53.343870400000014], [-6.2498055, 53.34369120000001], [-6.249392900000001, 53.34357450000001], [-6.249223200000002, 53.3435328], [-6.248472700000001, 53.3433603], [-6.248269500000001, 53.3433178], [-6.24803988500179, 53.34326448599191], [-6.2471876, 53.34306740000001], [-6.2466308, 53.3429352], [-6.2464414, 53.3428894], [-6.2461935, 53.34283029999999], [-6.245987099999999, 53.3427773], [-6.245463000000001, 53.342635699999995], [-6.2451155, 53.342535999999996], [-6.2449761, 53.342496000000004], [-6.244737800000002, 53.342420700000005], [-6.244087400000001, 53.3422088], [-6.2439604, 53.3421653], [-6.241598000000001, 53.3413176], [-6.241375700000001, 53.341235], [-6.241042199999999, 53.3410987], [-6.240884599999999, 53.34103], [-6.240539700000001, 53.340882099999995], [-6.240372600000001, 53.3408156], [-6.239573200000001, 53.34046330000001], [-6.239409200000001, 53.34039010000001], [-6.2392376, 53.34031430000001], [-6.239087799999999, 53.3402434], [-6.2389658, 53.340187099999994], [-6.2383569, 53.3399165], [-6.237928, 53.3397186], [-6.23748312097837, 53.3395131418283]]}, "properties": {"mode": "rail", "agency": "Iarnr\u00f3d \u00c9ireann", "short": "rail"}}, {"type": "Feature", "geometry": {"type": "LineString", "coordinates": [[-6.237190832639009, 53.33937832114611], [-6.2367558, 53.33917769999999], [-6.2365959, 53.3390985], [-6.235969600000001, 53.33877840000001], [-6.2354582, 53.3385143], [-6.234891899999999, 53.33820779999999], [-6.234421200000002, 53.337941099999995], [-6.2338993, 53.33762699999999], [-6.2337779000000015, 53.3375518], [-6.233362799999999, 53.33728550000001], [-6.233167000000001, 53.33715899999999], [-6.232775400000001, 53.33688510000001], [-6.231274700000001, 53.335756800000006], [-6.230782600000001, 53.33539830000001], [-6.230378000000001, 53.3351048], [-6.229294900000001, 53.3342529], [-6.2290631, 53.33406490000001], [-6.22899349443165, 53.33401260381551], [-6.2289043, 53.333945699999994], [-6.2281653, 53.33337790000001], [-6.2279713999999995, 53.33323020000002], [-6.227921000000002, 53.3331929], [-6.227817800000001, 53.3331138], [-6.227793500000001, 53.33309510000001], [-6.227702700000001, 53.3330304], [-6.227018700000001, 53.3325082], [-6.225782200000001, 53.331555099999996], [-6.2244747, 53.3305712], [-6.223834900000001, 53.3300799], [-6.2232824, 53.3296458], [-6.222788900000001, 53.329277399999995], [-6.2219735, 53.3286591], [-6.221686500000001, 53.3284332], [-6.2211204, 53.3280039], [-6.2209781, 53.3278978], [-6.220823200000001, 53.32778220000001], [-6.220332, 53.3273952], [-6.219520599999999, 53.32677600000001], [-6.2190056, 53.32638510000001], [-6.2185657, 53.32605190000001], [-6.218115100000001, 53.3257107], [-6.217710100000001, 53.3254047], [-6.2171683, 53.3249978], [-6.216822200000001, 53.3247239], [-6.216092700000001, 53.32416959999999], [-6.215744000000001, 53.3239052], [-6.2150628, 53.3233878], [-6.214695300000001, 53.323102600000006], [-6.214649199999999, 53.3230675], [-6.2142242, 53.32274139999999], [-6.2141669, 53.322697299999994], [-6.213541900000001, 53.3222375], [-6.213008200000001, 53.3218545], [-6.212238400000002, 53.321292199999995], [-6.211738099999999, 53.32095029999999], [-6.211618451207811, 53.3208624315403], [-6.211533599999998, 53.32080020000001], [-6.2112929, 53.32063050000001], [-6.2108489, 53.32031489999999], [-6.2102012, 53.3198774], [-6.209798900000001, 53.319609099999994], [-6.209342900000001, 53.31930789999999], [-6.208894999999999, 53.3190083], [-6.208439000000001, 53.3187006], [-6.207902600000001, 53.3183529], [-6.207309799999999, 53.31796200000001], [-6.206781400000001, 53.3176111], [-6.205987500000001, 53.31708549999999], [-6.2055798000000015, 53.3168147], [-6.2050095, 53.3164513], [-6.204945700000001, 53.31641069999999], [-6.204206500000001, 53.31591100000001], [-6.203699600000001, 53.3155713], [-6.2032382, 53.3152685], [-6.202680300000002, 53.3149031], [-6.202151800000001, 53.31455050000001], [-6.201237300000001, 53.31394809999999], [-6.2007599, 53.313627499999996], [-6.199992800000001, 53.31312280000001], [-6.1992565000000015, 53.312643699999995], [-6.1985859, 53.312201400000006], [-6.197446000000001, 53.3114418], [-6.196346299999999, 53.31071570000001], [-6.1951883, 53.31000220000001], [-6.1948121, 53.309770199999996], [-6.193994000000001, 53.309312], [-6.192615399999999, 53.3085924], [-6.1919743, 53.308283100000004], [-6.190595600000001, 53.3076468], [-6.1873207, 53.3063054], [-6.1857917, 53.30569800000001], [-6.184796699999999, 53.305285999999995], [-6.1837989, 53.3048998], [-6.1822781, 53.30426669999999], [-6.180872600000001, 53.3037057], [-6.179941900000001, 53.3033226], [-6.178697200000003, 53.302852699999995], [-6.1785579, 53.30280009999999], [-6.1784781661156805, 53.30277332634451], [-6.177965099999998, 53.3026014], [-6.1772812, 53.3023705], [-6.1757255, 53.3018881], [-6.174279800000002, 53.301484099999996], [-6.1732176, 53.3012309], [-6.171305199999999, 53.3007676], [-6.1708868, 53.3006683], [-6.169580500000001, 53.3003589], [-6.168341400000001, 53.3000527], [-6.166847400000001, 53.29964720000001], [-6.166201000000001, 53.2994563], [-6.165578699999999, 53.2992801], [-6.165211600000001, 53.2991718], [-6.164369, 53.2988969], [-6.1636555, 53.29865650000001], [-6.1629957, 53.298435299999994], [-6.162488799999999, 53.2982574], [-6.1619871999999996, 53.298064999999994], [-6.161300600000001, 53.29780530000001], [-6.160458299999999, 53.29749270000001], [-6.1602035, 53.297391699999984], [-6.1595786, 53.2971545], [-6.159087700000001, 53.29696849999999], [-6.158465499999999, 53.29673129999999], [-6.157379200000001, 53.29633690000001], [-6.156668400000001, 53.296104499999984], [-6.1561588, 53.29596980000001], [-6.1556357, 53.2958416], [-6.154949000000001, 53.29569570000001], [-6.1537877, 53.295514499999996], [-6.153165399999999, 53.295455200000006], [-6.152873099999999, 53.295429600000006], [-6.1525619, 53.2954087], [-6.151939700000002, 53.295387899999994], [-6.151547999999999, 53.2953879], [-6.151236899999999, 53.2953911], [-6.150941900000001, 53.29540070000001], [-6.1506254, 53.2954151], [-6.150434800000001, 53.29542800000001], [-6.1498556, 53.2954664], [-6.148839000000001, 53.295560999999985], [-6.1472538, 53.29574060000001], [-6.1464921000000015, 53.295826999999996], [-6.1432547, 53.29619099999999], [-6.1426109, 53.29625200000001], [-6.1421367, 53.2962862], [-6.141782999999999, 53.296304], [-6.1412749, 53.2963173], [-6.1409304, 53.2963201], [-6.140762600000002, 53.2963173], [-6.1402958000000005, 53.29630939999999], [-6.1397862000000005, 53.29628530000001], [-6.139358600000002, 53.296241699999996], [-6.13899908442447, 53.296197803256305], [-6.138963700000001, 53.29619359999999], [-6.1385942, 53.296140199999996], [-6.1383186, 53.29609649999999], [-6.137943100000001, 53.2960244], [-6.1375751, 53.29594860000001], [-6.1370326, 53.2958085], [-6.136778400000001, 53.295734800000005], [-6.136447100000001, 53.295630599999996], [-6.136123, 53.29552100000001], [-6.1358794, 53.295433400000015], [-6.1355289, 53.295298300000006], [-6.135158, 53.2951386], [-6.134665, 53.29491769999999], [-6.13455580475747, 53.29486396738499], [-6.134443700000001, 53.2948089], [-6.134279917217004, 53.29473664001636]]}, "properties": {"mode": "rail", "agency": "Iarnr\u00f3d \u00c9ireann", "short": "rail"}}, {"type": "Feature", "geometry": {"type": "LineString", "coordinates": [[-6.134279917217004, 53.29473664001636], [-6.134118226665551, 53.2946653026556], [-6.133996200000002, 53.2946116], [-6.133126700000001, 53.294191899999994], [-6.132751900000001, 53.2940108], [-6.131793900000002, 53.29354860000001], [-6.1311815, 53.2932111], [-6.1308254, 53.292993800000005], [-6.130068500000001, 53.2924452], [-6.1297079000000005, 53.2921833], [-6.129454599999999, 53.2919945], [-6.129415800000001, 53.2919721], [-6.1291149, 53.291741599999995], [-6.1287665, 53.29146099999999], [-6.128285399999999, 53.2910181], [-6.128172599999998, 53.2909076], [-6.127880800000001, 53.2906341], [-6.127657600000001, 53.290431399999996], [-6.1273492, 53.29012500000001], [-6.127271100000001, 53.29003850000001], [-6.1271904, 53.2899357], [-6.127100000000001, 53.289807599999996], [-6.127043100000001, 53.28971249999999], [-6.126979500000002, 53.2895864], [-6.126904200000001, 53.2893762], [-6.126858900000001, 53.289197], [-6.1268351999999995, 53.2889725], [-6.126851599999999, 53.28875610000001], [-6.1268948, 53.2885343], [-6.126943999999998, 53.2883882], [-6.126957399999999, 53.2883522], [-6.1269775, 53.28830479999999], [-6.127023600000001, 53.2882094], [-6.1271391, 53.2879901], [-6.1272866, 53.2877068], [-6.127480300000001, 53.2873033], [-6.127560800000001, 53.28707969999999], [-6.1275995, 53.286892699999996], [-6.127627800000001, 53.2866139], [-6.1276398, 53.2862852], [-6.127650200000001, 53.28592], [-6.1276502, 53.2856697], [-6.127650200000001, 53.2852163], [-6.1276457, 53.28482600000001], [-6.127589099999999, 53.2843237], [-6.127477400000001, 53.283941600000006], [-6.127329800000001, 53.2836422], [-6.1270885, 53.2832949], [-6.126841100000001, 53.283009799999995], [-6.126537100000001, 53.2827354], [-6.126190000000001, 53.282478], [-6.1258175, 53.2822455], [-6.125486699999999, 53.28206999999999], [-6.1251604, 53.28192750000001], [-6.124696000000001, 53.281751099999994], [-6.124188600000001, 53.2815843], [-6.1230954, 53.2812499], [-6.116232400000001, 53.2791509], [-6.114537500000002, 53.278639899999995], [-6.112529500000001, 53.2780514], [-6.1113708, 53.2777136], [-6.111088199999999, 53.27762440000001], [-6.1098935999999995, 53.27728870000001], [-6.1091398, 53.27710260000001], [-6.1082419, 53.276874500000005], [-6.107389099999999, 53.27667219999999], [-6.107030199999999, 53.2765846], [-6.1061764, 53.27637630000001], [-6.105994369741979, 53.276331083840894], [-6.105694199999999, 53.2762569], [-6.104748200000001, 53.276023099999996], [-6.104645200000001, 53.275997700000005], [-6.103191500000002, 53.27563510000001], [-6.101055800000001, 53.2750982], [-6.100345100000001, 53.2748841], [-6.099663200000001, 53.2746258], [-6.0988859, 53.2742644], [-6.0984037, 53.273994299999984], [-6.097997100000001, 53.2737071], [-6.097370799999999, 53.273224000000006], [-6.0970452, 53.2729076], [-6.096777199999999, 53.2725804], [-6.0966387, 53.27233949999999], [-6.096514400000001, 53.272036099999994], [-6.096448800000001, 53.271883599999995], [-6.096369700000001, 53.2713585], [-6.096402100000001, 53.2711649], [-6.0964794, 53.270981899999995], [-6.096573, 53.27083559999999], [-6.0967435, 53.2706104], [-6.0968897, 53.2704253], [-6.097060900000001, 53.2702356], [-6.097167537087261, 53.27014019821829], [-6.0974116, 53.269921800000006], [-6.097773200000001, 53.269699800000005], [-6.0982712, 53.2694491], [-6.0988443, 53.2691984], [-6.0994212, 53.26897640000001], [-6.100390399999999, 53.2686199], [-6.1012443, 53.2683437], [-6.10191807101945, 53.26813315876791], [-6.102049999999999, 53.268092], [-6.10325, 53.26767219999999], [-6.1053057, 53.26692340000001], [-6.1058192, 53.2667302], [-6.1062383, 53.26654619999999], [-6.106844200000002, 53.2661885], [-6.107109600000001, 53.2659811], [-6.1072806, 53.265792700000006], [-6.107520200000001, 53.2655558], [-6.107693300000001, 53.26533609999999], [-6.107870199999999, 53.26509920000001], [-6.108001, 53.2648725], [-6.1083202, 53.2643665], [-6.108627900000002, 53.2639283], [-6.108776, 53.2637316], [-6.1089202, 53.2635591], [-6.1091606, 53.26326339999999], [-6.1094433, 53.26296090000001], [-6.109908600000001, 53.2624882], [-6.1104394000000015, 53.2619901], [-6.110722099999999, 53.26172660000001], [-6.1110048, 53.2614311], [-6.111277800000001, 53.2611216], [-6.111537299999999, 53.2607984], [-6.1116913, 53.2605925], [-6.1119336, 53.26022900000001], [-6.1121079, 53.2599461], [-6.1121586, 53.25984480000001], [-6.1122105, 53.25974239999999], [-6.112304700000002, 53.2595444], [-6.112437400000001, 53.259212100000006], [-6.112548900000002, 53.258870400000006], [-6.11265730028366, 53.2583522326096], [-6.1127663000000005, 53.2580467], [-6.112854700000001, 53.2575705], [-6.112870100000001, 53.25747960000001], [-6.112904699999999, 53.257179300000004], [-6.1129277, 53.2568561], [-6.1129489999999995, 53.2563004], [-6.112971999999999, 53.25589200000001], [-6.1130009, 53.2556493], [-6.1130163, 53.255385800000006], [-6.113087000000001, 53.254774100000006], [-6.113111100000001, 53.25455920000001], [-6.1131365, 53.25440300000001], [-6.113180900000001, 53.2541168], [-6.113221500000002, 53.2538891], [-6.1132697, 53.2535923], [-6.1132862, 53.253458800000004], [-6.113314100000001, 53.253272], [-6.113328100000002, 53.253107299999996], [-6.1133915, 53.25234369999999], [-6.1134537, 53.25160590000001], [-6.11346, 53.25154369999999], [-6.1134816, 53.2512939], [-6.113510799999999, 53.250991799999994], [-6.1135285, 53.250820999999995], [-6.113557700000002, 53.25051659999999], [-6.113597, 53.2501325], [-6.113631300000001, 53.2498774], [-6.1137023, 53.24955179999999], [-6.1137784, 53.24925420000001], [-6.1139168, 53.24886020000001], [-6.1140652, 53.2485088], [-6.114326500000001, 53.24803210000001], [-6.114412799999999, 53.247893100000006], [-6.114652600000002, 53.24753710000001], [-6.114811199999998, 53.247296500000004], [-6.1148937, 53.247194500000006], [-6.1151086, 53.24692950000001], [-6.115403700000001, 53.2465806], [-6.115709399999999, 53.2462101], [-6.116001200000001, 53.2458304], [-6.11609, 53.24570369999999], [-6.1163108, 53.245376500000006], [-6.116473200000001, 53.245097099999995], [-6.116640599999999, 53.2447897], [-6.1168246, 53.24438120000001], [-6.116856300000002, 53.2443076], [-6.116955300000001, 53.24403430000001], [-6.1171139, 53.2434391], [-6.117191299999999, 53.2428772], [-6.117224299999999, 53.24216049999999], [-6.1172319, 53.2415645], [-6.117235700000002, 53.2412206], [-6.1172395, 53.2408045], [-6.117247099999999, 53.2403755], [-6.1172522, 53.24003609999999], [-6.117254700000001, 53.2395957], [-6.117261100000002, 53.2394181], [-6.1172745, 53.23909700000001], [-6.1172668, 53.2382311], [-6.1172306, 53.23780690000001], [-6.1172033, 53.2376368], [-6.117166100000001, 53.2373976], [-6.117107200000001, 53.2370712], [-6.11702, 53.2367002], [-6.116811299999999, 53.2360663], [-6.116740100000001, 53.235903099999994], [-6.116596, 53.2355388], [-6.1164318, 53.2351456], [-6.1162181, 53.2346283], [-6.115956300000001, 53.2340043], [-6.1153068, 53.23245260000001], [-6.1151512, 53.232075300000005], [-6.1150915, 53.231930799999994], [-6.114969599999999, 53.2316466], [-6.114494800000001, 53.2305254], [-6.1139941, 53.22934970000001], [-6.1137138, 53.2286726], [-6.113433700000001, 53.228004799999994], [-6.1130965999999995, 53.2272125], [-6.1126514, 53.2261178], [-6.1122509, 53.2252062], [-6.1117011, 53.2238728], [-6.111317100000001, 53.2229721], [-6.1098346, 53.21942760000001], [-6.109352900000001, 53.2182854], [-6.1092953, 53.218152499999995], [-6.109093499999999, 53.217664], [-6.109050300000001, 53.2175622], [-6.108972500000002, 53.21737230000001], [-6.108718800000001, 53.21676459999999], [-6.1084334, 53.2161139], [-6.108113399999999, 53.2154527], [-6.107770299999999, 53.2149176], [-6.1075368, 53.214596500000006], [-6.107048800000001, 53.2140208], [-6.106744000000001, 53.2136988], [-6.106300100000002, 53.21326890000001], [-6.1059484, 53.21294090000001], [-6.105443899999999, 53.21245580000001], [-6.1050922, 53.21209499999999], [-6.1048673, 53.211834299999985], [-6.104527099999999, 53.21141649999999], [-6.1042214999999995, 53.21097449999999], [-6.10410228140757, 53.21077336914399], [-6.103910100000001, 53.2104497], [-6.1036307, 53.20985830000001], [-6.103600700000001, 53.2097867], [-6.103410200000002, 53.2093133], [-6.1032893999999995, 53.2089894], [-6.1030643, 53.20842090000001], [-6.102881199999999, 53.20800440000001], [-6.102688100000001, 53.207620500000004], [-6.102489200000001, 53.2072728], [-6.102380800000001, 53.2071014], [-6.102326100000001, 53.207023299999996], [-6.102155899999999, 53.206777200000005], [-6.102141700000001, 53.206756000000006], [-6.101723300000001, 53.2061669], [-6.1013329, 53.205628499999996], [-6.1012543, 53.2055208], [-6.1010907, 53.2052831], [-6.101012600000001, 53.20516069999999], [-6.10080916694133, 53.20489761284491], [-6.100723800000001, 53.2047874], [-6.1004278, 53.2043059], [-6.100342099999999, 53.2041625], [-6.10008581383135, 53.2037407464014]]}, "properties": {"mode": "rail", "agency": "Iarnr\u00f3d \u00c9ireann", "short": "rail"}}, {"type": "Feature", "geometry": {"type": "LineString", "coordinates": [[-6.29199214161774, 52.6712438396935], [-6.2912451, 52.67175910000001], [-6.289700700000001, 52.67283590000001], [-6.2890486, 52.6733319], [-6.2888231, 52.6735367], [-6.2884602, 52.6738983], [-6.2882339, 52.67414939999999], [-6.288151099999999, 52.67424590000001], [-6.287854200000001, 52.6746452], [-6.2875367, 52.67518110000001], [-6.2872623999999995, 52.67574259999999], [-6.2871886, 52.6759522], [-6.2871366, 52.676111299999995], [-6.286735900000001, 52.6775289], [-6.286706900000001, 52.6776381], [-6.2863046, 52.6790291], [-6.286106000000001, 52.6796488], [-6.2860173999999995, 52.67987769999999], [-6.2857296, 52.6804841], [-6.285448000000001, 52.680983700000006], [-6.2851519, 52.6814369], [-6.2848327, 52.6818837], [-6.284470600000001, 52.6823131], [-6.284116600000001, 52.6827084], [-6.2836693, 52.6831504], [-6.282987399999999, 52.683748699999995], [-6.281991400000001, 52.6845073], [-6.2809467, 52.685192799999996], [-6.279868600000001, 52.6858245], [-6.2791461, 52.6862204], [-6.2790680000000005, 52.686262], [-6.277612999999999, 52.6870649], [-6.277186100000001, 52.6873779], [-6.276728200000001, 52.6877475], [-6.276397, 52.6880482], [-6.2761172, 52.688373000000006], [-6.275777500000001, 52.6888222], [-6.2755067, 52.6893385], [-6.2753121, 52.6897966], [-6.275088299999999, 52.6902422], [-6.2749529, 52.6904391], [-6.2745113, 52.6910837], [-6.2736896, 52.692011], [-6.272687399999999, 52.693148300000004], [-6.272401200000001, 52.693472299999996], [-6.2711233, 52.6948863], [-6.270395700000001, 52.6957918], [-6.2700203000000005, 52.6964871], [-6.269716600000001, 52.697172], [-6.269572599999999, 52.6976946], [-6.269467400000001, 52.6982335], [-6.2693283, 52.69879530000001], [-6.269243900000001, 52.6990966], [-6.2690079999999995, 52.6997302], [-6.268455600000001, 52.700901], [-6.2676518, 52.7024443], [-6.2673556999999995, 52.7029475], [-6.2668919, 52.7036978], [-6.266373, 52.70439459999999], [-6.265878200000001, 52.704949], [-6.261760300000001, 52.709488799999995], [-6.2613573, 52.7098997], [-6.260972399999999, 52.7102654], [-6.260677900000001, 52.7105412], [-6.2601139, 52.711016], [-6.2592605, 52.71167330000001], [-6.258399599999999, 52.712263699999994], [-6.2579328, 52.7125415], [-6.2571455, 52.7130009], [-6.2563144, 52.7134914], [-6.2554544000000005, 52.71395009999999], [-6.252405100000001, 52.7154454], [-6.2517221, 52.71589169999999], [-6.2508372, 52.7165807], [-6.250380099999999, 52.71702990000001], [-6.249944300000002, 52.717490299999994], [-6.249434000000001, 52.7181084], [-6.248850700000001, 52.71895649999999], [-6.247695700000001, 52.7204524], [-6.245843300000001, 52.722978100000006], [-6.245763899999999, 52.723078500000014], [-6.244614000000001, 52.7245745], [-6.2434446, 52.726083], [-6.241338500000001, 52.7289251], [-6.241306300000001, 52.7289685], [-6.240586200000002, 52.7299127], [-6.240174399999999, 52.730537], [-6.239874899999999, 52.731123999999994], [-6.2396311, 52.73171189999999], [-6.239331800000001, 52.7325118], [-6.239143300000001, 52.733022000000005], [-6.238977, 52.73340569999999], [-6.238954800000001, 52.733468], [-6.2387473, 52.733840099999995], [-6.2385034, 52.73419880000001], [-6.237776400000001, 52.7350743], [-6.2368404, 52.73594930000001], [-6.235948900000001, 52.73658319999999], [-6.2337404, 52.737754499999994], [-6.2301751, 52.73951830000001], [-6.2300309, 52.7395917], [-6.2286106, 52.74027], [-6.227188999999999, 52.74096190000001], [-6.2262704, 52.74148240000001], [-6.2249406, 52.7423668], [-6.224085200000001, 52.74315690000001], [-6.223687, 52.7435715], [-6.223346200000001, 52.7439698], [-6.2228538, 52.7446584], [-6.222476100000001, 52.745365], [-6.222149900000001, 52.746080000000006], [-6.221744300000001, 52.747069499999995], [-6.221674300000001, 52.747232100000005], [-6.219830899999999, 52.7513786], [-6.218063, 52.7554905], [-6.218030699999999, 52.75556199999999], [-6.217533699999999, 52.7566545], [-6.2169435, 52.75762240000001], [-6.2165089, 52.75814389999999], [-6.2164319, 52.7582256], [-6.216227400000001, 52.7584261], [-6.2153836, 52.7592147], [-6.2144821, 52.75987650000001], [-6.213514100000001, 52.760484100000006], [-6.212038500000001, 52.76131110000001], [-6.210343699999999, 52.76210819999999], [-6.2083719, 52.76290459999999], [-6.206400799999999, 52.763586800000006], [-6.202399800000002, 52.7650091], [-6.201144700000001, 52.7654167], [-6.200302000000001, 52.76570720000001], [-6.1982543, 52.76640129999999], [-6.1966536, 52.766954600000005], [-6.194189299999999, 52.7678064], [-6.1926686, 52.768346900000004], [-6.191180300000001, 52.76885959999999], [-6.1877756, 52.77005069999999], [-6.1853815, 52.7708664], [-6.1837608, 52.7714543], [-6.1823438, 52.77207060000001], [-6.181023, 52.77272500000001], [-6.180815299999999, 52.77284470000001], [-6.175414100000001, 52.775942400000005], [-6.1738031, 52.776858999999995], [-6.172775000000001, 52.77744189999999], [-6.1718999, 52.7779406], [-6.171251, 52.7783042], [-6.1706251, 52.77866540000001], [-6.170030400000002, 52.77901060000001], [-6.1694693, 52.779328799999995], [-6.1687452, 52.7797445], [-6.1680529, 52.78013229999999], [-6.167320900000001, 52.780557699999996], [-6.1667246, 52.78091259999999], [-6.165830999999999, 52.781483], [-6.165524099999999, 52.78170250000001], [-6.164178800000001, 52.78272], [-6.163297600000001, 52.783662500000005], [-6.162216400000001, 52.785386], [-6.1619415, 52.786028400000006], [-6.1617375999999995, 52.7865619], [-6.161019300000001, 52.7892123], [-6.160694900000001, 52.7904357], [-6.1606092, 52.79075929999999], [-6.160454699999999, 52.7912609], [-6.160401600000002, 52.79153049999999], [-6.1603517000000005, 52.7918622], [-6.160111, 52.7927948], [-6.159802086246321, 52.7939426199035], [-6.1595152, 52.795014399999985], [-6.159493400000001, 52.7955544], [-6.159548600000001, 52.7959734], [-6.159635000000001, 52.7963131], [-6.159755999999999, 52.796658400000005], [-6.1599123, 52.79699440000001], [-6.160083000000002, 52.7973066], [-6.160214, 52.7975309], [-6.160468000000001, 52.79784380000001], [-6.1606807, 52.798084800000005], [-6.1611522, 52.798554], [-6.1615861, 52.7988761], [-6.1619875, 52.7991614], [-6.162456200000001, 52.7994484], [-6.1629525, 52.7997023], [-6.1637981, 52.8000505], [-6.1638868, 52.800083799999996], [-6.165379800000001, 52.8005591], [-6.165911900000002, 52.800728299999996], [-6.167149600000001, 52.80111], [-6.1681418, 52.8014788], [-6.168390399999999, 52.801571200000005], [-6.1684976, 52.801610100000005], [-6.170023300000001, 52.8022639], [-6.170524500000001, 52.8025], [-6.1712009000000005, 52.802838400000006], [-6.1718165, 52.8031718], [-6.171903800000001, 52.8032162], [-6.1719818, 52.8032613], [-6.1730121, 52.8038775], [-6.173324000000001, 52.804078999999994], [-6.174223100000001, 52.8047467], [-6.1748793, 52.805243], [-6.1754716, 52.80573630000001], [-6.176003399999999, 52.80625140000001], [-6.176413700000001, 52.80662550000001], [-6.1768295, 52.8069742], [-6.1771728, 52.8072488], [-6.1772707, 52.8073305], [-6.177722, 52.8076514], [-6.1781697, 52.80794170000001], [-6.1784342, 52.808102700000006], [-6.179144400000001, 52.8085108], [-6.1798444, 52.8088489], [-6.1806094, 52.809177600000005], [-6.181381100000002, 52.8094719], [-6.182305800000001, 52.80976080000001], [-6.1827184, 52.8098684], [-6.1831678, 52.8099848], [-6.183791199999999, 52.81010609999999], [-6.184979000000001, 52.81028640000001], [-6.1860527, 52.81043420000001], [-6.1872505, 52.810607499999996], [-6.188517000000001, 52.8108168], [-6.1895681, 52.811103], [-6.190683400000001, 52.81149529999999], [-6.192637100000001, 52.81223500000001], [-6.1956605, 52.81314780000001], [-6.1964437, 52.8133928], [-6.1996346, 52.8143565], [-6.2024765, 52.8153178], [-6.2031707, 52.8156666], [-6.2046621, 52.8164645], [-6.2056353, 52.8171702], [-6.2066072, 52.81795820000001], [-6.209038500000001, 52.82017989999999], [-6.2105499, 52.821276], [-6.212735900000002, 52.82268809999999], [-6.213163399999999, 52.822969], [-6.214870899999999, 52.824091], [-6.215484100000002, 52.824498899999995], [-6.216503399999999, 52.8250534], [-6.217664200000001, 52.8255859], [-6.219170499999999, 52.826156100000006], [-6.220593699999999, 52.82668670000001], [-6.2221771, 52.8272356], [-6.223624700000001, 52.8276086], [-6.224880100000001, 52.82815810000001], [-6.227602100000001, 52.8294631], [-6.228150000000001, 52.8297886], [-6.2285833, 52.8300314], [-6.2291286999999995, 52.8303575], [-6.229356500000001, 52.830528199999996], [-6.229813, 52.83088540000001], [-6.230290700000001, 52.8313341], [-6.2306526, 52.83170830000001], [-6.231320899999999, 52.83260020000001], [-6.231383400000001, 52.8327058], [-6.2316464, 52.83321350000001], [-6.231908000000001, 52.833797700000005], [-6.232038599999999, 52.8342924], [-6.232130799999999, 52.8347993], [-6.2321734, 52.835223500000005], [-6.2321598, 52.8356524], [-6.2321012, 52.836095799999995], [-6.2320302, 52.8364469], [-6.2317862, 52.8370976], [-6.231423200000001, 52.8378042], [-6.231193, 52.838146500000015], [-6.230930200000001, 52.8384955], [-6.2302753, 52.8391962], [-6.2298868999999995, 52.8395368], [-6.2298313, 52.83958100000001], [-6.229494700000001, 52.839848499999995], [-6.2285549, 52.8405083], [-6.2275275, 52.841254299999996], [-6.2270835, 52.8415571], [-6.222870300000001, 52.8445216], [-6.221455799999999, 52.84551689999999], [-6.2209184, 52.84589780000001], [-6.219911200000001, 52.8466186], [-6.2195158, 52.8469167], [-6.218924899999999, 52.8473898], [-6.218476800000001, 52.8477954], [-6.217453300000001, 52.8488256], [-6.217065600000001, 52.849237699999996], [-6.2161481, 52.850271], [-6.2158535, 52.85068149999999], [-6.2156984, 52.850892099999996], [-6.2155227, 52.851190300000006], [-6.2153624, 52.8514743], [-6.215233200000001, 52.85176619999999], [-6.2151272, 52.852054900000006], [-6.2150316, 52.8523452], [-6.2149644, 52.8526636], [-6.214905000000002, 52.8529742], [-6.214884200000001, 52.853216100000004], [-6.214874000000001, 52.8535033], [-6.214905700000001, 52.8549701], [-6.214915300000001, 52.855986400000006], [-6.214926200000002, 52.8570048], [-6.2149471, 52.8575898], [-6.214966799999999, 52.8592715], [-6.214977300000001, 52.860869], [-6.215016099999999, 52.8615665], [-6.2150734000000005, 52.86190609999999], [-6.2152487, 52.8625496], [-6.215403800000001, 52.862944299999995], [-6.2156803, 52.863501299999996], [-6.215919799999998, 52.86388430000001], [-6.216159599999999, 52.8642657], [-6.216407299999999, 52.8645615], [-6.216675700000001, 52.86484469999999], [-6.216717700000001, 52.8648855], [-6.2174718, 52.8656946], [-6.217704900000001, 52.865963400000005], [-6.2181334, 52.866578499999996], [-6.218317100000001, 52.866919], [-6.2184979, 52.86725750000001], [-6.218638500000001, 52.86757049999999], [-6.2187882000000005, 52.8679727], [-6.218916000000001, 52.8684147], [-6.219014600000001, 52.86885130000001], [-6.2190493, 52.86915989999999], [-6.219076600000001, 52.8694608], [-6.219055999999999, 52.869997999999995], [-6.2189702, 52.8708918], [-6.218870399999999, 52.87146], [-6.2187663, 52.87190739999999], [-6.218494300000001, 52.8725158], [-6.2181763000000005, 52.8732879], [-6.2180475, 52.87385780000001], [-6.2180475, 52.8740909], [-6.218133399999999, 52.87454420000001], [-6.218219200000001, 52.8748291], [-6.218494099999999, 52.8753233], [-6.218632199999999, 52.875542800000005], [-6.218800000000001, 52.87575030000001], [-6.2190058, 52.87596210000001], [-6.219366600000001, 52.8762642], [-6.219793700000001, 52.8765875], [-6.220068599999999, 52.8767797], [-6.220127800000001, 52.8768231], [-6.2211624, 52.8775624], [-6.2228156, 52.8787697], [-6.2235398, 52.87939140000001], [-6.223869999999999, 52.8797275], [-6.2246412, 52.8805694], [-6.224938200000001, 52.8809429], [-6.225534000000001, 52.881718299999996], [-6.225769499999999, 52.88203909999999], [-6.225804899999999, 52.88209040000001], [-6.226498900000001, 52.8830411], [-6.2265302, 52.883086199999994], [-6.227210600000002, 52.884017199999995], [-6.2276689, 52.8846424], [-6.228053400000001, 52.8851929], [-6.228281400000001, 52.88557519999999], [-6.2285065, 52.885998300000004], [-6.2286795999999995, 52.8864355], [-6.229117300000001, 52.887827], [-6.229188399999999, 52.88821320000001], [-6.229221000000001, 52.8886083], [-6.2292274999999995, 52.88906610000001], [-6.229242, 52.88952119999999], [-6.229152699999999, 52.8900829], [-6.229063300000001, 52.89056680000001], [-6.228975999999999, 52.8909091], [-6.228700899999999, 52.89180830000001], [-6.228252900000001, 52.89265360000001], [-6.227812299999999, 52.8933501], [-6.2267026, 52.8951303], [-6.226550800000001, 52.8953783], [-6.225890800000002, 52.8964652], [-6.225635200000001, 52.8968362], [-6.225360900000001, 52.897181], [-6.2251427, 52.8974104], [-6.224388600000001, 52.89805], [-6.2237296, 52.8984959], [-6.2228405, 52.8989565], [-6.221798, 52.8993898], [-6.2199004, 52.90001110000001], [-6.2193502, 52.90022400000001], [-6.218846500000001, 52.9004243], [-6.218183400000001, 52.9007373], [-6.2180606, 52.9007957], [-6.2178189, 52.9009174], [-6.2168302, 52.90148800000001], [-6.2163378, 52.901936899999995], [-6.215772500000001, 52.90248049999999], [-6.2155526, 52.902713], [-6.215238000000001, 52.9031538], [-6.2150086, 52.90354880000001], [-6.2146254, 52.90446099999999], [-6.2145473, 52.9047363], [-6.214483100000002, 52.904962899999994], [-6.2143817, 52.905431699999994], [-6.214316200000001, 52.9057346], [-6.214240800000001, 52.9062253], [-6.214227900000001, 52.90670860000001], [-6.214280400000001, 52.907118800000006], [-6.214400800000001, 52.9075644], [-6.2145214, 52.90796379999999], [-6.214623100000001, 52.9091177], [-6.2144339, 52.909878], [-6.2143799, 52.91033070000001], [-6.214442600000001, 52.9110794], [-6.214596899999999, 52.91167589999999], [-6.214742500000001, 52.91204869999999], [-6.2149692, 52.91243560000001], [-6.215303900000001, 52.9129066], [-6.215628199999999, 52.9132935], [-6.216064, 52.91370340000001], [-6.216527700000001, 52.9140904], [-6.2168903, 52.914359499999996], [-6.217549399999999, 52.91475270000001], [-6.2182356, 52.91508159999999], [-6.2191707, 52.915503300000005], [-6.219651899999999, 52.91572190000001], [-6.220101700000001, 52.9159616], [-6.2204678, 52.9161761], [-6.2207919, 52.91639800000001], [-6.2210861, 52.9165833], [-6.2213609, 52.9167797], [-6.2219426, 52.917391300000006], [-6.222312199999999, 52.91784330000001], [-6.222608699999999, 52.91833110000001], [-6.222936500000001, 52.919151], [-6.2233386, 52.9205537], [-6.2233552, 52.92061170000001], [-6.223493200000001, 52.92104810000001], [-6.223616300000001, 52.921410099999996], [-6.2238612, 52.92236929999999], [-6.2239354, 52.922666800000016], [-6.2240589, 52.92308719999999], [-6.2241823, 52.92348990000001], [-6.22437, 52.923950700000006], [-6.2245872, 52.9244164], [-6.2248769, 52.9248853], [-6.2253949, 52.92567309999999], [-6.2255504, 52.925944300000005], [-6.225659200000001, 52.92613409999999], [-6.2259233, 52.92661820000001], [-6.226322500000001, 52.92764269999999], [-6.226397600000001, 52.9279928], [-6.226488700000001, 52.92836770000001], [-6.226498099999999, 52.928681700000006], [-6.226511500000001, 52.9290605], [-6.2264656, 52.9292641], [-6.226416600000001, 52.929481300000006], [-6.2263474, 52.929809], [-6.2262544, 52.9301272], [-6.22618608226604, 52.930319952379], [-6.226126, 52.93048949999999], [-6.2260014, 52.93088399999999], [-6.2259487, 52.93106120000001], [-6.225824200000001, 52.931518999999994], [-6.225757, 52.9318065], [-6.2256419, 52.93226740000001], [-6.225529700000001, 52.9325857], [-6.225407199999999, 52.9328669], [-6.2251837, 52.93328760000001], [-6.2245615, 52.9342224], [-6.224063599999999, 52.934946800000006], [-6.223295500000001, 52.93573560000001], [-6.2220987, 52.93670780000001], [-6.2211059, 52.93735680000001], [-6.219334099999999, 52.9383188], [-6.217489600000001, 52.9390963], [-6.216615200000001, 52.9393871], [-6.215545700000001, 52.939722700000004], [-6.214034, 52.9401321], [-6.2113075, 52.940551], [-6.2086233, 52.9407896], [-6.2075373, 52.94089799999999], [-6.206196, 52.94100280000001], [-6.203920900000001, 52.9410796], [-6.1985013, 52.941018], [-6.1969755, 52.9409784], [-6.1940557, 52.94093290000001], [-6.192581800000002, 52.94101119999999], [-6.1916196, 52.9411401], [-6.190682800000001, 52.9413033], [-6.189939400000001, 52.9414714], [-6.188748100000001, 52.9418442], [-6.1877553, 52.9423136], [-6.186380600000001, 52.943109799999995], [-6.1847728, 52.944521], [-6.184018700000002, 52.9450996], [-6.1838893000000015, 52.9451963], [-6.182762600000001, 52.945909799999995], [-6.1814547, 52.9466653], [-6.181358099999999, 52.946715], [-6.1794921, 52.9477991], [-6.1777995, 52.948830799999996], [-6.176977000000002, 52.9494343], [-6.176569299999999, 52.94973100000001], [-6.176189900000001, 52.9500477], [-6.1756006999999995, 52.9505787], [-6.1750328, 52.9511311], [-6.173482099999999, 52.95267590000001], [-6.172939600000001, 52.9531688], [-6.172630900000001, 52.9534218], [-6.172446600000001, 52.953573999999996], [-6.1721083, 52.953799999999994], [-6.171709100000001, 52.954043600000006], [-6.171510800000002, 52.954164500000005], [-6.1711057, 52.95439369999999], [-6.170269299999999, 52.9548111], [-6.168236200000002, 52.9556737], [-6.167333700000001, 52.9560477], [-6.163101100000002, 52.95780820000001], [-6.1587959, 52.9595821], [-6.1569453, 52.9603501], [-6.1543512, 52.96142679999999], [-6.1512319, 52.96274629999999], [-6.1496295000000005, 52.9633982], [-6.146294200000001, 52.964729600000005], [-6.145148699999999, 52.9652079], [-6.141289, 52.9668131], [-6.140516, 52.9671147], [-6.1382448, 52.9680965], [-6.136060700000001, 52.9692004], [-6.135083200000001, 52.96974900000001], [-6.1341168999999995, 52.97039190000001], [-6.1322804, 52.97166550000001], [-6.129603899999999, 52.97342470000001], [-6.129509500000001, 52.9734957], [-6.1282099, 52.97435130000001], [-6.1246205, 52.9767472], [-6.1206493, 52.9794095], [-6.1186856, 52.9807218], [-6.117851400000001, 52.9812771], [-6.117030700000001, 52.98178719999999], [-6.116952000000002, 52.981831], [-6.115981, 52.982366299999995], [-6.113267900000002, 52.9837891], [-6.1089608, 52.98604650000001], [-6.1083873, 52.98634630000001], [-6.107314500000001, 52.986893], [-6.1055858, 52.987805699999996], [-6.1022163, 52.98960379999999], [-6.100972700000001, 52.9902015], [-6.0996528, 52.9907605], [-6.098379700000001, 52.9911523], [-6.0970188, 52.99151410000001], [-6.096047099999999, 52.9916918], [-6.0946156, 52.9918842], [-6.0936768, 52.9919822], [-6.0921039, 52.99202480000001], [-6.0911964, 52.9920403], [-6.089847899999999, 52.9920418], [-6.0882533, 52.992053], [-6.0865061, 52.992053600000006], [-6.086322300000002, 52.99205299999999], [-6.084043900000001, 52.9920734], [-6.0820036, 52.9920764], [-6.0809372999999995, 52.9920587], [-6.0800519, 52.9920233], [-6.079835200000001, 52.992011700000006], [-6.078248900000001, 52.9918149], [-6.077072899999999, 52.9915913], [-6.0763853, 52.9914443], [-6.0758989, 52.9913225], [-6.074795900000001, 52.990997400000005], [-6.073766200000001, 52.9906431], [-6.070228700000001, 52.9893404], [-6.069377799999999, 52.9890351], [-6.0685899999999995, 52.9887992], [-6.067967799999999, 52.988620299999994], [-6.067121000000002, 52.9884573], [-6.066058700000001, 52.9882777], [-6.065766299999999, 52.9882406], [-6.063811200000001, 52.9880749], [-6.062521899999999, 52.98799979999999], [-6.061786200000001, 52.9879428], [-6.0616461, 52.987933999999996], [-6.058658200000001, 52.987741099999994], [-6.057756600000002, 52.9877098], [-6.056753900000001, 52.987715099999996], [-6.0564038, 52.98772050000001], [-6.055629300000001, 52.987789499999984], [-6.055402399999998, 52.9878132], [-6.0542469, 52.987976700000004], [-6.05292245354322, 52.988130910456505], [-6.052009300000001, 52.9882373], [-6.0518045, 52.98826240000001], [-6.051364000000001, 52.98829059999999], [-6.050895400000001, 52.988374199999996], [-6.050557400000001, 52.9884445], [-6.050045700000001, 52.988634399999995], [-6.0491811, 52.9890447], [-6.048864300000001, 52.9892111], [-6.048373999999999, 52.98962970000001], [-6.048169699999999, 52.9898807], [-6.0479430999999995, 52.99023270000001], [-6.047839599999999, 52.9905376], [-6.047758400000001, 52.9908306], [-6.0477388, 52.99113559999999], [-6.0477724, 52.991452200000005], [-6.0478479, 52.9917722], [-6.047962700000001, 52.9920248], [-6.048083, 52.9923196], [-6.0483291999999995, 52.99281650000001], [-6.048606300000002, 52.993446399999996], [-6.0488637, 52.9940965], [-6.048898600000001, 52.994190499999995], [-6.0490091999999995, 52.9944889], [-6.0491519, 52.99494200000001], [-6.049372999999999, 52.9957335], [-6.049641600000001, 52.9967508], [-6.049859800000001, 52.99765179999999], [-6.050078100000001, 52.9986083], [-6.050238199999999, 52.99930599999999], [-6.0502627, 52.999413300000015], [-6.0505006, 53.0004119], [-6.0506103, 53.001005], [-6.050748900000001, 53.0018398], [-6.050902200000002, 53.00306460000001], [-6.050976200000001, 53.00374990000001], [-6.051059, 53.0044826], [-6.0511005, 53.005029699999994], [-6.051168799999999, 53.00613239999999], [-6.051255800000002, 53.0081832], [-6.0513945, 53.0114873], [-6.0515069, 53.0141981], [-6.051535899999999, 53.0151327], [-6.051587399999998, 53.0163719], [-6.0515815, 53.016755800000006], [-6.051539100000001, 53.01744060000001], [-6.051447200000001, 53.0181168], [-6.051265600000001, 53.0189904], [-6.051102, 53.0195749], [-6.050907800000001, 53.0201579], [-6.0503155, 53.0219654], [-6.0501352, 53.02269460000001], [-6.049997600000001, 53.0234466], [-6.0496986, 53.0254108], [-6.049334000000001, 53.027735299999996], [-6.0491614, 53.02893929999998], [-6.0490668, 53.0295302], [-6.048939500000001, 53.030368300000006], [-6.0487721, 53.031460200000005], [-6.048670200000001, 53.03208390000001], [-6.0485756, 53.0325861], [-6.0484099, 53.033371599999995], [-6.0483482, 53.0336375], [-6.048106200000001, 53.03456090000001], [-6.047906900000001, 53.035232], [-6.047780600000001, 53.0356406], [-6.047453899999999, 53.03658839999999], [-6.0471311, 53.0374852], [-6.0463979, 53.0396342], [-6.0460819, 53.0405888], [-6.0455165, 53.042199800000006], [-6.0451032, 53.04342069999999], [-6.0448368, 53.044145400000005], [-6.043770599999999, 53.047294799999996], [-6.0432873, 53.0487311], [-6.042272600000001, 53.051621999999995], [-6.041999300000001, 53.0524376], [-6.0405219, 53.0567205], [-6.0400972, 53.0579247], [-6.0393414, 53.0601098], [-6.039052799999999, 53.060856], [-6.0384561, 53.0622297], [-6.037953399999999, 53.0632633], [-6.0376559, 53.0638265], [-6.036862299999999, 53.06516740000001], [-6.036057999999999, 53.0665159], [-6.035617499999999, 53.067433], [-6.035374100000002, 53.06813819999999], [-6.035206099999999, 53.0687593], [-6.035149700000001, 53.0690297], [-6.035110199999999, 53.06928309999999], [-6.035008399999999, 53.070071999999996], [-6.0350184, 53.0708287], [-6.0351555999999995, 53.0718689], [-6.035318799999999, 53.0729802], [-6.035479900000001, 53.074122], [-6.0355709, 53.07468579999999], [-6.035668499999999, 53.0753508], [-6.0366078, 53.081780300000005], [-6.036999300000001, 53.0843051], [-6.037327899999999, 53.08642360000001], [-6.037560300000001, 53.0879191], [-6.037760700000001, 53.0892579], [-6.037820600000001, 53.089684000000005], [-6.038098500000001, 53.091795499999996], [-6.038316900000001, 53.093455299999995], [-6.038909900000001, 53.09736230000001], [-6.038972600000001, 53.0976921], [-6.0390783, 53.0981484], [-6.039360000000001, 53.0992396], [-6.039611800000001, 53.100065900000004], [-6.039888500000001, 53.1009296], [-6.0401303, 53.1017289], [-6.040367200000002, 53.10263299999999], [-6.040531700000001, 53.1033558], [-6.0406663, 53.1040938], [-6.0407985, 53.1049244], [-6.0409644, 53.106245400000006], [-6.040974000000001, 53.10632820000001], [-6.041060157506421, 53.1069738876128], [-6.0411625, 53.107742099999996], [-6.0413632, 53.109263], [-6.041528900000001, 53.11049979999999], [-6.0416159, 53.11113000000001], [-6.041940800000001, 53.1137235], [-6.042169000000001, 53.1152875], [-6.0422736000000015, 53.11618680000001], [-6.0424193, 53.117289099999994], [-6.042516599999999, 53.117983], [-6.0426015, 53.11865780000001], [-6.0427009, 53.119141199999994], [-6.0428238, 53.119614], [-6.042972100000001, 53.1200161], [-6.0434485, 53.12111389999999], [-6.0437011, 53.1216857], [-6.0449993, 53.12455460000001], [-6.0452726, 53.12504500000001], [-6.045620500000001, 53.1256202], [-6.0469105999999995, 53.1277169], [-6.049212699999999, 53.131396400000014], [-6.049717300000001, 53.1320837], [-6.0497737, 53.1321608], [-6.0498399, 53.13225090000001], [-6.050327500000001, 53.13284039999999], [-6.051515, 53.13399449999999], [-6.052228699999999, 53.134665399999996], [-6.0522864, 53.1347241], [-6.0533049000000005, 53.1356751], [-6.054134400000001, 53.1364686], [-6.055344100000001, 53.1375908], [-6.0561837, 53.138394], [-6.056672, 53.138859800000006], [-6.0570293, 53.1392216], [-6.0573579, 53.1395814], [-6.0579089999999995, 53.14019840000001], [-6.058489839949419, 53.14091563066591], [-6.0585894, 53.141038699999996], [-6.058626300000001, 53.1410843], [-6.0589105000000005, 53.1414695], [-6.059238500000001, 53.1419626], [-6.059272099999999, 53.14201049999999], [-6.059649200000001, 53.1426202], [-6.059716099999999, 53.14273550000001], [-6.0598176, 53.14288259999999], [-6.0599789, 53.1430324], [-6.060012600000001, 53.143074500000004], [-6.060463200000001, 53.1436626], [-6.0606534000000005, 53.143881699999994], [-6.060748726560291, 53.1439834620187], [-6.060813700000001, 53.14405289999999], [-6.060897300000001, 53.14414970000001], [-6.0610831, 53.14435139999999], [-6.061335500000001, 53.144619500000005], [-6.061522500000001, 53.14480830000001], [-6.061775000000001, 53.14503059999999], [-6.062060800000001, 53.14528700000001], [-6.062093, 53.1453134], [-6.062370699999999, 53.1455375], [-6.0626078, 53.1457156], [-6.062834200000001, 53.1458887], [-6.0631423, 53.14609109999999], [-6.063811399999999, 53.146528800000006], [-6.0647494, 53.147137400000005], [-6.0651901000000015, 53.147439299999995], [-6.065666, 53.147785299999995], [-6.065942, 53.14800900000001], [-6.066120800000001, 53.14816], [-6.0664844, 53.14845919999999], [-6.066841100000001, 53.1487943], [-6.067184999999999, 53.149159700000006], [-6.0674238, 53.14946150000001], [-6.0677939, 53.1499025], [-6.068050900000001, 53.150248999999995], [-6.068118500000001, 53.150341000000004], [-6.0686486, 53.15110820000001], [-6.068909900000001, 53.1514616], [-6.0691606, 53.1517612], [-6.0694532, 53.1520657], [-6.0697939000000005, 53.15237530000001], [-6.070159600000001, 53.1526911], [-6.070448000000001, 53.152910399999996], [-6.07073, 53.15311340000001], [-6.0710164, 53.153307700000006], [-6.071361300000001, 53.153517], [-6.0721533, 53.1539707], [-6.073108400000001, 53.1545158], [-6.073513800000001, 53.154760200000005], [-6.0739046, 53.15501330000001], [-6.0741962, 53.1552327], [-6.074468900000001, 53.15546700000001], [-6.0748053, 53.15576260000001], [-6.0750645, 53.156023399999995], [-6.0754198, 53.15641310000001], [-6.0756935, 53.1567727], [-6.075779200000001, 53.1569056], [-6.0759046, 53.1571011], [-6.076071800000001, 53.15737419999999], [-6.076201400000001, 53.1576387], [-6.076308199999999, 53.157903399999995], [-6.0764536, 53.15832859999999], [-6.0767078, 53.159084199999995], [-6.0776521, 53.162021], [-6.0779246, 53.1628812], [-6.078303400000001, 53.16405559999999], [-6.0784664, 53.16455120000001], [-6.0785547, 53.1648197], [-6.078629500000001, 53.1650502], [-6.078943000000001, 53.1661557], [-6.079189800000002, 53.16727339999999], [-6.0791402, 53.1686819], [-6.078979300000001, 53.1692326], [-6.078525700000001, 53.1700035], [-6.0773469, 53.17152470000001], [-6.0765657, 53.1724799], [-6.0755929, 53.1735782], [-6.0751852, 53.1740117], [-6.074917299999998, 53.1743031], [-6.074791000000001, 53.1745201], [-6.0746833, 53.1747479], [-6.0745956, 53.17499360000001], [-6.0744592, 53.175424299999996], [-6.0743295999999996, 53.175941099999996], [-6.0743053, 53.17635069999999], [-6.0743091, 53.1765218], [-6.0743216, 53.1765893], [-6.0743387, 53.17668160000001], [-6.074381400000001, 53.17680120000001], [-6.074466100000001, 53.1770142], [-6.074566500000001, 53.1772496], [-6.0747230000000005, 53.177546899999996], [-6.074849600000001, 53.17780439999999], [-6.074952999999999, 53.178038099999995], [-6.074993400000001, 53.17820540000001], [-6.075039300000002, 53.1783627], [-6.075142600000001, 53.178550699999995], [-6.0752064, 53.1787193], [-6.0752413, 53.17887259999999], [-6.075306599999999, 53.1791803], [-6.0753111, 53.17937400000001], [-6.075341300000001, 53.17952600000001], [-6.0753587, 53.179688000000006], [-6.075374100000001, 53.1798936], [-6.075379200000001, 53.180123900000005], [-6.075394499999999, 53.18051680000001], [-6.075415799999999, 53.18066480000001], [-6.075456400000001, 53.1810827], [-6.075481700000001, 53.181262799999985], [-6.075551900000001, 53.1814925], [-6.075623799999999, 53.1816541], [-6.0756959, 53.18180240000001], [-6.0758359, 53.18201620000001], [-6.076040999999999, 53.1822323], [-6.0762595, 53.182393999999995], [-6.076435700000001, 53.1825667], [-6.0766087, 53.1828059], [-6.0767885, 53.18314670000001], [-6.076876399999999, 53.1833164], [-6.0769852, 53.1835609], [-6.077069200000001, 53.1837919], [-6.077119000000001, 53.1840097], [-6.077167500000001, 53.1842746], [-6.077196400000001, 53.1845465], [-6.0772331, 53.18490489999999], [-6.077240999999999, 53.18525940000001], [-6.077239700000001, 53.185584799999994], [-6.077208200000001, 53.1858984], [-6.077161300000001, 53.1862298], [-6.077153100000002, 53.186382699999996], [-6.0771497000000005, 53.1865246], [-6.077163200000001, 53.1866423], [-6.0771856, 53.18677950000001], [-6.077243, 53.18701959999999], [-6.0773072, 53.1872471], [-6.077596699999999, 53.1879706], [-6.077939099999999, 53.1888046], [-6.0780405, 53.18911380000001], [-6.078136000000001, 53.18941480000001], [-6.078201600000002, 53.1895616], [-6.078322199999999, 53.1897746], [-6.0784929000000005, 53.190024099999995], [-6.0785889, 53.19015120000001], [-6.0786584999999995, 53.190246], [-6.078871800000001, 53.19051170000001], [-6.079135900000001, 53.19082710000001], [-6.0794703, 53.191181], [-6.0796601, 53.1913469], [-6.079956399999999, 53.191585800000006], [-6.080472100000001, 53.1919297], [-6.0810733, 53.192257100000006], [-6.081701500000001, 53.19257399999999], [-6.0822135, 53.1928251], [-6.082784800000001, 53.1931275], [-6.083519599999999, 53.19353290000001], [-6.0848201, 53.19424060000001], [-6.0853331, 53.1945047], [-6.085835, 53.19471899999999], [-6.0863064, 53.19489850000001], [-6.0870583, 53.1951259], [-6.087496000000001, 53.1952407], [-6.087984100000002, 53.1953437], [-6.0886693, 53.195462000000006], [-6.0896041, 53.1955827], [-6.0905658, 53.19563089999999], [-6.091152400000001, 53.195647900000004], [-6.091454399999999, 53.19566429999999], [-6.0919732, 53.195713700000006], [-6.092462000000001, 53.1957832], [-6.093225500000001, 53.19594930000001], [-6.093682499999999, 53.19609489999999], [-6.0941509, 53.196259], [-6.0948249, 53.196561300000006], [-6.095416900000001, 53.1969327], [-6.0956372, 53.1970987], [-6.0958348, 53.19727009999999], [-6.096122500000001, 53.19756850000001], [-6.0963818, 53.19791020000001], [-6.0967907, 53.1985304], [-6.0970772, 53.1989651], [-6.097240900000001, 53.19922600000001], [-6.0973283, 53.19935890000001], [-6.097381600000001, 53.1994494], [-6.0974368000000005, 53.199543199999994], [-6.097853400000001, 53.2001763], [-6.0979298, 53.20029529999999], [-6.098667399999999, 53.2013661], [-6.0990388, 53.2019364], [-6.099111100000001, 53.2020507], [-6.0993268, 53.20239020000001], [-6.099531800000001, 53.202706500000005], [-6.099590199999999, 53.2027968], [-6.0996417, 53.2028659], [-6.0997417, 53.2030203], [-6.099764399999999, 53.20305679999999], [-6.100028514512644, 53.203461663170714]]}, "properties": {"mode": "rail", "agency": "Iarnr\u00f3d \u00c9ireann", "short": "rail"}}, {"type": "Feature", "geometry": {"type": "LineString", "coordinates": [[-6.33837487787705, 52.2513419305083], [-6.338534300000002, 52.251382499999984], [-6.338989300000001, 52.25147739999999], [-6.3393309, 52.25152369999999], [-6.3398703, 52.25159949999999], [-6.340330500000001, 52.2516589], [-6.3406425, 52.25170109999999], [-6.3409859000000015, 52.2517413], [-6.341287200000001, 52.2517733], [-6.3416316, 52.2517991], [-6.3425662, 52.2517907], [-6.3437933, 52.25172340000001], [-6.345290299999999, 52.2516255], [-6.346688300000001, 52.2514986], [-6.3491135000000005, 52.251335], [-6.350230200000001, 52.2512264], [-6.3511398, 52.2510603], [-6.352814199999999, 52.2507202], [-6.354235999999999, 52.250452900000006], [-6.355006700000001, 52.2503366], [-6.3556881, 52.250272499999994], [-6.357185300000001, 52.2501987], [-6.358608300000001, 52.250181100000006], [-6.3592742, 52.2501954], [-6.360089500000001, 52.25022690000001], [-6.3610649, 52.25032040000001], [-6.3621112, 52.2504471], [-6.362972299999999, 52.2505955], [-6.363827000000001, 52.2507699], [-6.364592300000001, 52.25094849999999], [-6.3659586, 52.251331199999996], [-6.3666607, 52.2515465], [-6.367361700000001, 52.25178480000001], [-6.368247, 52.2521421], [-6.3690871, 52.252532800000004], [-6.3694976, 52.25275070000001], [-6.369877299999999, 52.25297810000001], [-6.3702746999999995, 52.2532197], [-6.370636199999999, 52.253467400000005], [-6.3712611, 52.2539304], [-6.3718601, 52.25444100000001], [-6.372977, 52.2554328], [-6.3736299999999995, 52.2560221], [-6.3742837, 52.2566035], [-6.376701500000001, 52.2587424], [-6.379106800000001, 52.2608769], [-6.384844599999999, 52.2659256], [-6.3860024, 52.2669414], [-6.387154299999999, 52.26795130000001], [-6.3892208, 52.2697482], [-6.3906188, 52.270916], [-6.390986299999999, 52.271190100000005], [-6.3913484, 52.2714962], [-6.39152466845803, 52.2716445227832], [-6.392305900000001, 52.27230209999999], [-6.392849699999999, 52.27276059999999], [-6.394298699999999, 52.2739434], [-6.395194699999999, 52.274562100000004], [-6.3963202, 52.27525919999999], [-6.396855400000001, 52.27555970000001], [-6.3985976, 52.276468599999994], [-6.400625000000001, 52.2773775], [-6.401579099999999, 52.27774900000001], [-6.4025553, 52.27810219999999], [-6.403113899999999, 52.2782948], [-6.403676700000001, 52.278463599999995], [-6.404237300000001, 52.27862689999999], [-6.404827100000001, 52.2787751], [-6.4056055999999995, 52.27893550000001], [-6.407500799999999, 52.27932650000001], [-6.409878, 52.279821899999995], [-6.4101141, 52.2798672], [-6.410231300000001, 52.27989190000001], [-6.411550799999999, 52.2801707], [-6.415087200000001, 52.2809009], [-6.4241367, 52.2827694], [-6.424713800000002, 52.28290390000001], [-6.4252879, 52.2830348], [-6.4261676, 52.28328580000001], [-6.426981600000002, 52.2835759], [-6.4275679000000006, 52.28380979999999], [-6.428161200000001, 52.28408], [-6.4292659, 52.2846096], [-6.4295125, 52.2847419], [-6.430219800000001, 52.285183], [-6.431020200000001, 52.2857806], [-6.4317903, 52.2864259], [-6.4322407, 52.286885700000006], [-6.432572699999999, 52.2872952], [-6.432840499999999, 52.287645399999995], [-6.433520500000001, 52.2885855], [-6.4343509, 52.289739399999995], [-6.434985900000001, 52.2906264], [-6.435078100000001, 52.29075400000001], [-6.4358498, 52.29181950000001], [-6.436990000000001, 52.2934074], [-6.438093100000001, 52.2949398], [-6.4389462, 52.296130399999996], [-6.4395377, 52.2969519], [-6.4405298, 52.2983231], [-6.441079, 52.299082], [-6.4429482, 52.301668600000006], [-6.4432005000000006, 52.3020184], [-6.4437394, 52.30277100000001], [-6.443821800000001, 52.3028744], [-6.4438721, 52.3029483], [-6.444269, 52.3035112], [-6.445278299999999, 52.3049379], [-6.445703900000001, 52.3055432], [-6.445837700000001, 52.3057242], [-6.446468600000001, 52.30664600000001], [-6.446711400000001, 52.307000800000004], [-6.447146999999999, 52.3078668], [-6.447609, 52.30896189999999], [-6.4477694, 52.3094341], [-6.4479949, 52.3100826], [-6.4488288, 52.31235670000002], [-6.449066000000001, 52.313251300000005], [-6.4491214, 52.31376409999999], [-6.4491208, 52.31426630000001], [-6.449001600000001, 52.3156091], [-6.448981600000001, 52.3158085], [-6.448921899999999, 52.3163206], [-6.448913, 52.3163934], [-6.4487218, 52.3182173], [-6.448544300000001, 52.31889889999999], [-6.4484141, 52.31928320000001], [-6.447976100000001, 52.32026059999999], [-6.4479383, 52.32033220000001], [-6.4477501, 52.320754199999996], [-6.447661400000001, 52.320953300000006], [-6.447163699999999, 52.32201779999999], [-6.4467104, 52.3230685], [-6.446485199999999, 52.323718400000004], [-6.446327, 52.324368299999996], [-6.4462741999999995, 52.32480770000001], [-6.4462673, 52.32524550000001], [-6.446345400000001, 52.32583880000001], [-6.4467278, 52.32703969999999], [-6.446979000000001, 52.32777970000001], [-6.447137800000001, 52.32825249999999], [-6.4474045, 52.32905590000001], [-6.447557800000001, 52.329412700000006], [-6.4477089, 52.329647], [-6.447872300000001, 52.3298499], [-6.4480905, 52.330073299999995], [-6.4484096, 52.330321399999995], [-6.448747900000001, 52.330542], [-6.4497012, 52.3310357], [-6.4500732, 52.33125869999999], [-6.451041700000001, 52.33185950000001], [-6.4516557, 52.332266499999996], [-6.4526, 52.33290040000001], [-6.4533501, 52.3334381], [-6.453429500000001, 52.333495000000006], [-6.453890100000001, 52.33389189999999], [-6.455271499999999, 52.33507790000001], [-6.455830500000001, 52.3355778], [-6.456405, 52.33597509999999], [-6.4566161, 52.3361159], [-6.4568983, 52.3363354], [-6.457309100000001, 52.3366734], [-6.457804299999999, 52.3370735], [-6.4580821, 52.33731800000001], [-6.4581892, 52.3374347], [-6.4590492, 52.3383322], [-6.4593073, 52.3386118], [-6.459485800000001, 52.33878839999999], [-6.459780799999999, 52.3390802], [-6.460024700000001, 52.339341899999994], [-6.4601517, 52.3394783], [-6.4605857, 52.3399347], [-6.4610875000000005, 52.3404624], [-6.4619894, 52.3414934], [-6.4622507, 52.341853400000005], [-6.4623688, 52.3420005], [-6.462506, 52.342171400000005], [-6.462830299999999, 52.34252729999999], [-6.4631669, 52.3427782], [-6.463493299999999, 52.3429427], [-6.463928342937902, 52.34313842354727]]}, "properties": {"mode": "rail", "agency": "Iarnr\u00f3d \u00c9ireann", "short": "rail"}}, {"type": "Feature", "geometry": {"type": "LineString", "coordinates": [[-6.463928342937902, 52.34313842354727], [-6.464276279315079, 52.3432949559221], [-6.464289400000001, 52.3433009], [-6.465723999999999, 52.34388210000001], [-6.4659595, 52.343966300000005], [-6.466353600000001, 52.3441073], [-6.466957599999999, 52.34429360000001], [-6.468034600000001, 52.3445829], [-6.468540400000001, 52.3446679], [-6.4693073000000005, 52.344784100000005], [-6.469845600000001, 52.3448487], [-6.470362, 52.344925599999996], [-6.470922300000001, 52.3450374], [-6.4713532, 52.3451431], [-6.471770600000001, 52.3452742], [-6.472352599999999, 52.34547810000001], [-6.4736553, 52.3459484], [-6.4750518999999995, 52.34653490000001], [-6.475702900000001, 52.3468222], [-6.475774400000001, 52.34685480000001], [-6.476721900000001, 52.3473569], [-6.477142500000001, 52.347632000000004], [-6.4776252, 52.34802130000001], [-6.478120500000001, 52.34843870000001], [-6.479101900000001, 52.34934239999999], [-6.479611899999999, 52.3497945], [-6.4802265, 52.3502695], [-6.480726500000001, 52.350604800000006], [-6.481489900000001, 52.3510604], [-6.4821846, 52.3514253], [-6.4830585, 52.3518224], [-6.4838392, 52.352126399999996], [-6.484555, 52.3523799], [-6.4853169, 52.3526054], [-6.4861857, 52.35283460000001], [-6.487250100000001, 52.3530551], [-6.4886381, 52.35326640000001], [-6.4894938, 52.353345], [-6.4910952, 52.35343240000001], [-6.492903999999999, 52.35341210000001], [-6.4937806, 52.3533682], [-6.494275600000002, 52.3533327], [-6.494718399999999, 52.353291999999996], [-6.495336400000001, 52.3532201], [-6.4960184, 52.35312449999999], [-6.4973643, 52.35286330000001], [-6.4980415, 52.352701800000006], [-6.4987205, 52.3525086], [-6.4996462, 52.352212699999995], [-6.500791000000002, 52.3517756], [-6.501798599999999, 52.3513664], [-6.5039144, 52.3505096], [-6.5049884, 52.35014340000001], [-6.5051884, 52.3500855], [-6.5061415, 52.34981830000001], [-6.507204199999999, 52.34952439999999], [-6.507794199999999, 52.3493526], [-6.507957, 52.349307599999996], [-6.509277, 52.3489423], [-6.5131353, 52.34788820000001], [-6.514070599999999, 52.3477026], [-6.514384400000001, 52.3476649], [-6.515160899999999, 52.3475966], [-6.515822400000001, 52.3475843], [-6.516695500000001, 52.3476083], [-6.517605800000001, 52.34769560000001], [-6.5182459, 52.34779999999999], [-6.5183913, 52.3478291], [-6.5185626999999995, 52.3478635], [-6.518910300000001, 52.3479295], [-6.5197771, 52.34817030000001], [-6.5222903, 52.3490189], [-6.523423500000001, 52.3492684], [-6.524508999999999, 52.3494302], [-6.5257694, 52.34955320000001], [-6.5270735, 52.3496197], [-6.5282908, 52.3497279], [-6.5292842, 52.3498981], [-6.530478300000001, 52.35020089999999], [-6.5316957, 52.35054869999999], [-6.5336496, 52.351099000000005], [-6.536395800000001, 52.35195709999999], [-6.536901899999999, 52.35217840000001], [-6.5371038, 52.35226670000001], [-6.537425400000001, 52.3524161], [-6.537602300000001, 52.352497400000004], [-6.5383917, 52.3528288], [-6.539883900000001, 52.35318939999999], [-6.5414047, 52.3535011], [-6.542514299999999, 52.353838399999994], [-6.543658700000001, 52.354294599999996], [-6.544364100000001, 52.3546096], [-6.5446207, 52.354794399999996], [-6.5451591, 52.35531670000001], [-6.545578900000001, 52.35579919999999], [-6.5457893, 52.3560798], [-6.545987000000002, 52.3563771], [-6.5466402, 52.357280499999995], [-6.546995400000001, 52.3577547], [-6.5473226, 52.358216199999994], [-6.5480515, 52.3592243], [-6.548424300000001, 52.359752799999995], [-6.5491662, 52.3607743], [-6.549259500000001, 52.360891300000006], [-6.549372, 52.3610229], [-6.5496099, 52.3612819], [-6.550021800000001, 52.3616851], [-6.5507112, 52.3623304], [-6.5514030000000005, 52.3630165], [-6.552183800000001, 52.3636926], [-6.553082400000001, 52.36430880000001], [-6.553954600000001, 52.3649738], [-6.554784800000001, 52.3656286], [-6.555127500000001, 52.3658914], [-6.5555240999999995, 52.3661307], [-6.5564354, 52.3665635], [-6.5570217, 52.366825899999995], [-6.557604, 52.367100099999995], [-6.558036300000001, 52.36735519999999], [-6.558426899999999, 52.3676255], [-6.558709200000001, 52.3678534], [-6.558945800000001, 52.3680851], [-6.5591761, 52.3683532], [-6.5593762, 52.3686267], [-6.5595428, 52.3689771], [-6.559656800000002, 52.3693231], [-6.559736100000001, 52.3697773], [-6.559741900000001, 52.370197499999996], [-6.559760200000001, 52.37150329999999], [-6.559850800000001, 52.372475599999994], [-6.5600376, 52.3731218], [-6.560297000000001, 52.3737378], [-6.560890500000001, 52.374667800000005], [-6.561313300000001, 52.37516420000001], [-6.561787900000001, 52.37562919999999], [-6.562375900000001, 52.37611660000001], [-6.5630317, 52.3765651], [-6.5645106, 52.3775576], [-6.5667194, 52.379018300000006], [-6.567444500000001, 52.3794816], [-6.567650800000001, 52.3796279], [-6.568316, 52.3800856], [-6.568646700000001, 52.38029660000001], [-6.5689232, 52.3805413], [-6.569182200000001, 52.3808403], [-6.569354, 52.38115749999999], [-6.569509100000001, 52.38153820000001], [-6.569576100000001, 52.38183359999999], [-6.569573700000001, 52.38220119999999], [-6.569558100000001, 52.382520199999995], [-6.569401, 52.38315660000001], [-6.5692723, 52.3838196], [-6.569236299999999, 52.3843507], [-6.569236299999999, 52.385014], [-6.569207300000001, 52.3852868], [-6.5691789, 52.3854985], [-6.569164099999999, 52.38558940000001], [-6.569024499999999, 52.3861591], [-6.568985700000002, 52.3862812], [-6.568772400000002, 52.3867734], [-6.5686598, 52.3869696], [-6.568532, 52.387162800000006], [-6.568437200000001, 52.3873009], [-6.568060600000001, 52.3877842], [-6.567649100000001, 52.3881666], [-6.567348700000001, 52.388437], [-6.566836800000001, 52.3889011], [-6.5662731, 52.3893482], [-6.5655796, 52.389801599999984], [-6.5647991, 52.390229100000006], [-6.564014700000001, 52.3905863], [-6.563264899999999, 52.3908909], [-6.5626905, 52.3910973], [-6.561650000000001, 52.3913838], [-6.5606365, 52.39167470000001], [-6.5603733, 52.39175250000001], [-6.5598257, 52.3919117], [-6.558122100000001, 52.39255630000001], [-6.556995299999999, 52.393221700000005], [-6.555620600000001, 52.3941585], [-6.5548724, 52.3949049], [-6.5545520999999995, 52.39534720000001], [-6.5542663999999995, 52.3957851], [-6.5538865, 52.3966763], [-6.5535618, 52.3975825], [-6.553488599999999, 52.398770999999996], [-6.5532992000000005, 52.40177489999999], [-6.5531591, 52.4036501], [-6.553086199999999, 52.4052255], [-6.5530044, 52.40619949999999], [-6.553030699999999, 52.406898600000005], [-6.553120400000001, 52.407603900000005], [-6.553268799999999, 52.4082815], [-6.5535615, 52.4091523], [-6.5539911, 52.4100078], [-6.554447500000001, 52.4106935], [-6.554938400000001, 52.41133229999999], [-6.5561384, 52.41277279999999], [-6.5578477, 52.414734], [-6.558131100000001, 52.4150526], [-6.558893600000001, 52.41597350000001], [-6.5591874, 52.416428499999995], [-6.559434199999999, 52.416974100000004], [-6.559469900000001, 52.417155], [-6.5594843, 52.41722810000001], [-6.5596056, 52.4178427], [-6.559715099999999, 52.4187695], [-6.5599986, 52.419516699999996], [-6.560193400000001, 52.4198124], [-6.5604457, 52.420090900000005], [-6.560889800000001, 52.4204849], [-6.561338799999999, 52.4208268], [-6.561822299999999, 52.42108900000001], [-6.5625467, 52.4214588], [-6.5636485, 52.4219857], [-6.565008600000001, 52.4226472], [-6.5660242, 52.4232143], [-6.566936999999999, 52.423902600000005], [-6.567154399999999, 52.4240918], [-6.567252500000001, 52.42417189999999], [-6.567696400000001, 52.424602099999994], [-6.568121400000001, 52.4251073], [-6.5684735, 52.42562149999999], [-6.5687625999999995, 52.42616280000001], [-6.5689003, 52.426481], [-6.569018899999999, 52.4267838], [-6.56905, 52.42689850000001], [-6.569349400000001, 52.42822809999999], [-6.569606300000002, 52.42966109999999], [-6.5696595, 52.4306585], [-6.569601199999999, 52.431454800000004], [-6.569372800000001, 52.432513], [-6.569112600000001, 52.4332301], [-6.5688505, 52.4337898], [-6.5683191999999995, 52.4346691], [-6.567066700000001, 52.43654169999999], [-6.566977500000001, 52.4366642], [-6.5664676, 52.4374502], [-6.5656354, 52.438645400000006], [-6.5648394, 52.43984439999999], [-6.563228499999999, 52.44222750000001], [-6.5625612, 52.4432229], [-6.562108299999999, 52.4443237], [-6.5616628000000015, 52.4465701], [-6.5614218, 52.4477646], [-6.5613952, 52.44844520000001], [-6.561448, 52.4489979], [-6.5615664, 52.4495653], [-6.5617618, 52.4501913], [-6.561821299999999, 52.4503073], [-6.5622096, 52.451144899999996], [-6.5626889, 52.4521658], [-6.563193, 52.4534556], [-6.563215100000001, 52.45352869999999], [-6.5633789, 52.4540908], [-6.5635395, 52.454989000000005], [-6.5635967, 52.45587020000001], [-6.563678800000001, 52.45772349999999], [-6.563759400000001, 52.460879000000006], [-6.5637898, 52.4620711], [-6.563820100000001, 52.46323290000001], [-6.5639127, 52.46603460000001], [-6.563919500000001, 52.4666586], [-6.563926300000001, 52.4668413], [-6.5639581, 52.4675386], [-6.564002899999999, 52.46934290000001], [-6.5640507, 52.4698871], [-6.564167100000001, 52.47094369999999], [-6.564404199999999, 52.4718692], [-6.5646145, 52.47281190000001], [-6.564976699999999, 52.4741209], [-6.5652995, 52.475424200000006], [-6.5656337, 52.4768935], [-6.565946600000001, 52.47802500000001], [-6.566174999999999, 52.4788685], [-6.566428899999999, 52.4797096], [-6.566726700000001, 52.480327599999995], [-6.5673553, 52.4814229], [-6.567886400000001, 52.482355399999996], [-6.568206300000001, 52.48295800000001], [-6.568372, 52.48327400000001], [-6.5685994, 52.483929], [-6.568703400000001, 52.4842968], [-6.568825, 52.4853087], [-6.5689269999999995, 52.4863008], [-6.5690141, 52.48696449999999], [-6.5690785, 52.48727360000001], [-6.569088900000001, 52.48731990000001], [-6.5691714999999995, 52.48769860000001], [-6.5693067, 52.48821399999999], [-6.569480900000001, 52.4888007], [-6.5698675, 52.4900458], [-6.570116799999999, 52.4908546], [-6.5701784000000005, 52.49105459999999], [-6.5702701999999995, 52.4914472], [-6.5702883, 52.4917638], [-6.5702921, 52.4919993], [-6.570260199999999, 52.49223740000001], [-6.5702473, 52.492292299999995], [-6.570180500000001, 52.492514299999996], [-6.5701131, 52.4926993], [-6.5699761, 52.4929816], [-6.569827199999999, 52.49322879999999], [-6.569658499999999, 52.49347120000001], [-6.569284400000001, 52.49394250000001], [-6.568726, 52.494606100000006], [-6.5682824, 52.49523150000001], [-6.5680895999999995, 52.49561620000001], [-6.567959500000001, 52.4960147], [-6.5679049, 52.4965466], [-6.567935899999999, 52.4967696], [-6.5679601000000005, 52.4970118], [-6.5680566, 52.4972825], [-6.568424200000001, 52.498016099999994], [-6.5686764, 52.49857240000001], [-6.568734699999999, 52.4986928], [-6.5687813, 52.49899299999999], [-6.568964300000001, 52.5001721], [-6.568928200000001, 52.5007177], [-6.5688724, 52.500991799999994], [-6.5686435, 52.50150839999999], [-6.5681632, 52.5021483], [-6.5677974, 52.5026326], [-6.5677172, 52.5027387], [-6.5674918, 52.5030653], [-6.567284100000001, 52.50337340000001], [-6.5671747, 52.50357460000001], [-6.567, 52.503837100000005], [-6.566809700000001, 52.5040996], [-6.566566303487451, 52.5043557769921], [-6.565270999999999, 52.5057193], [-6.5649844, 52.5060177], [-6.5648702, 52.506136700000006], [-6.5644681, 52.50654649999999], [-6.5640403, 52.506949800000015], [-6.563964900000001, 52.507031299999994], [-6.563761399999999, 52.5072428], [-6.5636095, 52.50739939999999], [-6.5634537, 52.507548099999994], [-6.5632769, 52.5077096], [-6.563053, 52.507898999999995], [-6.562830400000001, 52.5080623], [-6.5626075, 52.5082121], [-6.5623556, 52.5083708], [-6.562048300000001, 52.50854340000001], [-6.5617575, 52.5086867], [-6.5614460999999995, 52.5088184], [-6.5610319, 52.5089781], [-6.5606999, 52.50909240000001], [-6.560307700000001, 52.5092017], [-6.5599054, 52.509298900000005], [-6.559517500000001, 52.5093796], [-6.555922299999999, 52.51006670000001], [-6.5543952999999995, 52.5103982], [-6.552955300000001, 52.5107439], [-6.551207599999999, 52.511354700000005], [-6.5503896, 52.5117566], [-6.5499324, 52.512036200000004], [-6.5497273, 52.5122066], [-6.549610199999999, 52.51230640000001], [-6.549111099999999, 52.51283090000001], [-6.548182500000001, 52.514182399999996], [-6.547872, 52.51461830000001], [-6.547175600000001, 52.5153459], [-6.546776100000001, 52.5156997], [-6.545868799999999, 52.5162965], [-6.544157600000001, 52.517106299999995], [-6.541858699999999, 52.5178698], [-6.540228700000001, 52.5184047], [-6.538166900000001, 52.51911160000001], [-6.5367362, 52.5195764], [-6.535985300000001, 52.5198425], [-6.5354379, 52.5200606], [-6.534857099999999, 52.5203185], [-6.5346671999999995, 52.52039969999999], [-6.534110499999999, 52.52069170000001], [-6.533577199999999, 52.5210048], [-6.533118399999999, 52.5213218], [-6.532722399999999, 52.52166460000001], [-6.532080499999999, 52.52233410000001], [-6.5317468, 52.522794600000005], [-6.5312114, 52.5237918], [-6.530880300000001, 52.5244253], [-6.530811900000001, 52.5245655], [-6.530529399999999, 52.52507179999999], [-6.5303001, 52.52557730000001], [-6.5298621, 52.5266094], [-6.529259000000001, 52.5281057], [-6.5287603, 52.52960250000001], [-6.528594000000001, 52.5301623], [-6.5284034, 52.5311543], [-6.5283767, 52.53159649999999], [-6.528416600000002, 52.53201560000001], [-6.5285728, 52.53262009999999], [-6.529359599999999, 52.5339473], [-6.5294682, 52.5340874], [-6.5297674, 52.5344126], [-6.530078500000002, 52.534727999999994], [-6.530749200000001, 52.53524910000001], [-6.5313535, 52.5356411], [-6.532016700000001, 52.536005], [-6.5333055, 52.53670420000001], [-6.5337667, 52.536965599999995], [-6.5342758, 52.5372409], [-6.5352537, 52.537805600000006], [-6.536038300000001, 52.5383427], [-6.536743600000001, 52.5389291], [-6.537242400000001, 52.5394695], [-6.5376728, 52.5400122], [-6.538037, 52.5405978], [-6.5380817, 52.5406939], [-6.538562799999999, 52.54148570000001], [-6.5389478, 52.5421971], [-6.539254900000001, 52.54291570000001], [-6.539332000000001, 52.5431269], [-6.5395441000000005, 52.543836], [-6.539692700000001, 52.544736500000006], [-6.5397525000000005, 52.545515599999995], [-6.539759299999999, 52.5458878], [-6.5397271, 52.5462539], [-6.539566, 52.54734030000001], [-6.5392458, 52.5484476], [-6.5389723, 52.54903650000001], [-6.5386395, 52.5495709], [-6.5386103, 52.549615], [-6.538163000000001, 52.5502818], [-6.538007799999999, 52.55047480000001], [-6.537363900000001, 52.55128059999999], [-6.5368264, 52.5518643], [-6.536246799999999, 52.5524143], [-6.5338467, 52.55460550000001], [-6.532346100000001, 52.55596849999999], [-6.5309551, 52.5573617], [-6.5300028, 52.55837950000001], [-6.529052599999999, 52.5594238], [-6.5278443, 52.5607643], [-6.527189000000001, 52.56149119999999], [-6.5234673, 52.5656215], [-6.522217400000001, 52.566915900000005], [-6.520812899999999, 52.568142699999996], [-6.517655800000001, 52.570739], [-6.5175736, 52.57081190000001], [-6.5175264, 52.5708454], [-6.516538500000001, 52.5716556], [-6.5158635, 52.5721674], [-6.515203200000002, 52.5726395], [-6.515128899999999, 52.572688600000006], [-6.513840200000001, 52.57343689999999], [-6.513035600000001, 52.573834], [-6.512030799999999, 52.5742619], [-6.5109373, 52.57467929999999], [-6.506572299999999, 52.5761329], [-6.5055972, 52.5764607], [-6.500887700000001, 52.5780461], [-6.500501900000001, 52.5781749], [-6.490828400000001, 52.58140199999998], [-6.4883177000000005, 52.5822539], [-6.487089400000001, 52.58277170000001], [-6.486325100000001, 52.58320059999999], [-6.486268800000001, 52.5832356], [-6.485834100000001, 52.5835237], [-6.4853786, 52.58385659999999], [-6.484783500000001, 52.58432270000001], [-6.4841754, 52.584852700000006], [-6.4813653, 52.5872518], [-6.478802800000001, 52.5894579], [-6.4778833, 52.59024050000001], [-6.4776882, 52.5904064], [-6.473515, 52.59395789999999], [-6.472476799999999, 52.5948658], [-6.4716879, 52.595524999999995], [-6.471597300000001, 52.5956007], [-6.4697825, 52.596923499999995], [-6.4680659, 52.5979709], [-6.4661113, 52.598971600000006], [-6.4639239, 52.599875000000004], [-6.460966999999999, 52.6009047], [-6.457877100000001, 52.6017704], [-6.453455400000001, 52.6030244], [-6.4501607000000005, 52.603931599999996], [-6.4479241, 52.604586100000006], [-6.4466920000000005, 52.60492380000001], [-6.4440609, 52.6058328], [-6.441832600000001, 52.6067096], [-6.440488000000001, 52.60729289999999], [-6.440358400000001, 52.6073531], [-6.437276800000001, 52.60872450000001], [-6.435291099999999, 52.60960200000001], [-6.4344813, 52.609968599999995], [-6.433192000000001, 52.6105057], [-6.4318717, 52.6110434], [-6.4305009, 52.611547300000005], [-6.427689899999999, 52.61252209999999], [-6.427547, 52.6125665], [-6.425982, 52.613045699999994], [-6.4244316, 52.6134826], [-6.424211900000001, 52.613545], [-6.420971000000001, 52.61437229999999], [-6.416935900000001, 52.615196100000006], [-6.4150401000000015, 52.61549399999999], [-6.4130853, 52.6157852], [-6.4106721, 52.6160791], [-6.402713600000002, 52.6169637], [-6.39158, 52.61819940000001], [-6.3866037, 52.6187577], [-6.3841184, 52.619028], [-6.381629199999999, 52.61934760000001], [-6.3805675, 52.619534400000006], [-6.3789714, 52.6198196], [-6.378088600000001, 52.62000820000001], [-6.376525, 52.62035840000001], [-6.373225199999999, 52.62111130000001], [-6.3721186, 52.6213642], [-6.371341699999999, 52.6215375], [-6.3688797, 52.622098699999995], [-6.3634801, 52.62330289999999], [-6.3628717, 52.623439100000006], [-6.3622385, 52.62357909999999], [-6.3592138, 52.6242686], [-6.357031100000001, 52.6248138], [-6.356389999999999, 52.6249779], [-6.3551513, 52.62535930000001], [-6.354014600000001, 52.62576550000001], [-6.353427400000001, 52.62599109999999], [-6.352769099999999, 52.6262731], [-6.352011900000001, 52.6266152], [-6.3511782000000006, 52.6270298], [-6.3505586, 52.6273604], [-6.350017700000001, 52.62769029999999], [-6.349281400000001, 52.62813210000001], [-6.345902500000001, 52.6303055], [-6.343348600000001, 52.6319615], [-6.343204100000001, 52.6320557], [-6.339501299999999, 52.634403], [-6.3381153, 52.6353043], [-6.338049999999999, 52.6353494], [-6.3361035, 52.6365908], [-6.336022500000001, 52.636645400000006], [-6.3301337, 52.6404143], [-6.3283075, 52.6415744], [-6.3271252, 52.64238590000001], [-6.325558100000001, 52.6433431], [-6.3181193, 52.648065900000006], [-6.3127204, 52.65156360000001], [-6.311094400000002, 52.65258179999999], [-6.309654400000001, 52.6534925], [-6.3068353, 52.6553895], [-6.306239700000001, 52.6558548], [-6.306158300000001, 52.6559221], [-6.3051626, 52.6568288], [-6.304516499999999, 52.657477899999996], [-6.304319700000001, 52.6576756], [-6.303887300000001, 52.65821069999999], [-6.303499799999999, 52.6587523], [-6.3033283, 52.6589756], [-6.3027247, 52.65983239999999], [-6.302043799999999, 52.6608302], [-6.301198, 52.661991400000005], [-6.3009281, 52.6623801], [-6.299725899999999, 52.6640856], [-6.2984927000000015, 52.665780999999996], [-6.2981124, 52.6662667], [-6.2975346, 52.66695030000001], [-6.2968368, 52.66763970000001], [-6.296273600000002, 52.66814069999999], [-6.2957193, 52.66859710000001], [-6.2951078, 52.6690787], [-6.2944481, 52.6695348], [-6.2933775999999995, 52.67027960000001], [-6.293082499999999, 52.6704981], [-6.2926184, 52.670809999999996], [-6.292256068096369, 52.67106108406132]]}, "properties": {"mode": "rail", "agency": "Iarnr\u00f3d \u00c9ireann", "short": "rail"}}, {"type": "Feature", "geometry": {"type": "LineString", "coordinates": [[-7.79636441358084, 53.7241036751201], [-7.795855999999999, 53.7242369], [-7.7929016, 53.725045599999994], [-7.792620967628249, 53.72513207836559], [-7.792088400000001, 53.725257500000005], [-7.7909005, 53.7255461], [-7.7906121, 53.7256149], [-7.7902736, 53.7256827], [-7.789987100000001, 53.72573570000001], [-7.7889083, 53.7259043], [-7.7881997, 53.7260157], [-7.78803929018465, 53.7260533649508], [-7.7875114000000005, 53.72611520000001], [-7.7868813999999995, 53.7261935], [-7.7861975, 53.726267699999994], [-7.7854621, 53.726334099999995], [-7.784910599999999, 53.7263752], [-7.784190799999999, 53.7264137], [-7.7830788, 53.7264574], [-7.7823255, 53.726470600000006], [-7.781572099999998, 53.7264521], [-7.7809578, 53.72643849999999], [-7.780305800000001, 53.7264155], [-7.7796214, 53.7263699], [-7.7786551, 53.726282299999994], [-7.7778545999999995, 53.7261961], [-7.777382814867881, 53.726138861129606], [-7.777164100000002, 53.7261125], [-7.7765699, 53.726029], [-7.7759825, 53.7259321], [-7.775000299999999, 53.7257467], [-7.774062799999999, 53.7255551], [-7.7733853, 53.72541470000001], [-7.772469500000001, 53.7252225], [-7.7716595, 53.72501140000001], [-7.770291600000001, 53.7245861], [-7.7687037, 53.724021199999996], [-7.767604600000001, 53.7235502], [-7.76748450829727, 53.7234918146928], [-7.7667805, 53.7231508], [-7.765727, 53.722617799999995], [-7.7641122, 53.7217078], [-7.7637193, 53.72148829999998], [-7.762633700000001, 53.720872500000006], [-7.7612299, 53.7200734], [-7.759690360505861, 53.71919910428021], [-7.7593052, 53.7189804], [-7.757293900000001, 53.717859999999995], [-7.753568800000001, 53.7158032], [-7.751692891287819, 53.71490619721709], [-7.751573099999999, 53.71484900000001], [-7.7503694, 53.71434880000001], [-7.749170800000001, 53.7138881], [-7.7470478, 53.713135900000005], [-7.743652600000001, 53.7122401], [-7.7431553, 53.71212570000001], [-7.7428796, 53.7120713], [-7.7398687, 53.71143120000001], [-7.73792014615839, 53.7110295941842], [-7.732226900000001, 53.70985650000001], [-7.723265017855181, 53.7079968835002], [-7.7219107, 53.70771589999999], [-7.7217202, 53.7076717], [-7.7202507, 53.7073751], [-7.7150223, 53.706284200000006], [-7.714863300000001, 53.7062516], [-7.70854923641955, 53.704937178840794], [-7.706646899999998, 53.7045413], [-7.703598300000001, 53.70391529999999], [-7.7007581, 53.7033266], [-7.6993299, 53.7030272], [-7.697452300000001, 53.702638400000005], [-7.6954419000000005, 53.7022205], [-7.695275553508411, 53.7021848863637], [-7.6938325999999995, 53.70187719999999], [-7.6933698, 53.70178009999999], [-7.691191900000001, 53.7014009], [-7.6903569, 53.70128029999999], [-7.688926900000001, 53.7011241], [-7.688078999999998, 53.7010552], [-7.6874095, 53.7010153], [-7.685421999999999, 53.7009489], [-7.6840346, 53.7009647], [-7.683276000000001, 53.70099160000001], [-7.682277100000001, 53.7010541], [-7.681460300000001, 53.7011133], [-7.679721, 53.7012652], [-7.6783437, 53.701376100000004], [-7.6769592, 53.7014483], [-7.676355200000001, 53.70147850000001], [-7.6743903, 53.70152050000001], [-7.6729821, 53.701514], [-7.6714385, 53.7014884], [-7.670224, 53.701438599999996], [-7.668691500000001, 53.70135299999999], [-7.6676312, 53.701273799999996], [-7.665993500000001, 53.70112000000001], [-7.664448900000001, 53.7009111], [-7.662736699999999, 53.7006517], [-7.660925800000001, 53.7003345], [-7.6596608, 53.7000785], [-7.6584257, 53.6997788], [-7.6540342999999975, 53.69861509999999], [-7.6513128, 53.69783879999999], [-7.648856199999999, 53.6972232], [-7.6477229, 53.6969597], [-7.644265800000001, 53.69622540000001], [-7.64409402181353, 53.69619409995621], [-7.642119100000002, 53.69583500000001], [-7.641981099999999, 53.695811], [-7.6382053, 53.695117499999995], [-7.635060300000001, 53.69454100000001], [-7.634203900000001, 53.69439500000001], [-7.628862, 53.693421], [-7.627748500000001, 53.6932201], [-7.6264275, 53.69298499999999], [-7.624936000000001, 53.6926985], [-7.622471000000001, 53.6922635], [-7.619591399999999, 53.6917234], [-7.617713300000001, 53.691396100000006], [-7.6097375, 53.68994609999999], [-7.607711200000001, 53.6895742], [-7.607628067378271, 53.6895597998501], [-7.6073066, 53.68950459999999], [-7.607023600000001, 53.68945399999999], [-7.6063827, 53.6893657], [-7.606091700000001, 53.6893178], [-7.6055683, 53.689223500000004], [-7.6044878, 53.6890273], [-7.603717799999999, 53.68888820000001], [-7.6030944, 53.68877460000001], [-7.603077368726871, 53.68877144445509], [-7.6026659, 53.6886965], [-7.601799400000001, 53.6885373], [-7.601378399999999, 53.68846880000001], [-7.601329412632061, 53.68846073284541], [-7.601266900000002, 53.688450700000004], [-7.6008859, 53.68837499999999], [-7.6000723, 53.688228], [-7.5994668999999995, 53.688112200000006], [-7.599014800000001, 53.6880053], [-7.598205597545481, 53.687843009993095], [-7.5970993, 53.6876463], [-7.5969954, 53.687625700000005], [-7.5951232, 53.6872917], [-7.592312799999999, 53.68677569999999], [-7.591520000000001, 53.6866386], [-7.590996499999999, 53.686548], [-7.59015085587175, 53.6863997616891], [-7.5887329, 53.68615139999999], [-7.586706500000001, 53.685779800000006], [-7.584672100000001, 53.6854064], [-7.5825129, 53.6850294], [-7.5824392000000005, 53.685019499999996], [-7.57170052035984, 53.68305705922369], [-7.564247, 53.6816945], [-7.550183700000001, 53.6791457], [-7.55001860853197, 53.6791149846285], [-7.544506000000001, 53.678091], [-7.536221200000001, 53.67656250000001], [-7.5261910434048405, 53.67471196280799], [-7.523146699999999, 53.67415019999999], [-7.501446111851271, 53.67024900757501], [-7.4990889, 53.6698251], [-7.479659800000001, 53.66626610000001], [-7.473160315929279, 53.6650814761844], [-7.471962099999998, 53.664863200000006], [-7.4717243, 53.66482030000001], [-7.4676195, 53.6640668], [-7.453378600000001, 53.6614279], [-7.451758799999998, 53.66101270000001], [-7.450286099999999, 53.6605654], [-7.448838, 53.660052400000005], [-7.448138599999998, 53.659773], [-7.447337499999998, 53.659431600000005], [-7.445448799999999, 53.6585004], [-7.44453037878258, 53.65803984203081], [-7.441705300000001, 53.65662350000001], [-7.440651599999999, 53.656070199999995], [-7.435210500000001, 53.65329100000001], [-7.4343047, 53.6528291], [-7.4328842999999996, 53.6521242], [-7.431947699999999, 53.65164200000001], [-7.43158120260216, 53.6514436728471], [-7.4302254, 53.65071079999999], [-7.4290422, 53.6500223], [-7.428625600000001, 53.649742], [-7.427103200000001, 53.6486821], [-7.4269685, 53.64858829999999], [-7.425593800000001, 53.6475415], [-7.424575400000002, 53.6466191], [-7.4241358, 53.6461926], [-7.4236844, 53.6457558], [-7.423092100000001, 53.645103000000006], [-7.422716104962053, 53.64466550996261], [-7.422684800000001, 53.64462760000001], [-7.4224142, 53.6442979], [-7.421831, 53.64349810000001], [-7.4212517, 53.64264750000001], [-7.4205885, 53.64153050000001], [-7.420399, 53.6411646], [-7.4201526, 53.640625400000005], [-7.4199171, 53.640073300000005], [-7.419383799999999, 53.63851480000001], [-7.418792200000001, 53.6359572], [-7.41864169176379, 53.6352539746305], [-7.418300899999999, 53.6336627], [-7.4176431, 53.63064169999999], [-7.41726945945233, 53.6289535625889], [-7.417234299999999, 53.6287955], [-7.4168229, 53.62727370000001], [-7.416638799999999, 53.6267102], [-7.4164276, 53.6260712], [-7.4158321, 53.624515500000015], [-7.4153421, 53.6233787], [-7.4143001, 53.621234900000005], [-7.413550599999998, 53.61989320000001], [-7.411715499999999, 53.61717999999999], [-7.4110605, 53.6163304], [-7.4097356, 53.6147502], [-7.409182139224058, 53.61416546473631], [-7.4045548, 53.60927780000001], [-7.40176212570819, 53.6063904798518], [-7.4011961, 53.6058053], [-7.4009215, 53.6055152], [-7.396471799999999, 53.6008853], [-7.395894900000001, 53.60028129999999], [-7.3954086000000006, 53.599774599999996], [-7.393609800000001, 53.5978882], [-7.393051138361819, 53.597302023001795], [-7.388549800000001, 53.59257980000001], [-7.387378599999999, 53.5913645], [-7.385452899999998, 53.589359400000006], [-7.384035764070651, 53.5878853345372], [-7.3838927, 53.58773670000001], [-7.3838311999999995, 53.5876641], [-7.382518100000001, 53.5862778], [-7.3811717, 53.584884800000005], [-7.3798726, 53.5834845], [-7.3783507, 53.582123599999996], [-7.375897899999999, 53.58045380000001], [-7.373039675716491, 53.57905732925419], [-7.372672600000002, 53.5788781], [-7.370574900000001, 53.577891799999996], [-7.369068499999999, 53.57703920000001], [-7.3678719, 53.57619499999999], [-7.3669286, 53.5754259], [-7.366448700000001, 53.57495020000001], [-7.365746, 53.574364300000006], [-7.365112500000001, 53.57371220000001], [-7.3645916, 53.57302680000001], [-7.364113, 53.572378799999996], [-7.363613199999998, 53.5716265], [-7.3632471, 53.570943], [-7.3629335, 53.57027750000001], [-7.36286190641474, 53.57004507085661], [-7.362642800000001, 53.56933349999999], [-7.362499799999999, 53.56869340000001], [-7.3624026, 53.56817430000001], [-7.362375600000002, 53.5678845], [-7.362370600000001, 53.56767940000001], [-7.3623642, 53.56740900000001], [-7.3623602, 53.5670785], [-7.362374200000001, 53.5667177], [-7.362411100000001, 53.566247], [-7.3625654, 53.56529530000001], [-7.3631424, 53.562783], [-7.3631893, 53.56230870000001], [-7.36324509296817, 53.56174525622679], [-7.3632681999999985, 53.5615115], [-7.3632308, 53.5605842], [-7.3631806, 53.560231900000005], [-7.3630671, 53.55956809999999], [-7.3630568, 53.5595041], [-7.362927599999999, 53.558952700000006], [-7.3625651, 53.5578567], [-7.362454, 53.5575984], [-7.361879500000001, 53.5564587], [-7.361517500000001, 53.5559421], [-7.361483600000001, 53.555888100000004], [-7.360877400000001, 53.555051799999994], [-7.3604885, 53.5545754], [-7.3600677, 53.5541228], [-7.3599691297109695, 53.5540247295765], [-7.359624700000001, 53.55368219999999], [-7.3591127, 53.5531947], [-7.358586800000001, 53.552749399999996], [-7.3581968, 53.5524423], [-7.355915800000001, 53.55088399999999], [-7.355162499999999, 53.55039390000001], [-7.3544332, 53.5498892], [-7.3538915000000005, 53.5494779], [-7.3530348000000005, 53.5487077], [-7.352757200000001, 53.5483961], [-7.3522178, 53.54779049999999], [-7.3517675, 53.54719370000001], [-7.351392799999999, 53.5466135], [-7.350643900000001, 53.5452479], [-7.350488934693641, 53.54494376405621], [-7.349954800000002, 53.54389629999999], [-7.3494645, 53.5430658], [-7.3488555, 53.5418547], [-7.3483148, 53.54065570000001], [-7.3478763, 53.5395601], [-7.3475503, 53.538222], [-7.34740507930658, 53.53761394186591], [-7.347363, 53.53743860000001], [-7.3473536, 53.537399400000005], [-7.3472056, 53.5367802], [-7.3471253999999995, 53.53598350000001], [-7.3470203000000005, 53.534911900000004], [-7.3470021, 53.53416730000001], [-7.346987600000001, 53.533204099999985], [-7.3471772, 53.5307804], [-7.3473649000000005, 53.5293045], [-7.347388091204251, 53.528914171973994], [-7.3474529, 53.5278243], [-7.3474641, 53.52751940000001], [-7.3476504, 53.525596799999995], [-7.347698699999999, 53.5251638], [-7.347694, 53.5247553], [-7.3475997564182585, 53.524381395336], [-7.347464800000001, 53.52413350000001], [-7.347182800000001, 53.52378449999999], [-7.3470811, 53.5236702], [-7.346803100000001, 53.5234636], [-7.3465767, 53.5233072], [-7.346339778282691, 53.523178303273774]]}, "properties": {"mode": "rail", "agency": "Iarnr\u00f3d \u00c9ireann", "short": "rail"}}, {"type": "Feature", "geometry": {"type": "LineString", "coordinates": [[-7.346339778282691, 53.523178303273774], [-7.3462793, 53.523145400000004], [-7.34605867060296, 53.5230552331635], [-7.3459363, 53.5230053], [-7.345643500000001, 53.52291699999999], [-7.345332399999999, 53.52283539999999], [-7.344918400000002, 53.522745600000015], [-7.3445070999999995, 53.522687100000006], [-7.344227653786359, 53.52266820725371], [-7.344184299999999, 53.5226654], [-7.3438709, 53.52265179999999], [-7.3433014, 53.52263959999999], [-7.342580899999999, 53.5226178], [-7.3420549, 53.5225689], [-7.341503699999999, 53.5225009], [-7.3404115, 53.52232250000001], [-7.3399394, 53.522207], [-7.3389573, 53.5219584], [-7.3387429, 53.521897599999996], [-7.3386327, 53.5218664], [-7.338488202648451, 53.5218211374801], [-7.337932000000002, 53.5216474], [-7.337182, 53.52136860000001], [-7.3361809, 53.52089240000001], [-7.335359000000003, 53.5204199], [-7.334368400000001, 53.519734500000006], [-7.334199000000001, 53.5196175], [-7.3329306, 53.5187643], [-7.3320075, 53.51817569999999], [-7.330807299999999, 53.5175374], [-7.329917500000002, 53.5171634], [-7.32810301077767, 53.516396078709], [-7.3278071, 53.516271], [-7.326722700000001, 53.515790599999995], [-7.325567600000002, 53.5152948], [-7.324830400000001, 53.5149858], [-7.3234866, 53.514398500000006], [-7.3232462, 53.5142989], [-7.323199499999999, 53.5142796], [-7.322933699999998, 53.5141695], [-7.3218197, 53.5136548], [-7.3213372, 53.5134011], [-7.320636900000001, 53.5129499], [-7.320039400000001, 53.51248780000001], [-7.319991721628033, 53.512447227965694], [-7.319111600000002, 53.51169949999999], [-7.3182996000000005, 53.510965600000006], [-7.3171053, 53.51015240000001], [-7.3160539, 53.5095748], [-7.3151768, 53.5091905], [-7.3142488000000005, 53.5088572], [-7.3137688999999995, 53.508728600000005], [-7.313082, 53.5085445], [-7.312254588587211, 53.5083822113089], [-7.3116336, 53.5082606], [-7.310214700000001, 53.50800699999999], [-7.307685400000001, 53.507582600000006], [-7.3059607, 53.507281199999994], [-7.3047135, 53.5070786], [-7.3032007000000005, 53.50694300000001], [-7.301328600000001, 53.5069143], [-7.299209600000001, 53.5069191], [-7.299140718944621, 53.5069301642002], [-7.2980536, 53.50689340000001], [-7.2956986, 53.5068089], [-7.294097300000001, 53.5066862], [-7.2925738, 53.506549], [-7.291321200000001, 53.5064214], [-7.2890601, 53.50611670000001], [-7.2875906, 53.5058905], [-7.286748200000001, 53.5057579], [-7.2858213, 53.50559350000001], [-7.285095200000001, 53.5054624], [-7.284161200000001, 53.5052803], [-7.284064024036651, 53.5052486290799], [-7.2836654, 53.5051918], [-7.2820712, 53.504876800000005], [-7.281081, 53.5046905], [-7.280065600000001, 53.5044909], [-7.279088, 53.50429530000001], [-7.2783605, 53.504156699999996], [-7.277708799999999, 53.504028100000006], [-7.275919300000001, 53.50368180000001], [-7.275243400000001, 53.50355100000001], [-7.2718129, 53.502873], [-7.2699395669065, 53.502507489799406], [-7.254512913835101, 53.4994970678997], [-7.2463204, 53.497897599999995], [-7.239245182123421, 53.4965149180112], [-7.22462250800687, 53.493656061674905], [-7.219475499999999, 53.4926494], [-7.2112547000000005, 53.4910421], [-7.209215857383222, 53.49062780257981], [-7.208697999999998, 53.49052270000001], [-7.2066113, 53.4902382], [-7.205505100000001, 53.490176000000005], [-7.204451000000001, 53.490156799999994], [-7.2034934, 53.490185499999995], [-7.2026367, 53.49023269999999], [-7.202073000000001, 53.4903058], [-7.201452299999999, 53.4904038], [-7.2004528000000025, 53.4905801], [-7.199526700000001, 53.4908128], [-7.199424345340219, 53.49084393180081], [-7.1987678000000015, 53.4910436], [-7.1980781, 53.49127750000001], [-7.196839, 53.4917709], [-7.1946834, 53.4927617], [-7.193648399999999, 53.493171100000005], [-7.192635699999999, 53.49352720000001], [-7.191623099999999, 53.4938035], [-7.1905657000000005, 53.494033099999996], [-7.1894971, 53.4942096], [-7.1880983999999986, 53.494356], [-7.1868732, 53.4944326], [-7.18676168663279, 53.4944381325109], [-7.1843388, 53.494558999999995], [-7.1792756, 53.49482859999999], [-7.174743799999999, 53.4950782], [-7.1736753, 53.4951215], [-7.172293400000001, 53.4951448], [-7.1704694999999985, 53.4951215], [-7.1689981, 53.4950483], [-7.167862400000001, 53.4949784], [-7.166488600000002, 53.494857499999995], [-7.163727499999999, 53.494518299999996], [-7.158770400000001, 53.49378109999999], [-7.157958000000001, 53.4936561], [-7.157555876867259, 53.493603087433804], [-7.1570187, 53.4935324], [-7.156657000000001, 53.4934843], [-7.156471899999999, 53.49346], [-7.1557795, 53.4933519], [-7.1552207, 53.4932653], [-7.154943067840689, 53.4932225208858], [-7.154454399999999, 53.4931477], [-7.1538019, 53.4930456], [-7.153059600000001, 53.4929293], [-7.152451, 53.4928331], [-7.151433300000001, 53.49267290000001], [-7.1505353, 53.4925328], [-7.149722100000001, 53.4923696], [-7.14307256213741, 53.491328699032195], [-7.1354373, 53.4901332], [-7.13118481658079, 53.48946679001611], [-7.125983399999999, 53.4886517], [-7.117431500000001, 53.487318200000004], [-7.11597797681815, 53.4870886135707], [-7.113215100000001, 53.48665269999999], [-7.1096558, 53.4861037], [-7.103454500000001, 53.4851382], [-7.101480763827049, 53.484827609742], [-7.0935760000000005, 53.4835836], [-7.085430551603431, 53.48229792427781], [-7.084767600000001, 53.48219340000001], [-7.0808086999999995, 53.4815757], [-7.0759485, 53.480819200000006], [-7.0706925015977, 53.4799943998859], [-7.0705975, 53.4799796], [-7.064203100000001, 53.4789708], [-7.061876300000001, 53.47860500000001], [-7.061823, 53.4785971], [-7.0602763, 53.478341799999995], [-7.0568167, 53.47783209999999], [-7.05594114941354, 53.47771515437799], [-7.055432, 53.47764730000001], [-7.052623, 53.477326299999994], [-7.0490155, 53.4769427], [-7.0441867, 53.476435500000015], [-7.04012384556001, 53.47599041600171], [-7.038325800000001, 53.4757935], [-7.037630000000001, 53.47572399999999], [-7.0331515, 53.4752417], [-7.0308982, 53.474992999999984], [-7.0286683000000005, 53.47476089999999], [-7.028532800000001, 53.4747484], [-7.025496000000001, 53.47442269999999], [-7.0241068932212904, 53.4742757231621], [-7.016995199999999, 53.473523899999996], [-7.014459700000001, 53.47324679999999], [-7.011939400000001, 53.472951], [-7.0107966, 53.47281340000001], [-7.0097273, 53.47270210000001], [-7.0091618, 53.4726554], [-7.00888535875417, 53.47264143560061], [-7.008336099999999, 53.472614], [-7.0077257, 53.4725917], [-7.0062834, 53.47258239999999], [-7.0039282, 53.47257760000001], [-7.0023173, 53.4725587], [-7.000993799999999, 53.47250030000001], [-7.0000192, 53.4724206], [-6.999007800000001, 53.472306100000004], [-6.997932399999999, 53.472141799999996], [-6.994847647386551, 53.4716323351968], [-6.992939, 53.47131720000001], [-6.989176199999999, 53.4707093], [-6.985378, 53.4700293], [-6.984231899999999, 53.469752500000006], [-6.9832055, 53.469416599999995], [-6.9825779, 53.46914379999999], [-6.9819583000000005, 53.46884839999999], [-6.9807482, 53.4681732], [-6.980165760618171, 53.4678352494666], [-6.9787529, 53.46701589999999], [-6.978272300000001, 53.46675919999999], [-6.9771893, 53.4662218], [-6.976050699999999, 53.465706600000004], [-6.9733238, 53.464525099999996], [-6.9715557914174, 53.4637637707694], [-6.970273000000001, 53.4632116], [-6.968915000000001, 53.4626101], [-6.968212200000001, 53.4622772], [-6.9675204, 53.46188990000001], [-6.967110100000001, 53.4616225], [-6.966700800000001, 53.46133759999999], [-6.9663083, 53.46102270000001], [-6.9659721, 53.4607201], [-6.965438400000001, 53.46016500000001], [-6.9649941, 53.45956030000001], [-6.963366099999999, 53.4568145], [-6.962678500000001, 53.4557488], [-6.962179600000001, 53.45514990000001], [-6.961608300000001, 53.4546196], [-6.960519700000001, 53.4537921], [-6.9593321, 53.4530774], [-6.9591631, 53.452964], [-6.956670699999999, 53.4513842], [-6.956559799999999, 53.45130509999999], [-6.9540485, 53.4496739], [-6.953423599999999, 53.4492649], [-6.9526484, 53.448765], [-6.951884, 53.4483194], [-6.9510713, 53.4479025], [-6.950180800000001, 53.4475366], [-6.9492447, 53.4471884], [-6.947447600000001, 53.4466916], [-6.9430407, 53.445551000000016], [-6.9422370640586095, 53.44534268124661], [-6.941469, 53.44514370000001], [-6.939336600000001, 53.4445654], [-6.938223499999999, 53.4442474], [-6.9368073, 53.4438033], [-6.935176499999999, 53.4432586], [-6.9340151, 53.4428448], [-6.9334304, 53.44262750000001], [-6.931340900000001, 53.441818999999995], [-6.928425400000001, 53.44070390000001], [-6.925838500000001, 53.4397241], [-6.924968000000001, 53.4393859], [-6.924049599999999, 53.4389811], [-6.9236652493231094, 53.4387589405977], [-6.922635299999999, 53.4381642], [-6.922022200000001, 53.43770349999999], [-6.921384400000001, 53.4371529], [-6.920882199999999, 53.4367106], [-6.919927100000001, 53.43575249999999], [-6.919440300000001, 53.4352073], [-6.918990499999999, 53.43461450000001], [-6.9186854, 53.4341703], [-6.918340400000001, 53.4335791], [-6.9180754, 53.4330377], [-6.917705699999999, 53.43206490000001], [-6.9172866, 53.430176], [-6.9171006, 53.429689499999995], [-6.9170118, 53.4294153], [-6.9167875, 53.4289571], [-6.916510100000001, 53.4284847], [-6.916091200000002, 53.4278959], [-6.9147725, 53.42615190000001], [-6.9143566000000005, 53.4256397], [-6.9139314, 53.42513300000001], [-6.9133491000000005, 53.4245676], [-6.912662000000001, 53.424026], [-6.9119074, 53.423507], [-6.911208200000001, 53.423057199999995], [-6.908930799999999, 53.421798], [-6.908222200000001, 53.42136190000001], [-6.9061979, 53.4201904], [-6.9055324, 53.419821299999995], [-6.9048788, 53.4194973], [-6.9039857, 53.4191365], [-6.903057399999999, 53.4188605], [-6.9021001, 53.4186481], [-6.901101899999999, 53.4185122], [-6.898492200000001, 53.4183505], [-6.898248200000001, 53.41833669999999], [-6.896877, 53.41824900000001], [-6.895059400000001, 53.4181374], [-6.89347546166987, 53.41804318486279], [-6.8932033, 53.418027099999996], [-6.8920017, 53.417945499999995], [-6.8908510000000005, 53.417832], [-6.8898076999999995, 53.4176706], [-6.888592600000001, 53.4174484], [-6.8852103, 53.4167994], [-6.8849206999999994, 53.41674170000001], [-6.884101500000001, 53.41658850000001], [-6.8733157, 53.4145386], [-6.8720675, 53.41436310000001], [-6.870616400000001, 53.4142096], [-6.868199800000001, 53.41402899999999], [-6.868136609304621, 53.4140243542726], [-6.865455900000001, 53.4138291], [-6.859209000000001, 53.413355900000006], [-6.8542038000000005, 53.41297209999999], [-6.8527985000000005, 53.4128698], [-6.8513823, 53.41276120000001], [-6.849852800000001, 53.4126469], [-6.8480430000000005, 53.4125038], [-6.8467850000000015, 53.41242069999999], [-6.8466914, 53.41241949999999], [-6.846025600000001, 53.4124134], [-6.845420400000001, 53.4124261], [-6.8450877000000006, 53.4124408], [-6.844408200000001, 53.4124809], [-6.843323399999999, 53.412624400000006], [-6.842624400000001, 53.4127446], [-6.8421943999999995, 53.41282900000001], [-6.841254799999999, 53.4130515], [-6.8395594, 53.413653499999995], [-6.837252, 53.4147419], [-6.836979199999999, 53.41488049999999], [-6.8367714, 53.41497090000001], [-6.8363615, 53.415169500000005], [-6.835316400000001, 53.415667500000005], [-6.834185200000001, 53.4162017], [-6.833389764149939, 53.416579644508], [-6.8329676, 53.4167731], [-6.832586500000001, 53.416949800000005], [-6.831880099999999, 53.41724880000001], [-6.8313899, 53.4174381], [-6.830852599999999, 53.41762640000001], [-6.830315199999999, 53.4177807], [-6.830235799999999, 53.417802], [-6.829691300000001, 53.41794839999999], [-6.829215800000001, 53.4180542], [-6.8286328, 53.4181649], [-6.82824444314713, 53.41823229656671], [-6.8280951, 53.4182583], [-6.827678299999999, 53.41831749999999], [-6.8265258, 53.4184928], [-6.824776900000001, 53.41875480000001], [-6.82435516564233, 53.4188174898001], [-6.823485600000001, 53.418946999999996], [-6.8226421, 53.4190702], [-6.8209128, 53.4193322], [-6.819173499999999, 53.419580599999996], [-6.8153736, 53.4201387], [-6.813933799999999, 53.4203116], [-6.813155700000001, 53.420400799999996], [-6.8122008, 53.42046520000001], [-6.8114361, 53.4205029], [-6.810676000000001, 53.4205327], [-6.8096533, 53.42052939999999], [-6.80876249067638, 53.4204840396333], [-6.8077435, 53.4204324], [-6.805864, 53.42023710000001], [-6.800421599999999, 53.41930510000001], [-6.7976051, 53.4188095], [-6.795110600000001, 53.41838520000001], [-6.793829100000001, 53.418238300000006], [-6.79325050975278, 53.4182086119789], [-6.792859199999999, 53.4181887], [-6.7914541999999996, 53.418164600000004], [-6.7902577, 53.41824749999999], [-6.7892739, 53.418353200000006], [-6.788201, 53.4185297], [-6.7871759, 53.41875379999999], [-6.785210700000001, 53.4193556], [-6.783474300000001, 53.4200827], [-6.7820157000000005, 53.42109719999999], [-6.7815393, 53.42149680000001], [-6.780926299999999, 53.4220332], [-6.7803116, 53.4225641], [-6.780243009304299, 53.4226162314805], [-6.779688200000001, 53.42303819999999], [-6.779281899999999, 53.42330859999999], [-6.7788775, 53.423544699999994], [-6.7784054, 53.423797], [-6.778067300000001, 53.4239708], [-6.777606, 53.424173100000004], [-6.777049599999999, 53.4243942], [-6.776308799999999, 53.4246561], [-6.775573900000001, 53.424864799999995], [-6.774696200000001, 53.42507570000001], [-6.773747800000001, 53.425272899999996], [-6.771540599999999, 53.4257353], [-6.767342400000001, 53.42654350000001], [-6.76615482363813, 53.42678033486521], [-6.761225700000001, 53.4277638], [-6.759387800000001, 53.42812889999999], [-6.757622600000001, 53.428482499999994], [-6.7556021, 53.4288856], [-6.7543567, 53.4291129], [-6.7536233999999995, 53.429206699999995], [-6.752710400000001, 53.42928779999999], [-6.7517313, 53.4293357], [-6.750803100000001, 53.429332599999995], [-6.750750978391421, 53.4293289918643], [-6.7496831, 53.429257099999994], [-6.7486543, 53.429159199999994], [-6.7465947, 53.42876330000001], [-6.7454237, 53.428527200000005], [-6.7382635, 53.42708459999999], [-6.7365163, 53.426727500000005], [-6.735114099999999, 53.42643960000001], [-6.734579428687491, 53.426306951971995], [-6.7339812000000006, 53.42615889999999], [-6.7320882, 53.425598], [-6.7298724000000005, 53.4248244], [-6.7251742000000005, 53.42320620000001], [-6.724291200000001, 53.4229311], [-6.7233979, 53.42268309999999], [-6.720652883467981, 53.42202528976901], [-6.718245700000001, 53.42144870000001], [-6.712958000000001, 53.4201626], [-6.712241, 53.4199911], [-6.710949800000001, 53.41968260000001], [-6.709752099999999, 53.419363499999996], [-6.707687400000001, 53.418762699999995], [-6.7052472000000005, 53.41802940000001], [-6.705178163601101, 53.41800855854801], [-6.702558, 53.417220400000005], [-6.701605500000001, 53.416918], [-6.7009409, 53.416683], [-6.699997100000001, 53.416308199999996], [-6.696429299999999, 53.41472460000001], [-6.6948682999999996, 53.41402440000001], [-6.694139148423719, 53.4137065958738], [-6.6934513, 53.413407], [-6.6912400000000005, 53.4124614], [-6.688987900000001, 53.41147490000001], [-6.687720200000001, 53.410889], [-6.686226300000001, 53.4100519], [-6.684862599999999, 53.4090874], [-6.68479913331969, 53.4090374031269], [-6.6837083999999995, 53.408180300000005], [-6.681284300000001, 53.406098], [-6.6803746, 53.4053341], [-6.679416300000001, 53.4045924], [-6.67932740761672, 53.4045392098724], [-6.6783189, 53.4039372], [-6.676924600000001, 53.403142], [-6.675601900000001, 53.402417099999994], [-6.6745787, 53.4018673], [-6.6736622, 53.4013002], [-6.673105500000001, 53.4010023], [-6.6722462, 53.400486599999994], [-6.6713412, 53.39998789999999], [-6.67098035803155, 53.3998315981425], [-6.6705538, 53.3996473], [-6.669948700000001, 53.3994096], [-6.669416300000001, 53.3992273], [-6.6688401, 53.3990486], [-6.66873752025299, 53.3990157516328], [-6.6684745, 53.398931700000006], [-6.667733300000001, 53.39871099999999], [-6.6668037, 53.39841319999999], [-6.6656539, 53.3980689], [-6.664192000000001, 53.3976207], [-6.663101443377349, 53.39728414710041], [-6.6629196, 53.3972282], [-6.661999599999999, 53.39694990000001], [-6.6605483, 53.39650840000001], [-6.660057, 53.39635620000001], [-6.6590504, 53.3960425], [-6.658484800000001, 53.3958695], [-6.6580547, 53.3957354], [-6.657534900000001, 53.3955715], [-6.6569256, 53.3953561], [-6.6563838, 53.39514640000001], [-6.6556191999999985, 53.3948212], [-6.654044600000001, 53.39412320000001], [-6.652486, 53.3934269], [-6.65208785740569, 53.393248096447394], [-6.650085200000001, 53.39234940000001], [-6.6484957, 53.39166329999999], [-6.6470693, 53.39104660000001], [-6.6451741, 53.39019540000001], [-6.643152300000001, 53.3893101], [-6.6419584, 53.3887881], [-6.639432600000001, 53.3876589], [-6.6388599, 53.38740039999999], [-6.638188599999999, 53.3871036], [-6.634000399999999, 53.3852495], [-6.6332162, 53.38489890000001], [-6.6316461, 53.3842108], [-6.629989600000001, 53.38348500000001], [-6.6278308, 53.3825515], [-6.626225899999999, 53.38200160000001], [-6.625483, 53.3817904], [-6.624715899999999, 53.38159360000001], [-6.6238495, 53.3814015], [-6.622396000000001, 53.381143400000006], [-6.620475700000001, 53.38078209999999], [-6.6197813, 53.3806328], [-6.6190046, 53.38044630000001], [-6.61868496178684, 53.3803714186535], [-6.616022999999999, 53.3797489], [-6.6149027, 53.3794993], [-6.6138443, 53.3792631], [-6.612500900000001, 53.3789611], [-6.611387099999999, 53.378712500000006], [-6.610594099999999, 53.3785337], [-6.6080768, 53.3779715], [-6.607097, 53.3777479], [-6.6062129, 53.377552400000006], [-6.605334100000001, 53.37735310000001], [-6.6044424, 53.37714929999999], [-6.602904999999999, 53.3768058], [-6.6019943, 53.376610299999996], [-6.601359599999999, 53.37648409999999], [-6.6007083, 53.37637529999999], [-6.600175400000001, 53.3763112], [-6.599645010467811, 53.376259862748505], [-6.5995499, 53.37625080000001], [-6.5987259, 53.3762149], [-6.5979053, 53.376223599999996], [-6.597210500000001, 53.3762719], [-6.5967689, 53.3763135], [-6.5962339, 53.3763872], [-6.595856199999999, 53.376443200000004], [-6.594996200000001, 53.37663169999998], [-6.593984000000001, 53.3768988], [-6.5935964, 53.3770329], [-6.5933375, 53.37711860000002], [-6.5931993, 53.377164500000006], [-6.592481, 53.377411900000006], [-6.591959500000001, 53.3775799], [-6.591424100000001, 53.3777455], [-6.590944589829996, 53.37787942233299]]}, "properties": {"mode": "rail", "agency": "Iarnr\u00f3d \u00c9ireann", "short": "rail"}}, {"type": "Feature", "geometry": {"type": "LineString", "coordinates": [[-6.590944589829996, 53.37787942233299], [-6.590537200000002, 53.37799319999999], [-6.590303500000001, 53.37805490000001], [-6.589933899999999, 53.3781467], [-6.589460800000001, 53.37825840000001], [-6.58886287524796, 53.378386900872606], [-6.5886091, 53.3784415], [-6.5881011, 53.3785406], [-6.5875292, 53.378651999999995], [-6.586861500000001, 53.3787614], [-6.58661713030453, 53.3788002809783], [-6.5861959, 53.3788674], [-6.585615299999999, 53.37895480000002], [-6.5833759999999995, 53.3793026], [-6.5824171, 53.3794594], [-6.581262399999999, 53.3796442], [-6.5803383, 53.379781], [-6.579763000000001, 53.3798682], [-6.579162200000001, 53.379939399999984], [-6.5785413, 53.37999369999999], [-6.578002200000001, 53.3800193], [-6.57746419631399, 53.38003695315061], [-6.577414300000001, 53.38003870000001], [-6.5764679, 53.3800397], [-6.575892800000001, 53.38001920000001], [-6.575154999999999, 53.379968100000006], [-6.5728778000000005, 53.3797282], [-6.5721508, 53.37964420000001], [-6.571424, 53.37956820000001], [-6.570268, 53.3794346], [-6.569172300000001, 53.37930980000001], [-6.5660422, 53.378965], [-6.56418689584766, 53.378760583215], [-6.5640225, 53.37874260000001], [-6.5630046, 53.3786274], [-6.559517699999999, 53.37823459999999], [-6.5584931, 53.3781298], [-6.556738200000001, 53.37793], [-6.5558607, 53.37783050000001], [-6.554618399999999, 53.37769279999999], [-6.5525869000000005, 53.377466600000005], [-6.551180100000001, 53.3773049], [-6.550705400000001, 53.3772534], [-6.5499476, 53.37717150000001], [-6.549336833802251, 53.377095175030995], [-6.5490586, 53.3770606], [-6.548342599999999, 53.37696400000001], [-6.5478218, 53.376892700000006], [-6.546997200000001, 53.3767818], [-6.546385599999999, 53.3767033], [-6.545909399999999, 53.3766445], [-6.545344500000001, 53.376582899999995], [-6.544893499999999, 53.3765402], [-6.544297199999999, 53.3764809], [-6.543573900000001, 53.376410699999994], [-6.5429297, 53.3763437], [-6.542259799999999, 53.37626019999999], [-6.541749900000001, 53.3761911], [-6.541271400000001, 53.37611530000001], [-6.5408113, 53.3760417], [-6.5402058, 53.3759384], [-6.5396223, 53.375829799999984], [-6.539025999999999, 53.37571560000001], [-6.538306399999999, 53.37557840000001], [-6.5377818, 53.375477399999994], [-6.537145000000001, 53.375354400000006], [-6.5364419, 53.3752194], [-6.535449900000001, 53.3750261], [-6.5346879, 53.3748823], [-6.53460844564306, 53.3748672093768], [-6.533997600000001, 53.3747516], [-6.533362800000001, 53.374629699999986], [-6.5327315, 53.37450669999999], [-6.532172, 53.3744013], [-6.531548000000001, 53.3742795], [-6.530924099999999, 53.37415649999999], [-6.530174299999999, 53.37400310000001], [-6.5297700999999995, 53.373901700000005], [-6.529238, 53.3737694], [-6.528822100000001, 53.373650299999994], [-6.528424700000001, 53.373530599999995], [-6.528017899999999, 53.3733987], [-6.5276277, 53.37325500000001], [-6.527259599999999, 53.3731111], [-6.526758999999999, 53.3729091], [-6.526344899999999, 53.37272020000001], [-6.525905000000001, 53.3725039], [-6.525564500000001, 53.372314], [-6.525132, 53.3720658], [-6.524653500000001, 53.3717913], [-6.524141800000001, 53.3715003], [-6.523768200000001, 53.371296], [-6.523405600000001, 53.37111159999999], [-6.52306717361824, 53.3709555912569], [-6.523033800000001, 53.37094030000001], [-6.5226289, 53.370778699999995], [-6.522213000000001, 53.37062840000001], [-6.521940600000001, 53.37053830000001], [-6.521635100000001, 53.370449400000005], [-6.521247899999999, 53.370348799999995], [-6.5208804, 53.3702637], [-6.520647800000001, 53.3702157], [-6.5201378000000005, 53.3701138], [-6.519659599999999, 53.3700333], [-6.519052100000001, 53.36993259999999], [-6.518105100000001, 53.3697849], [-6.5136217, 53.36906390000001], [-6.5129001, 53.36895710000001], [-6.5125556, 53.3689196], [-6.512146, 53.3688858], [-6.511625600000001, 53.36886019999999], [-6.5112659, 53.3688561], [-6.510892600000001, 53.368858800000005], [-6.5103495, 53.368888500000004], [-6.5100306, 53.3689209], [-6.509709299999999, 53.368962800000006], [-6.5093563, 53.3690208], [-6.509014700000001, 53.3690951], [-6.50869825854418, 53.369177440253], [-6.508641400000001, 53.3691923], [-6.5083065, 53.36929760000001], [-6.5079377, 53.36942710000001], [-6.507668499999999, 53.369535199999994], [-6.5071462, 53.3697802], [-6.5068902, 53.369901899999995], [-6.506553, 53.370114599999994], [-6.506474715755459, 53.37016785989551], [-6.5061891, 53.3703624], [-6.505863399999999, 53.370631], [-6.505339000000002, 53.371167099999994], [-6.5052025, 53.3713209], [-6.5049444, 53.3716786], [-6.5047169, 53.372053199999996], [-6.50436, 53.372608099999994], [-6.504019000000001, 53.373046999999985], [-6.5037197, 53.373376], [-6.5033961, 53.3737085], [-6.5031636, 53.373916599999994], [-6.502961900000001, 53.37407949999999], [-6.502733, 53.3742455], [-6.502349800000001, 53.3744747], [-6.502069199999999, 53.37463929999999], [-6.501751199999999, 53.3747861], [-6.5015609, 53.37486590000001], [-6.501301600000001, 53.3749654], [-6.501040000000001, 53.37505779999999], [-6.500486800000002, 53.3752182], [-6.500197899999999, 53.3752913], [-6.499776599999998, 53.375375], [-6.499374799999999, 53.3754378], [-6.4989448, 53.37548910000001], [-6.498586900000001, 53.37551390000001], [-6.4981816, 53.3755298], [-6.4977051, 53.3755245], [-6.497229599999999, 53.3755009], [-6.496143200000001, 53.3753806], [-6.494710700000001, 53.3752237], [-6.4936708, 53.37510580000001], [-6.4930864999999995, 53.37504090000001], [-6.492064500000001, 53.37492670000001], [-6.491051499999999, 53.3748101], [-6.4900485, 53.374696500000006], [-6.48906152379191, 53.3745843153942], [-6.487801100000001, 53.3744412], [-6.486209200000001, 53.3742583], [-6.48543088967734, 53.37417279488779], [-6.485201900000001, 53.374147699999995], [-6.4845471, 53.37409099999999], [-6.483524199999999, 53.37400470000001], [-6.4809485, 53.3738114], [-6.4796492, 53.373710599999995], [-6.4783449, 53.3736078], [-6.4756244, 53.373404900000004], [-6.474323200000001, 53.3733052], [-6.473587697555901, 53.3732424456087], [-6.473527700000001, 53.373237399999994], [-6.4729091, 53.3731689], [-6.4723676999999995, 53.3731065], [-6.4719813, 53.3730533], [-6.4715717, 53.37299860000001], [-6.471197, 53.372942300000005], [-6.470779599999999, 53.372876000000005], [-6.4703868, 53.3728058], [-6.470001800000001, 53.372732600000006], [-6.468530000000001, 53.37242040000001], [-6.4681359, 53.3723287], [-6.467706800000001, 53.37221839999999], [-6.467090600000001, 53.372052700000005], [-6.4662998, 53.37183530000001], [-6.465875900000001, 53.3717227], [-6.465412100000001, 53.3715932], [-6.464928800000001, 53.37146059999999], [-6.464569599999999, 53.371365], [-6.4642, 53.371274], [-6.4638589, 53.3711939], [-6.4635529, 53.3711335], [-6.463262299999999, 53.371079400000006], [-6.462952200000002, 53.3710292], [-6.4626478999999994, 53.370986], [-6.4623165, 53.370947400000006], [-6.4620344, 53.37092140000001], [-6.461759, 53.37090119999999], [-6.461380300000001, 53.370881100000005], [-6.460978400000001, 53.3708701], [-6.4606123, 53.3708684], [-6.460288599999999, 53.3708753], [-6.459794900000001, 53.3708978], [-6.459414299999999, 53.37092710000001], [-6.459038500000001, 53.37096350000001], [-6.4586511, 53.371014800000005], [-6.4581844, 53.37108739999999], [-6.457819200000001, 53.3711549], [-6.4574627000000016, 53.371230999999995], [-6.45739727765416, 53.3712466585794], [-6.457175800000001, 53.3713001], [-6.457016600000001, 53.3713409], [-6.4567259, 53.37141989999999], [-6.4565526, 53.371470200000005], [-6.4562406, 53.371572199999996], [-6.4560406, 53.3716419], [-6.455797200000001, 53.3717342], [-6.4556357, 53.3718028], [-6.4554291, 53.3718932], [-6.4551827, 53.37201600000001], [-6.454922799999999, 53.37216420000001], [-6.4546842, 53.37230999999999], [-6.4544658, 53.37246100000001], [-6.4542562, 53.3726166], [-6.454083300000001, 53.3727538], [-6.4538485, 53.3729439], [-6.452334257492541, 53.3742624796207], [-6.452193300000001, 53.37438529999999], [-6.451623100000001, 53.374884], [-6.451271800000001, 53.37519199999999], [-6.4508668, 53.3755489], [-6.4504953, 53.3758624], [-6.450067500000001, 53.3762361], [-6.4496813, 53.3765673], [-6.449181100000001, 53.3770033], [-6.448734399999999, 53.3773928], [-6.448352300000002, 53.3777199], [-6.4480198, 53.3780128], [-6.446773637957831, 53.379084443629], [-6.4460645, 53.379694300000004], [-6.445461100000001, 53.38018949999999], [-6.4450239, 53.38052789999999], [-6.4445224, 53.380913400000004], [-6.443917500000001, 53.381353399999995], [-6.4431372, 53.381920599999994], [-6.442387799999999, 53.3824244], [-6.442086400000001, 53.3826112], [-6.4417599999999995, 53.38279649999999], [-6.441496700000001, 53.38293779999999], [-6.441115000000001, 53.3831325], [-6.440717500000001, 53.3833147], [-6.440466100000001, 53.38341909999999], [-6.440223269210309, 53.3835131459192], [-6.439837399999999, 53.38366280000001], [-6.4397643, 53.3836892], [-6.439520399999999, 53.3837775], [-6.4391426, 53.3838976], [-6.438791199999999, 53.3840044], [-6.4383542, 53.3841221], [-6.437956700000001, 53.384218700000005], [-6.437547300000001, 53.38431210000001], [-6.437158999999999, 53.384389000000006], [-6.436751, 53.3844597], [-6.436179700000001, 53.38454680000001], [-6.435755899999999, 53.3846002], [-6.4352755, 53.38464650000001], [-6.4348622, 53.384681099999995], [-6.4345213, 53.3847023], [-6.4340922, 53.3847172], [-6.433716999999999, 53.3847235], [-6.433315599999999, 53.384725], [-6.433121975854156, 53.38471957266422]]}, "properties": {"mode": "rail", "agency": "Iarnr\u00f3d \u00c9ireann", "short": "rail"}}, {"type": "Feature", "geometry": {"type": "LineString", "coordinates": [[-6.433121975854156, 53.38471957266422], [-6.4328447, 53.3847118], [-6.432353600000001, 53.384683], [-6.432063200000001, 53.38465870000001], [-6.4317338999999984, 53.38462690000001], [-6.431422067155051, 53.3845921758563], [-6.4313112, 53.3845799], [-6.430882800000001, 53.3845107], [-6.4305275, 53.3844469], [-6.429970600000001, 53.3843484], [-6.4290174, 53.3841595], [-6.428696800000001, 53.38409679999999], [-6.4273467, 53.38383339999999], [-6.4256072, 53.383488], [-6.424762899999999, 53.383327900000005], [-6.4243131, 53.383232199999995], [-6.4239225, 53.383145500000005], [-6.4235274, 53.38304920000001], [-6.423216299999999, 53.38296690000001], [-6.423122456815431, 53.38294255850419], [-6.422796951366404, 53.38285834324713]]}, "properties": {"mode": "rail", "agency": "Iarnr\u00f3d \u00c9ireann", "short": "rail"}}, {"type": "Feature", "geometry": {"type": "LineString", "coordinates": [[-6.422796951366404, 53.38285834324713], [-6.422790600000001, 53.3828567], [-6.4224127506669, 53.3827548074979], [-6.422022300000001, 53.382647500000004], [-6.421080300000001, 53.382396899999996], [-6.4198409, 53.382065], [-6.419564600000001, 53.38199130000001], [-6.418614000000002, 53.38174459999999], [-6.417484100000001, 53.3814857], [-6.416780200000001, 53.38134540000001], [-6.416038799999999, 53.381205599999994], [-6.4149978, 53.3810293], [-6.4145589, 53.3809544], [-6.413978, 53.380860199999994], [-6.413811044611038, 53.38083239184001], [-6.412544200000001, 53.3806224], [-6.411534099999999, 53.3804523], [-6.4105393, 53.3802899], [-6.4085887, 53.379968100000006], [-6.406945599999999, 53.37969809999999], [-6.405549799999999, 53.3794601], [-6.404725699999999, 53.379307100000005], [-6.4038983, 53.379136200000005], [-6.4031028, 53.37895809999999], [-6.4024207, 53.3787977], [-6.401551300000001, 53.3786039], [-6.400530944846669, 53.3783622476333], [-6.39959, 53.37815570000001], [-6.3989771, 53.378027599999996], [-6.3981546, 53.37787089999999], [-6.397836299999999, 53.377819], [-6.397507100000001, 53.37777], [-6.3971916, 53.3777276], [-6.396686599999999, 53.37766740000001], [-6.395963900000001, 53.37759770000001], [-6.3953253000000005, 53.3775524], [-6.3949125, 53.3775357], [-6.394547299999999, 53.37752110000001], [-6.3941796, 53.37751120000001], [-6.393813800000001, 53.3775091], [-6.3930837, 53.37752139999999], [-6.392685199999999, 53.37753320000001], [-6.392266300000001, 53.377553199999994], [-6.3921966999999995, 53.377557900000006], [-6.391798200000001, 53.3775849], [-6.391551516737372, 53.3776085164264], [-6.3913385, 53.377629], [-6.3907928, 53.3776874], [-6.3902462, 53.37775990000001], [-6.389631200000001, 53.377853699999996], [-6.389038, 53.3779616], [-6.388487579882179, 53.37808007184118], [-6.3879526, 53.378210599999996], [-6.387544599999999, 53.37831380000001], [-6.3862096, 53.3786513], [-6.385311200000001, 53.378886699999995], [-6.384483800000001, 53.37910329999999], [-6.3834991, 53.379356099999995], [-6.382986100000001, 53.37948709999999], [-6.3823741, 53.37964869999999], [-6.381611000000001, 53.379843300000005], [-6.380652000000001, 53.3800826], [-6.380169599999999, 53.380197599999995], [-6.379665400000001, 53.3803068], [-6.3792064, 53.3804086], [-6.378458400000001, 53.380566900000005], [-6.3778662, 53.3806789], [-6.377279, 53.3807862], [-6.376954899999999, 53.38084130000001], [-6.376710600000002, 53.380882899999996], [-6.375997800000001, 53.380995], [-6.3751397, 53.3811135], [-6.374104700000001, 53.381248500000005], [-6.373398900000001, 53.381328700000005], [-6.37285209800782, 53.3813886802637], [-6.37148070518655, 53.3815391616516], [-6.371448, 53.3815428], [-6.3702129, 53.3816755], [-6.369792400000001, 53.3817206], [-6.369132799999999, 53.3817924], [-6.3678638, 53.38193900000001], [-6.366155200000001, 53.3821278], [-6.364744600000001, 53.3822813], [-6.3641238, 53.3823451], [-6.3637379, 53.3823745], [-6.363284000000001, 53.3824107], [-6.3629547, 53.3824216], [-6.3627907, 53.38242710000001], [-6.3622773, 53.3824382], [-6.3616594, 53.3824213], [-6.361176100000001, 53.382403399999994], [-6.360882833487671, 53.382382046877], [-6.360698000000001, 53.38236880000001], [-6.360252900000001, 53.3823294], [-6.3595951, 53.38224770000001], [-6.3589604, 53.3821575], [-6.358131899999999, 53.3819894], [-6.357269499999999, 53.38178349999999], [-6.356958499999998, 53.38171010000001], [-6.356648400000001, 53.38163680000001], [-6.3548165, 53.38119100000001], [-6.3533364001032, 53.3807903579747], [-6.3519887, 53.380401], [-6.3515278, 53.3802464], [-6.351082900000001, 53.38008680000001], [-6.3503534, 53.3798048], [-6.349456099999999, 53.379409], [-6.3477815, 53.3786525], [-6.3473622999999995, 53.378462], [-6.3466647, 53.37813740000001], [-6.345844016035241, 53.37776277818501], [-6.3455484, 53.37762789999999], [-6.345428999999999, 53.37757150000001], [-6.3453004, 53.3775109], [-6.34450388263868, 53.3771497340706], [-6.344381300000001, 53.37709430000001], [-6.343986800000001, 53.3769152], [-6.3436438, 53.3767686], [-6.343356000000001, 53.376637599999995], [-6.342691600000001, 53.3763539], [-6.3418208, 53.37603730000001], [-6.340954699999999, 53.37579310000001], [-6.340419000000001, 53.3756669], [-6.339880800000001, 53.37555650000001], [-6.3394096, 53.37547390000001], [-6.338945400000001, 53.3753997], [-6.3379024, 53.375273699999994], [-6.337445299999999, 53.3752334], [-6.3369768, 53.37520149999999], [-6.3364548, 53.37519160000001], [-6.335936000000001, 53.37519240000001], [-6.3344471, 53.3752634], [-6.3336067, 53.3753162], [-6.333141299999999, 53.37534010000001], [-6.332944563730531, 53.3753542111411], [-6.332758299999999, 53.37536780000001], [-6.332692700000001, 53.375372], [-6.33240617534027, 53.3753878643516], [-6.332379400000001, 53.37538940000001], [-6.3317398, 53.3754232], [-6.331356899999999, 53.3754371], [-6.3307952, 53.3754508], [-6.3299742000000006, 53.3754608], [-6.329177099999999, 53.375459], [-6.3278537, 53.37545320000001], [-6.327089700000001, 53.375451], [-6.325844700000001, 53.375449900000014], [-6.324262999999999, 53.3754416], [-6.3224748, 53.3754374], [-6.319426, 53.3754287], [-6.318943400454241, 53.3754277857183], [-6.318714100000001, 53.375427499999994], [-6.317324899999999, 53.3754047], [-6.316871600000001, 53.375390800000005], [-6.3160836, 53.37535410000001], [-6.3158476, 53.375336700000005], [-6.315419199999999, 53.37529680000001], [-6.314742099999999, 53.3752406], [-6.314487700000002, 53.3752193], [-6.3143024, 53.3752008], [-6.314208599999999, 53.3751915], [-6.313902263082909, 53.37515934370911], [-6.313718199999999, 53.3751401], [-6.313243700000001, 53.375084], [-6.312119900000001, 53.3749388], [-6.3110741, 53.3748012], [-6.310270700000001, 53.3746934], [-6.309428499999999, 53.3745845], [-6.308591400000001, 53.3744753], [-6.3079437, 53.3743883], [-6.3073281, 53.3743056], [-6.3063903, 53.37416720000001], [-6.305716399999999, 53.37405780000001], [-6.305149700000001, 53.3739517], [-6.30476943699021, 53.37387590866549], [-6.304530800000002, 53.37382850000001], [-6.301342000000001, 53.3731314], [-6.300394300000002, 53.3729412], [-6.2998624, 53.3728387], [-6.299492572610449, 53.3727646925593], [-6.2992574999999995, 53.37271789999999], [-6.2988324, 53.3726405], [-6.298637466470592, 53.372602526470395], [-6.297752, 53.3724303], [-6.296656200000001, 53.37220409999998], [-6.2949038, 53.37180299999999], [-6.294042300000001, 53.37160260000001], [-6.293194799999999, 53.37141439999999], [-6.292934500000001, 53.3713677], [-6.292861812245159, 53.371355603831], [-6.292734200000002, 53.37133480000001], [-6.2925525, 53.37130989999999], [-6.292356, 53.371288899999996], [-6.292083, 53.37126820000001], [-6.2918072, 53.37125100000001], [-6.2914842, 53.37124000000001], [-6.291233999999999, 53.3712392], [-6.2902671, 53.3712566], [-6.2900135, 53.37125019999999], [-6.2898097, 53.3712402], [-6.289570299999999, 53.371222599999996], [-6.2892884, 53.3711925], [-6.2890754, 53.3711623], [-6.288826, 53.3711264], [-6.2885794000000015, 53.37108659999999], [-6.288329799999999, 53.37103810000001], [-6.288116800000001, 53.3709909], [-6.2879308, 53.37094249999999], [-6.287726199999999, 53.37088310000001], [-6.287485700000001, 53.370810600000006], [-6.2872399, 53.3707316], [-6.287007200000001, 53.37064369999999], [-6.2868286, 53.37057289999999], [-6.2866607000000005, 53.3704986], [-6.286131199999999, 53.370228100000006], [-6.285310999999999, 53.3697769], [-6.284292199999999, 53.369222500000014], [-6.2839437999999985, 53.3690337], [-6.28329419796573, 53.3686709194681], [-6.2831429, 53.3685865], [-6.2822432, 53.3680982], [-6.2816374999999995, 53.367766800000005], [-6.281333, 53.367616000000005], [-6.280916000000001, 53.3674168], [-6.2805145, 53.36723920000001], [-6.2800836, 53.3670637], [-6.279633799999999, 53.3668964], [-6.2791631, 53.3667271], [-6.278542000000001, 53.3665247], [-6.278490500000001, 53.3665096], [-6.278198499999999, 53.36643809999999], [-6.277894311959889, 53.36635481556111], [-6.2776296, 53.366298799999996], [-6.2767129, 53.3660881], [-6.276656081926003, 53.36607676286135]]}, "properties": {"mode": "rail", "agency": "Iarnr\u00f3d \u00c9ireann", "short": "rail"}}, {"type": "Feature", "geometry": {"type": "LineString", "coordinates": [[-6.276656081926003, 53.36607676286135], [-6.2760649, 53.365958799999994], [-6.275670500000001, 53.36586629999999], [-6.275373199999999, 53.3657856], [-6.2750774, 53.3656993], [-6.274539699999999, 53.3655345], [-6.2738406, 53.36534040000001], [-6.273353611992569, 53.36523389481061], [-6.273226400000001, 53.365206199999996], [-6.272785900000001, 53.3651162], [-6.2723881, 53.3650481], [-6.271926200000001, 53.3649832], [-6.2714961, 53.364934899999994], [-6.2711924, 53.364905799999995], [-6.270774300000001, 53.364883000000006], [-6.2705446, 53.3648738], [-6.26891985532161, 53.36485442332209], [-6.2683346, 53.3648476], [-6.267887699999999, 53.3648387], [-6.267110100000001, 53.3648233], [-6.2667808, 53.3648157], [-6.266600700000001, 53.364810399999996], [-6.2664826, 53.364805800000006], [-6.266352300000001, 53.36480060000001], [-6.266200500000001, 53.36479069999999], [-6.2658393, 53.36476699999999], [-6.2655908, 53.36474319999999], [-6.2653772000000005, 53.3647209], [-6.265196000000002, 53.3647005], [-6.2649928, 53.36467350000001], [-6.2646851, 53.3646312], [-6.264389600000001, 53.36458450000001], [-6.264166100000001, 53.3645456], [-6.2638699, 53.3644893], [-6.263519199999999, 53.3644148], [-6.2632551, 53.36435050000001], [-6.262917, 53.3642639], [-6.262618600000001, 53.364183499999996], [-6.262193900000001, 53.364068399999994], [-6.2617554, 53.3639413], [-6.26121604740978, 53.363782317957806], [-6.260713800000001, 53.3636346], [-6.2604046, 53.36354870000001], [-6.259995300000001, 53.3634325], [-6.259788099999999, 53.3633748], [-6.2589524, 53.3631376], [-6.2585654444860905, 53.3630277896468], [-6.2585431, 53.36302150000001], [-6.2581189, 53.3629017], [-6.256960400000001, 53.36258540000001], [-6.2567171, 53.3625223], [-6.2563088, 53.3624204], [-6.2559996, 53.362338300000005], [-6.2555541, 53.3622339], [-6.2552601, 53.362172599999994], [-6.2550388, 53.36213390000001], [-6.2547906, 53.3620972], [-6.254337200000001, 53.3620454], [-6.254115999999999, 53.3620244], [-6.252870500000001, 53.36190949999999], [-6.252597300000001, 53.361889000000005], [-6.251907599999999, 53.3618229], [-6.251753399999999, 53.3618099], [-6.2489623, 53.3615547], [-6.2487889, 53.361539], [-6.2481408547685895, 53.36148589441441], [-6.247981, 53.361472899999995], [-6.2478009000000005, 53.3614559], [-6.246559400000001, 53.3613372], [-6.2463597, 53.3613158], [-6.2458416, 53.36126109999999], [-6.245495400000002, 53.36121130000001], [-6.245156699999999, 53.361159400000005], [-6.2448429, 53.36109870000001], [-6.244489300000001, 53.3610157], [-6.2441122, 53.3609018], [-6.2438368, 53.360813], [-6.2436704, 53.3607501], [-6.243345099999999, 53.3606274], [-6.2429048, 53.36043780000001], [-6.2425491, 53.36025360000001], [-6.2422737, 53.360095900000005], [-6.2420254, 53.3599277], [-6.2419234, 53.359844900000006], [-6.241824300000001, 53.359760400000006], [-6.241763984114672, 53.35970879507211], [-6.241710100000001, 53.359663000000005], [-6.2415732, 53.35952990000001], [-6.2414574, 53.3594133], [-6.2412761, 53.3591995], [-6.241108799999999, 53.358968], [-6.2409998, 53.3587836], [-6.240964800000001, 53.35872450000001], [-6.2408741, 53.3585605], [-6.2408272, 53.3584504], [-6.2407821, 53.3583266], [-6.2406819, 53.35801070000001], [-6.2406658327707, 53.35789404661911], [-6.2406293, 53.3576314], [-6.240655600000002, 53.3572181], [-6.240675199999999, 53.357108700000005], [-6.240796100000001, 53.35668739999999], [-6.2408567, 53.35655059999999], [-6.2409983, 53.3562865], [-6.241053959632994, 53.35622600481567]]}, "properties": {"mode": "rail", "agency": "Iarnr\u00f3d \u00c9ireann", "short": "rail"}}, {"type": "Feature", "geometry": {"type": "LineString", "coordinates": [[-6.46901401298551, 53.4351550374614], [-6.468979000000001, 53.43500530000001], [-6.468872000000001, 53.43453879999999], [-6.468829900000002, 53.434365199999995], [-6.468768835259589, 53.4341127649843], [-6.4687518, 53.434043300000006], [-6.4686993, 53.433845000000005], [-6.468679899999999, 53.4337718], [-6.468466099999999, 53.432888399999996], [-6.468383199999999, 53.4325312], [-6.4682010000000005, 53.431735499999995], [-6.4681891, 53.43168330000001], [-6.4680867, 53.4312347], [-6.4679964, 53.4308716], [-6.467748434817981, 53.42981882785349], [-6.467707800000001, 53.42964690000001], [-6.467596800000001, 53.42918300000001], [-6.467522500000001, 53.42887079999999], [-6.4674522, 53.428573500000006], [-6.467363800000001, 53.4282157], [-6.467260400000001, 53.4277934], [-6.467143199999999, 53.4273037], [-6.467069, 53.4269777], [-6.466955499999999, 53.42648479999999], [-6.4668491, 53.42605640000001], [-6.4666905, 53.42546], [-6.466655733837801, 53.425317674325704], [-6.466590100000001, 53.425049], [-6.466502700000001, 53.4247158], [-6.466426299999999, 53.42442750000001], [-6.466351099999999, 53.4241433], [-6.466275800000001, 53.423838200000006], [-6.4661985, 53.42354149999999], [-6.466118200000001, 53.423210700000006], [-6.4660299000000006, 53.422829], [-6.4659495, 53.422476], [-6.4658492, 53.422016500000005], [-6.465753799999999, 53.421567199999984], [-6.465664536782579, 53.42117350053769], [-6.4655881, 53.4208385], [-6.465511799999999, 53.42050770000001], [-6.4654195, 53.420105], [-6.465311000000001, 53.419641899999995], [-6.4652438000000005, 53.41933920000001], [-6.4650992, 53.4187158], [-6.465002800000001, 53.4182981], [-6.4647743, 53.41731920000001], [-6.4647152558453405, 53.417060706443806], [-6.464682632781471, 53.4169183535931], [-6.464614500000001, 53.4166212], [-6.4645692000000015, 53.4164281], [-6.464429400000001, 53.4158315], [-6.4643495, 53.4154989], [-6.4638707, 53.41349400000001], [-6.4638352999999995, 53.4133335], [-6.4637793092321205, 53.41310163532611], [-6.463544400000001, 53.412129500000006], [-6.4633701, 53.4114219], [-6.4632122, 53.4107338], [-6.463064000000001, 53.410107700000005], [-6.462888100000001, 53.409410799999996], [-6.4628035, 53.40903900000001], [-6.462728160850092, 53.40869904782], [-6.462663399999999, 53.4084071], [-6.462499000000001, 53.40770430000001], [-6.462358900000001, 53.407105400000006], [-6.4622156, 53.4065074], [-6.462034900000001, 53.405766799999995], [-6.4618085, 53.404791200000005], [-6.46169827349524, 53.4043433020507], [-6.461668500000001, 53.404222299999994], [-6.461427500000001, 53.4031826], [-6.461140900000001, 53.40201449999999], [-6.461008900000001, 53.401572299999984], [-6.4608542, 53.40114079999999], [-6.4606787, 53.400714], [-6.4604916, 53.4002967], [-6.460319900000001, 53.399956700000004], [-6.460310569974, 53.3999391259022], [-6.460130000000001, 53.3996056], [-6.459884100000001, 53.399173100000006], [-6.459681300000001, 53.3988362], [-6.459366000000001, 53.398339], [-6.459120099999998, 53.3979943], [-6.458799299999999, 53.39754380000001], [-6.458257100000001, 53.396842799999995], [-6.457854899999999, 53.39637580000001], [-6.457289800000001, 53.3957447], [-6.456989097165501, 53.39543590565351], [-6.4567344, 53.3951747], [-6.456148299999998, 53.394608600000005], [-6.455363499999999, 53.3939173], [-6.4548911, 53.393520099999996], [-6.454169900000001, 53.39295599999999], [-6.453282399999999, 53.3923083], [-6.4526294, 53.39185869999999], [-6.4520335, 53.3914741], [-6.451421199999999, 53.3910925], [-6.45096751278258, 53.3908271211687], [-6.4506591, 53.390646800000006], [-6.449918200000001, 53.390236], [-6.449228800000001, 53.38987900000001], [-6.448563200000001, 53.3895421], [-6.4475467, 53.3890713], [-6.4470337, 53.3888437], [-6.446419800000001, 53.38858320000001], [-6.4459688, 53.388396199999995], [-6.4452305, 53.3881061], [-6.444663099999999, 53.3878915], [-6.443519000000001, 53.38749200000001], [-6.4429486, 53.387300200000006], [-6.442688800000002, 53.38721780000001], [-6.441778528240149, 53.3869456903967], [-6.4410952, 53.38674150000001], [-6.440365, 53.386543499999995], [-6.440135799999999, 53.38647819999999], [-6.439663, 53.386359], [-6.4391115, 53.38622639999999], [-6.438903656686441, 53.386178503648104], [-6.438435200000001, 53.386070800000006], [-6.437547600000001, 53.3858812], [-6.436851900000001, 53.38574530000001], [-6.436303099999999, 53.38563700000001], [-6.436036500000001, 53.385583999999994], [-6.434596100000001, 53.38530570000001], [-6.432800935407667, 53.38494681607684]]}, "properties": {"mode": "rail", "agency": "Iarnr\u00f3d \u00c9ireann", "short": "rail"}}, {"type": "Feature", "geometry": {"type": "LineString", "coordinates": [[-7.30141239062075, 53.0368637325592], [-7.301375400000001, 53.0368853], [-7.300303911557151, 53.0375144961673], [-7.2993765999999995, 53.03805919999999], [-7.2987742, 53.0384155], [-7.2986562, 53.0384848], [-7.297368222752709, 53.039243789454396], [-7.29396215744731, 53.0412510278057], [-7.290192973598761, 53.0434719097264], [-7.2883001, 53.04458710000001], [-7.2881973, 53.0446474], [-7.286565513450312, 53.0456337073221], [-7.2858949, 53.0460391], [-7.2851255, 53.046566], [-7.284421500000001, 53.047085], [-7.283612700000001, 53.047736799999996], [-7.2834890957084, 53.04784673010201], [-7.282908199999998, 53.04836370000001], [-7.2823631, 53.04888480000001], [-7.2818284, 53.0494344], [-7.281399255304991, 53.049915620078906], [-7.2812036, 53.0501351], [-7.280638299999999, 53.0508666], [-7.2800687, 53.0516654], [-7.27982076069104, 53.0520663200311], [-7.2797524000000005, 53.0521769], [-7.2794416, 53.0527108], [-7.279113700000001, 53.053368299999995], [-7.278824541841508, 53.0540372639737], [-7.2779171416254504, 53.056136580851906], [-7.27704929427473, 53.0581440281176], [-7.276097356634062, 53.0603458412376], [-7.275087969690951, 53.0626803342321], [-7.274105867055441, 53.06495153835309], [-7.27314612147488, 53.06717090387159], [-7.27232789872358, 53.0690624933967], [-7.271435752874451, 53.0711251970633], [-7.270625219950209, 53.07299884936761], [-7.269893, 53.074691300000005], [-7.269692115132551, 53.0751087181577], [-7.2695565, 53.0753907], [-7.2692649, 53.0759163], [-7.268951900000002, 53.0764471], [-7.268572399999999, 53.07705210000001], [-7.268490365956833, 53.0771700876297], [-7.268157800000001, 53.0776482], [-7.267794900000001, 53.0781031], [-7.267464200000003, 53.07850719999999], [-7.266991199999999, 53.0790506], [-7.2667544216808, 53.07930874126541], [-7.2661672, 53.0799487], [-7.2659832, 53.0801204], [-7.265027, 53.081045700000004], [-7.26456960506434, 53.081461945851], [-7.2640348, 53.0819488], [-7.262319504283961, 53.0835504639792], [-7.259909207458391, 53.085801048588095], [-7.257408559110392, 53.0881355396183], [-7.2551859275461, 53.090210261027], [-7.25286277340756, 53.0923785749031], [-7.250502393577849, 53.0945813672536], [-7.248272, 53.0966627], [-7.24793797006321, 53.0969751457809], [-7.24565280847728, 53.0991117222671], [-7.243145346712071, 53.1014559191664], [-7.24067221365022, 53.1037676311633], [-7.238229850519231, 53.1060503520204], [-7.2374103000000005, 53.1068163], [-7.235862240237922, 53.10825547894219], [-7.23420812668416, 53.10979315271851], [-7.2324832, 53.111396500000005], [-7.2316746650157, 53.1121492501905], [-7.22922445227416, 53.1144301536982], [-7.2284852, 53.115118200000005], [-7.226692268344079, 53.1167952729508], [-7.224529399999998, 53.118818], [-7.22418252018752, 53.11914212380041], [-7.22172647767001, 53.12143728521729], [-7.2207154, 53.1223821], [-7.219309282090329, 53.1236664073034], [-7.218636199999999, 53.1242812], [-7.216585452799791, 53.1260362611044], [-7.2164656, 53.1261388], [-7.213900221257229, 53.1283335008016], [-7.213026200000002, 53.129081199999995], [-7.21113038457504, 53.13070938182351], [-7.2103389, 53.13138920000001], [-7.208800577692102, 53.13269592551319], [-7.207563900000001, 53.1337463], [-7.206730300000001, 53.1344704], [-7.2061441121287, 53.13497138442769], [-7.20589, 53.1351886], [-7.2041881, 53.1366728], [-7.203590163327859, 53.1371827272261], [-7.2019104, 53.1386151], [-7.2012148, 53.1391619], [-7.200872260574731, 53.13941794976059], [-7.2005234000000025, 53.13967889999999], [-7.2001834, 53.139922500000004], [-7.199841200000001, 53.1401561], [-7.199103500000002, 53.1406321], [-7.198188200000001, 53.141173], [-7.197667899999999, 53.14145760000001], [-7.197491191547101, 53.141552823781396], [-7.197040300000001, 53.14179610000001], [-7.1964557, 53.14205690000001], [-7.1958508000000005, 53.1423361], [-7.195135800000001, 53.1426747], [-7.1947341, 53.1428506], [-7.1943442, 53.14301150000001], [-7.193602300000001, 53.143307199999995], [-7.1926858, 53.1436501], [-7.192122099999999, 53.1438416], [-7.1919628335601, 53.14389357135451], [-7.1911285, 53.1441665], [-7.1891095, 53.14474249999999], [-7.188103399999999, 53.1449948], [-7.1869257, 53.1452453], [-7.1854579, 53.14552129999999], [-7.18503429537483, 53.1455877423914], [-7.1845591, 53.14566249999999], [-7.183735000000001, 53.1457839], [-7.183148699999999, 53.145859], [-7.182696200000001, 53.1459094], [-7.182261100000001, 53.1459461], [-7.1817223, 53.1459828], [-7.180960599999998, 53.14602370000001], [-7.180675800000001, 53.14603660000001], [-7.180554344689491, 53.146039238593794], [-7.18044347587835, 53.1460417364519], [-7.1799838000000005, 53.146052000000005], [-7.1792804, 53.146060000000006], [-7.1786186, 53.1460479], [-7.1778566999999995, 53.1460172], [-7.177573999999999, 53.146003699999994], [-7.1769568, 53.1459578], [-7.176484500000001, 53.14591120000001], [-7.1760298, 53.145855100000006], [-7.175381499999999, 53.14577299999999], [-7.175040599999999, 53.145721400000006], [-7.174296200000001, 53.145605300000014], [-7.1735666, 53.1454772], [-7.1688184, 53.144591000000005], [-7.1681740159224905, 53.1444706887458], [-7.167058000000001, 53.1442625], [-7.1618762, 53.14329540000001], [-7.15642395969033, 53.1422530008259], [-7.1553036, 53.1420388], [-7.151992, 53.141424], [-7.148604499999999, 53.1407917], [-7.146067799999999, 53.14031529999999], [-7.1442044, 53.14001749999999], [-7.143183700000001, 53.139869000000004], [-7.142185200000001, 53.13974009999999], [-7.142127603423299, 53.1397336935624], [-7.140903299999999, 53.13960029999999], [-7.139913099999999, 53.13951370000001], [-7.138844700000001, 53.139442999999986], [-7.1376491, 53.13937860000001], [-7.136023499999999, 53.139332799999984], [-7.12895391388022, 53.139244340977406], [-7.116616804844491, 53.139089167932994], [-7.10595755302549, 53.138954123654806], [-7.104184200000001, 53.1389316], [-7.1029594, 53.138932100000005], [-7.1017442, 53.13895959999999], [-7.100739600000001, 53.139014700000004], [-7.0996099, 53.13910490000001], [-7.0985509, 53.139222499999995], [-7.097293600000001, 53.139397900000006], [-7.0960335, 53.1396037], [-7.0946845, 53.13984500000001], [-7.094588400000001, 53.1398614], [-7.0927378938904, 53.1401915870651], [-7.07868564812595, 53.1426980497679], [-7.0744336, 53.1434562], [-7.0739124, 53.143548], [-7.070400199999999, 53.1441682], [-7.068118, 53.1445779], [-7.0659578000000005, 53.1449702], [-7.0653429634786695, 53.14507568584381], [-7.065218200000001, 53.14509720000001], [-7.0637387330533, 53.145360651996704], [-7.063020000000001, 53.1454887], [-7.056227904173399, 53.14670742970871], [-7.0556185, 53.1468169], [-7.055375000000001, 53.146861], [-7.0423049560893904, 53.1491899508628], [-7.02941685793212, 53.1514849067835], [-7.0186077, 53.15340849999999], [-7.017581599999999, 53.15358150000001], [-7.01753992461879, 53.153587765924], [-7.016513899999999, 53.1537449], [-7.0154974, 53.153881000000005], [-7.014526600000001, 53.15399390000001], [-7.0134884, 53.154092500000004], [-7.0125014000000006, 53.1541761], [-7.0114232, 53.15424649999999], [-7.010328500000001, 53.154289899999995], [-7.010104100000001, 53.1542967], [-7.008231299999999, 53.15432860000001], [-7.000856949857469, 53.15433789638979], [-6.9969635, 53.15434280000001], [-6.991785600000001, 53.15434690000001], [-6.991422700000001, 53.15434530000001], [-6.984657390087091, 53.154362648558006], [-6.981430799999999, 53.154371000000005], [-6.975899900000001, 53.1543629], [-6.9701185, 53.15436199999999], [-6.968637414950049, 53.1543652383232], [-6.9669365, 53.1543692], [-6.9655225, 53.1544026], [-6.9646827, 53.15444540000001], [-6.963631199999999, 53.1544988], [-6.961613600000001, 53.15465069999999], [-6.9615083, 53.1546587], [-6.9608123, 53.154718], [-6.9596497, 53.1548152], [-6.9584417, 53.1549397], [-6.956344000000001, 53.15517800000001], [-6.9548295, 53.15536529999999], [-6.953607600000001, 53.155525299999994], [-6.952504918097599, 53.1556858610758], [-6.951654200000001, 53.155809899999994], [-6.9411955999999995, 53.15750520000001], [-6.940805, 53.15758120000001], [-6.937990505050281, 53.15804280768871], [-6.9368374, 53.158232000000005], [-6.9319143, 53.159036799999996], [-6.923323751306429, 53.1604340184814], [-6.9142614, 53.1619073], [-6.9136232, 53.1620458], [-6.913111599999999, 53.1621315], [-6.912557800000001, 53.1622232], [-6.912125400000001, 53.1622927], [-6.9120743000000004, 53.162301], [-6.911960200000001, 53.1623193], [-6.9111572, 53.162448600000005], [-6.9105422, 53.16254910000001], [-6.909796, 53.16266710000001], [-6.908662100000001, 53.1628523], [-6.90801819353939, 53.16295827238541], [-6.90781248807655, 53.16299216632], [-6.907289200000001, 53.163078600000006], [-6.906649400000001, 53.163155], [-6.9058569, 53.16328649999999], [-6.902939200000001, 53.1637475], [-6.899390676113039, 53.16432870342091], [-6.8973292, 53.164666399999994], [-6.8864235, 53.1664409], [-6.885664575940499, 53.166559759576494], [-6.8848718, 53.1666841], [-6.8838685, 53.1668779], [-6.882994500000001, 53.1670612], [-6.8824057, 53.1672011], [-6.882211800000001, 53.1672483], [-6.8818292, 53.16734579999999], [-6.881203700000001, 53.1675121], [-6.8805891, 53.16769200000001], [-6.879049600000001, 53.168203999999996], [-6.8784702, 53.16841709999999], [-6.877848499999999, 53.16866610000001], [-6.877217099999999, 53.168920799999995], [-6.876588600000001, 53.16920400000001], [-6.87559952943716, 53.1696775459891], [-6.873472600000001, 53.1706962], [-6.8721901, 53.171193], [-6.871556400000001, 53.1714103], [-6.8710066, 53.1715758], [-6.870099200000001, 53.171816099999994], [-6.8692157, 53.17201060000001], [-6.8679318, 53.1722129], [-6.867239500000001, 53.17228219999999], [-6.8664049, 53.1723526], [-6.8649498, 53.1723945], [-6.8632563, 53.1723901], [-6.862578768651811, 53.1723368560162], [-6.8616589, 53.1722648], [-6.860316000000001, 53.17210810000001], [-6.8582995, 53.17186000000001], [-6.8565665000000005, 53.17171530000001], [-6.854756400000001, 53.1716401], [-6.852617400000001, 53.17160969999999], [-6.8512491, 53.17164449999999], [-6.8497986, 53.17170680000001], [-6.848736630467761, 53.17178284776251], [-6.847890600000001, 53.1718436], [-6.8459989, 53.17205260000001], [-6.8436642999999995, 53.172363100000005], [-6.8406693999999995, 53.1729209], [-6.8384001, 53.1733587], [-6.837241499999999, 53.1735874], [-6.836106099999999, 53.173799800000005], [-6.834467000000001, 53.1741127], [-6.834370772118239, 53.17413222934681], [-6.8325585, 53.1745012], [-6.8311997, 53.1748351], [-6.829973000000001, 53.1751948], [-6.8288879, 53.17555440000001], [-6.827718800000001, 53.17599620000001], [-6.825551000000001, 53.1769271], [-6.823372985403839, 53.1778951326225], [-6.8221133, 53.178455099999994], [-6.8203906, 53.1792232], [-6.818654600000001, 53.1799816], [-6.816487700000001, 53.18094140000001], [-6.8141981000000005, 53.1820173], [-6.814045257642931, 53.18209681451769], [-6.8133431, 53.18246260000001], [-6.812819799999999, 53.1827762], [-6.8107336, 53.1840637], [-6.8101056, 53.18444860000001], [-6.808737086113296, 53.185286907318776]]}, "properties": {"mode": "rail", "agency": "Iarnr\u00f3d \u00c9ireann", "short": "Commuter"}}, {"type": "Feature", "geometry": {"type": "LineString", "coordinates": [[-6.808737086113296, 53.185286907318776], [-6.8087131, 53.18530160000001], [-6.808398259994671, 53.18549622716309], [-6.807394999999999, 53.1861166], [-6.806724223675101, 53.1865348471804], [-6.8061062, 53.1869202], [-6.8053699, 53.1873798], [-6.804501700000001, 53.1879166], [-6.8035581, 53.1885], [-6.802279399999999, 53.1892875], [-6.801008000000001, 53.190086199999996], [-6.800072753511761, 53.1906620448173], [-6.798497399999999, 53.19163220000001], [-6.796477699999999, 53.1929017], [-6.7955309, 53.1935815], [-6.7948724, 53.19412140000001], [-6.79370928395715, 53.1951128334702], [-6.7935716, 53.195230200000005], [-6.7928715, 53.195805400000005], [-6.792238500000001, 53.1963462], [-6.790592999999999, 53.19773039999999], [-6.7897749, 53.19842700000001], [-6.788956799999999, 53.1991211], [-6.78839844831339, 53.199591089022], [-6.7881227, 53.1998232], [-6.787281799999999, 53.200527799999996], [-6.785663100000001, 53.2019304], [-6.7850945, 53.202381], [-6.784561999999999, 53.2028333], [-6.782964237614331, 53.204180557345296], [-6.7823023, 53.2047387], [-6.7789482, 53.2075845], [-6.778207899999999, 53.2082077], [-6.7775132000000005, 53.208805399999996], [-6.777491633216871, 53.2088233096341], [-6.776150599999999, 53.2099427], [-6.7747553, 53.2111129], [-6.7733498999999995, 53.2122935], [-6.7730199, 53.2125754], [-6.772706099999999, 53.21284930000001], [-6.772227530215271, 53.21324981202001], [-6.771744600000001, 53.213654000000005], [-6.7707937, 53.21444820000001], [-6.769323900000001, 53.2157066], [-6.7685742, 53.21634350000001], [-6.7677937, 53.2169657], [-6.767327, 53.21734399999999], [-6.766850900000001, 53.217709299999996], [-6.766793149990981, 53.2177511258157], [-6.766368100000001, 53.21805869999999], [-6.765862500000001, 53.2184105], [-6.7651986, 53.2188553], [-6.764518699999999, 53.2192768], [-6.7634112, 53.219915199999996], [-6.7620507, 53.22063439999999], [-6.7606684, 53.22130440000001], [-6.760075600000001, 53.2215638], [-6.7594828, 53.2218215], [-6.758756268239651, 53.2221152284901], [-6.758202099999999, 53.222339399999996], [-6.757001800000001, 53.222829999999995], [-6.7557662, 53.22331189999999], [-6.749829000000001, 53.22568330000001], [-6.74779132472394, 53.226478143121696], [-6.7436496, 53.22809380000001], [-6.7398068, 53.2296025], [-6.73699516813708, 53.230715241473696], [-6.735999600000001, 53.231109399999994], [-6.7320519999999995, 53.232651800000006], [-6.731092500000001, 53.2329905], [-6.730106999999999, 53.2333023], [-6.729211299999999, 53.23354470000001], [-6.7282645, 53.23379200000001], [-6.726218, 53.23423660000001], [-6.725850499999999, 53.23431049999999], [-6.724038800161969, 53.234685386753206], [-6.713758600000001, 53.23681280000001], [-6.71048651561694, 53.2374942827797], [-6.7078904, 53.238034999999996], [-6.702346300000001, 53.2391634], [-6.7008577, 53.239476499999995], [-6.6993529999999994, 53.239783], [-6.696491000000001, 53.24036900000001], [-6.6957570234887305, 53.2405205605022], [-6.690764500000001, 53.241552000000006], [-6.689949100000001, 53.2417147], [-6.68071665521448, 53.2436326958976], [-6.6787165, 53.2440482], [-6.6783654000000015, 53.2441212], [-6.677628399999999, 53.244274299999994], [-6.677459400000001, 53.2443071], [-6.676133100000001, 53.244574400000005], [-6.675097700000001, 53.2447894], [-6.6746608, 53.24487260000001], [-6.6731850999999995, 53.2451869], [-6.671266999999999, 53.2455786], [-6.670523400000001, 53.24574030000001], [-6.6677568, 53.2463009], [-6.666401173476171, 53.24658125614731], [-6.6661911, 53.246624800000006], [-6.6646409, 53.2469372], [-6.66454610837486, 53.246956836796706], [-6.662470727289289, 53.24738783280951], [-6.6623711000000005, 53.2474086], [-6.661755600000001, 53.2475396], [-6.6608864, 53.2477433], [-6.6600911, 53.24794940000001], [-6.659605099999999, 53.2480833], [-6.658830300000001, 53.2483017], [-6.657826099999999, 53.248617900000006], [-6.656778900000001, 53.2489765], [-6.65657886557637, 53.249050769994106], [-6.656126800000001, 53.24921889999999], [-6.655654299999999, 53.249406799999996], [-6.6553912, 53.2495114], [-6.6548906, 53.2497172], [-6.654075000000001, 53.25007070000001], [-6.653659500000001, 53.25027039999999], [-6.653228100000001, 53.250469599999995], [-6.6530303, 53.250560899999996], [-6.6518350549173295, 53.25120715457249], [-6.651490000000001, 53.2513938], [-6.6509819, 53.25168049999999], [-6.6496135, 53.2525503], [-6.648598799999999, 53.25330960000001], [-6.6473344, 53.2543217], [-6.64629799270311, 53.25513063296519], [-6.6460039, 53.255360200000005], [-6.645252600000001, 53.2559564], [-6.6444061, 53.256636400000005], [-6.643439700000001, 53.2574168], [-6.642669800000001, 53.25802079999999], [-6.641466, 53.2589346], [-6.6411087, 53.2591928], [-6.64066658237996, 53.2594931333253], [-6.640542800000001, 53.25957720000001], [-6.6396122, 53.26020840000001], [-6.635283800000001, 53.2630672], [-6.63367988540253, 53.26411984968781], [-6.6281828, 53.267727400000005], [-6.6280496, 53.2678205], [-6.627046400000001, 53.26847870000001], [-6.626785001969462, 53.2686503337209], [-6.6259122, 53.269223200000006], [-6.61988298297235, 53.2731946163166], [-6.6194516, 53.2734788], [-6.61308690509871, 53.277666079413606], [-6.6112673, 53.278863], [-6.6108764, 53.2791159], [-6.609234, 53.2802001], [-6.607053400000001, 53.28163150000001], [-6.6064310393285, 53.2820416251145], [-6.6022948999999995, 53.284767599999995], [-6.6011138, 53.2855374], [-6.599862300000001, 53.2863572], [-6.599708877617811, 53.2864581178213], [-6.595288999999999, 53.289367600000006], [-6.5939251, 53.29026400000001], [-6.5926744, 53.2910834], [-6.592546597877291, 53.29116752991419], [-6.591469400000001, 53.291876499999994], [-6.5896924, 53.293058], [-6.588277500000001, 53.29397960000001], [-6.58599429526357, 53.2954765662279], [-6.585606800000001, 53.29573069999999], [-6.5845304, 53.29642940000001], [-6.5832651, 53.29715099999999], [-6.582076499999999, 53.29776450000001], [-6.581355799999998, 53.2981035], [-6.580751599999999, 53.29837340000001], [-6.5799426, 53.2987093], [-6.578798599999999, 53.2991544], [-6.57671851066753, 53.2998707848646], [-6.5758589, 53.30016680000001], [-6.5732746, 53.30104060000001], [-6.571875, 53.301512900000006], [-6.570263800000001, 53.30206309999999], [-6.565040814152239, 53.3038373023796], [-6.5620643, 53.30484830000001], [-6.554304700000001, 53.307480600000005], [-6.552929915601599, 53.30794789581011], [-6.54478, 53.3107185], [-6.543314400000001, 53.3112271], [-6.5422228, 53.31163159999999], [-6.541033100000001, 53.31210370000001], [-6.54093659716628, 53.312145518356516], [-6.5399381000000005, 53.312579], [-6.5394693, 53.3127903], [-6.538824400000001, 53.3131027], [-6.537841199999999, 53.313611300000005], [-6.5371169, 53.3140056], [-6.536700599999999, 53.3142463], [-6.535927699999999, 53.3147089], [-6.5348689, 53.31535610000001], [-6.534307200000001, 53.31570210000001], [-6.533692100000001, 53.3160807], [-6.53323500068819, 53.31636474719261], [-6.533142299999999, 53.3164224], [-6.5323622, 53.3169117], [-6.5316188, 53.3173918], [-6.5312053, 53.3176593], [-6.531004600000001, 53.31778920000001], [-6.5303099, 53.318237800000006], [-6.529502500000001, 53.31876019999999], [-6.5289687999999995, 53.319111], [-6.5282339, 53.3195901], [-6.5273836, 53.320152500000006], [-6.526680900000001, 53.3206011], [-6.526133699999999, 53.3209615], [-6.52605262357275, 53.3210132449284], [-6.5249239999999995, 53.3217337], [-6.523462199999999, 53.32262779999999], [-6.523229464012402, 53.32276830059708]]}, "properties": {"mode": "rail", "agency": "Iarnr\u00f3d \u00c9ireann", "short": "Commuter"}}, {"type": "Feature", "geometry": {"type": "LineString", "coordinates": [[-6.523229464012402, 53.32276830059708], [-6.522973276348021, 53.32292295714951], [-6.522223000000001, 53.32337600000001], [-6.521109900000001, 53.3240408], [-6.520401800000001, 53.324467], [-6.519345400000001, 53.3250795], [-6.51907887187459, 53.325225208442404], [-6.518344599999999, 53.32562690000001], [-6.5177759, 53.3259489], [-6.5165287, 53.32663130000001], [-6.516383900000001, 53.326710199999994], [-6.5160099081964304, 53.3269139223941], [-6.5153489, 53.327274199999984], [-6.514673, 53.3276475], [-6.5136913, 53.328179299999995], [-6.512376999999999, 53.3288792], [-6.51233238770509, 53.32890242636952], [-6.511333700000001, 53.3294256], [-6.509866500000001, 53.330168799999996], [-6.507715400000001, 53.3311491], [-6.50705065311132, 53.3314214257438], [-6.505813299999999, 53.331928600000005], [-6.5048959, 53.332273], [-6.5035817, 53.3327423], [-6.502524900000002, 53.33309309999999], [-6.4997273, 53.33393240000001], [-6.497133600000001, 53.334587500000005], [-6.49674309703835, 53.33466989746311], [-6.494880599999999, 53.33506319999999], [-6.491651200000001, 53.3356269], [-6.489894400000001, 53.33586720000001], [-6.488242100000001, 53.3360546], [-6.4864719, 53.3362147], [-6.484819600000001, 53.336338], [-6.482512900000001, 53.33645009999999], [-6.4814132, 53.3364822], [-6.48081952740789, 53.33648416712521], [-6.479591999999999, 53.3364886], [-6.477644700000001, 53.336448499999996], [-6.476174900000001, 53.3364053], [-6.4744021, 53.33634440000001], [-6.4717947, 53.3362531], [-6.4701237, 53.336190599999995], [-6.46912731011179, 53.33614839201411], [-6.4681174, 53.3361057], [-6.466516100000001, 53.3360399], [-6.465370971516671, 53.33598953053949], [-6.4644775999999995, 53.33595040000001], [-6.4632920999999985, 53.335899100000006], [-6.4616318, 53.33581420000001], [-6.4600818, 53.3357342], [-6.4588076999999995, 53.3356621], [-6.4577509, 53.3356125], [-6.456294500000001, 53.335545200000006], [-6.4542934999999995, 53.3354619], [-6.452625200000001, 53.3353946], [-6.4518071, 53.33535620000001], [-6.450817506565559, 53.335317800405306], [-6.4507316, 53.3353145], [-6.449205399999999, 53.335253699999996], [-6.447636300000001, 53.335188], [-6.4456542, 53.33510319999999], [-6.443672000000001, 53.3350231], [-6.4415799, 53.33493500000001], [-6.439592400000001, 53.33484849999999], [-6.437883800000001, 53.3347812], [-6.436489, 53.3347364], [-6.43565250205956, 53.334710148256605], [-6.434949500000001, 53.3346883], [-6.4338711, 53.33464669999999], [-6.4326400999999995, 53.334603400000006], [-6.4316611, 53.33456499999999], [-6.430254273600161, 53.33450232484121], [-6.429933700000001, 53.3344881], [-6.428600600000001, 53.33443369999999], [-6.4276941, 53.3343903], [-6.4256744, 53.3342831], [-6.4242153, 53.334209400000006], [-6.422686399999999, 53.3341438], [-6.421455300000002, 53.3340893], [-6.419950500000001, 53.3340267], [-6.41981275987186, 53.33402073445949], [-6.418818700000001, 53.3339788], [-6.4186887, 53.33397310000001], [-6.417901199999999, 53.3339387], [-6.416603099999999, 53.33388430000001], [-6.414138199999999, 53.3337786], [-6.412264799999999, 53.3336977], [-6.411397, 53.3336649], [-6.4095436, 53.3336088], [-6.4083339, 53.3335688], [-6.406640900000001, 53.333495199999994], [-6.406266700360872, 53.333480192091], [-6.40506385216383, 53.33343214529981], [-6.4049141, 53.33342619999999], [-6.402934599999999, 53.33333809999999], [-6.4021219, 53.3333061], [-6.4012966, 53.33326389999999], [-6.4010865, 53.33325320000001], [-6.3999546, 53.3331923], [-6.398364100000001, 53.3331139], [-6.3966877, 53.33302739999999], [-6.3954395, 53.3329874], [-6.394350737117062, 53.3329777476386], [-6.3935297, 53.3329826], [-6.3926152, 53.3330082], [-6.391791700000001, 53.333048299999994], [-6.3911453, 53.333086699999996], [-6.389755900000001, 53.3331892], [-6.3883076, 53.33329809999999], [-6.3862825, 53.3334582], [-6.3844398, 53.3336057], [-6.383873900000001, 53.33364889999999], [-6.382847400000001, 53.333744800000005], [-6.382104442757379, 53.33381357263761], [-6.381377700000001, 53.333881], [-6.3807351, 53.3339342], [-6.3802199, 53.3339817], [-6.379229500000001, 53.3340616], [-6.37877818066515, 53.3340955167775], [-6.3773066, 53.33420629999999], [-6.376832000000002, 53.334244299999995], [-6.375570699999999, 53.33433910000001], [-6.374362799999999, 53.33441930000001], [-6.3736788, 53.334465699999996], [-6.3727731, 53.33452969999999], [-6.3709698, 53.334670800000005], [-6.369207288899869, 53.33480758134209], [-6.3685379, 53.3348596], [-6.366546800000001, 53.3350183], [-6.3648838, 53.335148100000005], [-6.363550200000001, 53.33523519999999], [-6.361840399999998, 53.33535220000001], [-6.361300699999999, 53.335396200000005], [-6.360080300000001, 53.33547780000001], [-6.358546100000001, 53.3355755], [-6.358208500000001, 53.335597500000006], [-6.357106500000001, 53.3356722], [-6.35638470135672, 53.3357278354247], [-6.356028, 53.335755500000005], [-6.3543386, 53.3359268], [-6.354174100000001, 53.3359485], [-6.353718100000001, 53.336013599999994], [-6.352191799999999, 53.33625889999999], [-6.350320400000001, 53.3366183], [-6.347415599999999, 53.3371859], [-6.3471413000000005, 53.3372398], [-6.3428391383170295, 53.3380799713781], [-6.341976800000001, 53.33824849999999], [-6.339972399999999, 53.33864019999999], [-6.3390658, 53.3388173], [-6.3384428, 53.338938999999996], [-6.336653700000002, 53.3392895], [-6.335263600000001, 53.339558800000006], [-6.333056000000001, 53.339992300000006], [-6.332010100000001, 53.340193600000006], [-6.3318978, 53.3402167], [-6.330789900000002, 53.34044430000001], [-6.3299595, 53.3406244], [-6.329891154831311, 53.340637871991404], [-6.328428700000001, 53.3409288], [-6.327756299999999, 53.34105610000001], [-6.3269963, 53.3412038], [-6.326629400000001, 53.3412743], [-6.3245881, 53.34166929999999], [-6.324444100000001, 53.34169939999999], [-6.324318900000001, 53.34172550000001], [-6.322485299999999, 53.3420769], [-6.32132552101737, 53.3422848252244], [-6.320390299999999, 53.3424121], [-6.3195908, 53.342503199999996], [-6.3184033, 53.34260080000001], [-6.317034199999999, 53.34267990000001], [-6.316236300000001, 53.3427307], [-6.314906399999999, 53.34281510000001], [-6.314134, 53.3428591], [-6.312983099999999, 53.34292700000001], [-6.3115186, 53.3430217], [-6.310875, 53.3430807], [-6.3095399, 53.3432179], [-6.3090839999999995, 53.3432817], [-6.3085004, 53.34337010000001], [-6.3082266, 53.34341630000001], [-6.307953400000001, 53.3434839], [-6.307702500000001, 53.34355719999999], [-6.307645100000001, 53.343578599999994], [-6.3075105, 53.3436229], [-6.307326800000001, 53.34366550000001], [-6.306961300000001, 53.3437973], [-6.3065619, 53.34397010000001], [-6.3061293, 53.344143200000005], [-6.3054931, 53.3443785], [-6.305306200000001, 53.3444724], [-6.305106299999999, 53.3445795], [-6.304844, 53.3447723], [-6.3043566, 53.345106400000006], [-6.304164300000001, 53.3452158], [-6.303971296799909, 53.34533144668731]]}, "properties": {"mode": "rail", "agency": "Iarnr\u00f3d \u00c9ireann", "short": "Commuter"}}, {"type": "Feature", "geometry": {"type": "LineString", "coordinates": [[-6.304265413396287, 53.34556712005047], [-6.304158400000001, 53.345756599999994], [-6.304081000000001, 53.3459595], [-6.30403577802187, 53.34611168437999], [-6.3040069, 53.346208100000005], [-6.303972100000002, 53.3464438], [-6.303978599999999, 53.3466973], [-6.304036600000001, 53.347142700000006], [-6.3040338, 53.34720480000001], [-6.304046740228101, 53.3474776661032], [-6.304042563081571, 53.34836729008249], [-6.3039531, 53.3498479], [-6.303877, 53.3500108], [-6.303601200000001, 53.350601], [-6.303293999999999, 53.3509078], [-6.303206399999999, 53.35099550000001], [-6.303151000000001, 53.351031899999995], [-6.30249456522967, 53.3514645363723], [-6.3019704, 53.3518101], [-6.3003085, 53.3523662], [-6.300271, 53.3523787], [-6.299914300000001, 53.35247699999999], [-6.298900599999999, 53.3527562], [-6.2988384, 53.352782499999996], [-6.298351599999999, 53.35299100000001], [-6.2980216, 53.353150299999996], [-6.297807100000001, 53.35327840000001], [-6.2976234, 53.3533961], [-6.297406200000001, 53.35355299999999], [-6.297215700000001, 53.35371390000001], [-6.2970414, 53.353904400000005], [-6.2968697, 53.354122100000005], [-6.2967731, 53.3542566], [-6.296699300000001, 53.35438779999999], [-6.296547800000001, 53.3546664], [-6.296448321058661, 53.3548455074291], [-6.296302400000001, 53.3551083], [-6.295717700000002, 53.35616720000001], [-6.295470899999999, 53.35663150000001], [-6.295219626161461, 53.357086263341486], [-6.294005179741349, 53.3592849121361], [-6.2938455, 53.3595737], [-6.2937036, 53.359829], [-6.293456600000001, 53.360273199999995], [-6.293097199999999, 53.3609167], [-6.2928542, 53.36136979999999], [-6.292795400000002, 53.3614793], [-6.292779219305539, 53.36150813068051], [-6.292670900000001, 53.361701499999995], [-6.2921034, 53.3627142], [-6.291583762563171, 53.3636642977374], [-6.291259900000001, 53.3642563], [-6.2903988, 53.365821499999996], [-6.2903320039187, 53.3659445567852], [-6.290314099999999, 53.3659775], [-6.290187499999998, 53.3662102], [-6.289950999999999, 53.3666451], [-6.2897324, 53.36702760000001], [-6.289555300000001, 53.367263699999995], [-6.2893604, 53.367466], [-6.289169, 53.3676646], [-6.2889478, 53.36783890000001], [-6.288811000000001, 53.36793020000001], [-6.288662199999999, 53.3680222], [-6.28853600111085, 53.3680885519291], [-6.2882880000000005, 53.3682191], [-6.2880654, 53.3683199], [-6.2878374, 53.3684079], [-6.2875182, 53.368514399999995], [-6.287141300000001, 53.3686192], [-6.286574100000001, 53.36874400000001], [-6.286049799999999, 53.3688377], [-6.285701, 53.3689001], [-6.2850975, 53.36901360000001], [-6.284499300000001, 53.36911849999999], [-6.284031300000001, 53.36920490000001], [-6.283564599999999, 53.3692817], [-6.283319200000001, 53.369313], [-6.283010100000001, 53.369341199999994], [-6.282787399999999, 53.36935080000001], [-6.2823475, 53.36935080000001], [-6.2819586, 53.369334], [-6.2817146, 53.36931640000001], [-6.281491900000001, 53.3692899], [-6.2812707, 53.3692579], [-6.2810936, 53.3692243], [-6.2807731, 53.36914740000001], [-6.280376100000001, 53.3690395], [-6.280067700000001, 53.368937], [-6.279807500000001, 53.36883219999999], [-6.279563400000001, 53.36872019999999], [-6.2791303, 53.3684754], [-6.278741300000001, 53.36818], [-6.27863537296035, 53.36807586855911], [-6.2778609, 53.3673162], [-6.2777421, 53.3671998], [-6.2775356, 53.367019800000016], [-6.277315700000001, 53.3668436], [-6.277115900000002, 53.3666981], [-6.2769227999999995, 53.36657170000001], [-6.276655900000001, 53.366408400000005], [-6.2764353, 53.3662824], [-6.276428664951694, 53.36627903064945]]}, "properties": {"mode": "rail", "agency": "Iarnr\u00f3d \u00c9ireann", "short": "Commuter"}}]}